{
  message: '[BookingCron] Started booking expiration cron job.',
  level: 'info',
  timestamp: '2026-07-29T03:50:04.773Z'
}
{
  message: 'Booking API Service đang chạy tại port 3000 (Môi trường: development)',
  level: 'info',
  timestamp: '2026-07-29T03:50:04.795Z'
}
{
  message: '[Redis] Kết nối thành công tới Redis server',
  level: 'info',
  timestamp: '2026-07-29T03:50:04.800Z'
}
{
  message: 'Đã build thành công tài liệu Swagger cho [Review Service]',
  level: 'info',
  timestamp: '2026-07-29T07:29:18.853Z'
}
{
  message: 'Đã build thành công tài liệu Swagger cho [Auth Service]',
  level: 'info',
  timestamp: '2026-07-29T07:29:18.872Z'
}
{
  message: 'Đã build thành công tài liệu Swagger cho [Notification Service]',
  level: 'info',
  timestamp: '2026-07-29T07:29:18.878Z'
}
{
  message: 'Đã build thành công tài liệu Swagger cho [Statistics Service]',
  level: 'info',
  timestamp: '2026-07-29T07:29:18.885Z'
}
{
  message: 'Đã build thành công tài liệu Swagger cho [User Service]',
  level: 'info',
  timestamp: '2026-07-29T07:29:19.043Z'
}
{
  message: 'Đã build thành công tài liệu Swagger cho [Booking Service]',
  level: 'info',
  timestamp: '2026-07-29T07:29:21.184Z'
}
{
  message: 'Đã build thành công tài liệu Swagger cho [Hotel Service]',
  level: 'info',
  timestamp: '2026-07-29T07:29:29.743Z'
}
{
  message: 'JWT Verification Error: jwt expired',
  level: 'error',
  timestamp: '2026-07-29T07:30:28.110Z'
}
{
  message: 'GLOBAL ERROR HANDLER CAUGHT: Error: Phiên đăng nhập đã hết hạn. Vui lòng lấy Token mới.\n' +
    '    at authMiddleware (/app/src/middlewares/authMiddleware.ts:80:9)\n' +
    '    at Layer.handleRequest (/app/node_modules/router/lib/layer.js:152:17)\n' +
    '    at next (/app/node_modules/router/lib/route.js:157:13)\n' +
    '    at Route.dispatch (/app/node_modules/router/lib/route.js:117:3)\n' +
    '    at handle (/app/node_modules/router/index.js:435:11)\n' +
    '    at Layer.handleRequest (/app/node_modules/router/lib/layer.js:152:17)\n' +
    '    at /app/node_modules/router/index.js:295:15\n' +
    '    at processParams (/app/node_modules/router/index.js:582:12)\n' +
    '    at next (/app/node_modules/router/index.js:291:5)\n' +
    '    at Function.handle (/app/node_modules/router/index.js:186:3)',
  level: 'error',
  timestamp: '2026-07-29T07:30:28.127Z'
}
{
  message: 'JWT Verification Error: jwt expired',
  level: 'error',
  timestamp: '2026-07-29T07:30:28.135Z'
}
{
  message: 'GLOBAL ERROR HANDLER CAUGHT: Error: Phiên đăng nhập đã hết hạn. Vui lòng lấy Token mới.\n' +
    '    at authMiddleware (/app/src/middlewares/authMiddleware.ts:80:9)\n' +
    '    at Layer.handleRequest (/app/node_modules/router/lib/layer.js:152:17)\n' +
    '    at next (/app/node_modules/router/lib/route.js:157:13)\n' +
    '    at Route.dispatch (/app/node_modules/router/lib/route.js:117:3)\n' +
    '    at handle (/app/node_modules/router/index.js:435:11)\n' +
    '    at Layer.handleRequest (/app/node_modules/router/lib/layer.js:152:17)\n' +
    '    at /app/node_modules/router/index.js:295:15\n' +
    '    at processParams (/app/node_modules/router/index.js:582:12)\n' +
    '    at next (/app/node_modules/router/index.js:291:5)\n' +
    '    at Function.handle (/app/node_modules/router/index.js:186:3)',
  level: 'error',
  timestamp: '2026-07-29T07:30:28.137Z'
}
{
  message: '[AuthController] Refresh Tokens',
  level: 'info',
  timestamp: '2026-07-29T07:30:28.194Z'
}
{
  message: 'GLOBAL ERROR HANDLER CAUGHT: Error: Refresh Token không hợp lệ hoặc đã bị đăng xuất.\n' +
    '    at AuthService.refreshTokens (/app/src/modules/auth/services/authService.ts:185:13)\n' +
    '    at process.processTicksAndRejections (node:internal/process/task_queues:95:5)\n' +
    '    at async refreshTokens (/app/src/modules/auth/controllers/authController.ts:116:20)',
  level: 'error',
  timestamp: '2026-07-29T07:30:28.247Z'
}
{
  page: '1',
  limit: '10',
  level: 'info',
  message: '[HotelController] Get all hotels with queries',
  timestamp: '2026-07-29T07:30:28.364Z'
}
{
  page: '1',
  limit: '10',
  level: 'info',
  message: '[HotelController] Get all hotels with queries',
  timestamp: '2026-07-29T07:42:36.943Z'
}
{
  page: '1',
  limit: '10',
  level: 'info',
  message: '[HotelController] Get all hotels with queries',
  timestamp: '2026-07-29T07:42:36.955Z'
}
{
  page: '1',
  limit: '10',
  level: 'info',
  message: '[HotelController] Get all hotels with queries',
  timestamp: '2026-07-29T07:58:17.640Z'
}
{
  page: '1',
  limit: '10',
  level: 'info',
  message: '[HotelController] Get all hotels with queries',
  timestamp: '2026-07-29T07:58:17.648Z'
}
{
  page: '1',
  limit: '10',
  level: 'info',
  message: '[HotelController] Get all hotels with queries',
  timestamp: '2026-07-29T07:58:28.687Z'
}
{
  page: '1',
  limit: '10',
  level: 'info',
  message: '[HotelController] Get all hotels with queries',
  timestamp: '2026-07-29T07:58:28.694Z'
}
{
  email: 'admin@booking.com',
  level: 'info',
  message: '[AuthController] Login with Password',
  timestamp: '2026-07-29T08:00:29.439Z'
}
{
  message: 'User ID 3fb52519-dcb5-4088-ad6f-305eecfdf4f6 đăng nhập thành công. Đã làm sạch lịch sử đăng nhập sai.',
  level: 'info',
  timestamp: '2026-07-29T08:00:29.592Z'
}
{
  message: '[AuthService] Password login successful for user: admin@booking.com',
  level: 'info',
  timestamp: '2026-07-29T08:00:29.616Z'
}
{
  userId: '3fb52519-dcb5-4088-ad6f-305eecfdf4f6',
  level: 'info',
  message: '[AuthController] Get Me',
  timestamp: '2026-07-29T08:00:29.645Z'
}
{
  message: 'Fetching user details for ID: 3fb52519-dcb5-4088-ad6f-305eecfdf4f6',
  level: 'debug',
  timestamp: '2026-07-29T08:00:29.646Z'
}
{
  message: '[Cache Miss] Tìm user ID: 3fb52519-dcb5-4088-ad6f-305eecfdf4f6 trong Database',
  level: 'debug',
  timestamp: '2026-07-29T08:00:29.649Z'
}
{
  page: '1',
  limit: '10',
  level: 'info',
  message: '[HotelController] Get all hotels with queries',
  timestamp: '2026-07-29T08:00:29.741Z'
}
{
  page: '1',
  limit: '10',
  level: 'info',
  message: '[HotelController] Get all hotels with queries',
  timestamp: '2026-07-29T08:00:29.774Z'
}
{
  userId: '3fb52519-dcb5-4088-ad6f-305eecfdf4f6',
  level: 'info',
  message: '[AuthController] Get Me',
  timestamp: '2026-07-29T08:00:34.114Z'
}
{
  message: 'Fetching user details for ID: 3fb52519-dcb5-4088-ad6f-305eecfdf4f6',
  level: 'debug',
  timestamp: '2026-07-29T08:00:34.115Z'
}
{
  message: '[Cache Hit] Lấy thông tin user ID: 3fb52519-dcb5-4088-ad6f-305eecfdf4f6 từ Redis',
  level: 'debug',
  timestamp: '2026-07-29T08:00:34.115Z'
}
{
  userId: '3fb52519-dcb5-4088-ad6f-305eecfdf4f6',
  level: 'info',
  message: '[AuthController] Get Me',
  timestamp: '2026-07-29T08:00:34.118Z'
}
{
  message: 'Fetching user details for ID: 3fb52519-dcb5-4088-ad6f-305eecfdf4f6',
  level: 'debug',
  timestamp: '2026-07-29T08:00:34.118Z'
}
{
  message: '[Cache Hit] Lấy thông tin user ID: 3fb52519-dcb5-4088-ad6f-305eecfdf4f6 từ Redis',
  level: 'debug',
  timestamp: '2026-07-29T08:00:34.119Z'
}
{
  page: '1',
  limit: '10',
  level: 'info',
  message: '[HotelController] Get all hotels with queries',
  timestamp: '2026-07-29T08:00:34.433Z'
}
{
  page: '1',
  limit: '10',
  level: 'info',
  message: '[HotelController] Get all hotels with queries',
  timestamp: '2026-07-29T08:00:34.442Z'
}
{
  userId: '3fb52519-dcb5-4088-ad6f-305eecfdf4f6',
  level: 'info',
  message: '[AuthController] Get Me',
  timestamp: '2026-07-29T08:00:41.536Z'
}
{
  message: 'Fetching user details for ID: 3fb52519-dcb5-4088-ad6f-305eecfdf4f6',
  level: 'debug',
  timestamp: '2026-07-29T08:00:41.536Z'
}
{
  message: '[Cache Hit] Lấy thông tin user ID: 3fb52519-dcb5-4088-ad6f-305eecfdf4f6 từ Redis',
  level: 'debug',
  timestamp: '2026-07-29T08:00:41.537Z'
}
{
  userId: '3fb52519-dcb5-4088-ad6f-305eecfdf4f6',
  level: 'info',
  message: '[AuthController] Get Me',
  timestamp: '2026-07-29T08:00:41.542Z'
}
{
  message: 'Fetching user details for ID: 3fb52519-dcb5-4088-ad6f-305eecfdf4f6',
  level: 'debug',
  timestamp: '2026-07-29T08:00:41.542Z'
}
{
  message: '[Cache Hit] Lấy thông tin user ID: 3fb52519-dcb5-4088-ad6f-305eecfdf4f6 từ Redis',
  level: 'debug',
  timestamp: '2026-07-29T08:00:41.544Z'
}
{
  page: '1',
  limit: '100',
  level: 'info',
  message: '[HotelController] Get all hotels with queries',
  timestamp: '2026-07-29T08:00:41.922Z'
}
{
  message: '[UserController] Get all users',
  level: 'info',
  timestamp: '2026-07-29T08:00:41.933Z'
}
{
  message: 'Fetching all users from repository',
  level: 'info',
  timestamp: '2026-07-29T08:00:41.934Z'
}
{
  page: '1',
  limit: '100',
  level: 'info',
  message: '[HotelController] Get all hotels with queries',
  timestamp: '2026-07-29T08:00:41.965Z'
}
{
  message: '[UserController] Get all users',
  level: 'info',
  timestamp: '2026-07-29T08:00:41.994Z'
}
{
  message: 'Fetching all users from repository',
  level: 'info',
  timestamp: '2026-07-29T08:00:41.994Z'
}
{
  message: '[UserController] Get all users',
  level: 'info',
  timestamp: '2026-07-29T08:00:48.931Z'
}
{
  message: 'Fetching all users from repository',
  level: 'info',
  timestamp: '2026-07-29T08:00:48.931Z'
}
{
  message: '[UserController] Get all users',
  level: 'info',
  timestamp: '2026-07-29T08:00:48.936Z'
}
{
  message: 'Fetching all users from repository',
  level: 'info',
  timestamp: '2026-07-29T08:00:48.936Z'
}
{
  message: '[UserController] Get all users',
  level: 'info',
  timestamp: '2026-07-29T08:00:51.115Z'
}
{
  message: 'Fetching all users from repository',
  level: 'info',
  timestamp: '2026-07-29T08:00:51.116Z'
}
{
  message: '[UserController] Get all users',
  level: 'info',
  timestamp: '2026-07-29T08:00:51.126Z'
}
{
  message: 'Fetching all users from repository',
  level: 'info',
  timestamp: '2026-07-29T08:00:51.127Z'
}
{
  email: 'admin@booking.com',
  level: 'info',
  message: '[AuthController] Login with Password',
  timestamp: '2026-07-29T08:01:10.285Z'
}
{
  message: 'User ID 3fb52519-dcb5-4088-ad6f-305eecfdf4f6 đăng nhập thành công. Đã làm sạch lịch sử đăng nhập sai.',
  level: 'info',
  timestamp: '2026-07-29T08:01:10.352Z'
}
{
  message: '[AuthService] Password login successful for user: admin@booking.com',
  level: 'info',
  timestamp: '2026-07-29T08:01:10.357Z'
}
{
  userId: '3fb52519-dcb5-4088-ad6f-305eecfdf4f6',
  level: 'info',
  message: '[AuthController] Get Me',
  timestamp: '2026-07-29T08:01:10.377Z'
}
{
  message: 'Fetching user details for ID: 3fb52519-dcb5-4088-ad6f-305eecfdf4f6',
  level: 'debug',
  timestamp: '2026-07-29T08:01:10.378Z'
}
{
  message: '[Cache Hit] Lấy thông tin user ID: 3fb52519-dcb5-4088-ad6f-305eecfdf4f6 từ Redis',
  level: 'debug',
  timestamp: '2026-07-29T08:01:10.379Z'
}
{
  page: '1',
  limit: '100',
  level: 'info',
  message: '[HotelController] Get all hotels with queries',
  timestamp: '2026-07-29T08:01:10.462Z'
}
{
  message: '[UserController] Get all users',
  level: 'info',
  timestamp: '2026-07-29T08:01:10.466Z'
}
{
  message: 'Fetching all users from repository',
  level: 'info',
  timestamp: '2026-07-29T08:01:10.466Z'
}
{
  page: '1',
  limit: '100',
  level: 'info',
  message: '[HotelController] Get all hotels with queries',
  timestamp: '2026-07-29T08:01:10.469Z'
}
{
  message: '[UserController] Get all users',
  level: 'info',
  timestamp: '2026-07-29T08:01:10.474Z'
}
{
  message: 'Fetching all users from repository',
  level: 'info',
  timestamp: '2026-07-29T08:01:10.474Z'
}
{
  message: '[UserController] Get all users',
  level: 'info',
  timestamp: '2026-07-29T08:01:15.049Z'
}
{
  message: 'Fetching all users from repository',
  level: 'info',
  timestamp: '2026-07-29T08:01:15.050Z'
}
{
  message: '[UserController] Get all users',
  level: 'info',
  timestamp: '2026-07-29T08:01:15.056Z'
}
{
  message: 'Fetching all users from repository',
  level: 'info',
  timestamp: '2026-07-29T08:01:15.056Z'
}
{
  page: '1',
  limit: '10',
  level: 'info',
  message: '[HotelController] Get all hotels with queries',
  timestamp: '2026-07-29T08:01:20.499Z'
}
{
  page: '1',
  limit: '10',
  level: 'info',
  message: '[HotelController] Get all hotels with queries',
  timestamp: '2026-07-29T08:01:20.506Z'
}
{
  email: 'admin@booking.com',
  level: 'info',
  message: '[AuthController] Login with Password',
  timestamp: '2026-07-29T08:01:31.176Z'
}
{
  message: 'User ID 3fb52519-dcb5-4088-ad6f-305eecfdf4f6 đăng nhập thành công. Đã làm sạch lịch sử đăng nhập sai.',
  level: 'info',
  timestamp: '2026-07-29T08:01:31.289Z'
}
{
  message: '[AuthService] Password login successful for user: admin@booking.com',
  level: 'info',
  timestamp: '2026-07-29T08:01:31.293Z'
}
{
  userId: '3fb52519-dcb5-4088-ad6f-305eecfdf4f6',
  level: 'info',
  message: '[AuthController] Get Me',
  timestamp: '2026-07-29T08:01:31.321Z'
}
{
  message: 'Fetching user details for ID: 3fb52519-dcb5-4088-ad6f-305eecfdf4f6',
  level: 'debug',
  timestamp: '2026-07-29T08:01:31.321Z'
}
{
  message: '[Cache Hit] Lấy thông tin user ID: 3fb52519-dcb5-4088-ad6f-305eecfdf4f6 từ Redis',
  level: 'debug',
  timestamp: '2026-07-29T08:01:31.322Z'
}
{
  page: '1',
  limit: '10',
  level: 'info',
  message: '[HotelController] Get all hotels with queries',
  timestamp: '2026-07-29T08:01:31.369Z'
}
{
  page: '1',
  limit: '10',
  level: 'info',
  message: '[HotelController] Get all hotels with queries',
  timestamp: '2026-07-29T08:01:31.375Z'
}
{
  userId: '3fb52519-dcb5-4088-ad6f-305eecfdf4f6',
  level: 'info',
  message: '[AuthController] Get Me',
  timestamp: '2026-07-29T08:03:44.154Z'
}
{
  message: 'Fetching user details for ID: 3fb52519-dcb5-4088-ad6f-305eecfdf4f6',
  level: 'debug',
  timestamp: '2026-07-29T08:03:44.154Z'
}
{
  message: '[Cache Hit] Lấy thông tin user ID: 3fb52519-dcb5-4088-ad6f-305eecfdf4f6 từ Redis',
  level: 'debug',
  timestamp: '2026-07-29T08:03:44.156Z'
}
{
  userId: '3fb52519-dcb5-4088-ad6f-305eecfdf4f6',
  level: 'info',
  message: '[AuthController] Get Me',
  timestamp: '2026-07-29T08:03:44.170Z'
}
{
  message: 'Fetching user details for ID: 3fb52519-dcb5-4088-ad6f-305eecfdf4f6',
  level: 'debug',
  timestamp: '2026-07-29T08:03:44.171Z'
}
{
  message: '[Cache Hit] Lấy thông tin user ID: 3fb52519-dcb5-4088-ad6f-305eecfdf4f6 từ Redis',
  level: 'debug',
  timestamp: '2026-07-29T08:03:44.172Z'
}
{
  page: '1',
  limit: '10',
  level: 'info',
  message: '[HotelController] Get all hotels with queries',
  timestamp: '2026-07-29T08:03:44.496Z'
}
{
  page: '1',
  limit: '10',
  level: 'info',
  message: '[HotelController] Get all hotels with queries',
  timestamp: '2026-07-29T08:03:44.501Z'
}
{
  userId: '3fb52519-dcb5-4088-ad6f-305eecfdf4f6',
  level: 'info',
  message: '[AuthController] Get Me',
  timestamp: '2026-07-29T08:03:49.143Z'
}
{
  message: 'Fetching user details for ID: 3fb52519-dcb5-4088-ad6f-305eecfdf4f6',
  level: 'debug',
  timestamp: '2026-07-29T08:03:49.143Z'
}
{
  message: '[Cache Hit] Lấy thông tin user ID: 3fb52519-dcb5-4088-ad6f-305eecfdf4f6 từ Redis',
  level: 'debug',
  timestamp: '2026-07-29T08:03:49.144Z'
}
{
  userId: '3fb52519-dcb5-4088-ad6f-305eecfdf4f6',
  level: 'info',
  message: '[AuthController] Get Me',
  timestamp: '2026-07-29T08:03:49.148Z'
}
{
  message: 'Fetching user details for ID: 3fb52519-dcb5-4088-ad6f-305eecfdf4f6',
  level: 'debug',
  timestamp: '2026-07-29T08:03:49.149Z'
}
{
  message: '[Cache Hit] Lấy thông tin user ID: 3fb52519-dcb5-4088-ad6f-305eecfdf4f6 từ Redis',
  level: 'debug',
  timestamp: '2026-07-29T08:03:49.150Z'
}
{
  page: '1',
  limit: '10',
  level: 'info',
  message: '[HotelController] Get all hotels with queries',
  timestamp: '2026-07-29T08:03:49.495Z'
}
{
  page: '1',
  limit: '10',
  level: 'info',
  message: '[HotelController] Get all hotels with queries',
  timestamp: '2026-07-29T08:03:49.500Z'
}
{
  message: 'JWT Verification Error: jwt expired',
  level: 'error',
  timestamp: '2026-07-29T08:07:41.966Z'
}
{
  message: 'GLOBAL ERROR HANDLER CAUGHT: Error: Phiên đăng nhập đã hết hạn. Vui lòng lấy Token mới.\n' +
    '    at authMiddleware (/app/src/middlewares/authMiddleware.ts:80:9)\n' +
    '    at Layer.handleRequest (/app/node_modules/router/lib/layer.js:152:17)\n' +
    '    at next (/app/node_modules/router/lib/route.js:157:13)\n' +
    '    at Route.dispatch (/app/node_modules/router/lib/route.js:117:3)\n' +
    '    at handle (/app/node_modules/router/index.js:435:11)\n' +
    '    at Layer.handleRequest (/app/node_modules/router/lib/layer.js:152:17)\n' +
    '    at /app/node_modules/router/index.js:295:15\n' +
    '    at processParams (/app/node_modules/router/index.js:582:12)\n' +
    '    at next (/app/node_modules/router/index.js:291:5)\n' +
    '    at Function.handle (/app/node_modules/router/index.js:186:3)',
  level: 'error',
  timestamp: '2026-07-29T08:07:41.968Z'
}
{
  message: 'JWT Verification Error: jwt expired',
  level: 'error',
  timestamp: '2026-07-29T08:07:41.975Z'
}
{
  message: 'GLOBAL ERROR HANDLER CAUGHT: Error: Phiên đăng nhập đã hết hạn. Vui lòng lấy Token mới.\n' +
    '    at authMiddleware (/app/src/middlewares/authMiddleware.ts:80:9)\n' +
    '    at Layer.handleRequest (/app/node_modules/router/lib/layer.js:152:17)\n' +
    '    at next (/app/node_modules/router/lib/route.js:157:13)\n' +
    '    at Route.dispatch (/app/node_modules/router/lib/route.js:117:3)\n' +
    '    at handle (/app/node_modules/router/index.js:435:11)\n' +
    '    at Layer.handleRequest (/app/node_modules/router/lib/layer.js:152:17)\n' +
    '    at /app/node_modules/router/index.js:295:15\n' +
    '    at processParams (/app/node_modules/router/index.js:582:12)\n' +
    '    at next (/app/node_modules/router/index.js:291:5)\n' +
    '    at Function.handle (/app/node_modules/router/index.js:186:3)',
  level: 'error',
  timestamp: '2026-07-29T08:07:41.976Z'
}
{
  message: '[AuthController] Refresh Tokens',
  level: 'info',
  timestamp: '2026-07-29T08:07:41.993Z'
}
{
  message: 'Fetching user details for ID: 3fb52519-dcb5-4088-ad6f-305eecfdf4f6',
  level: 'debug',
  timestamp: '2026-07-29T08:07:42.010Z'
}
{
  message: '[Cache Hit] Lấy thông tin user ID: 3fb52519-dcb5-4088-ad6f-305eecfdf4f6 từ Redis',
  level: 'debug',
  timestamp: '2026-07-29T08:07:42.011Z'
}
{
  message: '[AuthService] Tokens refreshed successfully for user: admin@booking.com',
  level: 'info',
  timestamp: '2026-07-29T08:07:42.027Z'
}
{
  userId: '3fb52519-dcb5-4088-ad6f-305eecfdf4f6',
  level: 'info',
  message: '[AuthController] Get Me',
  timestamp: '2026-07-29T08:07:42.067Z'
}
{
  message: 'Fetching user details for ID: 3fb52519-dcb5-4088-ad6f-305eecfdf4f6',
  level: 'debug',
  timestamp: '2026-07-29T08:07:42.068Z'
}
{
  message: '[Cache Hit] Lấy thông tin user ID: 3fb52519-dcb5-4088-ad6f-305eecfdf4f6 từ Redis',
  level: 'debug',
  timestamp: '2026-07-29T08:07:42.070Z'
}
{
  userId: '3fb52519-dcb5-4088-ad6f-305eecfdf4f6',
  level: 'info',
  message: '[AuthController] Get Me',
  timestamp: '2026-07-29T08:07:42.083Z'
}
{
  message: 'Fetching user details for ID: 3fb52519-dcb5-4088-ad6f-305eecfdf4f6',
  level: 'debug',
  timestamp: '2026-07-29T08:07:42.084Z'
}
{
  message: '[Cache Hit] Lấy thông tin user ID: 3fb52519-dcb5-4088-ad6f-305eecfdf4f6 từ Redis',
  level: 'debug',
  timestamp: '2026-07-29T08:07:42.087Z'
}
{
  page: '1',
  limit: '10',
  level: 'info',
  message: '[HotelController] Get all hotels with queries',
  timestamp: '2026-07-29T08:07:42.092Z'
}
{
  page: '1',
  limit: '10',
  level: 'info',
  message: '[HotelController] Get all hotels with queries',
  timestamp: '2026-07-29T08:07:42.097Z'
}
{
  page: '1',
  limit: '10',
  level: 'info',
  message: '[HotelController] Get all hotels with queries',
  timestamp: '2026-07-29T08:09:17.995Z'
}
{
  page: '1',
  limit: '10',
  level: 'info',
  message: '[HotelController] Get all hotels with queries',
  timestamp: '2026-07-29T08:09:17.997Z'
}
{
  email: 'agent1@booking.com',
  level: 'info',
  message: '[AuthController] Login with Password',
  timestamp: '2026-07-29T08:10:31.729Z'
}
{
  message: 'User ID b531470a-87db-4a43-a75b-e7abd9bb024d đăng nhập thành công. Đã làm sạch lịch sử đăng nhập sai.',
  level: 'info',
  timestamp: '2026-07-29T08:10:31.789Z'
}
{
  message: '[AuthService] Password login successful for user: agent1@booking.com',
  level: 'info',
  timestamp: '2026-07-29T08:10:31.793Z'
}
{
  userId: 'b531470a-87db-4a43-a75b-e7abd9bb024d',
  level: 'info',
  message: '[AuthController] Get Me',
  timestamp: '2026-07-29T08:10:31.811Z'
}
{
  message: 'Fetching user details for ID: b531470a-87db-4a43-a75b-e7abd9bb024d',
  level: 'debug',
  timestamp: '2026-07-29T08:10:31.811Z'
}
{
  message: '[Cache Miss] Tìm user ID: b531470a-87db-4a43-a75b-e7abd9bb024d trong Database',
  level: 'debug',
  timestamp: '2026-07-29T08:10:31.812Z'
}
{
  page: '1',
  limit: '10',
  level: 'info',
  message: '[HotelController] Get all hotels with queries',
  timestamp: '2026-07-29T08:10:31.871Z'
}
{
  page: '1',
  limit: '10',
  level: 'info',
  message: '[HotelController] Get all hotels with queries',
  timestamp: '2026-07-29T08:10:31.877Z'
}
{
  page: '1',
  limit: '10',
  level: 'info',
  message: '[HotelController] Get all hotels with queries',
  timestamp: '2026-07-29T08:10:37.792Z'
}
{
  page: '1',
  limit: '10',
  level: 'info',
  message: '[HotelController] Get all hotels with queries',
  timestamp: '2026-07-29T08:10:37.798Z'
}
{
  page: '1',
  limit: '10',
  level: 'info',
  message: '[HotelController] Get all hotels with queries',
  timestamp: '2026-07-29T08:10:51.622Z'
}
{
  page: '1',
  limit: '10',
  level: 'info',
  message: '[HotelController] Get all hotels with queries',
  timestamp: '2026-07-29T08:10:51.627Z'
}
{
  message: 'JWT Verification Error: jwt expired',
  level: 'error',
  timestamp: '2026-07-29T08:16:06.974Z'
}
{
  message: 'GLOBAL ERROR HANDLER CAUGHT: Error: Phiên đăng nhập đã hết hạn. Vui lòng lấy Token mới.\n' +
    '    at authMiddleware (/app/src/middlewares/authMiddleware.ts:80:9)\n' +
    '    at Layer.handleRequest (/app/node_modules/router/lib/layer.js:152:17)\n' +
    '    at next (/app/node_modules/router/lib/route.js:157:13)\n' +
    '    at Route.dispatch (/app/node_modules/router/lib/route.js:117:3)\n' +
    '    at handle (/app/node_modules/router/index.js:435:11)\n' +
    '    at Layer.handleRequest (/app/node_modules/router/lib/layer.js:152:17)\n' +
    '    at /app/node_modules/router/index.js:295:15\n' +
    '    at processParams (/app/node_modules/router/index.js:582:12)\n' +
    '    at next (/app/node_modules/router/index.js:291:5)\n' +
    '    at Function.handle (/app/node_modules/router/index.js:186:3)',
  level: 'error',
  timestamp: '2026-07-29T08:16:06.976Z'
}
{
  message: 'JWT Verification Error: jwt expired',
  level: 'error',
  timestamp: '2026-07-29T08:16:06.983Z'
}
{
  message: 'GLOBAL ERROR HANDLER CAUGHT: Error: Phiên đăng nhập đã hết hạn. Vui lòng lấy Token mới.\n' +
    '    at authMiddleware (/app/src/middlewares/authMiddleware.ts:80:9)\n' +
    '    at Layer.handleRequest (/app/node_modules/router/lib/layer.js:152:17)\n' +
    '    at next (/app/node_modules/router/lib/route.js:157:13)\n' +
    '    at Route.dispatch (/app/node_modules/router/lib/route.js:117:3)\n' +
    '    at handle (/app/node_modules/router/index.js:435:11)\n' +
    '    at Layer.handleRequest (/app/node_modules/router/lib/layer.js:152:17)\n' +
    '    at /app/node_modules/router/index.js:295:15\n' +
    '    at processParams (/app/node_modules/router/index.js:582:12)\n' +
    '    at next (/app/node_modules/router/index.js:291:5)\n' +
    '    at Function.handle (/app/node_modules/router/index.js:186:3)',
  level: 'error',
  timestamp: '2026-07-29T08:16:06.984Z'
}
{
  message: '[AuthController] Refresh Tokens',
  level: 'info',
  timestamp: '2026-07-29T08:16:07.008Z'
}
{
  message: 'Fetching user details for ID: b531470a-87db-4a43-a75b-e7abd9bb024d',
  level: 'debug',
  timestamp: '2026-07-29T08:16:07.037Z'
}
{
  message: '[Cache Hit] Lấy thông tin user ID: b531470a-87db-4a43-a75b-e7abd9bb024d từ Redis',
  level: 'debug',
  timestamp: '2026-07-29T08:16:07.038Z'
}
{
  message: '[AuthService] Tokens refreshed successfully for user: agent1@booking.com',
  level: 'info',
  timestamp: '2026-07-29T08:16:07.058Z'
}
{
  userId: 'b531470a-87db-4a43-a75b-e7abd9bb024d',
  level: 'info',
  message: '[AuthController] Get Me',
  timestamp: '2026-07-29T08:16:07.121Z'
}
{
  message: 'Fetching user details for ID: b531470a-87db-4a43-a75b-e7abd9bb024d',
  level: 'debug',
  timestamp: '2026-07-29T08:16:07.121Z'
}
{
  message: '[Cache Hit] Lấy thông tin user ID: b531470a-87db-4a43-a75b-e7abd9bb024d từ Redis',
  level: 'debug',
  timestamp: '2026-07-29T08:16:07.126Z'
}
{
  userId: 'b531470a-87db-4a43-a75b-e7abd9bb024d',
  level: 'info',
  message: '[AuthController] Get Me',
  timestamp: '2026-07-29T08:16:07.139Z'
}
{
  message: 'Fetching user details for ID: b531470a-87db-4a43-a75b-e7abd9bb024d',
  level: 'debug',
  timestamp: '2026-07-29T08:16:07.140Z'
}
{
  message: '[Cache Hit] Lấy thông tin user ID: b531470a-87db-4a43-a75b-e7abd9bb024d từ Redis',
  level: 'debug',
  timestamp: '2026-07-29T08:16:07.144Z'
}
{
  page: '1',
  limit: '10',
  level: 'info',
  message: '[HotelController] Get all hotels with queries',
  timestamp: '2026-07-29T08:16:07.149Z'
}
{
  page: '1',
  limit: '10',
  level: 'info',
  message: '[HotelController] Get all hotels with queries',
  timestamp: '2026-07-29T08:16:07.157Z'
}
{
  userId: 'b531470a-87db-4a43-a75b-e7abd9bb024d',
  level: 'info',
  message: '[AuthController] Get Me',
  timestamp: '2026-07-29T08:16:09.250Z'
}
{
  message: 'Fetching user details for ID: b531470a-87db-4a43-a75b-e7abd9bb024d',
  level: 'debug',
  timestamp: '2026-07-29T08:16:09.251Z'
}
{
  message: '[Cache Hit] Lấy thông tin user ID: b531470a-87db-4a43-a75b-e7abd9bb024d từ Redis',
  level: 'debug',
  timestamp: '2026-07-29T08:16:09.253Z'
}
{
  userId: 'b531470a-87db-4a43-a75b-e7abd9bb024d',
  level: 'info',
  message: '[AuthController] Get Me',
  timestamp: '2026-07-29T08:16:09.258Z'
}
{
  message: 'Fetching user details for ID: b531470a-87db-4a43-a75b-e7abd9bb024d',
  level: 'debug',
  timestamp: '2026-07-29T08:16:09.258Z'
}
{
  message: '[Cache Hit] Lấy thông tin user ID: b531470a-87db-4a43-a75b-e7abd9bb024d từ Redis',
  level: 'debug',
  timestamp: '2026-07-29T08:16:09.260Z'
}
{
  page: '1',
  limit: '10',
  level: 'info',
  message: '[HotelController] Get all hotels with queries',
  timestamp: '2026-07-29T08:16:09.576Z'
}
{
  page: '1',
  limit: '10',
  level: 'info',
  message: '[HotelController] Get all hotels with queries',
  timestamp: '2026-07-29T08:16:09.585Z'
}
{
  email: 'agent1@booking.com',
  level: 'info',
  message: '[AuthController] Login with Password',
  timestamp: '2026-07-29T08:16:21.098Z'
}
{
  message: 'User ID b531470a-87db-4a43-a75b-e7abd9bb024d đăng nhập thành công. Đã làm sạch lịch sử đăng nhập sai.',
  level: 'info',
  timestamp: '2026-07-29T08:16:21.152Z'
}
{
  message: '[AuthService] Password login successful for user: agent1@booking.com',
  level: 'info',
  timestamp: '2026-07-29T08:16:21.157Z'
}
{
  userId: 'b531470a-87db-4a43-a75b-e7abd9bb024d',
  level: 'info',
  message: '[AuthController] Get Me',
  timestamp: '2026-07-29T08:16:21.181Z'
}
{
  message: 'Fetching user details for ID: b531470a-87db-4a43-a75b-e7abd9bb024d',
  level: 'debug',
  timestamp: '2026-07-29T08:16:21.181Z'
}
{
  message: '[Cache Hit] Lấy thông tin user ID: b531470a-87db-4a43-a75b-e7abd9bb024d từ Redis',
  level: 'debug',
  timestamp: '2026-07-29T08:16:21.182Z'
}
{
  page: '1',
  limit: '10',
  level: 'info',
  message: '[HotelController] Get all hotels with queries',
  timestamp: '2026-07-29T08:16:21.240Z'
}
{
  page: '1',
  limit: '10',
  level: 'info',
  message: '[HotelController] Get all hotels with queries',
  timestamp: '2026-07-29T08:16:21.246Z'
}
{
  userId: 'b531470a-87db-4a43-a75b-e7abd9bb024d',
  level: 'info',
  message: '[AuthController] Get Me',
  timestamp: '2026-07-29T08:16:24.395Z'
}
{
  message: 'Fetching user details for ID: b531470a-87db-4a43-a75b-e7abd9bb024d',
  level: 'debug',
  timestamp: '2026-07-29T08:16:24.396Z'
}
{
  message: '[Cache Hit] Lấy thông tin user ID: b531470a-87db-4a43-a75b-e7abd9bb024d từ Redis',
  level: 'debug',
  timestamp: '2026-07-29T08:16:24.396Z'
}
{
  userId: 'b531470a-87db-4a43-a75b-e7abd9bb024d',
  level: 'info',
  message: '[AuthController] Get Me',
  timestamp: '2026-07-29T08:16:24.399Z'
}
{
  message: 'Fetching user details for ID: b531470a-87db-4a43-a75b-e7abd9bb024d',
  level: 'debug',
  timestamp: '2026-07-29T08:16:24.400Z'
}
{
  message: '[Cache Hit] Lấy thông tin user ID: b531470a-87db-4a43-a75b-e7abd9bb024d từ Redis',
  level: 'debug',
  timestamp: '2026-07-29T08:16:24.401Z'
}
{
  page: '1',
  limit: '10',
  level: 'info',
  message: '[HotelController] Get all hotels with queries',
  timestamp: '2026-07-29T08:16:24.717Z'
}
{
  page: '1',
  limit: '10',
  level: 'info',
  message: '[HotelController] Get all hotels with queries',
  timestamp: '2026-07-29T08:16:24.724Z'
}
{
  message: 'JWT Verification Error: jwt expired',
  level: 'error',
  timestamp: '2026-07-29T08:23:03.892Z'
}
{
  message: 'GLOBAL ERROR HANDLER CAUGHT: Error: Phiên đăng nhập đã hết hạn. Vui lòng lấy Token mới.\n' +
    '    at authMiddleware (/app/src/middlewares/authMiddleware.ts:80:9)\n' +
    '    at Layer.handleRequest (/app/node_modules/router/lib/layer.js:152:17)\n' +
    '    at next (/app/node_modules/router/lib/route.js:157:13)\n' +
    '    at Route.dispatch (/app/node_modules/router/lib/route.js:117:3)\n' +
    '    at handle (/app/node_modules/router/index.js:435:11)\n' +
    '    at Layer.handleRequest (/app/node_modules/router/lib/layer.js:152:17)\n' +
    '    at /app/node_modules/router/index.js:295:15\n' +
    '    at processParams (/app/node_modules/router/index.js:582:12)\n' +
    '    at next (/app/node_modules/router/index.js:291:5)\n' +
    '    at Function.handle (/app/node_modules/router/index.js:186:3)',
  level: 'error',
  timestamp: '2026-07-29T08:23:03.892Z'
}
{
  message: 'JWT Verification Error: jwt expired',
  level: 'error',
  timestamp: '2026-07-29T08:23:03.898Z'
}
{
  message: 'GLOBAL ERROR HANDLER CAUGHT: Error: Phiên đăng nhập đã hết hạn. Vui lòng lấy Token mới.\n' +
    '    at authMiddleware (/app/src/middlewares/authMiddleware.ts:80:9)\n' +
    '    at Layer.handleRequest (/app/node_modules/router/lib/layer.js:152:17)\n' +
    '    at next (/app/node_modules/router/lib/route.js:157:13)\n' +
    '    at Route.dispatch (/app/node_modules/router/lib/route.js:117:3)\n' +
    '    at handle (/app/node_modules/router/index.js:435:11)\n' +
    '    at Layer.handleRequest (/app/node_modules/router/lib/layer.js:152:17)\n' +
    '    at /app/node_modules/router/index.js:295:15\n' +
    '    at processParams (/app/node_modules/router/index.js:582:12)\n' +
    '    at next (/app/node_modules/router/index.js:291:5)\n' +
    '    at Function.handle (/app/node_modules/router/index.js:186:3)',
  level: 'error',
  timestamp: '2026-07-29T08:23:03.899Z'
}
{
  message: '[AuthController] Refresh Tokens',
  level: 'info',
  timestamp: '2026-07-29T08:23:03.919Z'
}
{
  message: 'Fetching user details for ID: b531470a-87db-4a43-a75b-e7abd9bb024d',
  level: 'debug',
  timestamp: '2026-07-29T08:23:03.944Z'
}
{
  message: '[Cache Hit] Lấy thông tin user ID: b531470a-87db-4a43-a75b-e7abd9bb024d từ Redis',
  level: 'debug',
  timestamp: '2026-07-29T08:23:03.946Z'
}
{
  message: '[AuthService] Tokens refreshed successfully for user: agent1@booking.com',
  level: 'info',
  timestamp: '2026-07-29T08:23:03.965Z'
}
{
  userId: 'b531470a-87db-4a43-a75b-e7abd9bb024d',
  level: 'info',
  message: '[AuthController] Get Me',
  timestamp: '2026-07-29T08:23:04.025Z'
}
{
  message: 'Fetching user details for ID: b531470a-87db-4a43-a75b-e7abd9bb024d',
  level: 'debug',
  timestamp: '2026-07-29T08:23:04.026Z'
}
{
  message: '[Cache Hit] Lấy thông tin user ID: b531470a-87db-4a43-a75b-e7abd9bb024d từ Redis',
  level: 'debug',
  timestamp: '2026-07-29T08:23:04.027Z'
}
{
  page: '1',
  limit: '10',
  level: 'info',
  message: '[HotelController] Get all hotels with queries',
  timestamp: '2026-07-29T08:23:04.041Z'
}
{
  userId: 'b531470a-87db-4a43-a75b-e7abd9bb024d',
  level: 'info',
  message: '[AuthController] Get Me',
  timestamp: '2026-07-29T08:23:04.052Z'
}
{
  message: 'Fetching user details for ID: b531470a-87db-4a43-a75b-e7abd9bb024d',
  level: 'debug',
  timestamp: '2026-07-29T08:23:04.053Z'
}
{
  page: '1',
  limit: '10',
  level: 'info',
  message: '[HotelController] Get all hotels with queries',
  timestamp: '2026-07-29T08:23:04.054Z'
}
{
  message: '[Cache Hit] Lấy thông tin user ID: b531470a-87db-4a43-a75b-e7abd9bb024d từ Redis',
  level: 'debug',
  timestamp: '2026-07-29T08:23:04.059Z'
}
{
  page: '1',
  limit: '10',
  level: 'info',
  message: '[HotelController] Get all hotels with queries',
  timestamp: '2026-07-29T08:23:23.627Z'
}
{
  page: '1',
  limit: '10',
  level: 'info',
  message: '[HotelController] Get all hotels with queries',
  timestamp: '2026-07-29T08:23:23.631Z'
}
{
  page: '1',
  limit: '10',
  level: 'info',
  message: '[HotelController] Get all hotels with queries',
  timestamp: '2026-07-29T08:23:39.332Z'
}
{
  page: '1',
  limit: '10',
  level: 'info',
  message: '[HotelController] Get all hotels with queries',
  timestamp: '2026-07-29T08:23:39.339Z'
}
{
  page: '1',
  limit: '100',
  level: 'info',
  message: '[HotelController] Get all hotels with queries',
  timestamp: '2026-07-29T08:23:50.019Z'
}
{
  message: 'GLOBAL ERROR HANDLER CAUGHT: Error: Bạn không có quyền truy cập vào tính năng này.\n' +
    '    at <anonymous> (/app/src/middlewares/roleMiddleware.ts:16:9)\n' +
    '    at Layer.handleRequest (/app/node_modules/router/lib/layer.js:152:17)\n' +
    '    at next (/app/node_modules/router/lib/route.js:157:13)\n' +
    '    at authMiddleware (/app/src/middlewares/authMiddleware.ts:74:5)\n' +
    '    at Layer.handleRequest (/app/node_modules/router/lib/layer.js:152:17)\n' +
    '    at next (/app/node_modules/router/lib/route.js:157:13)\n' +
    '    at Route.dispatch (/app/node_modules/router/lib/route.js:117:3)\n' +
    '    at handle (/app/node_modules/router/index.js:435:11)\n' +
    '    at Layer.handleRequest (/app/node_modules/router/lib/layer.js:152:17)\n' +
    '    at /app/node_modules/router/index.js:295:15',
  level: 'error',
  timestamp: '2026-07-29T08:23:50.054Z'
}
{
  page: '1',
  limit: '100',
  level: 'info',
  message: '[HotelController] Get all hotels with queries',
  timestamp: '2026-07-29T08:23:50.057Z'
}
{
  message: 'GLOBAL ERROR HANDLER CAUGHT: Error: Bạn không có quyền truy cập vào tính năng này.\n' +
    '    at <anonymous> (/app/src/middlewares/roleMiddleware.ts:16:9)\n' +
    '    at Layer.handleRequest (/app/node_modules/router/lib/layer.js:152:17)\n' +
    '    at next (/app/node_modules/router/lib/route.js:157:13)\n' +
    '    at authMiddleware (/app/src/middlewares/authMiddleware.ts:74:5)\n' +
    '    at Layer.handleRequest (/app/node_modules/router/lib/layer.js:152:17)\n' +
    '    at next (/app/node_modules/router/lib/route.js:157:13)\n' +
    '    at Route.dispatch (/app/node_modules/router/lib/route.js:117:3)\n' +
    '    at handle (/app/node_modules/router/index.js:435:11)\n' +
    '    at Layer.handleRequest (/app/node_modules/router/lib/layer.js:152:17)\n' +
    '    at /app/node_modules/router/index.js:295:15',
  level: 'error',
  timestamp: '2026-07-29T08:23:50.063Z'
}
{
  message: '[AuthController] Refresh Tokens',
  level: 'info',
  timestamp: '2026-07-29T08:23:50.075Z'
}
{
  message: 'Fetching user details for ID: b531470a-87db-4a43-a75b-e7abd9bb024d',
  level: 'debug',
  timestamp: '2026-07-29T08:23:50.086Z'
}
{
  message: '[Cache Hit] Lấy thông tin user ID: b531470a-87db-4a43-a75b-e7abd9bb024d từ Redis',
  level: 'debug',
  timestamp: '2026-07-29T08:23:50.087Z'
}
{
  message: '[AuthService] Tokens refreshed successfully for user: agent1@booking.com',
  level: 'info',
  timestamp: '2026-07-29T08:23:50.099Z'
}
{
  message: 'GLOBAL ERROR HANDLER CAUGHT: Error: Bạn không có quyền truy cập vào tính năng này.\n' +
    '    at <anonymous> (/app/src/middlewares/roleMiddleware.ts:16:9)\n' +
    '    at Layer.handleRequest (/app/node_modules/router/lib/layer.js:152:17)\n' +
    '    at next (/app/node_modules/router/lib/route.js:157:13)\n' +
    '    at authMiddleware (/app/src/middlewares/authMiddleware.ts:74:5)\n' +
    '    at Layer.handleRequest (/app/node_modules/router/lib/layer.js:152:17)\n' +
    '    at next (/app/node_modules/router/lib/route.js:157:13)\n' +
    '    at Route.dispatch (/app/node_modules/router/lib/route.js:117:3)\n' +
    '    at handle (/app/node_modules/router/index.js:435:11)\n' +
    '    at Layer.handleRequest (/app/node_modules/router/lib/layer.js:152:17)\n' +
    '    at /app/node_modules/router/index.js:295:15',
  level: 'error',
  timestamp: '2026-07-29T08:23:50.119Z'
}
{
  userId: 'b531470a-87db-4a43-a75b-e7abd9bb024d',
  level: 'info',
  message: '[AuthController] Get Me',
  timestamp: '2026-07-29T08:23:50.123Z'
}
{
  message: 'Fetching user details for ID: b531470a-87db-4a43-a75b-e7abd9bb024d',
  level: 'debug',
  timestamp: '2026-07-29T08:23:50.124Z'
}
{
  message: '[Cache Hit] Lấy thông tin user ID: b531470a-87db-4a43-a75b-e7abd9bb024d từ Redis',
  level: 'debug',
  timestamp: '2026-07-29T08:23:50.126Z'
}
{
  message: 'GLOBAL ERROR HANDLER CAUGHT: Error: Bạn không có quyền truy cập vào tính năng này.\n' +
    '    at <anonymous> (/app/src/middlewares/roleMiddleware.ts:16:9)\n' +
    '    at Layer.handleRequest (/app/node_modules/router/lib/layer.js:152:17)\n' +
    '    at next (/app/node_modules/router/lib/route.js:157:13)\n' +
    '    at authMiddleware (/app/src/middlewares/authMiddleware.ts:74:5)\n' +
    '    at Layer.handleRequest (/app/node_modules/router/lib/layer.js:152:17)\n' +
    '    at next (/app/node_modules/router/lib/route.js:157:13)\n' +
    '    at Route.dispatch (/app/node_modules/router/lib/route.js:117:3)\n' +
    '    at handle (/app/node_modules/router/index.js:435:11)\n' +
    '    at Layer.handleRequest (/app/node_modules/router/lib/layer.js:152:17)\n' +
    '    at /app/node_modules/router/index.js:295:15',
  level: 'error',
  timestamp: '2026-07-29T08:23:50.129Z'
}
{
  message: '[AuthController] Refresh Tokens',
  level: 'info',
  timestamp: '2026-07-29T08:23:50.232Z'
}
{
  message: 'Fetching user details for ID: b531470a-87db-4a43-a75b-e7abd9bb024d',
  level: 'debug',
  timestamp: '2026-07-29T08:23:50.236Z'
}
{
  message: '[Cache Hit] Lấy thông tin user ID: b531470a-87db-4a43-a75b-e7abd9bb024d từ Redis',
  level: 'debug',
  timestamp: '2026-07-29T08:23:50.237Z'
}
{
  message: '[AuthService] Tokens refreshed successfully for user: agent1@booking.com',
  level: 'info',
  timestamp: '2026-07-29T08:23:50.249Z'
}
{
  message: 'GLOBAL ERROR HANDLER CAUGHT: Error: Bạn không có quyền truy cập vào tính năng này.\n' +
    '    at <anonymous> (/app/src/middlewares/roleMiddleware.ts:16:9)\n' +
    '    at Layer.handleRequest (/app/node_modules/router/lib/layer.js:152:17)\n' +
    '    at next (/app/node_modules/router/lib/route.js:157:13)\n' +
    '    at authMiddleware (/app/src/middlewares/authMiddleware.ts:74:5)\n' +
    '    at Layer.handleRequest (/app/node_modules/router/lib/layer.js:152:17)\n' +
    '    at next (/app/node_modules/router/lib/route.js:157:13)\n' +
    '    at Route.dispatch (/app/node_modules/router/lib/route.js:117:3)\n' +
    '    at handle (/app/node_modules/router/index.js:435:11)\n' +
    '    at Layer.handleRequest (/app/node_modules/router/lib/layer.js:152:17)\n' +
    '    at /app/node_modules/router/index.js:295:15',
  level: 'error',
  timestamp: '2026-07-29T08:23:50.268Z'
}
{
  userId: 'b531470a-87db-4a43-a75b-e7abd9bb024d',
  level: 'info',
  message: '[AuthController] Get Me',
  timestamp: '2026-07-29T08:25:38.890Z'
}
{
  message: 'Fetching user details for ID: b531470a-87db-4a43-a75b-e7abd9bb024d',
  level: 'debug',
  timestamp: '2026-07-29T08:25:38.891Z'
}
{
  message: '[Cache Hit] Lấy thông tin user ID: b531470a-87db-4a43-a75b-e7abd9bb024d từ Redis',
  level: 'debug',
  timestamp: '2026-07-29T08:25:38.892Z'
}
{
  userId: 'b531470a-87db-4a43-a75b-e7abd9bb024d',
  level: 'info',
  message: '[AuthController] Get Me',
  timestamp: '2026-07-29T08:25:38.898Z'
}
{
  message: 'Fetching user details for ID: b531470a-87db-4a43-a75b-e7abd9bb024d',
  level: 'debug',
  timestamp: '2026-07-29T08:25:38.898Z'
}
{
  message: '[Cache Hit] Lấy thông tin user ID: b531470a-87db-4a43-a75b-e7abd9bb024d từ Redis',
  level: 'debug',
  timestamp: '2026-07-29T08:25:38.900Z'
}
{
  page: '1',
  limit: '10',
  level: 'info',
  message: '[HotelController] Get all hotels with queries',
  timestamp: '2026-07-29T08:25:39.086Z'
}
{
  page: '1',
  limit: '10',
  level: 'info',
  message: '[HotelController] Get all hotels with queries',
  timestamp: '2026-07-29T08:25:39.089Z'
}
{
  userId: 'b531470a-87db-4a43-a75b-e7abd9bb024d',
  level: 'info',
  message: '[AuthController] Get Me',
  timestamp: '2026-07-29T08:26:14.427Z'
}
{
  message: 'Fetching user details for ID: b531470a-87db-4a43-a75b-e7abd9bb024d',
  level: 'debug',
  timestamp: '2026-07-29T08:26:14.427Z'
}
{
  message: '[Cache Hit] Lấy thông tin user ID: b531470a-87db-4a43-a75b-e7abd9bb024d từ Redis',
  level: 'debug',
  timestamp: '2026-07-29T08:26:14.429Z'
}
{
  userId: 'b531470a-87db-4a43-a75b-e7abd9bb024d',
  level: 'info',
  message: '[AuthController] Get Me',
  timestamp: '2026-07-29T08:26:14.433Z'
}
{
  message: 'Fetching user details for ID: b531470a-87db-4a43-a75b-e7abd9bb024d',
  level: 'debug',
  timestamp: '2026-07-29T08:26:14.434Z'
}
{
  message: '[Cache Hit] Lấy thông tin user ID: b531470a-87db-4a43-a75b-e7abd9bb024d từ Redis',
  level: 'debug',
  timestamp: '2026-07-29T08:26:14.435Z'
}
{
  page: '1',
  limit: '10',
  level: 'info',
  message: '[HotelController] Get all hotels with queries',
  timestamp: '2026-07-29T08:26:14.761Z'
}
{
  page: '1',
  limit: '10',
  level: 'info',
  message: '[HotelController] Get all hotels with queries',
  timestamp: '2026-07-29T08:26:14.767Z'
}
{
  email: 'user5@booking.com',
  level: 'info',
  message: '[AuthController] Login with Password',
  timestamp: '2026-07-29T08:26:42.364Z'
}
{
  message: 'GLOBAL ERROR HANDLER CAUGHT: Error: Tài khoản đã bị khóa.\n' +
    '    at AuthService.loginWithPassword (/app/src/modules/auth/services/authService.ts:123:13)\n' +
    '    at process.processTicksAndRejections (node:internal/process/task_queues:95:5)\n' +
    '    at async loginWithPassword (/app/src/modules/auth/controllers/authController.ts:82:20)',
  level: 'error',
  timestamp: '2026-07-29T08:26:42.375Z'
}
{
  message: '[AuthController] Refresh Tokens',
  level: 'info',
  timestamp: '2026-07-29T08:26:42.382Z'
}
{
  message: '[AuthService] Token reuse detected for user b531470a-87db-4a43-a75b-e7abd9bb024d! Revoking all tokens.',
  level: 'warn',
  timestamp: '2026-07-29T08:26:42.385Z'
}
{
  message: 'GLOBAL ERROR HANDLER CAUGHT: Error: Refresh Token không hợp lệ hoặc đã bị đăng xuất.\n' +
    '    at AuthService.refreshTokens (/app/src/modules/auth/services/authService.ts:185:13)\n' +
    '    at process.processTicksAndRejections (node:internal/process/task_queues:95:5)\n' +
    '    at async refreshTokens (/app/src/modules/auth/controllers/authController.ts:116:20)',
  level: 'error',
  timestamp: '2026-07-29T08:26:42.423Z'
}
{
  email: 'user5@booking.com',
  level: 'info',
  message: '[AuthController] Login with Password',
  timestamp: '2026-07-29T08:26:51.832Z'
}
{
  message: 'GLOBAL ERROR HANDLER CAUGHT: Error: Tài khoản đã bị khóa.\n' +
    '    at AuthService.loginWithPassword (/app/src/modules/auth/services/authService.ts:123:13)\n' +
    '    at process.processTicksAndRejections (node:internal/process/task_queues:95:5)\n' +
    '    at async loginWithPassword (/app/src/modules/auth/controllers/authController.ts:82:20)',
  level: 'error',
  timestamp: '2026-07-29T08:26:51.835Z'
}
{
  message: '[AuthController] Refresh Tokens',
  level: 'info',
  timestamp: '2026-07-29T08:26:51.842Z'
}
{
  message: '[AuthService] Token reuse detected for user b531470a-87db-4a43-a75b-e7abd9bb024d! Revoking all tokens.',
  level: 'warn',
  timestamp: '2026-07-29T08:26:51.846Z'
}
{
  message: 'GLOBAL ERROR HANDLER CAUGHT: Error: Refresh Token không hợp lệ hoặc đã bị đăng xuất.\n' +
    '    at AuthService.refreshTokens (/app/src/modules/auth/services/authService.ts:185:13)\n' +
    '    at process.processTicksAndRejections (node:internal/process/task_queues:95:5)\n' +
    '    at async refreshTokens (/app/src/modules/auth/controllers/authController.ts:116:20)',
  level: 'error',
  timestamp: '2026-07-29T08:26:51.848Z'
}
{
  email: 'user5@booking.com',
  level: 'info',
  message: '[AuthController] Login with Password',
  timestamp: '2026-07-29T08:26:56.631Z'
}
{
  message: 'GLOBAL ERROR HANDLER CAUGHT: Error: Tài khoản đã bị khóa.\n' +
    '    at AuthService.loginWithPassword (/app/src/modules/auth/services/authService.ts:123:13)\n' +
    '    at process.processTicksAndRejections (node:internal/process/task_queues:95:5)\n' +
    '    at async loginWithPassword (/app/src/modules/auth/controllers/authController.ts:82:20)',
  level: 'error',
  timestamp: '2026-07-29T08:26:56.634Z'
}
{
  message: '[AuthController] Refresh Tokens',
  level: 'info',
  timestamp: '2026-07-29T08:26:56.642Z'
}
{
  message: '[AuthService] Token reuse detected for user b531470a-87db-4a43-a75b-e7abd9bb024d! Revoking all tokens.',
  level: 'warn',
  timestamp: '2026-07-29T08:26:56.674Z'
}
{
  message: 'GLOBAL ERROR HANDLER CAUGHT: Error: Refresh Token không hợp lệ hoặc đã bị đăng xuất.\n' +
    '    at AuthService.refreshTokens (/app/src/modules/auth/services/authService.ts:185:13)\n' +
    '    at process.processTicksAndRejections (node:internal/process/task_queues:95:5)\n' +
    '    at async refreshTokens (/app/src/modules/auth/controllers/authController.ts:116:20)',
  level: 'error',
  timestamp: '2026-07-29T08:26:56.678Z'
}
{
  email: 'admin@booking.com',
  level: 'info',
  message: '[AuthController] Login with Password',
  timestamp: '2026-07-29T08:27:17.897Z'
}
{
  message: 'User ID 3fb52519-dcb5-4088-ad6f-305eecfdf4f6 đăng nhập thành công. Đã làm sạch lịch sử đăng nhập sai.',
  level: 'info',
  timestamp: '2026-07-29T08:27:17.968Z'
}
{
  message: '[AuthService] Password login successful for user: admin@booking.com',
  level: 'info',
  timestamp: '2026-07-29T08:27:17.973Z'
}
{
  userId: '3fb52519-dcb5-4088-ad6f-305eecfdf4f6',
  level: 'info',
  message: '[AuthController] Get Me',
  timestamp: '2026-07-29T08:27:17.993Z'
}
{
  message: 'Fetching user details for ID: 3fb52519-dcb5-4088-ad6f-305eecfdf4f6',
  level: 'debug',
  timestamp: '2026-07-29T08:27:17.994Z'
}
{
  message: '[Cache Hit] Lấy thông tin user ID: 3fb52519-dcb5-4088-ad6f-305eecfdf4f6 từ Redis',
  level: 'debug',
  timestamp: '2026-07-29T08:27:17.995Z'
}
{
  page: '1',
  limit: '100',
  level: 'info',
  message: '[HotelController] Get all hotels with queries',
  timestamp: '2026-07-29T08:27:18.119Z'
}
{
  message: '[UserController] Get all users',
  level: 'info',
  timestamp: '2026-07-29T08:27:18.124Z'
}
{
  message: 'Fetching all users from repository',
  level: 'info',
  timestamp: '2026-07-29T08:27:18.124Z'
}
{
  page: '1',
  limit: '100',
  level: 'info',
  message: '[HotelController] Get all hotels with queries',
  timestamp: '2026-07-29T08:27:18.125Z'
}
{
  message: '[UserController] Get all users',
  level: 'info',
  timestamp: '2026-07-29T08:27:18.140Z'
}
{
  message: 'Fetching all users from repository',
  level: 'info',
  timestamp: '2026-07-29T08:27:18.140Z'
}
{
  message: '[UserController] Get all users',
  level: 'info',
  timestamp: '2026-07-29T08:27:22.173Z'
}
{
  message: 'Fetching all users from repository',
  level: 'info',
  timestamp: '2026-07-29T08:27:22.174Z'
}
{
  message: '[UserController] Get all users',
  level: 'info',
  timestamp: '2026-07-29T08:27:22.180Z'
}
{
  message: 'Fetching all users from repository',
  level: 'info',
  timestamp: '2026-07-29T08:27:22.181Z'
}
{
  message: 'JWT Verification Error: jwt expired',
  level: 'error',
  timestamp: '2026-07-29T08:32:56.015Z'
}
{
  message: 'GLOBAL ERROR HANDLER CAUGHT: Error: Phiên đăng nhập đã hết hạn. Vui lòng lấy Token mới.\n' +
    '    at authMiddleware (/app/src/middlewares/authMiddleware.ts:80:9)\n' +
    '    at Layer.handleRequest (/app/node_modules/router/lib/layer.js:152:17)\n' +
    '    at next (/app/node_modules/router/lib/route.js:157:13)\n' +
    '    at Route.dispatch (/app/node_modules/router/lib/route.js:117:3)\n' +
    '    at handle (/app/node_modules/router/index.js:435:11)\n' +
    '    at Layer.handleRequest (/app/node_modules/router/lib/layer.js:152:17)\n' +
    '    at /app/node_modules/router/index.js:295:15\n' +
    '    at processParams (/app/node_modules/router/index.js:582:12)\n' +
    '    at next (/app/node_modules/router/index.js:291:5)\n' +
    '    at Function.handle (/app/node_modules/router/index.js:186:3)',
  level: 'error',
  timestamp: '2026-07-29T08:32:56.016Z'
}
{
  message: '[AuthController] Refresh Tokens',
  level: 'info',
  timestamp: '2026-07-29T08:32:56.025Z'
}
{
  message: 'Fetching user details for ID: 3fb52519-dcb5-4088-ad6f-305eecfdf4f6',
  level: 'debug',
  timestamp: '2026-07-29T08:32:56.043Z'
}
{
  message: '[Cache Hit] Lấy thông tin user ID: 3fb52519-dcb5-4088-ad6f-305eecfdf4f6 từ Redis',
  level: 'debug',
  timestamp: '2026-07-29T08:32:56.044Z'
}
{
  message: '[AuthService] Tokens refreshed successfully for user: admin@booking.com',
  level: 'info',
  timestamp: '2026-07-29T08:32:56.051Z'
}
{
  message: '[UserController] Get all users',
  level: 'info',
  timestamp: '2026-07-29T08:32:56.074Z'
}
{
  message: 'Fetching all users from repository',
  level: 'info',
  timestamp: '2026-07-29T08:32:56.075Z'
}
{
  message: '[UserController] Get all users',
  level: 'info',
  timestamp: '2026-07-29T08:32:56.089Z'
}
{
  message: 'Fetching all users from repository',
  level: 'info',
  timestamp: '2026-07-29T08:32:56.089Z'
}
{
  message: '[UserController] Get all users',
  level: 'info',
  timestamp: '2026-07-29T08:32:56.099Z'
}
{
  message: 'Fetching all users from repository',
  level: 'info',
  timestamp: '2026-07-29T08:32:56.099Z'
}
{
  message: 'JWT Verification Error: jwt expired',
  level: 'error',
  timestamp: '2026-07-29T08:36:42.907Z'
}
{
  message: 'GLOBAL ERROR HANDLER CAUGHT: Error: Phiên đăng nhập đã hết hạn. Vui lòng lấy Token mới.\n' +
    '    at authMiddleware (/app/src/middlewares/authMiddleware.ts:80:9)\n' +
    '    at Layer.handleRequest (/app/node_modules/router/lib/layer.js:152:17)\n' +
    '    at next (/app/node_modules/router/lib/route.js:157:13)\n' +
    '    at Route.dispatch (/app/node_modules/router/lib/route.js:117:3)\n' +
    '    at handle (/app/node_modules/router/index.js:435:11)\n' +
    '    at Layer.handleRequest (/app/node_modules/router/lib/layer.js:152:17)\n' +
    '    at /app/node_modules/router/index.js:295:15\n' +
    '    at processParams (/app/node_modules/router/index.js:582:12)\n' +
    '    at next (/app/node_modules/router/index.js:291:5)\n' +
    '    at Function.handle (/app/node_modules/router/index.js:186:3)',
  level: 'error',
  timestamp: '2026-07-29T08:36:42.908Z'
}
{
  message: 'JWT Verification Error: jwt expired',
  level: 'error',
  timestamp: '2026-07-29T08:36:42.915Z'
}
{
  message: 'GLOBAL ERROR HANDLER CAUGHT: Error: Phiên đăng nhập đã hết hạn. Vui lòng lấy Token mới.\n' +
    '    at authMiddleware (/app/src/middlewares/authMiddleware.ts:80:9)\n' +
    '    at Layer.handleRequest (/app/node_modules/router/lib/layer.js:152:17)\n' +
    '    at next (/app/node_modules/router/lib/route.js:157:13)\n' +
    '    at Route.dispatch (/app/node_modules/router/lib/route.js:117:3)\n' +
    '    at handle (/app/node_modules/router/index.js:435:11)\n' +
    '    at Layer.handleRequest (/app/node_modules/router/lib/layer.js:152:17)\n' +
    '    at /app/node_modules/router/index.js:295:15\n' +
    '    at processParams (/app/node_modules/router/index.js:582:12)\n' +
    '    at next (/app/node_modules/router/index.js:291:5)\n' +
    '    at Function.handle (/app/node_modules/router/index.js:186:3)',
  level: 'error',
  timestamp: '2026-07-29T08:36:42.916Z'
}
{
  message: '[AuthController] Refresh Tokens',
  level: 'info',
  timestamp: '2026-07-29T08:36:42.932Z'
}
{
  message: 'Fetching user details for ID: 3fb52519-dcb5-4088-ad6f-305eecfdf4f6',
  level: 'debug',
  timestamp: '2026-07-29T08:36:42.957Z'
}
{
  message: '[Cache Hit] Lấy thông tin user ID: 3fb52519-dcb5-4088-ad6f-305eecfdf4f6 từ Redis',
  level: 'debug',
  timestamp: '2026-07-29T08:36:42.958Z'
}
{
  message: '[AuthService] Tokens refreshed successfully for user: admin@booking.com',
  level: 'info',
  timestamp: '2026-07-29T08:36:42.975Z'
}
{
  userId: '3fb52519-dcb5-4088-ad6f-305eecfdf4f6',
  level: 'info',
  message: '[AuthController] Get Me',
  timestamp: '2026-07-29T08:36:43.018Z'
}
{
  message: 'Fetching user details for ID: 3fb52519-dcb5-4088-ad6f-305eecfdf4f6',
  level: 'debug',
  timestamp: '2026-07-29T08:36:43.018Z'
}
{
  message: '[Cache Hit] Lấy thông tin user ID: 3fb52519-dcb5-4088-ad6f-305eecfdf4f6 từ Redis',
  level: 'debug',
  timestamp: '2026-07-29T08:36:43.019Z'
}
{
  userId: '3fb52519-dcb5-4088-ad6f-305eecfdf4f6',
  level: 'info',
  message: '[AuthController] Get Me',
  timestamp: '2026-07-29T08:36:43.024Z'
}
{
  message: 'Fetching user details for ID: 3fb52519-dcb5-4088-ad6f-305eecfdf4f6',
  level: 'debug',
  timestamp: '2026-07-29T08:36:43.025Z'
}
{
  message: '[Cache Hit] Lấy thông tin user ID: 3fb52519-dcb5-4088-ad6f-305eecfdf4f6 từ Redis',
  level: 'debug',
  timestamp: '2026-07-29T08:36:43.027Z'
}
{
  message: '[UserController] Get all users',
  level: 'info',
  timestamp: '2026-07-29T08:36:43.031Z'
}
{
  message: 'Fetching all users from repository',
  level: 'info',
  timestamp: '2026-07-29T08:36:43.032Z'
}
{
  message: '[UserController] Get all users',
  level: 'info',
  timestamp: '2026-07-29T08:36:43.041Z'
}
{
  message: 'Fetching all users from repository',
  level: 'info',
  timestamp: '2026-07-29T08:36:43.042Z'
}
{
  userId: '3fb52519-dcb5-4088-ad6f-305eecfdf4f6',
  level: 'info',
  message: '[AuthController] Get Me',
  timestamp: '2026-07-29T08:36:53.557Z'
}
{
  message: 'Fetching user details for ID: 3fb52519-dcb5-4088-ad6f-305eecfdf4f6',
  level: 'debug',
  timestamp: '2026-07-29T08:36:53.557Z'
}
{
  message: '[Cache Hit] Lấy thông tin user ID: 3fb52519-dcb5-4088-ad6f-305eecfdf4f6 từ Redis',
  level: 'debug',
  timestamp: '2026-07-29T08:36:53.558Z'
}
{
  userId: '3fb52519-dcb5-4088-ad6f-305eecfdf4f6',
  level: 'info',
  message: '[AuthController] Get Me',
  timestamp: '2026-07-29T08:36:53.570Z'
}
{
  message: 'Fetching user details for ID: 3fb52519-dcb5-4088-ad6f-305eecfdf4f6',
  level: 'debug',
  timestamp: '2026-07-29T08:36:53.571Z'
}
{
  message: '[Cache Hit] Lấy thông tin user ID: 3fb52519-dcb5-4088-ad6f-305eecfdf4f6 từ Redis',
  level: 'debug',
  timestamp: '2026-07-29T08:36:53.572Z'
}
{
  message: '[UserController] Get all users',
  level: 'info',
  timestamp: '2026-07-29T08:36:53.871Z'
}
{
  message: 'Fetching all users from repository',
  level: 'info',
  timestamp: '2026-07-29T08:36:53.871Z'
}
{
  message: '[UserController] Get all users',
  level: 'info',
  timestamp: '2026-07-29T08:36:53.911Z'
}
{
  message: 'Fetching all users from repository',
  level: 'info',
  timestamp: '2026-07-29T08:36:53.911Z'
}
{
  message: '[UserController] Get all users',
  level: 'info',
  timestamp: '2026-07-29T08:39:34.798Z'
}
{
  message: 'Fetching all users from repository',
  level: 'info',
  timestamp: '2026-07-29T08:39:34.799Z'
}
{
  message: 'JWT Verification Error: jwt expired',
  level: 'error',
  timestamp: '2026-07-29T08:40:10.198Z'
}
{
  message: 'GLOBAL ERROR HANDLER CAUGHT: Error: Phiên đăng nhập đã hết hạn. Vui lòng lấy Token mới.\n' +
    '    at authMiddleware (/app/src/middlewares/authMiddleware.ts:80:9)\n' +
    '    at Layer.handleRequest (/app/node_modules/router/lib/layer.js:152:17)\n' +
    '    at next (/app/node_modules/router/lib/route.js:157:13)\n' +
    '    at Route.dispatch (/app/node_modules/router/lib/route.js:117:3)\n' +
    '    at handle (/app/node_modules/router/index.js:435:11)\n' +
    '    at Layer.handleRequest (/app/node_modules/router/lib/layer.js:152:17)\n' +
    '    at /app/node_modules/router/index.js:295:15\n' +
    '    at processParams (/app/node_modules/router/index.js:582:12)\n' +
    '    at next (/app/node_modules/router/index.js:291:5)\n' +
    '    at Function.handle (/app/node_modules/router/index.js:186:3)',
  level: 'error',
  timestamp: '2026-07-29T08:40:10.199Z'
}
{
  message: 'JWT Verification Error: jwt expired',
  level: 'error',
  timestamp: '2026-07-29T08:40:10.206Z'
}
{
  message: 'GLOBAL ERROR HANDLER CAUGHT: Error: Phiên đăng nhập đã hết hạn. Vui lòng lấy Token mới.\n' +
    '    at authMiddleware (/app/src/middlewares/authMiddleware.ts:80:9)\n' +
    '    at Layer.handleRequest (/app/node_modules/router/lib/layer.js:152:17)\n' +
    '    at next (/app/node_modules/router/lib/route.js:157:13)\n' +
    '    at Route.dispatch (/app/node_modules/router/lib/route.js:117:3)\n' +
    '    at handle (/app/node_modules/router/index.js:435:11)\n' +
    '    at Layer.handleRequest (/app/node_modules/router/lib/layer.js:152:17)\n' +
    '    at /app/node_modules/router/index.js:295:15\n' +
    '    at processParams (/app/node_modules/router/index.js:582:12)\n' +
    '    at next (/app/node_modules/router/index.js:291:5)\n' +
    '    at Function.handle (/app/node_modules/router/index.js:186:3)',
  level: 'error',
  timestamp: '2026-07-29T08:40:10.207Z'
}
{
  message: '[AuthController] Refresh Tokens',
  level: 'info',
  timestamp: '2026-07-29T08:40:10.227Z'
}
{
  message: 'Fetching user details for ID: 3fb52519-dcb5-4088-ad6f-305eecfdf4f6',
  level: 'debug',
  timestamp: '2026-07-29T08:40:10.253Z'
}
{
  message: '[Cache Hit] Lấy thông tin user ID: 3fb52519-dcb5-4088-ad6f-305eecfdf4f6 từ Redis',
  level: 'debug',
  timestamp: '2026-07-29T08:40:10.255Z'
}
{
  message: '[AuthService] Tokens refreshed successfully for user: admin@booking.com',
  level: 'info',
  timestamp: '2026-07-29T08:40:10.265Z'
}
{
  userId: '3fb52519-dcb5-4088-ad6f-305eecfdf4f6',
  level: 'info',
  message: '[AuthController] Get Me',
  timestamp: '2026-07-29T08:40:10.295Z'
}
{
  message: 'Fetching user details for ID: 3fb52519-dcb5-4088-ad6f-305eecfdf4f6',
  level: 'debug',
  timestamp: '2026-07-29T08:40:10.295Z'
}
{
  message: '[Cache Hit] Lấy thông tin user ID: 3fb52519-dcb5-4088-ad6f-305eecfdf4f6 từ Redis',
  level: 'debug',
  timestamp: '2026-07-29T08:40:10.297Z'
}
{
  userId: '3fb52519-dcb5-4088-ad6f-305eecfdf4f6',
  level: 'info',
  message: '[AuthController] Get Me',
  timestamp: '2026-07-29T08:40:10.301Z'
}
{
  message: 'Fetching user details for ID: 3fb52519-dcb5-4088-ad6f-305eecfdf4f6',
  level: 'debug',
  timestamp: '2026-07-29T08:40:10.302Z'
}
{
  message: '[Cache Hit] Lấy thông tin user ID: 3fb52519-dcb5-4088-ad6f-305eecfdf4f6 từ Redis',
  level: 'debug',
  timestamp: '2026-07-29T08:40:10.303Z'
}
{
  message: '[UserController] Get all users',
  level: 'info',
  timestamp: '2026-07-29T08:40:10.306Z'
}
{
  message: 'Fetching all users from repository',
  level: 'info',
  timestamp: '2026-07-29T08:40:10.306Z'
}
{
  message: '[UserController] Get all users',
  level: 'info',
  timestamp: '2026-07-29T08:40:10.314Z'
}
{
  message: 'Fetching all users from repository',
  level: 'info',
  timestamp: '2026-07-29T08:40:10.315Z'
}
{
  message: 'JWT Verification Error: jwt expired',
  level: 'error',
  timestamp: '2026-07-29T08:43:20.543Z'
}
{
  message: 'GLOBAL ERROR HANDLER CAUGHT: Error: Phiên đăng nhập đã hết hạn. Vui lòng lấy Token mới.\n' +
    '    at authMiddleware (/app/src/middlewares/authMiddleware.ts:80:9)\n' +
    '    at Layer.handleRequest (/app/node_modules/router/lib/layer.js:152:17)\n' +
    '    at next (/app/node_modules/router/lib/route.js:157:13)\n' +
    '    at Route.dispatch (/app/node_modules/router/lib/route.js:117:3)\n' +
    '    at handle (/app/node_modules/router/index.js:435:11)\n' +
    '    at Layer.handleRequest (/app/node_modules/router/lib/layer.js:152:17)\n' +
    '    at /app/node_modules/router/index.js:295:15\n' +
    '    at processParams (/app/node_modules/router/index.js:582:12)\n' +
    '    at next (/app/node_modules/router/index.js:291:5)\n' +
    '    at Function.handle (/app/node_modules/router/index.js:186:3)',
  level: 'error',
  timestamp: '2026-07-29T08:43:20.544Z'
}
{
  message: '[AuthController] Refresh Tokens',
  level: 'info',
  timestamp: '2026-07-29T08:43:20.551Z'
}
{
  message: 'Fetching user details for ID: 3fb52519-dcb5-4088-ad6f-305eecfdf4f6',
  level: 'debug',
  timestamp: '2026-07-29T08:43:20.556Z'
}
{
  message: '[Cache Hit] Lấy thông tin user ID: 3fb52519-dcb5-4088-ad6f-305eecfdf4f6 từ Redis',
  level: 'debug',
  timestamp: '2026-07-29T08:43:20.556Z'
}
{
  message: '[AuthService] Tokens refreshed successfully for user: admin@booking.com',
  level: 'info',
  timestamp: '2026-07-29T08:43:20.564Z'
}
{
  message: '[UserController] Get all users',
  level: 'info',
  timestamp: '2026-07-29T08:43:20.585Z'
}
{
  message: 'Fetching all users from repository',
  level: 'info',
  timestamp: '2026-07-29T08:43:20.586Z'
}
{
  message: '[UserController] Get all users',
  level: 'info',
  timestamp: '2026-07-29T08:43:20.594Z'
}
{
  message: 'Fetching all users from repository',
  level: 'info',
  timestamp: '2026-07-29T08:43:20.594Z'
}
{
  message: '[UserController] Get all users',
  level: 'info',
  timestamp: '2026-07-29T08:43:20.602Z'
}
{
  message: 'Fetching all users from repository',
  level: 'info',
  timestamp: '2026-07-29T08:43:20.602Z'
}
{
  userId: '3fb52519-dcb5-4088-ad6f-305eecfdf4f6',
  level: 'info',
  message: '[AuthController] Get Me',
  timestamp: '2026-07-29T08:44:17.909Z'
}
{
  message: 'Fetching user details for ID: 3fb52519-dcb5-4088-ad6f-305eecfdf4f6',
  level: 'debug',
  timestamp: '2026-07-29T08:44:17.910Z'
}
{
  message: '[Cache Hit] Lấy thông tin user ID: 3fb52519-dcb5-4088-ad6f-305eecfdf4f6 từ Redis',
  level: 'debug',
  timestamp: '2026-07-29T08:44:17.912Z'
}
{
  userId: '3fb52519-dcb5-4088-ad6f-305eecfdf4f6',
  level: 'info',
  message: '[AuthController] Get Me',
  timestamp: '2026-07-29T08:44:17.918Z'
}
{
  message: 'Fetching user details for ID: 3fb52519-dcb5-4088-ad6f-305eecfdf4f6',
  level: 'debug',
  timestamp: '2026-07-29T08:44:17.920Z'
}
{
  message: '[Cache Hit] Lấy thông tin user ID: 3fb52519-dcb5-4088-ad6f-305eecfdf4f6 từ Redis',
  level: 'debug',
  timestamp: '2026-07-29T08:44:17.922Z'
}
{
  message: '[UserController] Get all users',
  level: 'info',
  timestamp: '2026-07-29T08:44:18.229Z'
}
{
  message: 'Fetching all users from repository',
  level: 'info',
  timestamp: '2026-07-29T08:44:18.229Z'
}
{
  message: '[UserController] Get all users',
  level: 'info',
  timestamp: '2026-07-29T08:44:18.255Z'
}
{
  message: 'Fetching all users from repository',
  level: 'info',
  timestamp: '2026-07-29T08:44:18.256Z'
}
{
  userId: '3fb52519-dcb5-4088-ad6f-305eecfdf4f6',
  level: 'info',
  message: '[AuthController] Get Me',
  timestamp: '2026-07-29T08:44:27.219Z'
}
{
  message: 'Fetching user details for ID: 3fb52519-dcb5-4088-ad6f-305eecfdf4f6',
  level: 'debug',
  timestamp: '2026-07-29T08:44:27.220Z'
}
{
  message: '[Cache Hit] Lấy thông tin user ID: 3fb52519-dcb5-4088-ad6f-305eecfdf4f6 từ Redis',
  level: 'debug',
  timestamp: '2026-07-29T08:44:27.221Z'
}
{
  userId: '3fb52519-dcb5-4088-ad6f-305eecfdf4f6',
  level: 'info',
  message: '[AuthController] Get Me',
  timestamp: '2026-07-29T08:44:27.231Z'
}
{
  message: 'Fetching user details for ID: 3fb52519-dcb5-4088-ad6f-305eecfdf4f6',
  level: 'debug',
  timestamp: '2026-07-29T08:44:27.233Z'
}
{
  message: '[Cache Hit] Lấy thông tin user ID: 3fb52519-dcb5-4088-ad6f-305eecfdf4f6 từ Redis',
  level: 'debug',
  timestamp: '2026-07-29T08:44:27.235Z'
}
{
  message: '[UserController] Get all users',
  level: 'info',
  timestamp: '2026-07-29T08:44:27.535Z'
}
{
  message: 'Fetching all users from repository',
  level: 'info',
  timestamp: '2026-07-29T08:44:27.535Z'
}
{
  message: '[UserController] Get all users',
  level: 'info',
  timestamp: '2026-07-29T08:44:27.543Z'
}
{
  message: 'Fetching all users from repository',
  level: 'info',
  timestamp: '2026-07-29T08:44:27.543Z'
}
{
  userId: '3fb52519-dcb5-4088-ad6f-305eecfdf4f6',
  level: 'info',
  message: '[AuthController] Get Me',
  timestamp: '2026-07-29T08:44:37.586Z'
}
{
  message: 'Fetching user details for ID: 3fb52519-dcb5-4088-ad6f-305eecfdf4f6',
  level: 'debug',
  timestamp: '2026-07-29T08:44:37.587Z'
}
{
  message: '[Cache Hit] Lấy thông tin user ID: 3fb52519-dcb5-4088-ad6f-305eecfdf4f6 từ Redis',
  level: 'debug',
  timestamp: '2026-07-29T08:44:37.590Z'
}
{
  userId: '3fb52519-dcb5-4088-ad6f-305eecfdf4f6',
  level: 'info',
  message: '[AuthController] Get Me',
  timestamp: '2026-07-29T08:44:37.603Z'
}
{
  message: 'Fetching user details for ID: 3fb52519-dcb5-4088-ad6f-305eecfdf4f6',
  level: 'debug',
  timestamp: '2026-07-29T08:44:37.604Z'
}
{
  message: '[Cache Hit] Lấy thông tin user ID: 3fb52519-dcb5-4088-ad6f-305eecfdf4f6 từ Redis',
  level: 'debug',
  timestamp: '2026-07-29T08:44:37.605Z'
}
{
  message: '[UserController] Get all users',
  level: 'info',
  timestamp: '2026-07-29T08:44:37.909Z'
}
{
  message: 'Fetching all users from repository',
  level: 'info',
  timestamp: '2026-07-29T08:44:37.910Z'
}
{
  message: '[UserController] Get all users',
  level: 'info',
  timestamp: '2026-07-29T08:44:37.943Z'
}
{
  message: 'Fetching all users from repository',
  level: 'info',
  timestamp: '2026-07-29T08:44:37.943Z'
}
{
  message: 'JWT Verification Error: jwt expired',
  level: 'error',
  timestamp: '2026-07-29T08:46:47.279Z'
}
{
  message: 'GLOBAL ERROR HANDLER CAUGHT: Error: Phiên đăng nhập đã hết hạn. Vui lòng lấy Token mới.\n' +
    '    at authMiddleware (/app/src/middlewares/authMiddleware.ts:80:9)\n' +
    '    at Layer.handleRequest (/app/node_modules/router/lib/layer.js:152:17)\n' +
    '    at next (/app/node_modules/router/lib/route.js:157:13)\n' +
    '    at Route.dispatch (/app/node_modules/router/lib/route.js:117:3)\n' +
    '    at handle (/app/node_modules/router/index.js:435:11)\n' +
    '    at Layer.handleRequest (/app/node_modules/router/lib/layer.js:152:17)\n' +
    '    at /app/node_modules/router/index.js:295:15\n' +
    '    at processParams (/app/node_modules/router/index.js:582:12)\n' +
    '    at next (/app/node_modules/router/index.js:291:5)\n' +
    '    at Function.handle (/app/node_modules/router/index.js:186:3)',
  level: 'error',
  timestamp: '2026-07-29T08:46:47.279Z'
}
{
  message: 'JWT Verification Error: jwt expired',
  level: 'error',
  timestamp: '2026-07-29T08:46:47.289Z'
}
{
  message: 'GLOBAL ERROR HANDLER CAUGHT: Error: Phiên đăng nhập đã hết hạn. Vui lòng lấy Token mới.\n' +
    '    at authMiddleware (/app/src/middlewares/authMiddleware.ts:80:9)\n' +
    '    at Layer.handleRequest (/app/node_modules/router/lib/layer.js:152:17)\n' +
    '    at next (/app/node_modules/router/lib/route.js:157:13)\n' +
    '    at Route.dispatch (/app/node_modules/router/lib/route.js:117:3)\n' +
    '    at handle (/app/node_modules/router/index.js:435:11)\n' +
    '    at Layer.handleRequest (/app/node_modules/router/lib/layer.js:152:17)\n' +
    '    at /app/node_modules/router/index.js:295:15\n' +
    '    at processParams (/app/node_modules/router/index.js:582:12)\n' +
    '    at next (/app/node_modules/router/index.js:291:5)\n' +
    '    at Function.handle (/app/node_modules/router/index.js:186:3)',
  level: 'error',
  timestamp: '2026-07-29T08:46:47.290Z'
}
{
  message: '[AuthController] Refresh Tokens',
  level: 'info',
  timestamp: '2026-07-29T08:46:47.313Z'
}
{
  message: 'Fetching user details for ID: 3fb52519-dcb5-4088-ad6f-305eecfdf4f6',
  level: 'debug',
  timestamp: '2026-07-29T08:46:47.333Z'
}
{
  message: '[Cache Hit] Lấy thông tin user ID: 3fb52519-dcb5-4088-ad6f-305eecfdf4f6 từ Redis',
  level: 'debug',
  timestamp: '2026-07-29T08:46:47.334Z'
}
{
  message: '[AuthService] Tokens refreshed successfully for user: admin@booking.com',
  level: 'info',
  timestamp: '2026-07-29T08:46:47.426Z'
}
{
  userId: '3fb52519-dcb5-4088-ad6f-305eecfdf4f6',
  level: 'info',
  message: '[AuthController] Get Me',
  timestamp: '2026-07-29T08:46:47.504Z'
}
{
  message: 'Fetching user details for ID: 3fb52519-dcb5-4088-ad6f-305eecfdf4f6',
  level: 'debug',
  timestamp: '2026-07-29T08:46:47.504Z'
}
{
  message: '[Cache Hit] Lấy thông tin user ID: 3fb52519-dcb5-4088-ad6f-305eecfdf4f6 từ Redis',
  level: 'debug',
  timestamp: '2026-07-29T08:46:47.508Z'
}
{
  userId: '3fb52519-dcb5-4088-ad6f-305eecfdf4f6',
  level: 'info',
  message: '[AuthController] Get Me',
  timestamp: '2026-07-29T08:46:47.513Z'
}
{
  message: 'Fetching user details for ID: 3fb52519-dcb5-4088-ad6f-305eecfdf4f6',
  level: 'debug',
  timestamp: '2026-07-29T08:46:47.514Z'
}
{
  message: '[Cache Hit] Lấy thông tin user ID: 3fb52519-dcb5-4088-ad6f-305eecfdf4f6 từ Redis',
  level: 'debug',
  timestamp: '2026-07-29T08:46:47.515Z'
}
{
  message: '[UserController] Get all users',
  level: 'info',
  timestamp: '2026-07-29T08:46:47.518Z'
}
{
  message: 'Fetching all users from repository',
  level: 'info',
  timestamp: '2026-07-29T08:46:47.519Z'
}
{
  message: '[UserController] Get all users',
  level: 'info',
  timestamp: '2026-07-29T08:46:47.530Z'
}
{
  message: 'Fetching all users from repository',
  level: 'info',
  timestamp: '2026-07-29T08:46:47.531Z'
}
{
  userId: '3fb52519-dcb5-4088-ad6f-305eecfdf4f6',
  level: 'info',
  message: '[AuthController] Get Me',
  timestamp: '2026-07-29T08:46:54.879Z'
}
{
  message: 'Fetching user details for ID: 3fb52519-dcb5-4088-ad6f-305eecfdf4f6',
  level: 'debug',
  timestamp: '2026-07-29T08:46:54.880Z'
}
{
  message: '[Cache Hit] Lấy thông tin user ID: 3fb52519-dcb5-4088-ad6f-305eecfdf4f6 từ Redis',
  level: 'debug',
  timestamp: '2026-07-29T08:46:54.880Z'
}
{
  userId: '3fb52519-dcb5-4088-ad6f-305eecfdf4f6',
  level: 'info',
  message: '[AuthController] Get Me',
  timestamp: '2026-07-29T08:46:54.889Z'
}
{
  message: 'Fetching user details for ID: 3fb52519-dcb5-4088-ad6f-305eecfdf4f6',
  level: 'debug',
  timestamp: '2026-07-29T08:46:54.890Z'
}
{
  message: '[Cache Hit] Lấy thông tin user ID: 3fb52519-dcb5-4088-ad6f-305eecfdf4f6 từ Redis',
  level: 'debug',
  timestamp: '2026-07-29T08:46:54.891Z'
}
{
  message: '[UserController] Get all users',
  level: 'info',
  timestamp: '2026-07-29T08:46:55.187Z'
}
{
  message: 'Fetching all users from repository',
  level: 'info',
  timestamp: '2026-07-29T08:46:55.188Z'
}
{
  message: '[UserController] Get all users',
  level: 'info',
  timestamp: '2026-07-29T08:46:55.195Z'
}
{
  message: 'Fetching all users from repository',
  level: 'info',
  timestamp: '2026-07-29T08:46:55.195Z'
}
{
  message: 'JWT Verification Error: jwt expired',
  level: 'error',
  timestamp: '2026-07-29T08:50:48.584Z'
}
{
  message: 'GLOBAL ERROR HANDLER CAUGHT: Error: Phiên đăng nhập đã hết hạn. Vui lòng lấy Token mới.\n' +
    '    at authMiddleware (/app/src/middlewares/authMiddleware.ts:80:9)\n' +
    '    at Layer.handleRequest (/app/node_modules/router/lib/layer.js:152:17)\n' +
    '    at next (/app/node_modules/router/lib/route.js:157:13)\n' +
    '    at Route.dispatch (/app/node_modules/router/lib/route.js:117:3)\n' +
    '    at handle (/app/node_modules/router/index.js:435:11)\n' +
    '    at Layer.handleRequest (/app/node_modules/router/lib/layer.js:152:17)\n' +
    '    at /app/node_modules/router/index.js:295:15\n' +
    '    at processParams (/app/node_modules/router/index.js:582:12)\n' +
    '    at next (/app/node_modules/router/index.js:291:5)\n' +
    '    at Function.handle (/app/node_modules/router/index.js:186:3)',
  level: 'error',
  timestamp: '2026-07-29T08:50:48.585Z'
}
{
  message: 'JWT Verification Error: jwt expired',
  level: 'error',
  timestamp: '2026-07-29T08:50:48.606Z'
}
{
  message: 'GLOBAL ERROR HANDLER CAUGHT: Error: Phiên đăng nhập đã hết hạn. Vui lòng lấy Token mới.\n' +
    '    at authMiddleware (/app/src/middlewares/authMiddleware.ts:80:9)\n' +
    '    at Layer.handleRequest (/app/node_modules/router/lib/layer.js:152:17)\n' +
    '    at next (/app/node_modules/router/lib/route.js:157:13)\n' +
    '    at Route.dispatch (/app/node_modules/router/lib/route.js:117:3)\n' +
    '    at handle (/app/node_modules/router/index.js:435:11)\n' +
    '    at Layer.handleRequest (/app/node_modules/router/lib/layer.js:152:17)\n' +
    '    at /app/node_modules/router/index.js:295:15\n' +
    '    at processParams (/app/node_modules/router/index.js:582:12)\n' +
    '    at next (/app/node_modules/router/index.js:291:5)\n' +
    '    at Function.handle (/app/node_modules/router/index.js:186:3)',
  level: 'error',
  timestamp: '2026-07-29T08:50:48.607Z'
}
{
  message: '[AuthController] Refresh Tokens',
  level: 'info',
  timestamp: '2026-07-29T08:50:48.616Z'
}
{
  message: 'Fetching user details for ID: 3fb52519-dcb5-4088-ad6f-305eecfdf4f6',
  level: 'debug',
  timestamp: '2026-07-29T08:50:48.650Z'
}
{
  message: '[Cache Hit] Lấy thông tin user ID: 3fb52519-dcb5-4088-ad6f-305eecfdf4f6 từ Redis',
  level: 'debug',
  timestamp: '2026-07-29T08:50:48.652Z'
}
{
  message: '[AuthService] Tokens refreshed successfully for user: admin@booking.com',
  level: 'info',
  timestamp: '2026-07-29T08:50:48.668Z'
}
{
  userId: '3fb52519-dcb5-4088-ad6f-305eecfdf4f6',
  level: 'info',
  message: '[AuthController] Get Me',
  timestamp: '2026-07-29T08:50:48.721Z'
}
{
  message: 'Fetching user details for ID: 3fb52519-dcb5-4088-ad6f-305eecfdf4f6',
  level: 'debug',
  timestamp: '2026-07-29T08:50:48.722Z'
}
{
  message: '[Cache Hit] Lấy thông tin user ID: 3fb52519-dcb5-4088-ad6f-305eecfdf4f6 từ Redis',
  level: 'debug',
  timestamp: '2026-07-29T08:50:48.723Z'
}
{
  message: '[UserController] Get all users',
  level: 'info',
  timestamp: '2026-07-29T08:50:48.731Z'
}
{
  message: 'Fetching all users from repository',
  level: 'info',
  timestamp: '2026-07-29T08:50:48.731Z'
}
{
  userId: '3fb52519-dcb5-4088-ad6f-305eecfdf4f6',
  level: 'info',
  message: '[AuthController] Get Me',
  timestamp: '2026-07-29T08:50:48.740Z'
}
{
  message: 'Fetching user details for ID: 3fb52519-dcb5-4088-ad6f-305eecfdf4f6',
  level: 'debug',
  timestamp: '2026-07-29T08:50:48.741Z'
}
{
  message: '[Cache Hit] Lấy thông tin user ID: 3fb52519-dcb5-4088-ad6f-305eecfdf4f6 từ Redis',
  level: 'debug',
  timestamp: '2026-07-29T08:50:48.743Z'
}
{
  message: '[UserController] Get all users',
  level: 'info',
  timestamp: '2026-07-29T08:50:48.758Z'
}
{
  message: 'Fetching all users from repository',
  level: 'info',
  timestamp: '2026-07-29T08:50:48.758Z'
}
{
  userId: '3fb52519-dcb5-4088-ad6f-305eecfdf4f6',
  level: 'info',
  message: '[AuthController] Get Me',
  timestamp: '2026-07-29T08:50:58.923Z'
}
{
  message: 'Fetching user details for ID: 3fb52519-dcb5-4088-ad6f-305eecfdf4f6',
  level: 'debug',
  timestamp: '2026-07-29T08:50:58.924Z'
}
{
  message: '[Cache Hit] Lấy thông tin user ID: 3fb52519-dcb5-4088-ad6f-305eecfdf4f6 từ Redis',
  level: 'debug',
  timestamp: '2026-07-29T08:50:58.928Z'
}
{
  userId: '3fb52519-dcb5-4088-ad6f-305eecfdf4f6',
  level: 'info',
  message: '[AuthController] Get Me',
  timestamp: '2026-07-29T08:50:58.942Z'
}
{
  message: 'Fetching user details for ID: 3fb52519-dcb5-4088-ad6f-305eecfdf4f6',
  level: 'debug',
  timestamp: '2026-07-29T08:50:58.943Z'
}
{
  message: '[Cache Hit] Lấy thông tin user ID: 3fb52519-dcb5-4088-ad6f-305eecfdf4f6 từ Redis',
  level: 'debug',
  timestamp: '2026-07-29T08:50:58.945Z'
}
{
  message: '[UserController] Get all users',
  level: 'info',
  timestamp: '2026-07-29T08:50:59.244Z'
}
{
  message: 'Fetching all users from repository',
  level: 'info',
  timestamp: '2026-07-29T08:50:59.244Z'
}
{
  message: '[UserController] Get all users',
  level: 'info',
  timestamp: '2026-07-29T08:50:59.265Z'
}
{
  message: 'Fetching all users from repository',
  level: 'info',
  timestamp: '2026-07-29T08:50:59.266Z'
}
{
  message: 'Nhận tín hiệu SIGTERM. Đang đóng API Server...',
  level: 'info',
  timestamp: '2026-07-29T08:51:17.229Z'
}
{
  message: 'Express HTTP server đã đóng.',
  level: 'info',
  timestamp: '2026-07-29T08:51:17.230Z'
}
{
  message: '[BookingCron] Stopped booking expiration cron job.',
  level: 'info',
  timestamp: '2026-07-29T08:51:17.231Z'
}
{
  message: '[Redis] Đã đóng kết nối Redis',
  level: 'info',
  timestamp: '2026-07-29T08:51:17.232Z'
}
{
  message: '[SchedulerService] Khởi tạo các cron job...',
  level: 'info',
  timestamp: '2026-07-29T08:53:01.435Z'
}
{
  message: 'Booking API Service đang chạy tại port 3000 (Môi trường: development)',
  level: 'info',
  timestamp: '2026-07-29T08:53:01.520Z'
}
{
  message: '[Redis] Kết nối thành công tới Redis server',
  level: 'info',
  timestamp: '2026-07-29T08:53:01.536Z'
}
{
  email: 'admin@booking.com',
  level: 'info',
  message: '[AuthController] Login with Password',
  timestamp: '2026-07-29T08:53:04.527Z'
}
{
  message: 'User ID 3fb52519-dcb5-4088-ad6f-305eecfdf4f6 đăng nhập thành công. Đã làm sạch lịch sử đăng nhập sai.',
  level: 'info',
  timestamp: '2026-07-29T08:53:04.760Z'
}
{
  message: '[AuthService] Password login successful for user: admin@booking.com',
  level: 'info',
  timestamp: '2026-07-29T08:53:04.782Z'
}
{
  userId: '3fb52519-dcb5-4088-ad6f-305eecfdf4f6',
  level: 'info',
  message: '[AuthController] Get Me',
  timestamp: '2026-07-29T08:53:04.830Z'
}
{
  message: 'Fetching user details for ID: 3fb52519-dcb5-4088-ad6f-305eecfdf4f6',
  level: 'debug',
  timestamp: '2026-07-29T08:53:04.832Z'
}
{
  message: '[Cache Hit] Lấy thông tin user ID: 3fb52519-dcb5-4088-ad6f-305eecfdf4f6 từ Redis',
  level: 'debug',
  timestamp: '2026-07-29T08:53:04.841Z'
}
{
  message: '[UserController] Get all users',
  level: 'info',
  timestamp: '2026-07-29T08:53:05.265Z'
}
{
  message: 'Fetching all users from repository',
  level: 'info',
  timestamp: '2026-07-29T08:53:05.266Z'
}
{
  page: '1',
  limit: '100',
  level: 'info',
  message: '[HotelController] Get all hotels with queries',
  timestamp: '2026-07-29T08:53:05.308Z'
}
{
  message: '[UserController] Get all users',
  level: 'info',
  timestamp: '2026-07-29T08:53:05.402Z'
}
{
  message: 'Fetching all users from repository',
  level: 'info',
  timestamp: '2026-07-29T08:53:05.403Z'
}
{
  page: '1',
  limit: '100',
  level: 'info',
  message: '[HotelController] Get all hotels with queries',
  timestamp: '2026-07-29T08:53:05.434Z'
}
{
  message: '[UserController] Get all users',
  level: 'info',
  timestamp: '2026-07-29T08:53:13.224Z'
}
{
  message: 'Fetching all users from repository',
  level: 'info',
  timestamp: '2026-07-29T08:53:13.225Z'
}
{
  message: '[UserController] Get all users',
  level: 'info',
  timestamp: '2026-07-29T08:53:13.240Z'
}
{
  message: 'Fetching all users from repository',
  level: 'info',
  timestamp: '2026-07-29T08:53:13.241Z'
}
{
  userId: '3fb52519-dcb5-4088-ad6f-305eecfdf4f6',
  level: 'info',
  message: '[AuthController] Get Me',
  timestamp: '2026-07-29T08:53:29.700Z'
}
{
  message: 'Fetching user details for ID: 3fb52519-dcb5-4088-ad6f-305eecfdf4f6',
  level: 'debug',
  timestamp: '2026-07-29T08:53:29.701Z'
}
{
  message: '[Cache Hit] Lấy thông tin user ID: 3fb52519-dcb5-4088-ad6f-305eecfdf4f6 từ Redis',
  level: 'debug',
  timestamp: '2026-07-29T08:53:29.703Z'
}
{
  userId: '3fb52519-dcb5-4088-ad6f-305eecfdf4f6',
  level: 'info',
  message: '[AuthController] Get Me',
  timestamp: '2026-07-29T08:53:29.720Z'
}
{
  message: 'Fetching user details for ID: 3fb52519-dcb5-4088-ad6f-305eecfdf4f6',
  level: 'debug',
  timestamp: '2026-07-29T08:53:29.720Z'
}
{
  message: '[Cache Hit] Lấy thông tin user ID: 3fb52519-dcb5-4088-ad6f-305eecfdf4f6 từ Redis',
  level: 'debug',
  timestamp: '2026-07-29T08:53:29.722Z'
}
{
  message: '[UserController] Get all users',
  level: 'info',
  timestamp: '2026-07-29T08:53:30.019Z'
}
{
  message: 'Fetching all users from repository',
  level: 'info',
  timestamp: '2026-07-29T08:53:30.020Z'
}
{
  message: '[UserController] Get all users',
  level: 'info',
  timestamp: '2026-07-29T08:53:30.075Z'
}
{
  message: 'Fetching all users from repository',
  level: 'info',
  timestamp: '2026-07-29T08:53:30.076Z'
}
{
  userId: '3fb52519-dcb5-4088-ad6f-305eecfdf4f6',
  level: 'info',
  message: '[AuthController] Get Me',
  timestamp: '2026-07-29T08:54:41.381Z'
}
{
  message: 'Fetching user details for ID: 3fb52519-dcb5-4088-ad6f-305eecfdf4f6',
  level: 'debug',
  timestamp: '2026-07-29T08:54:41.383Z'
}
{
  message: '[Cache Hit] Lấy thông tin user ID: 3fb52519-dcb5-4088-ad6f-305eecfdf4f6 từ Redis',
  level: 'debug',
  timestamp: '2026-07-29T08:54:41.389Z'
}
{
  userId: '3fb52519-dcb5-4088-ad6f-305eecfdf4f6',
  level: 'info',
  message: '[AuthController] Get Me',
  timestamp: '2026-07-29T08:54:41.402Z'
}
{
  message: 'Fetching user details for ID: 3fb52519-dcb5-4088-ad6f-305eecfdf4f6',
  level: 'debug',
  timestamp: '2026-07-29T08:54:41.403Z'
}
{
  message: '[Cache Hit] Lấy thông tin user ID: 3fb52519-dcb5-4088-ad6f-305eecfdf4f6 từ Redis',
  level: 'debug',
  timestamp: '2026-07-29T08:54:41.404Z'
}
{
  message: '[UserController] Get all users',
  level: 'info',
  timestamp: '2026-07-29T08:54:41.704Z'
}
{
  message: 'Fetching all users from repository',
  level: 'info',
  timestamp: '2026-07-29T08:54:41.704Z'
}
{
  message: '[UserController] Get all users',
  level: 'info',
  timestamp: '2026-07-29T08:54:41.774Z'
}
{
  message: 'Fetching all users from repository',
  level: 'info',
  timestamp: '2026-07-29T08:54:41.777Z'
}
{
  message: '[SchedulerService] Đang kiểm tra các booking hết hạn thanh toán...',
  level: 'info',
  timestamp: '2026-07-29T08:55:00.005Z'
}
{
  message: '[SchedulerService] Khởi tạo các cron job...',
  level: 'info',
  timestamp: '2026-07-29T08:55:07.929Z'
}
{
  message: 'Booking API Service đang chạy tại port 3000 (Môi trường: development)',
  level: 'info',
  timestamp: '2026-07-29T08:55:08.282Z'
}
{
  message: '[Redis] Kết nối thành công tới Redis server',
  level: 'info',
  timestamp: '2026-07-29T08:55:08.309Z'
}
{
  message: '[SchedulerService] Đang kiểm tra các booking hết hạn thanh toán...',
  level: 'info',
  timestamp: '2026-07-29T09:00:00.014Z'
}
{
  message: '[SchedulerService] Đang kiểm tra các booking hết hạn thanh toán...',
  level: 'info',
  timestamp: '2026-07-29T09:00:00.019Z'
}
{
  message: 'JWT Verification Error: jwt expired',
  level: 'error',
  timestamp: '2026-07-29T09:02:31.884Z'
}
{
  message: 'GLOBAL ERROR HANDLER CAUGHT: Error: Phiên đăng nhập đã hết hạn. Vui lòng lấy Token mới.\n' +
    '    at authMiddleware (/app/src/middlewares/authMiddleware.ts:80:9)\n' +
    '    at Layer.handleRequest (/app/node_modules/router/lib/layer.js:152:17)\n' +
    '    at next (/app/node_modules/router/lib/route.js:157:13)\n' +
    '    at Route.dispatch (/app/node_modules/router/lib/route.js:117:3)\n' +
    '    at handle (/app/node_modules/router/index.js:435:11)\n' +
    '    at Layer.handleRequest (/app/node_modules/router/lib/layer.js:152:17)\n' +
    '    at /app/node_modules/router/index.js:295:15\n' +
    '    at processParams (/app/node_modules/router/index.js:582:12)\n' +
    '    at next (/app/node_modules/router/index.js:291:5)\n' +
    '    at Function.handle (/app/node_modules/router/index.js:186:3)',
  level: 'error',
  timestamp: '2026-07-29T09:02:31.896Z'
}
{
  message: 'JWT Verification Error: jwt expired',
  level: 'error',
  timestamp: '2026-07-29T09:02:31.911Z'
}
{
  message: 'GLOBAL ERROR HANDLER CAUGHT: Error: Phiên đăng nhập đã hết hạn. Vui lòng lấy Token mới.\n' +
    '    at authMiddleware (/app/src/middlewares/authMiddleware.ts:80:9)\n' +
    '    at Layer.handleRequest (/app/node_modules/router/lib/layer.js:152:17)\n' +
    '    at next (/app/node_modules/router/lib/route.js:157:13)\n' +
    '    at Route.dispatch (/app/node_modules/router/lib/route.js:117:3)\n' +
    '    at handle (/app/node_modules/router/index.js:435:11)\n' +
    '    at Layer.handleRequest (/app/node_modules/router/lib/layer.js:152:17)\n' +
    '    at /app/node_modules/router/index.js:295:15\n' +
    '    at processParams (/app/node_modules/router/index.js:582:12)\n' +
    '    at next (/app/node_modules/router/index.js:291:5)\n' +
    '    at Function.handle (/app/node_modules/router/index.js:186:3)',
  level: 'error',
  timestamp: '2026-07-29T09:02:31.917Z'
}
{
  message: '[AuthController] Refresh Tokens',
  level: 'info',
  timestamp: '2026-07-29T09:02:31.931Z'
}
{
  message: 'Fetching user details for ID: 3fb52519-dcb5-4088-ad6f-305eecfdf4f6',
  level: 'debug',
  timestamp: '2026-07-29T09:02:31.987Z'
}
{
  message: '[Cache Miss] Tìm user ID: 3fb52519-dcb5-4088-ad6f-305eecfdf4f6 trong Database',
  level: 'debug',
  timestamp: '2026-07-29T09:02:31.990Z'
}
{
  message: '[AuthService] Tokens refreshed successfully for user: admin@booking.com',
  level: 'info',
  timestamp: '2026-07-29T09:02:32.053Z'
}
{
  userId: '3fb52519-dcb5-4088-ad6f-305eecfdf4f6',
  level: 'info',
  message: '[AuthController] Get Me',
  timestamp: '2026-07-29T09:02:32.109Z'
}
{
  message: 'Fetching user details for ID: 3fb52519-dcb5-4088-ad6f-305eecfdf4f6',
  level: 'debug',
  timestamp: '2026-07-29T09:02:32.110Z'
}
{
  message: '[Cache Hit] Lấy thông tin user ID: 3fb52519-dcb5-4088-ad6f-305eecfdf4f6 từ Redis',
  level: 'debug',
  timestamp: '2026-07-29T09:02:32.113Z'
}
{
  message: '[UserController] Get all users',
  level: 'info',
  timestamp: '2026-07-29T09:02:32.125Z'
}
{
  message: 'Fetching all users from repository',
  level: 'info',
  timestamp: '2026-07-29T09:02:32.126Z'
}
{
  userId: '3fb52519-dcb5-4088-ad6f-305eecfdf4f6',
  level: 'info',
  message: '[AuthController] Get Me',
  timestamp: '2026-07-29T09:02:32.132Z'
}
{
  message: 'Fetching user details for ID: 3fb52519-dcb5-4088-ad6f-305eecfdf4f6',
  level: 'debug',
  timestamp: '2026-07-29T09:02:32.133Z'
}
{
  message: '[Cache Hit] Lấy thông tin user ID: 3fb52519-dcb5-4088-ad6f-305eecfdf4f6 từ Redis',
  level: 'debug',
  timestamp: '2026-07-29T09:02:32.136Z'
}
{
  message: '[UserController] Get all users',
  level: 'info',
  timestamp: '2026-07-29T09:02:32.171Z'
}
{
  message: 'Fetching all users from repository',
  level: 'info',
  timestamp: '2026-07-29T09:02:32.172Z'
}
{
  userId: '3fb52519-dcb5-4088-ad6f-305eecfdf4f6',
  level: 'info',
  message: '[AuthController] Get Me',
  timestamp: '2026-07-29T09:04:40.996Z'
}
{
  message: 'Fetching user details for ID: 3fb52519-dcb5-4088-ad6f-305eecfdf4f6',
  level: 'debug',
  timestamp: '2026-07-29T09:04:40.997Z'
}
{
  message: '[Cache Hit] Lấy thông tin user ID: 3fb52519-dcb5-4088-ad6f-305eecfdf4f6 từ Redis',
  level: 'debug',
  timestamp: '2026-07-29T09:04:40.998Z'
}
{
  userId: '3fb52519-dcb5-4088-ad6f-305eecfdf4f6',
  level: 'info',
  message: '[AuthController] Get Me',
  timestamp: '2026-07-29T09:04:41.012Z'
}
{
  message: 'Fetching user details for ID: 3fb52519-dcb5-4088-ad6f-305eecfdf4f6',
  level: 'debug',
  timestamp: '2026-07-29T09:04:41.012Z'
}
{
  message: '[Cache Hit] Lấy thông tin user ID: 3fb52519-dcb5-4088-ad6f-305eecfdf4f6 từ Redis',
  level: 'debug',
  timestamp: '2026-07-29T09:04:41.014Z'
}
{
  message: '[UserController] Get all users',
  level: 'info',
  timestamp: '2026-07-29T09:04:41.334Z'
}
{
  message: 'Fetching all users from repository',
  level: 'info',
  timestamp: '2026-07-29T09:04:41.336Z'
}
{
  message: '[UserController] Get all users',
  level: 'info',
  timestamp: '2026-07-29T09:04:41.390Z'
}
{
  message: 'Fetching all users from repository',
  level: 'info',
  timestamp: '2026-07-29T09:04:41.390Z'
}
{
  userId: '3fb52519-dcb5-4088-ad6f-305eecfdf4f6',
  level: 'info',
  message: '[AuthController] Get Me',
  timestamp: '2026-07-29T09:04:57.237Z'
}
{
  message: 'Fetching user details for ID: 3fb52519-dcb5-4088-ad6f-305eecfdf4f6',
  level: 'debug',
  timestamp: '2026-07-29T09:04:57.237Z'
}
{
  message: '[Cache Hit] Lấy thông tin user ID: 3fb52519-dcb5-4088-ad6f-305eecfdf4f6 từ Redis',
  level: 'debug',
  timestamp: '2026-07-29T09:04:57.239Z'
}
{
  userId: '3fb52519-dcb5-4088-ad6f-305eecfdf4f6',
  level: 'info',
  message: '[AuthController] Get Me',
  timestamp: '2026-07-29T09:04:57.244Z'
}
{
  message: 'Fetching user details for ID: 3fb52519-dcb5-4088-ad6f-305eecfdf4f6',
  level: 'debug',
  timestamp: '2026-07-29T09:04:57.245Z'
}
{
  message: '[Cache Hit] Lấy thông tin user ID: 3fb52519-dcb5-4088-ad6f-305eecfdf4f6 từ Redis',
  level: 'debug',
  timestamp: '2026-07-29T09:04:57.246Z'
}
{
  message: '[UserController] Get all users',
  level: 'info',
  timestamp: '2026-07-29T09:04:57.555Z'
}
{
  message: 'Fetching all users from repository',
  level: 'info',
  timestamp: '2026-07-29T09:04:57.555Z'
}
{
  message: '[UserController] Get all users',
  level: 'info',
  timestamp: '2026-07-29T09:04:57.603Z'
}
{
  message: 'Fetching all users from repository',
  level: 'info',
  timestamp: '2026-07-29T09:04:57.603Z'
}
{
  message: '[SchedulerService] Đang kiểm tra các booking hết hạn thanh toán...',
  level: 'info',
  timestamp: '2026-07-29T09:05:00.021Z'
}
{
  message: '[SchedulerService] Đang kiểm tra các booking hết hạn thanh toán...',
  level: 'info',
  timestamp: '2026-07-29T09:05:00.011Z'
}
{
  message: 'JWT Verification Error: jwt expired',
  level: 'error',
  timestamp: '2026-07-29T09:05:33.855Z'
}
{
  message: 'GLOBAL ERROR HANDLER CAUGHT: Error: Phiên đăng nhập đã hết hạn. Vui lòng lấy Token mới.\n' +
    '    at authMiddleware (/app/src/middlewares/authMiddleware.ts:80:9)\n' +
    '    at Layer.handleRequest (/app/node_modules/router/lib/layer.js:152:17)\n' +
    '    at next (/app/node_modules/router/lib/route.js:157:13)\n' +
    '    at Route.dispatch (/app/node_modules/router/lib/route.js:117:3)\n' +
    '    at handle (/app/node_modules/router/index.js:435:11)\n' +
    '    at Layer.handleRequest (/app/node_modules/router/lib/layer.js:152:17)\n' +
    '    at /app/node_modules/router/index.js:295:15\n' +
    '    at param (/app/node_modules/router/index.js:600:14)\n' +
    '    at param (/app/node_modules/router/index.js:610:14)\n' +
    '    at processParams (/app/node_modules/router/index.js:664:3)',
  level: 'error',
  timestamp: '2026-07-29T09:05:33.856Z'
}
{
  message: '[AuthController] Refresh Tokens',
  level: 'info',
  timestamp: '2026-07-29T09:05:33.867Z'
}
{
  message: 'Fetching user details for ID: 3fb52519-dcb5-4088-ad6f-305eecfdf4f6',
  level: 'debug',
  timestamp: '2026-07-29T09:05:33.887Z'
}
{
  message: '[Cache Hit] Lấy thông tin user ID: 3fb52519-dcb5-4088-ad6f-305eecfdf4f6 từ Redis',
  level: 'debug',
  timestamp: '2026-07-29T09:05:33.889Z'
}
{
  message: '[AuthService] Tokens refreshed successfully for user: admin@booking.com',
  level: 'info',
  timestamp: '2026-07-29T09:05:33.944Z'
}
{
  userId: 'b531470a-87db-4a43-a75b-e7abd9bb024d',
  level: 'info',
  message: '[UserController] Admin update user',
  timestamp: '2026-07-29T09:05:33.983Z'
}
{
  dto: {
    fullName: 'Nguyen Van Agent',
    phoneNumber: '0900000002',
    address: '',
    role: 'AGENT',
    status: 'ACTIVE',
    businessName: 'Công ty TNHH Du lịch Hoa Quả',
    businessLicense: '0109876543',
    taxCode: '0109876543',
    idNumber: '0888862005',
    idCardImageUrl: 'https://images.com'
  },
  level: 'info',
  message: '[UserService] Admin updating user ID: b531470a-87db-4a43-a75b-e7abd9bb024d',
  timestamp: '2026-07-29T09:05:33.984Z'
}
{
  message: '[UserController] Get all users',
  level: 'info',
  timestamp: '2026-07-29T09:05:34.104Z'
}
{
  message: 'Fetching all users from repository',
  level: 'info',
  timestamp: '2026-07-29T09:05:34.105Z'
}
{
  userId: '3fb52519-dcb5-4088-ad6f-305eecfdf4f6',
  level: 'info',
  message: '[AuthController] Get Me',
  timestamp: '2026-07-29T09:05:50.354Z'
}
{
  message: 'Fetching user details for ID: 3fb52519-dcb5-4088-ad6f-305eecfdf4f6',
  level: 'debug',
  timestamp: '2026-07-29T09:05:50.355Z'
}
{
  message: '[Cache Hit] Lấy thông tin user ID: 3fb52519-dcb5-4088-ad6f-305eecfdf4f6 từ Redis',
  level: 'debug',
  timestamp: '2026-07-29T09:05:50.356Z'
}
{
  userId: '3fb52519-dcb5-4088-ad6f-305eecfdf4f6',
  level: 'info',
  message: '[AuthController] Get Me',
  timestamp: '2026-07-29T09:05:50.369Z'
}
{
  message: 'Fetching user details for ID: 3fb52519-dcb5-4088-ad6f-305eecfdf4f6',
  level: 'debug',
  timestamp: '2026-07-29T09:05:50.371Z'
}
{
  message: '[Cache Hit] Lấy thông tin user ID: 3fb52519-dcb5-4088-ad6f-305eecfdf4f6 từ Redis',
  level: 'debug',
  timestamp: '2026-07-29T09:05:50.372Z'
}
{
  message: '[UserController] Get all users',
  level: 'info',
  timestamp: '2026-07-29T09:05:50.666Z'
}
{
  message: 'Fetching all users from repository',
  level: 'info',
  timestamp: '2026-07-29T09:05:50.666Z'
}
{
  message: '[UserController] Get all users',
  level: 'info',
  timestamp: '2026-07-29T09:05:50.718Z'
}
{
  message: 'Fetching all users from repository',
  level: 'info',
  timestamp: '2026-07-29T09:05:50.719Z'
}
{
  userId: '3fb52519-dcb5-4088-ad6f-305eecfdf4f6',
  level: 'info',
  message: '[AuthController] Get Me',
  timestamp: '2026-07-29T09:05:58.981Z'
}
{
  message: 'Fetching user details for ID: 3fb52519-dcb5-4088-ad6f-305eecfdf4f6',
  level: 'debug',
  timestamp: '2026-07-29T09:05:58.981Z'
}
{
  message: '[Cache Hit] Lấy thông tin user ID: 3fb52519-dcb5-4088-ad6f-305eecfdf4f6 từ Redis',
  level: 'debug',
  timestamp: '2026-07-29T09:05:58.983Z'
}
{
  userId: '3fb52519-dcb5-4088-ad6f-305eecfdf4f6',
  level: 'info',
  message: '[AuthController] Get Me',
  timestamp: '2026-07-29T09:05:59.001Z'
}
{
  message: 'Fetching user details for ID: 3fb52519-dcb5-4088-ad6f-305eecfdf4f6',
  level: 'debug',
  timestamp: '2026-07-29T09:05:59.002Z'
}
{
  message: '[Cache Hit] Lấy thông tin user ID: 3fb52519-dcb5-4088-ad6f-305eecfdf4f6 từ Redis',
  level: 'debug',
  timestamp: '2026-07-29T09:05:59.011Z'
}
{
  message: '[UserController] Get all users',
  level: 'info',
  timestamp: '2026-07-29T09:05:58.810Z'
}
{
  message: 'Fetching all users from repository',
  level: 'info',
  timestamp: '2026-07-29T09:05:58.810Z'
}
{
  message: '[UserController] Get all users',
  level: 'info',
  timestamp: '2026-07-29T09:05:58.821Z'
}
{
  message: 'Fetching all users from repository',
  level: 'info',
  timestamp: '2026-07-29T09:05:58.822Z'
}
{
  userId: '3fb52519-dcb5-4088-ad6f-305eecfdf4f6',
  level: 'info',
  message: '[AuthController] Get Me',
  timestamp: '2026-07-29T09:07:51.821Z'
}
{
  message: 'Fetching user details for ID: 3fb52519-dcb5-4088-ad6f-305eecfdf4f6',
  level: 'debug',
  timestamp: '2026-07-29T09:07:51.822Z'
}
{
  message: '[Cache Hit] Lấy thông tin user ID: 3fb52519-dcb5-4088-ad6f-305eecfdf4f6 từ Redis',
  level: 'debug',
  timestamp: '2026-07-29T09:07:51.825Z'
}
{
  userId: '3fb52519-dcb5-4088-ad6f-305eecfdf4f6',
  level: 'info',
  message: '[AuthController] Get Me',
  timestamp: '2026-07-29T09:07:51.836Z'
}
{
  message: 'Fetching user details for ID: 3fb52519-dcb5-4088-ad6f-305eecfdf4f6',
  level: 'debug',
  timestamp: '2026-07-29T09:07:51.837Z'
}
{
  message: '[Cache Hit] Lấy thông tin user ID: 3fb52519-dcb5-4088-ad6f-305eecfdf4f6 từ Redis',
  level: 'debug',
  timestamp: '2026-07-29T09:07:51.840Z'
}
{
  message: '[UserController] Get all users',
  level: 'info',
  timestamp: '2026-07-29T09:07:52.176Z'
}
{
  message: 'Fetching all users from repository',
  level: 'info',
  timestamp: '2026-07-29T09:07:52.177Z'
}
{
  message: '[UserController] Get all users',
  level: 'info',
  timestamp: '2026-07-29T09:07:52.232Z'
}
{
  message: 'Fetching all users from repository',
  level: 'info',
  timestamp: '2026-07-29T09:07:52.232Z'
}
{
  userId: 'b531470a-87db-4a43-a75b-e7abd9bb024d',
  level: 'info',
  message: '[UserController] Admin update user',
  timestamp: '2026-07-29T09:08:04.569Z'
}
{
  dto: {
    fullName: 'Nguyen Van Agent',
    phoneNumber: '0900000002',
    address: 'abc',
    role: 'AGENT',
    status: 'ACTIVE',
    businessName: 'Công ty TNHH Du lịch Hoa Quả',
    businessLicense: '0109876543',
    taxCode: '0109876543',
    idNumber: '0888862005',
    idCardImageUrl: 'https://images.com'
  },
  level: 'info',
  message: '[UserService] Admin updating user ID: b531470a-87db-4a43-a75b-e7abd9bb024d',
  timestamp: '2026-07-29T09:08:04.570Z'
}
{
  message: '[UserController] Get all users',
  level: 'info',
  timestamp: '2026-07-29T09:08:04.614Z'
}
{
  message: 'Fetching all users from repository',
  level: 'info',
  timestamp: '2026-07-29T09:08:04.614Z'
}
{
  message: 'JWT Verification Error: jwt expired',
  level: 'error',
  timestamp: '2026-07-29T09:08:52.988Z'
}
{
  message: 'GLOBAL ERROR HANDLER CAUGHT: Error: Phiên đăng nhập đã hết hạn. Vui lòng lấy Token mới.\n' +
    '    at authMiddleware (/app/src/middlewares/authMiddleware.ts:80:9)\n' +
    '    at Layer.handleRequest (/app/node_modules/router/lib/layer.js:152:17)\n' +
    '    at next (/app/node_modules/router/lib/route.js:157:13)\n' +
    '    at Route.dispatch (/app/node_modules/router/lib/route.js:117:3)\n' +
    '    at handle (/app/node_modules/router/index.js:435:11)\n' +
    '    at Layer.handleRequest (/app/node_modules/router/lib/layer.js:152:17)\n' +
    '    at /app/node_modules/router/index.js:295:15\n' +
    '    at processParams (/app/node_modules/router/index.js:582:12)\n' +
    '    at next (/app/node_modules/router/index.js:291:5)\n' +
    '    at Function.handle (/app/node_modules/router/index.js:186:3)',
  level: 'error',
  timestamp: '2026-07-29T09:08:52.989Z'
}
{
  message: 'JWT Verification Error: jwt expired',
  level: 'error',
  timestamp: '2026-07-29T09:08:52.995Z'
}
{
  message: 'GLOBAL ERROR HANDLER CAUGHT: Error: Phiên đăng nhập đã hết hạn. Vui lòng lấy Token mới.\n' +
    '    at authMiddleware (/app/src/middlewares/authMiddleware.ts:80:9)\n' +
    '    at Layer.handleRequest (/app/node_modules/router/lib/layer.js:152:17)\n' +
    '    at next (/app/node_modules/router/lib/route.js:157:13)\n' +
    '    at Route.dispatch (/app/node_modules/router/lib/route.js:117:3)\n' +
    '    at handle (/app/node_modules/router/index.js:435:11)\n' +
    '    at Layer.handleRequest (/app/node_modules/router/lib/layer.js:152:17)\n' +
    '    at /app/node_modules/router/index.js:295:15\n' +
    '    at processParams (/app/node_modules/router/index.js:582:12)\n' +
    '    at next (/app/node_modules/router/index.js:291:5)\n' +
    '    at Function.handle (/app/node_modules/router/index.js:186:3)',
  level: 'error',
  timestamp: '2026-07-29T09:08:52.996Z'
}
{
  message: '[AuthController] Refresh Tokens',
  level: 'info',
  timestamp: '2026-07-29T09:08:53.006Z'
}
{
  message: 'Fetching user details for ID: 3fb52519-dcb5-4088-ad6f-305eecfdf4f6',
  level: 'debug',
  timestamp: '2026-07-29T09:08:53.026Z'
}
{
  message: '[Cache Hit] Lấy thông tin user ID: 3fb52519-dcb5-4088-ad6f-305eecfdf4f6 từ Redis',
  level: 'debug',
  timestamp: '2026-07-29T09:08:53.027Z'
}
{
  message: '[AuthService] Tokens refreshed successfully for user: admin@booking.com',
  level: 'info',
  timestamp: '2026-07-29T09:08:53.038Z'
}
{
  message: '[UserController] Get all users',
  level: 'info',
  timestamp: '2026-07-29T09:08:53.053Z'
}
{
  message: 'Fetching all users from repository',
  level: 'info',
  timestamp: '2026-07-29T09:08:53.053Z'
}
{
  message: '[UserController] Get all users',
  level: 'info',
  timestamp: '2026-07-29T09:08:53.072Z'
}
{
  message: 'Fetching all users from repository',
  level: 'info',
  timestamp: '2026-07-29T09:08:53.072Z'
}
{
  message: '[SchedulerService] Đang kiểm tra các booking hết hạn thanh toán...',
  level: 'info',
  timestamp: '2026-07-29T09:10:00.006Z'
}
{
  message: '[SchedulerService] Đang kiểm tra các booking hết hạn thanh toán...',
  level: 'info',
  timestamp: '2026-07-29T09:10:00.002Z'
}
{
  message: '[UserController] Get all users',
  level: 'info',
  timestamp: '2026-07-29T09:11:01.935Z'
}
{
  message: 'Fetching all users from repository',
  level: 'info',
  timestamp: '2026-07-29T09:11:01.935Z'
}
{
  userId: '3fb52519-dcb5-4088-ad6f-305eecfdf4f6',
  level: 'info',
  message: '[AuthController] Get Me',
  timestamp: '2026-07-29T09:11:29.969Z'
}
{
  message: 'Fetching user details for ID: 3fb52519-dcb5-4088-ad6f-305eecfdf4f6',
  level: 'debug',
  timestamp: '2026-07-29T09:11:29.970Z'
}
{
  message: '[Cache Hit] Lấy thông tin user ID: 3fb52519-dcb5-4088-ad6f-305eecfdf4f6 từ Redis',
  level: 'debug',
  timestamp: '2026-07-29T09:11:29.971Z'
}
{
  userId: '3fb52519-dcb5-4088-ad6f-305eecfdf4f6',
  level: 'info',
  message: '[AuthController] Get Me',
  timestamp: '2026-07-29T09:11:29.975Z'
}
{
  message: 'Fetching user details for ID: 3fb52519-dcb5-4088-ad6f-305eecfdf4f6',
  level: 'debug',
  timestamp: '2026-07-29T09:11:29.976Z'
}
{
  message: '[Cache Hit] Lấy thông tin user ID: 3fb52519-dcb5-4088-ad6f-305eecfdf4f6 từ Redis',
  level: 'debug',
  timestamp: '2026-07-29T09:11:29.976Z'
}
{
  message: '[UserController] Get all users',
  level: 'info',
  timestamp: '2026-07-29T09:11:30.297Z'
}
{
  message: 'Fetching all users from repository',
  level: 'info',
  timestamp: '2026-07-29T09:11:30.301Z'
}
{
  message: '[UserController] Get all users',
  level: 'info',
  timestamp: '2026-07-29T09:11:30.363Z'
}
{
  message: 'Fetching all users from repository',
  level: 'info',
  timestamp: '2026-07-29T09:11:30.364Z'
}
{
  message: 'JWT Verification Error: jwt expired',
  level: 'error',
  timestamp: '2026-07-29T09:11:58.831Z'
}
{
  message: 'GLOBAL ERROR HANDLER CAUGHT: Error: Phiên đăng nhập đã hết hạn. Vui lòng lấy Token mới.\n' +
    '    at authMiddleware (/app/src/middlewares/authMiddleware.ts:80:9)\n' +
    '    at Layer.handleRequest (/app/node_modules/router/lib/layer.js:152:17)\n' +
    '    at next (/app/node_modules/router/lib/route.js:157:13)\n' +
    '    at Route.dispatch (/app/node_modules/router/lib/route.js:117:3)\n' +
    '    at handle (/app/node_modules/router/index.js:435:11)\n' +
    '    at Layer.handleRequest (/app/node_modules/router/lib/layer.js:152:17)\n' +
    '    at /app/node_modules/router/index.js:295:15\n' +
    '    at processParams (/app/node_modules/router/index.js:582:12)\n' +
    '    at next (/app/node_modules/router/index.js:291:5)\n' +
    '    at Function.handle (/app/node_modules/router/index.js:186:3)',
  level: 'error',
  timestamp: '2026-07-29T09:11:58.832Z'
}
{
  message: '[AuthController] Refresh Tokens',
  level: 'info',
  timestamp: '2026-07-29T09:11:58.839Z'
}
{
  message: 'Fetching user details for ID: 3fb52519-dcb5-4088-ad6f-305eecfdf4f6',
  level: 'debug',
  timestamp: '2026-07-29T09:11:58.856Z'
}
{
  message: '[Cache Hit] Lấy thông tin user ID: 3fb52519-dcb5-4088-ad6f-305eecfdf4f6 từ Redis',
  level: 'debug',
  timestamp: '2026-07-29T09:11:58.857Z'
}
{
  message: '[AuthService] Tokens refreshed successfully for user: admin@booking.com',
  level: 'info',
  timestamp: '2026-07-29T09:11:58.904Z'
}
{
  email: 'locdz8c@gmail.com',
  level: 'info',
  message: '[UserController] Create user',
  timestamp: '2026-07-29T09:11:58.923Z'
}
{
  message: "GLOBAL ERROR HANDLER CAUGHT: TypeError: Cannot read properties of undefined (reading '_engineConfig')\n" +
    '    at $transaction (/app/generated/prisma/runtime/client.js:79:5612)\n' +
    '    at UserService.createUser (/app/src/modules/user/services/userService.ts:35:31)\n' +
    '    at createUser (/app/src/modules/user/controllers/userController.ts:42:41)\n' +
    '    at <anonymous> (/app/src/utils/asyncHandler.ts:5:25)\n' +
    '    at Layer.handleRequest (/app/node_modules/router/lib/layer.js:152:17)\n' +
    '    at next (/app/node_modules/router/lib/route.js:157:13)\n' +
    '    at <anonymous> (/app/src/middlewares/validationMiddleware.ts:32:7)\n' +
    '    at process.processTicksAndRejections (node:internal/process/task_queues:95:5)',
  level: 'error',
  timestamp: '2026-07-29T09:11:58.931Z'
}
{
  email: 'locdz8c@gmail.com',
  level: 'info',
  message: '[UserController] Create user',
  timestamp: '2026-07-29T09:12:07.112Z'
}
{
  message: "GLOBAL ERROR HANDLER CAUGHT: TypeError: Cannot read properties of undefined (reading '_engineConfig')\n" +
    '    at $transaction (/app/generated/prisma/runtime/client.js:79:5612)\n' +
    '    at UserService.createUser (/app/src/modules/user/services/userService.ts:35:31)\n' +
    '    at createUser (/app/src/modules/user/controllers/userController.ts:42:41)\n' +
    '    at <anonymous> (/app/src/utils/asyncHandler.ts:5:25)\n' +
    '    at Layer.handleRequest (/app/node_modules/router/lib/layer.js:152:17)\n' +
    '    at next (/app/node_modules/router/lib/route.js:157:13)\n' +
    '    at <anonymous> (/app/src/middlewares/validationMiddleware.ts:32:7)\n' +
    '    at process.processTicksAndRejections (node:internal/process/task_queues:95:5)',
  level: 'error',
  timestamp: '2026-07-29T09:12:07.113Z'
}
{
  message: '[SchedulerService] Khởi tạo các cron job...',
  level: 'info',
  timestamp: '2026-07-29T09:13:05.321Z'
}
{
  message: 'Booking API Service đang chạy tại port 3000 (Môi trường: development)',
  level: 'info',
  timestamp: '2026-07-29T09:13:05.358Z'
}
{
  message: '[Redis] Kết nối thành công tới Redis server',
  level: 'info',
  timestamp: '2026-07-29T09:13:05.374Z'
}
{
  userId: '3fb52519-dcb5-4088-ad6f-305eecfdf4f6',
  level: 'info',
  message: '[AuthController] Get Me',
  timestamp: '2026-07-29T09:13:33.357Z'
}
{
  message: 'Fetching user details for ID: 3fb52519-dcb5-4088-ad6f-305eecfdf4f6',
  level: 'debug',
  timestamp: '2026-07-29T09:13:33.357Z'
}
{
  message: '[Cache Hit] Lấy thông tin user ID: 3fb52519-dcb5-4088-ad6f-305eecfdf4f6 từ Redis',
  level: 'debug',
  timestamp: '2026-07-29T09:13:33.359Z'
}
{
  userId: '3fb52519-dcb5-4088-ad6f-305eecfdf4f6',
  level: 'info',
  message: '[AuthController] Get Me',
  timestamp: '2026-07-29T09:13:33.368Z'
}
{
  message: 'Fetching user details for ID: 3fb52519-dcb5-4088-ad6f-305eecfdf4f6',
  level: 'debug',
  timestamp: '2026-07-29T09:13:33.369Z'
}
{
  message: '[Cache Hit] Lấy thông tin user ID: 3fb52519-dcb5-4088-ad6f-305eecfdf4f6 từ Redis',
  level: 'debug',
  timestamp: '2026-07-29T09:13:33.371Z'
}
{
  message: '[UserController] Get all users',
  level: 'info',
  timestamp: '2026-07-29T09:13:33.660Z'
}
{
  message: 'Fetching all users from repository',
  level: 'info',
  timestamp: '2026-07-29T09:13:33.660Z'
}
{
  message: '[UserController] Get all users',
  level: 'info',
  timestamp: '2026-07-29T09:13:33.710Z'
}
{
  message: 'Fetching all users from repository',
  level: 'info',
  timestamp: '2026-07-29T09:13:33.711Z'
}
{
  email: 'locdz8c@gmail.com',
  level: 'info',
  message: '[UserController] Create user',
  timestamp: '2026-07-29T09:13:45.370Z'
}
{
  message: "GLOBAL ERROR HANDLER CAUGHT: TypeError: Cannot read properties of undefined (reading '_engineConfig')\n" +
    '    at $transaction (/app/generated/prisma/runtime/client.js:79:5612)\n' +
    '    at UserService.createUser (/app/src/modules/user/services/userService.ts:35:31)\n' +
    '    at createUser (/app/src/modules/user/controllers/userController.ts:42:41)\n' +
    '    at <anonymous> (/app/src/utils/asyncHandler.ts:5:25)\n' +
    '    at Layer.handleRequest (/app/node_modules/router/lib/layer.js:152:17)\n' +
    '    at next (/app/node_modules/router/lib/route.js:157:13)\n' +
    '    at <anonymous> (/app/src/middlewares/validationMiddleware.ts:32:7)\n' +
    '    at process.processTicksAndRejections (node:internal/process/task_queues:95:5)',
  level: 'error',
  timestamp: '2026-07-29T09:13:45.372Z'
}
{
  message: 'Nhận tín hiệu SIGTERM. Đang đóng API Server...',
  level: 'info',
  timestamp: '2026-07-29T09:14:27.259Z'
}
{
  message: 'Express HTTP server đã đóng.',
  level: 'info',
  timestamp: '2026-07-29T09:14:27.261Z'
}
{
  message: '[Redis] Đã đóng kết nối Redis',
  level: 'info',
  timestamp: '2026-07-29T09:14:27.262Z'
}
{
  message: '[SchedulerService] Khởi tạo các cron job...',
  level: 'info',
  timestamp: '2026-07-29T09:14:38.715Z'
}
{
  message: 'Booking API Service đang chạy tại port 3000 (Môi trường: development)',
  level: 'info',
  timestamp: '2026-07-29T09:14:38.798Z'
}
{
  message: '[Redis] Kết nối thành công tới Redis server',
  level: 'info',
  timestamp: '2026-07-29T09:14:38.805Z'
}
{
  message: '[SchedulerService] Đang kiểm tra các booking hết hạn thanh toán...',
  level: 'info',
  timestamp: '2026-07-29T09:15:00.004Z'
}
{
  message: '[SchedulerService] Đang kiểm tra các booking hết hạn thanh toán...',
  level: 'info',
  timestamp: '2026-07-29T09:15:00.005Z'
}
{
  message: 'JWT Verification Error: jwt expired',
  level: 'error',
  timestamp: '2026-07-29T09:15:33.948Z'
}
{
  message: 'GLOBAL ERROR HANDLER CAUGHT: Error: Phiên đăng nhập đã hết hạn. Vui lòng lấy Token mới.\n' +
    '    at authMiddleware (/app/src/middlewares/authMiddleware.ts:80:9)\n' +
    '    at Layer.handleRequest (/app/node_modules/router/lib/layer.js:152:17)\n' +
    '    at next (/app/node_modules/router/lib/route.js:157:13)\n' +
    '    at Route.dispatch (/app/node_modules/router/lib/route.js:117:3)\n' +
    '    at handle (/app/node_modules/router/index.js:435:11)\n' +
    '    at Layer.handleRequest (/app/node_modules/router/lib/layer.js:152:17)\n' +
    '    at /app/node_modules/router/index.js:295:15\n' +
    '    at processParams (/app/node_modules/router/index.js:582:12)\n' +
    '    at next (/app/node_modules/router/index.js:291:5)\n' +
    '    at Function.handle (/app/node_modules/router/index.js:186:3)',
  level: 'error',
  timestamp: '2026-07-29T09:15:33.950Z'
}
{
  message: 'JWT Verification Error: jwt expired',
  level: 'error',
  timestamp: '2026-07-29T09:15:33.965Z'
}
{
  message: 'GLOBAL ERROR HANDLER CAUGHT: Error: Phiên đăng nhập đã hết hạn. Vui lòng lấy Token mới.\n' +
    '    at authMiddleware (/app/src/middlewares/authMiddleware.ts:80:9)\n' +
    '    at Layer.handleRequest (/app/node_modules/router/lib/layer.js:152:17)\n' +
    '    at next (/app/node_modules/router/lib/route.js:157:13)\n' +
    '    at Route.dispatch (/app/node_modules/router/lib/route.js:117:3)\n' +
    '    at handle (/app/node_modules/router/index.js:435:11)\n' +
    '    at Layer.handleRequest (/app/node_modules/router/lib/layer.js:152:17)\n' +
    '    at /app/node_modules/router/index.js:295:15\n' +
    '    at processParams (/app/node_modules/router/index.js:582:12)\n' +
    '    at next (/app/node_modules/router/index.js:291:5)\n' +
    '    at Function.handle (/app/node_modules/router/index.js:186:3)',
  level: 'error',
  timestamp: '2026-07-29T09:15:33.976Z'
}
{
  message: '[AuthController] Refresh Tokens',
  level: 'info',
  timestamp: '2026-07-29T09:15:34.021Z'
}
{
  message: 'Fetching user details for ID: 3fb52519-dcb5-4088-ad6f-305eecfdf4f6',
  level: 'debug',
  timestamp: '2026-07-29T09:15:34.088Z'
}
{
  message: '[Cache Hit] Lấy thông tin user ID: 3fb52519-dcb5-4088-ad6f-305eecfdf4f6 từ Redis',
  level: 'debug',
  timestamp: '2026-07-29T09:15:34.089Z'
}
{
  message: '[AuthService] Tokens refreshed successfully for user: admin@booking.com',
  level: 'info',
  timestamp: '2026-07-29T09:15:34.127Z'
}
{
  userId: '3fb52519-dcb5-4088-ad6f-305eecfdf4f6',
  level: 'info',
  message: '[AuthController] Get Me',
  timestamp: '2026-07-29T09:15:34.196Z'
}
{
  message: 'Fetching user details for ID: 3fb52519-dcb5-4088-ad6f-305eecfdf4f6',
  level: 'debug',
  timestamp: '2026-07-29T09:15:34.198Z'
}
{
  message: '[Cache Hit] Lấy thông tin user ID: 3fb52519-dcb5-4088-ad6f-305eecfdf4f6 từ Redis',
  level: 'debug',
  timestamp: '2026-07-29T09:15:34.204Z'
}
{
  userId: '3fb52519-dcb5-4088-ad6f-305eecfdf4f6',
  level: 'info',
  message: '[AuthController] Get Me',
  timestamp: '2026-07-29T09:15:34.216Z'
}
{
  message: 'Fetching user details for ID: 3fb52519-dcb5-4088-ad6f-305eecfdf4f6',
  level: 'debug',
  timestamp: '2026-07-29T09:15:34.217Z'
}
{
  message: '[Cache Hit] Lấy thông tin user ID: 3fb52519-dcb5-4088-ad6f-305eecfdf4f6 từ Redis',
  level: 'debug',
  timestamp: '2026-07-29T09:15:34.218Z'
}
{
  message: '[UserController] Get all users',
  level: 'info',
  timestamp: '2026-07-29T09:15:34.229Z'
}
{
  message: 'Fetching all users from repository',
  level: 'info',
  timestamp: '2026-07-29T09:15:34.230Z'
}
{
  message: '[UserController] Get all users',
  level: 'info',
  timestamp: '2026-07-29T09:15:34.269Z'
}
{
  message: 'Fetching all users from repository',
  level: 'info',
  timestamp: '2026-07-29T09:15:34.269Z'
}
{
  email: 'locdz8c@gmail.com',
  level: 'info',
  message: '[UserController] Create user',
  timestamp: '2026-07-29T09:15:54.967Z'
}
{
  message: 'Đã gửi email tới locdz8c@gmail.com',
  level: 'info',
  timestamp: '2026-07-29T09:15:59.673Z'
}
{
  userId: 'c5364d4b-1e79-40c7-9033-1c9e724ab320',
  email: 'locdz8c@gmail.com',
  level: 'info',
  message: 'User created successfully and OTP sent',
  timestamp: '2026-07-29T09:15:59.675Z'
}
{
  message: '[UserController] Get all users',
  level: 'info',
  timestamp: '2026-07-29T09:15:59.702Z'
}
{
  message: 'Fetching all users from repository',
  level: 'info',
  timestamp: '2026-07-29T09:15:59.703Z'
}
{
  message: '[SchedulerService] Khởi tạo các cron job...',
  level: 'info',
  timestamp: '2026-07-29T09:18:55.396Z'
}
{
  message: 'Booking API Service đang chạy tại port 3000 (Môi trường: development)',
  level: 'info',
  timestamp: '2026-07-29T09:18:55.428Z'
}
{
  message: '[Redis] Kết nối thành công tới Redis server',
  level: 'info',
  timestamp: '2026-07-29T09:18:55.446Z'
}
{
  message: 'Nhận tín hiệu SIGTERM. Đang đóng API Server...',
  level: 'info',
  timestamp: '2026-07-29T09:18:58.222Z'
}
{
  message: 'Express HTTP server đã đóng.',
  level: 'info',
  timestamp: '2026-07-29T09:18:58.226Z'
}
{
  message: '[Redis] Đã đóng kết nối Redis',
  level: 'info',
  timestamp: '2026-07-29T09:18:58.229Z'
}
{
  message: '[SchedulerService] Khởi tạo các cron job...',
  level: 'info',
  timestamp: '2026-07-29T09:19:08.892Z'
}
{
  message: 'Booking API Service đang chạy tại port 3000 (Môi trường: development)',
  level: 'info',
  timestamp: '2026-07-29T09:19:08.956Z'
}
{
  message: '[Redis] Kết nối thành công tới Redis server',
  level: 'info',
  timestamp: '2026-07-29T09:19:08.963Z'
}
{
  message: 'JWT Verification Error: jwt expired',
  level: 'error',
  timestamp: '2026-07-29T09:19:16.179Z'
}
{
  message: 'GLOBAL ERROR HANDLER CAUGHT: Error: Phiên đăng nhập đã hết hạn. Vui lòng lấy Token mới.\n' +
    '    at authMiddleware (/app/src/middlewares/authMiddleware.ts:80:9)\n' +
    '    at Layer.handleRequest (/app/node_modules/router/lib/layer.js:152:17)\n' +
    '    at next (/app/node_modules/router/lib/route.js:157:13)\n' +
    '    at Route.dispatch (/app/node_modules/router/lib/route.js:117:3)\n' +
    '    at handle (/app/node_modules/router/index.js:435:11)\n' +
    '    at Layer.handleRequest (/app/node_modules/router/lib/layer.js:152:17)\n' +
    '    at /app/node_modules/router/index.js:295:15\n' +
    '    at processParams (/app/node_modules/router/index.js:582:12)\n' +
    '    at next (/app/node_modules/router/index.js:291:5)\n' +
    '    at Function.handle (/app/node_modules/router/index.js:186:3)',
  level: 'error',
  timestamp: '2026-07-29T09:19:16.183Z'
}
{
  message: 'JWT Verification Error: jwt expired',
  level: 'error',
  timestamp: '2026-07-29T09:19:16.203Z'
}
{
  message: 'GLOBAL ERROR HANDLER CAUGHT: Error: Phiên đăng nhập đã hết hạn. Vui lòng lấy Token mới.\n' +
    '    at authMiddleware (/app/src/middlewares/authMiddleware.ts:80:9)\n' +
    '    at Layer.handleRequest (/app/node_modules/router/lib/layer.js:152:17)\n' +
    '    at next (/app/node_modules/router/lib/route.js:157:13)\n' +
    '    at Route.dispatch (/app/node_modules/router/lib/route.js:117:3)\n' +
    '    at handle (/app/node_modules/router/index.js:435:11)\n' +
    '    at Layer.handleRequest (/app/node_modules/router/lib/layer.js:152:17)\n' +
    '    at /app/node_modules/router/index.js:295:15\n' +
    '    at processParams (/app/node_modules/router/index.js:582:12)\n' +
    '    at next (/app/node_modules/router/index.js:291:5)\n' +
    '    at Function.handle (/app/node_modules/router/index.js:186:3)',
  level: 'error',
  timestamp: '2026-07-29T09:19:16.206Z'
}
{
  message: '[AuthController] Refresh Tokens',
  level: 'info',
  timestamp: '2026-07-29T09:19:16.243Z'
}
{
  message: 'Fetching user details for ID: 3fb52519-dcb5-4088-ad6f-305eecfdf4f6',
  level: 'debug',
  timestamp: '2026-07-29T09:19:16.344Z'
}
{
  message: '[Cache Hit] Lấy thông tin user ID: 3fb52519-dcb5-4088-ad6f-305eecfdf4f6 từ Redis',
  level: 'debug',
  timestamp: '2026-07-29T09:19:16.347Z'
}
{
  message: '[AuthService] Tokens refreshed successfully for user: admin@booking.com',
  level: 'info',
  timestamp: '2026-07-29T09:19:16.433Z'
}
{
  userId: '3fb52519-dcb5-4088-ad6f-305eecfdf4f6',
  level: 'info',
  message: '[AuthController] Get Me',
  timestamp: '2026-07-29T09:19:16.498Z'
}
{
  message: 'Fetching user details for ID: 3fb52519-dcb5-4088-ad6f-305eecfdf4f6',
  level: 'debug',
  timestamp: '2026-07-29T09:19:16.504Z'
}
{
  message: '[Cache Hit] Lấy thông tin user ID: 3fb52519-dcb5-4088-ad6f-305eecfdf4f6 từ Redis',
  level: 'debug',
  timestamp: '2026-07-29T09:19:16.507Z'
}
{
  message: '[UserController] Get all users',
  level: 'info',
  timestamp: '2026-07-29T09:19:16.526Z'
}
{
  message: 'Fetching all users from repository',
  level: 'info',
  timestamp: '2026-07-29T09:19:16.528Z'
}
{
  userId: '3fb52519-dcb5-4088-ad6f-305eecfdf4f6',
  level: 'info',
  message: '[AuthController] Get Me',
  timestamp: '2026-07-29T09:19:16.568Z'
}
{
  message: 'Fetching user details for ID: 3fb52519-dcb5-4088-ad6f-305eecfdf4f6',
  level: 'debug',
  timestamp: '2026-07-29T09:19:16.569Z'
}
{
  message: '[Cache Hit] Lấy thông tin user ID: 3fb52519-dcb5-4088-ad6f-305eecfdf4f6 từ Redis',
  level: 'debug',
  timestamp: '2026-07-29T09:19:16.586Z'
}
{
  message: '[UserController] Get all users',
  level: 'info',
  timestamp: '2026-07-29T09:19:16.626Z'
}
{
  message: 'Fetching all users from repository',
  level: 'info',
  timestamp: '2026-07-29T09:19:16.627Z'
}
{
  email: 'hieu@gmail.com',
  level: 'info',
  message: '[UserController] Create user',
  timestamp: '2026-07-29T09:19:29.783Z'
}
{
  userId: 'de014ec1-a9b3-4492-973e-1a1d627e13fd',
  email: 'hieu@gmail.com',
  level: 'info',
  message: 'User created successfully by admin',
  timestamp: '2026-07-29T09:19:29.880Z'
}
{
  message: '[UserController] Get all users',
  level: 'info',
  timestamp: '2026-07-29T09:19:29.890Z'
}
{
  message: 'Fetching all users from repository',
  level: 'info',
  timestamp: '2026-07-29T09:19:29.893Z'
}
{
  message: '[SchedulerService] Đang kiểm tra các booking hết hạn thanh toán...',
  level: 'info',
  timestamp: '2026-07-29T09:20:00.002Z'
}
{
  message: '[SchedulerService] Đang kiểm tra các booking hết hạn thanh toán...',
  level: 'info',
  timestamp: '2026-07-29T09:20:00.008Z'
}
{
  message: '[UserController] Get all users',
  level: 'info',
  timestamp: '2026-07-29T09:21:03.936Z'
}
{
  message: 'Fetching all users from repository',
  level: 'info',
  timestamp: '2026-07-29T09:21:03.937Z'
}
{
  userId: '3fb52519-dcb5-4088-ad6f-305eecfdf4f6',
  level: 'info',
  message: '[AuthController] Get Me',
  timestamp: '2026-07-29T09:21:23.825Z'
}
{
  message: 'Fetching user details for ID: 3fb52519-dcb5-4088-ad6f-305eecfdf4f6',
  level: 'debug',
  timestamp: '2026-07-29T09:21:23.826Z'
}
{
  message: '[Cache Hit] Lấy thông tin user ID: 3fb52519-dcb5-4088-ad6f-305eecfdf4f6 từ Redis',
  level: 'debug',
  timestamp: '2026-07-29T09:21:23.828Z'
}
{
  userId: '3fb52519-dcb5-4088-ad6f-305eecfdf4f6',
  level: 'info',
  message: '[AuthController] Get Me',
  timestamp: '2026-07-29T09:21:23.847Z'
}
{
  message: 'Fetching user details for ID: 3fb52519-dcb5-4088-ad6f-305eecfdf4f6',
  level: 'debug',
  timestamp: '2026-07-29T09:21:23.848Z'
}
{
  message: '[Cache Hit] Lấy thông tin user ID: 3fb52519-dcb5-4088-ad6f-305eecfdf4f6 từ Redis',
  level: 'debug',
  timestamp: '2026-07-29T09:21:23.852Z'
}
{
  message: '[UserController] Get all users',
  level: 'info',
  timestamp: '2026-07-29T09:21:24.138Z'
}
{
  message: 'Fetching all users from repository',
  level: 'info',
  timestamp: '2026-07-29T09:21:24.141Z'
}
{
  message: '[UserController] Get all users',
  level: 'info',
  timestamp: '2026-07-29T09:21:24.179Z'
}
{
  message: 'Fetching all users from repository',
  level: 'info',
  timestamp: '2026-07-29T09:21:24.180Z'
}
{
  userId: '6522d346-452b-44d7-bff2-8a6fb70b800f',
  level: 'warn',
  message: '[UserController] Soft delete user',
  timestamp: '2026-07-29T09:21:28.757Z'
}
{
  message: 'Thực hiện xóa mềm tài khoản ID: 6522d346-452b-44d7-bff2-8a6fb70b800f',
  level: 'warn',
  timestamp: '2026-07-29T09:21:28.757Z'
}
{
  message: 'Đã ẩn hoàn toàn tài khoản ID 6522d346-452b-44d7-bff2-8a6fb70b800f ra khỏi hệ thống.',
  level: 'info',
  timestamp: '2026-07-29T09:21:28.801Z'
}
{
  message: '[UserController] Get all users',
  level: 'info',
  timestamp: '2026-07-29T09:21:28.811Z'
}
{
  message: 'Fetching all users from repository',
  level: 'info',
  timestamp: '2026-07-29T09:21:28.812Z'
}
{
  message: '[UserController] Get all users',
  level: 'info',
  timestamp: '2026-07-29T09:21:50.090Z'
}
{
  message: 'Fetching all users from repository',
  level: 'info',
  timestamp: '2026-07-29T09:21:50.091Z'
}
{
  message: '[UserController] Get all users',
  level: 'info',
  timestamp: '2026-07-29T09:21:50.124Z'
}
{
  message: 'Fetching all users from repository',
  level: 'info',
  timestamp: '2026-07-29T09:21:50.124Z'
}
{
  page: '1',
  limit: '10',
  level: 'info',
  message: '[HotelController] Get all hotels with queries',
  timestamp: '2026-07-29T09:21:54.690Z'
}
{
  page: '1',
  limit: '10',
  level: 'info',
  message: '[HotelController] Get all hotels with queries',
  timestamp: '2026-07-29T09:21:54.746Z'
}
{
  email: 'tranhieudz2024@gmail.com',
  level: 'info',
  message: '[AuthController] Login with Password',
  timestamp: '2026-07-29T09:22:12.116Z'
}
{
  message: 'GLOBAL ERROR HANDLER CAUGHT: Error: Tài khoản hoặc mật khẩu không chính xác.\n' +
    '    at AuthService.loginWithPassword (/app/src/modules/auth/services/authService.ts:119:13)\n' +
    '    at process.processTicksAndRejections (node:internal/process/task_queues:95:5)\n' +
    '    at async loginWithPassword (/app/src/modules/auth/controllers/authController.ts:82:20)',
  level: 'error',
  timestamp: '2026-07-29T09:22:12.137Z'
}
{
  message: '[AuthController] Refresh Tokens',
  level: 'info',
  timestamp: '2026-07-29T09:22:12.147Z'
}
{
  message: 'Fetching user details for ID: 3fb52519-dcb5-4088-ad6f-305eecfdf4f6',
  level: 'debug',
  timestamp: '2026-07-29T09:22:12.152Z'
}
{
  message: '[Cache Hit] Lấy thông tin user ID: 3fb52519-dcb5-4088-ad6f-305eecfdf4f6 từ Redis',
  level: 'debug',
  timestamp: '2026-07-29T09:22:12.153Z'
}
{
  message: '[AuthService] Tokens refreshed successfully for user: admin@booking.com',
  level: 'info',
  timestamp: '2026-07-29T09:22:12.167Z'
}
{
  userId: '3fb52519-dcb5-4088-ad6f-305eecfdf4f6',
  level: 'info',
  message: '[AuthController] Get Me',
  timestamp: '2026-07-29T09:22:12.189Z'
}
{
  message: 'Fetching user details for ID: 3fb52519-dcb5-4088-ad6f-305eecfdf4f6',
  level: 'debug',
  timestamp: '2026-07-29T09:22:12.189Z'
}
{
  message: '[Cache Hit] Lấy thông tin user ID: 3fb52519-dcb5-4088-ad6f-305eecfdf4f6 từ Redis',
  level: 'debug',
  timestamp: '2026-07-29T09:22:12.190Z'
}
{
  email: 'tranhieudz2024@gmail.com',
  level: 'info',
  message: '[AuthController] Login with Password',
  timestamp: '2026-07-29T09:22:12.226Z'
}
{
  message: 'GLOBAL ERROR HANDLER CAUGHT: Error: Tài khoản hoặc mật khẩu không chính xác.\n' +
    '    at AuthService.loginWithPassword (/app/src/modules/auth/services/authService.ts:119:13)\n' +
    '    at process.processTicksAndRejections (node:internal/process/task_queues:95:5)\n' +
    '    at async loginWithPassword (/app/src/modules/auth/controllers/authController.ts:82:20)',
  level: 'error',
  timestamp: '2026-07-29T09:22:12.228Z'
}
{
  message: '[SchedulerService] Đang kiểm tra các booking hết hạn thanh toán...',
  level: 'info',
  timestamp: '2026-07-29T09:25:00.015Z'
}
{
  message: '[SchedulerService] Đang kiểm tra các booking hết hạn thanh toán...',
  level: 'info',
  timestamp: '2026-07-29T09:25:00.008Z'
}
{
  message: '[SchedulerService] Khởi tạo các cron job...',
  level: 'info',
  timestamp: '2026-07-29T09:29:15.502Z'
}
{
  message: 'Booking API Service đang chạy tại port 3000 (Môi trường: development)',
  level: 'info',
  timestamp: '2026-07-29T09:29:15.536Z'
}
{
  message: '[Redis] Kết nối thành công tới Redis server',
  level: 'info',
  timestamp: '2026-07-29T09:29:15.550Z'
}
{
  message: '[SchedulerService] Khởi tạo các cron job...',
  level: 'info',
  timestamp: '2026-07-29T09:29:54.697Z'
}
{
  message: 'Booking API Service đang chạy tại port 3000 (Môi trường: development)',
  level: 'info',
  timestamp: '2026-07-29T09:29:54.736Z'
}
{
  message: '[Redis] Kết nối thành công tới Redis server',
  level: 'info',
  timestamp: '2026-07-29T09:29:54.754Z'
}
{
  message: '[SchedulerService] Đang kiểm tra các booking hết hạn thanh toán...',
  level: 'info',
  timestamp: '2026-07-29T09:30:00.010Z'
}
{
  message: '[SchedulerService] Đang kiểm tra các booking hết hạn thanh toán...',
  level: 'info',
  timestamp: '2026-07-29T09:30:00.017Z'
}
{
  message: '[SchedulerService] Khởi tạo các cron job...',
  level: 'info',
  timestamp: '2026-07-29T09:30:18.850Z'
}
{
  message: 'Booking API Service đang chạy tại port 3000 (Môi trường: development)',
  level: 'info',
  timestamp: '2026-07-29T09:30:18.885Z'
}
{
  message: '[Redis] Kết nối thành công tới Redis server',
  level: 'info',
  timestamp: '2026-07-29T09:30:18.903Z'
}
{
  message: 'Nhận tín hiệu SIGTERM. Đang đóng API Server...',
  level: 'info',
  timestamp: '2026-07-29T09:30:34.199Z'
}
{
  message: 'Express HTTP server đã đóng.',
  level: 'info',
  timestamp: '2026-07-29T09:30:34.200Z'
}
{
  message: '[Redis] Đã đóng kết nối Redis',
  level: 'info',
  timestamp: '2026-07-29T09:30:34.201Z'
}
{
  message: '[SchedulerService] Khởi tạo các cron job...',
  level: 'info',
  timestamp: '2026-07-29T09:36:13.257Z'
}
{
  message: 'Booking API Service đang chạy tại port 3000 (Môi trường: development)',
  level: 'info',
  timestamp: '2026-07-29T09:36:13.290Z'
}
{
  message: '[Redis] Kết nối thành công tới Redis server',
  level: 'info',
  timestamp: '2026-07-29T09:36:13.304Z'
}
{
  message: '[SchedulerService] Khởi tạo các cron job...',
  level: 'info',
  timestamp: '2026-07-29T09:36:27.265Z'
}
{
  message: 'Booking API Service đang chạy tại port 3000 (Môi trường: development)',
  level: 'info',
  timestamp: '2026-07-29T09:36:27.328Z'
}
{
  message: '[Redis] Kết nối thành công tới Redis server',
  level: 'info',
  timestamp: '2026-07-29T09:36:27.334Z'
}
{
  email: 'locdz8c@gmail.com',
  level: 'info',
  message: '[AuthController] Send OTP',
  timestamp: '2026-07-29T09:37:59.646Z'
}
{
  message: 'Đã gửi email tới locdz8c@gmail.com',
  level: 'info',
  timestamp: '2026-07-29T09:38:03.966Z'
}
{
  message: '[SchedulerService] Đang kiểm tra các booking hết hạn thanh toán...',
  level: 'info',
  timestamp: '2026-07-29T09:40:00.016Z'
}
{
  message: '[SchedulerService] Đang kiểm tra các booking hết hạn thanh toán...',
  level: 'info',
  timestamp: '2026-07-29T09:40:00.012Z'
}
{
  email: 'locdz8c@gmail.com',
  level: 'info',
  message: '[AuthController] Send OTP',
  timestamp: '2026-07-29T09:43:46.498Z'
}
{
  message: 'Đã gửi email tới locdz8c@gmail.com',
  level: 'info',
  timestamp: '2026-07-29T09:43:51.094Z'
}
{
  email: undefined,
  level: 'info',
  message: '[AuthController] Verify OTP and Login',
  timestamp: '2026-07-29T09:44:00.285Z'
}
{
  message: 'Fetching user details for Email: locdz8c@gmail.com',
  level: 'debug',
  timestamp: '2026-07-29T09:44:00.303Z'
}
{
  message: '[Cache Miss] Tìm email locdz8c@gmail.com trong Database',
  level: 'debug',
  timestamp: '2026-07-29T09:44:00.304Z'
}
{
  message: 'Trạng thái của User c5364d4b-1e79-40c7-9033-1c9e724ab320 đã đổi thành: ACTIVE',
  level: 'info',
  timestamp: '2026-07-29T09:44:00.383Z'
}
{
  message: 'User ID c5364d4b-1e79-40c7-9033-1c9e724ab320 đăng nhập thành công. Đã làm sạch lịch sử đăng nhập sai.',
  level: 'info',
  timestamp: '2026-07-29T09:44:00.386Z'
}
{
  message: '[AuthService] OTP Login successful for user: locdz8c@gmail.com',
  level: 'info',
  timestamp: '2026-07-29T09:44:00.401Z'
}
{
  userId: 'c5364d4b-1e79-40c7-9033-1c9e724ab320',
  level: 'info',
  message: '[AuthController] Get Me',
  timestamp: '2026-07-29T09:44:00.442Z'
}
{
  message: 'Fetching user details for ID: c5364d4b-1e79-40c7-9033-1c9e724ab320',
  level: 'debug',
  timestamp: '2026-07-29T09:44:00.443Z'
}
{
  message: '[Cache Miss] Tìm user ID: c5364d4b-1e79-40c7-9033-1c9e724ab320 trong Database',
  level: 'debug',
  timestamp: '2026-07-29T09:44:00.445Z'
}
{
  page: '1',
  limit: '10',
  level: 'info',
  message: '[HotelController] Get all hotels with queries',
  timestamp: '2026-07-29T09:44:00.719Z'
}
{
  page: '1',
  limit: '10',
  level: 'info',
  message: '[HotelController] Get all hotels with queries',
  timestamp: '2026-07-29T09:44:00.737Z'
}
{
  email: 'locdz8c@gmail.com',
  level: 'info',
  message: '[AuthController] Register Partner',
  timestamp: '2026-07-29T09:44:49.601Z'
}
{
  message: 'Fetching user details for Email: locdz8c@gmail.com',
  level: 'debug',
  timestamp: '2026-07-29T09:44:49.602Z'
}
{
  message: '[Cache Miss] Tìm email locdz8c@gmail.com trong Database',
  level: 'debug',
  timestamp: '2026-07-29T09:44:49.610Z'
}
{
  message: 'GLOBAL ERROR HANDLER CAUGHT: Error: Email đã được sử dụng.\n' +
    '    at AuthService.registerPartner (/app/src/modules/auth/services/authService.ts:171:13)\n' +
    '    at process.processTicksAndRejections (node:internal/process/task_queues:95:5)\n' +
    '    at async registerPartner (/app/src/modules/auth/controllers/authController.ts:110:20)',
  level: 'error',
  timestamp: '2026-07-29T09:44:49.643Z'
}
{
  message: '[SchedulerService] Đang kiểm tra các booking hết hạn thanh toán...',
  level: 'info',
  timestamp: '2026-07-29T09:45:00.006Z'
}
{
  message: '[SchedulerService] Đang kiểm tra các booking hết hạn thanh toán...',
  level: 'info',
  timestamp: '2026-07-29T09:45:00.004Z'
}
{
  page: '1',
  limit: '10',
  level: 'info',
  message: '[HotelController] Get all hotels with queries',
  timestamp: '2026-07-29T09:47:48.835Z'
}
{
  page: '1',
  limit: '10',
  level: 'info',
  message: '[HotelController] Get all hotels with queries',
  timestamp: '2026-07-29T09:47:48.845Z'
}
{
  email: 'locdz8c@gmail.com',
  level: 'info',
  message: '[AuthController] Send OTP',
  timestamp: '2026-07-29T09:47:57.480Z'
}
{
  message: 'Đã gửi email tới locdz8c@gmail.com',
  level: 'info',
  timestamp: '2026-07-29T09:48:01.863Z'
}
{
  email: undefined,
  level: 'info',
  message: '[AuthController] Verify OTP and Login',
  timestamp: '2026-07-29T09:49:43.885Z'
}
{
  message: 'Fetching user details for Email: locdz8c@gmail.com',
  level: 'debug',
  timestamp: '2026-07-29T09:49:43.910Z'
}
{
  message: '[Cache Hit] Lấy thông tin email locdz8c@gmail.com từ Redis',
  level: 'debug',
  timestamp: '2026-07-29T09:49:43.911Z'
}
{
  message: 'User ID c5364d4b-1e79-40c7-9033-1c9e724ab320 đăng nhập thành công. Đã làm sạch lịch sử đăng nhập sai.',
  level: 'info',
  timestamp: '2026-07-29T09:49:43.919Z'
}
{
  message: '[AuthService] OTP Login successful for user: locdz8c@gmail.com',
  level: 'info',
  timestamp: '2026-07-29T09:49:43.927Z'
}
{
  userId: 'c5364d4b-1e79-40c7-9033-1c9e724ab320',
  level: 'info',
  message: '[AuthController] Get Me',
  timestamp: '2026-07-29T09:49:43.984Z'
}
{
  message: 'Fetching user details for ID: c5364d4b-1e79-40c7-9033-1c9e724ab320',
  level: 'debug',
  timestamp: '2026-07-29T09:49:43.985Z'
}
{
  message: '[Cache Hit] Lấy thông tin user ID: c5364d4b-1e79-40c7-9033-1c9e724ab320 từ Redis',
  level: 'debug',
  timestamp: '2026-07-29T09:49:43.988Z'
}
{
  page: '1',
  limit: '10',
  level: 'info',
  message: '[HotelController] Get all hotels with queries',
  timestamp: '2026-07-29T09:49:44.264Z'
}
{
  page: '1',
  limit: '10',
  level: 'info',
  message: '[HotelController] Get all hotels with queries',
  timestamp: '2026-07-29T09:49:44.284Z'
}
{
  message: '[SchedulerService] Đang kiểm tra các booking hết hạn thanh toán...',
  level: 'info',
  timestamp: '2026-07-29T09:50:00.005Z'
}
{
  message: '[SchedulerService] Đang kiểm tra các booking hết hạn thanh toán...',
  level: 'info',
  timestamp: '2026-07-29T09:50:00.011Z'
}
{
  email: 'locdz8c@gmail.com',
  level: 'info',
  message: '[AuthController] Register Partner',
  timestamp: '2026-07-29T09:50:10.698Z'
}
{
  message: 'Fetching user details for Email: locdz8c@gmail.com',
  level: 'debug',
  timestamp: '2026-07-29T09:50:10.699Z'
}
{
  message: '[Cache Hit] Lấy thông tin email locdz8c@gmail.com từ Redis',
  level: 'debug',
  timestamp: '2026-07-29T09:50:10.700Z'
}
{
  message: 'GLOBAL ERROR HANDLER CAUGHT: Error: Email đã được sử dụng.\n' +
    '    at AuthService.registerPartner (/app/src/modules/auth/services/authService.ts:171:13)\n' +
    '    at process.processTicksAndRejections (node:internal/process/task_queues:95:5)\n' +
    '    at async registerPartner (/app/src/modules/auth/controllers/authController.ts:110:20)',
  level: 'error',
  timestamp: '2026-07-29T09:50:10.703Z'
}
{
  message: '[SchedulerService] Khởi tạo các cron job...',
  level: 'info',
  timestamp: '2026-07-29T09:51:19.128Z'
}
{
  message: 'Booking API Service đang chạy tại port 3000 (Môi trường: development)',
  level: 'info',
  timestamp: '2026-07-29T09:51:19.157Z'
}
{
  message: '[Redis] Kết nối thành công tới Redis server',
  level: 'info',
  timestamp: '2026-07-29T09:51:19.175Z'
}
{
  message: '[SchedulerService] Khởi tạo các cron job...',
  level: 'info',
  timestamp: '2026-07-29T09:51:35.817Z'
}
{
  message: 'Booking API Service đang chạy tại port 3000 (Môi trường: development)',
  level: 'info',
  timestamp: '2026-07-29T09:51:35.859Z'
}
{
  message: '[Redis] Kết nối thành công tới Redis server',
  level: 'info',
  timestamp: '2026-07-29T09:51:35.875Z'
}
{
  message: '[SchedulerService] Khởi tạo các cron job...',
  level: 'info',
  timestamp: '2026-07-29T09:51:53.609Z'
}
{
  message: 'Booking API Service đang chạy tại port 3000 (Môi trường: development)',
  level: 'info',
  timestamp: '2026-07-29T09:51:53.647Z'
}
{
  message: '[Redis] Kết nối thành công tới Redis server',
  level: 'info',
  timestamp: '2026-07-29T09:51:53.662Z'
}
{
  message: 'Nhận tín hiệu SIGTERM. Đang đóng API Server...',
  level: 'info',
  timestamp: '2026-07-29T09:51:58.254Z'
}
{
  message: 'Express HTTP server đã đóng.',
  level: 'info',
  timestamp: '2026-07-29T09:51:58.255Z'
}
{
  message: '[Redis] Đã đóng kết nối Redis',
  level: 'info',
  timestamp: '2026-07-29T09:51:58.256Z'
}
{
  message: '[SchedulerService] Khởi tạo các cron job...',
  level: 'info',
  timestamp: '2026-07-29T09:52:07.992Z'
}
{
  message: 'Booking API Service đang chạy tại port 3000 (Môi trường: development)',
  level: 'info',
  timestamp: '2026-07-29T09:52:08.044Z'
}
{
  message: '[Redis] Kết nối thành công tới Redis server',
  level: 'info',
  timestamp: '2026-07-29T09:52:08.049Z'
}
{
  email: 'locdz8c@gmail.com',
  level: 'info',
  message: '[AuthController] Check Email',
  timestamp: '2026-07-29T09:52:57.214Z'
}
{
  message: 'Fetching user details for Email: locdz8c@gmail.com',
  level: 'debug',
  timestamp: '2026-07-29T09:52:57.216Z'
}
{
  message: '[Cache Hit] Lấy thông tin email locdz8c@gmail.com từ Redis',
  level: 'debug',
  timestamp: '2026-07-29T09:52:57.219Z'
}
{
  message: 'JWT Verification Error: jwt expired',
  level: 'error',
  timestamp: '2026-07-29T09:52:58.623Z'
}
{
  message: 'GLOBAL ERROR HANDLER CAUGHT: Error: Phiên đăng nhập đã hết hạn. Vui lòng lấy Token mới.\n' +
    '    at authMiddleware (/app/src/middlewares/authMiddleware.ts:80:9)\n' +
    '    at Layer.handleRequest (/app/node_modules/router/lib/layer.js:152:17)\n' +
    '    at next (/app/node_modules/router/lib/route.js:157:13)\n' +
    '    at Route.dispatch (/app/node_modules/router/lib/route.js:117:3)\n' +
    '    at handle (/app/node_modules/router/index.js:435:11)\n' +
    '    at Layer.handleRequest (/app/node_modules/router/lib/layer.js:152:17)\n' +
    '    at /app/node_modules/router/index.js:295:15\n' +
    '    at processParams (/app/node_modules/router/index.js:582:12)\n' +
    '    at next (/app/node_modules/router/index.js:291:5)\n' +
    '    at Function.handle (/app/node_modules/router/index.js:186:3)',
  level: 'error',
  timestamp: '2026-07-29T09:52:58.625Z'
}
{
  message: 'JWT Verification Error: jwt expired',
  level: 'error',
  timestamp: '2026-07-29T09:52:58.641Z'
}
{
  message: 'GLOBAL ERROR HANDLER CAUGHT: Error: Phiên đăng nhập đã hết hạn. Vui lòng lấy Token mới.\n' +
    '    at authMiddleware (/app/src/middlewares/authMiddleware.ts:80:9)\n' +
    '    at Layer.handleRequest (/app/node_modules/router/lib/layer.js:152:17)\n' +
    '    at next (/app/node_modules/router/lib/route.js:157:13)\n' +
    '    at Route.dispatch (/app/node_modules/router/lib/route.js:117:3)\n' +
    '    at handle (/app/node_modules/router/index.js:435:11)\n' +
    '    at Layer.handleRequest (/app/node_modules/router/lib/layer.js:152:17)\n' +
    '    at /app/node_modules/router/index.js:295:15\n' +
    '    at processParams (/app/node_modules/router/index.js:582:12)\n' +
    '    at next (/app/node_modules/router/index.js:291:5)\n' +
    '    at Function.handle (/app/node_modules/router/index.js:186:3)',
  level: 'error',
  timestamp: '2026-07-29T09:52:58.643Z'
}
{
  message: '[AuthController] Refresh Tokens',
  level: 'info',
  timestamp: '2026-07-29T09:52:58.701Z'
}
{
  message: 'Fetching user details for ID: c5364d4b-1e79-40c7-9033-1c9e724ab320',
  level: 'debug',
  timestamp: '2026-07-29T09:52:58.852Z'
}
{
  message: '[Cache Hit] Lấy thông tin user ID: c5364d4b-1e79-40c7-9033-1c9e724ab320 từ Redis',
  level: 'debug',
  timestamp: '2026-07-29T09:52:58.854Z'
}
{
  message: '[AuthService] Tokens refreshed successfully for user: locdz8c@gmail.com',
  level: 'info',
  timestamp: '2026-07-29T09:52:58.907Z'
}
{
  userId: 'c5364d4b-1e79-40c7-9033-1c9e724ab320',
  level: 'info',
  message: '[AuthController] Get Me',
  timestamp: '2026-07-29T09:52:58.941Z'
}
{
  message: 'Fetching user details for ID: c5364d4b-1e79-40c7-9033-1c9e724ab320',
  level: 'debug',
  timestamp: '2026-07-29T09:52:58.943Z'
}
{
  message: '[Cache Hit] Lấy thông tin user ID: c5364d4b-1e79-40c7-9033-1c9e724ab320 từ Redis',
  level: 'debug',
  timestamp: '2026-07-29T09:52:58.945Z'
}
{
  userId: 'c5364d4b-1e79-40c7-9033-1c9e724ab320',
  level: 'info',
  message: '[AuthController] Get Me',
  timestamp: '2026-07-29T09:52:58.961Z'
}
{
  message: 'Fetching user details for ID: c5364d4b-1e79-40c7-9033-1c9e724ab320',
  level: 'debug',
  timestamp: '2026-07-29T09:52:58.961Z'
}
{
  message: '[Cache Hit] Lấy thông tin user ID: c5364d4b-1e79-40c7-9033-1c9e724ab320 từ Redis',
  level: 'debug',
  timestamp: '2026-07-29T09:52:58.963Z'
}
{
  email: 'locdz8c@gmail.com',
  level: 'info',
  message: '[AuthController] Check Email',
  timestamp: '2026-07-29T09:53:02.698Z'
}
{
  message: 'Fetching user details for Email: locdz8c@gmail.com',
  level: 'debug',
  timestamp: '2026-07-29T09:53:02.699Z'
}
{
  message: '[Cache Hit] Lấy thông tin email locdz8c@gmail.com từ Redis',
  level: 'debug',
  timestamp: '2026-07-29T09:53:02.700Z'
}
{
  message: '[SchedulerService] Khởi tạo các cron job...',
  level: 'info',
  timestamp: '2026-07-29T09:54:51.643Z'
}
{
  message: 'Booking API Service đang chạy tại port 3000 (Môi trường: development)',
  level: 'info',
  timestamp: '2026-07-29T09:54:51.673Z'
}
{
  message: '[Redis] Kết nối thành công tới Redis server',
  level: 'info',
  timestamp: '2026-07-29T09:54:51.690Z'
}
{
  message: 'Nhận tín hiệu SIGTERM. Đang đóng API Server...',
  level: 'info',
  timestamp: '2026-07-29T09:54:58.231Z'
}
{
  message: 'Express HTTP server đã đóng.',
  level: 'info',
  timestamp: '2026-07-29T09:54:58.232Z'
}
{
  message: '[Redis] Đã đóng kết nối Redis',
  level: 'info',
  timestamp: '2026-07-29T09:54:58.233Z'
}
{
  message: '[SchedulerService] Đang kiểm tra các booking hết hạn thanh toán...',
  level: 'info',
  timestamp: '2026-07-29T09:55:00.013Z'
}
{
  message: '[SchedulerService] Khởi tạo các cron job...',
  level: 'info',
  timestamp: '2026-07-29T09:55:05.435Z'
}
{
  message: 'Booking API Service đang chạy tại port 3000 (Môi trường: development)',
  level: 'info',
  timestamp: '2026-07-29T09:55:05.483Z'
}
{
  message: '[Redis] Kết nối thành công tới Redis server',
  level: 'info',
  timestamp: '2026-07-29T09:55:05.488Z'
}
{
  email: 'locdz8c@gmail.com',
  level: 'info',
  message: '[AuthController] Check Email',
  timestamp: '2026-07-29T09:55:33.957Z'
}
{
  message: 'Fetching user details for Email: locdz8c@gmail.com',
  level: 'debug',
  timestamp: '2026-07-29T09:55:33.962Z'
}
{
  message: '[Cache Hit] Lấy thông tin email locdz8c@gmail.com từ Redis',
  level: 'debug',
  timestamp: '2026-07-29T09:55:33.965Z'
}
{
  email: 'locdz8c@gmail.com',
  level: 'info',
  message: '[AuthController] Register Partner',
  timestamp: '2026-07-29T09:55:42.562Z'
}
{
  message: 'Fetching user details for Email: locdz8c@gmail.com',
  level: 'debug',
  timestamp: '2026-07-29T09:55:42.563Z'
}
{
  message: '[Cache Hit] Lấy thông tin email locdz8c@gmail.com từ Redis',
  level: 'debug',
  timestamp: '2026-07-29T09:55:42.565Z'
}
{
  message: 'GLOBAL ERROR HANDLER CAUGHT: PrismaClientValidationError: \n' +
    'Invalid `client.refreshToken.create()` invocation in\n' +
    '/app/src/modules/auth/repositories/refreshTokenRepository.ts:18:32\n' +
    '\n' +
    '  15 \n' +
    '  16 create(data: Prisma.RefreshTokenUncheckedCreateInput, tx?: TxClient): Promise<RefreshToken> {\n' +
    '  17   const client  = tx || this.prisma;\n' +
    '→ 18   return client.refreshToken.create({\n' +
    '         data: {\n' +
    '           token: "eyJhbGciOiJIUzI1NiIsInR5cCI6IkpXVCJ9.eyJ1c2VySWQiOiJjNTM2NGQ0Yi0xZTc5LTQwYzctOTAzMy0xYzllNzI0YWIzMjAiLCJyb2xlIjoiQUdFTlQiLCJpYXQiOjE3ODUzMTg5NDIsImV4cCI6MTc4NTkyMzc0Mn0.roWf_DKp8_Ti1x8Rr-zF7F1KuhRO0aPOJMmlj7p2rLc",\n' +
    '           userId: "c5364d4b-1e79-40c7-9033-1c9e724ab320",\n' +
    '           deviceInfo: {\n' +
    '             ipAddress: "::ffff:172.18.0.1",\n' +
    '             userAgent: "Mozilla/5.0 (Windows NT 10.0; Win64; x64) AppleWebKit/537.36 (KHTML, like Gecko) Chrome/150.0.0.0 Safari/537.36",\n' +
    '             deviceName: "Unknown Device"\n' +
    '           },\n' +
    '           expiresAt: new Date("Invalid Date")\n' +
    '                      ~~~~~~~~~~~~~~~~~~~~~~~~\n' +
    '         }\n' +
    '       })\n' +
    '\n' +
    'Invalid value for argument `expiresAt`: Provided Date object is invalid. Expected Date.\n' +
    '    at ar (/app/generated/prisma/runtime/client.js:14:1374)\n' +
    '    at e.throwValidationError (/app/generated/prisma/runtime/client.js:14:10219)\n' +
    '    at Ro (/app/generated/prisma/runtime/client.js:14:7551)\n' +
    '    at ko (/app/generated/prisma/runtime/client.js:14:8910)\n' +
    '    at Ro (/app/generated/prisma/runtime/client.js:14:8417)\n' +
    '    at ko (/app/generated/prisma/runtime/client.js:14:8910)\n' +
    '    at Et (/app/generated/prisma/runtime/client.js:14:5912)\n' +
    '    at pr (/app/generated/prisma/runtime/client.js:14:5814)\n' +
    '    at /app/generated/prisma/runtime/client.js:79:7532\n' +
    '    at Object.runInChildSpan (/app/generated/prisma/runtime/client.js:69:2516)',
  level: 'error',
  timestamp: '2026-07-29T09:55:42.718Z'
}
{
  message: '[SchedulerService] Khởi tạo các cron job...',
  level: 'info',
  timestamp: '2026-07-29T09:56:12.233Z'
}
{
  message: 'Booking API Service đang chạy tại port 3000 (Môi trường: development)',
  level: 'info',
  timestamp: '2026-07-29T09:56:12.270Z'
}
{
  message: '[Redis] Kết nối thành công tới Redis server',
  level: 'info',
  timestamp: '2026-07-29T09:56:12.287Z'
}
{
  message: 'Nhận tín hiệu SIGTERM. Đang đóng API Server...',
  level: 'info',
  timestamp: '2026-07-29T09:56:15.684Z'
}
{
  message: 'Express HTTP server đã đóng.',
  level: 'info',
  timestamp: '2026-07-29T09:56:15.686Z'
}
{
  message: '[Redis] Đã đóng kết nối Redis',
  level: 'info',
  timestamp: '2026-07-29T09:56:15.688Z'
}
{
  message: '[SchedulerService] Khởi tạo các cron job...',
  level: 'info',
  timestamp: '2026-07-29T09:56:24.741Z'
}
{
  message: 'Booking API Service đang chạy tại port 3000 (Môi trường: development)',
  level: 'info',
  timestamp: '2026-07-29T09:56:24.800Z'
}
{
  message: '[Redis] Kết nối thành công tới Redis server',
  level: 'info',
  timestamp: '2026-07-29T09:56:24.808Z'
}
{
  email: 'locdz8c@gmail.com',
  level: 'info',
  message: '[AuthController] Register Partner',
  timestamp: '2026-07-29T09:56:42.049Z'
}
{
  message: 'Fetching user details for Email: locdz8c@gmail.com',
  level: 'debug',
  timestamp: '2026-07-29T09:56:42.052Z'
}
{
  message: '[Cache Hit] Lấy thông tin email locdz8c@gmail.com từ Redis',
  level: 'debug',
  timestamp: '2026-07-29T09:56:42.056Z'
}
{
  message: 'GLOBAL ERROR HANDLER CAUGHT: PrismaClientValidationError: \n' +
    'Invalid `client.refreshToken.create()` invocation in\n' +
    '/app/src/modules/auth/repositories/refreshTokenRepository.ts:18:32\n' +
    '\n' +
    '  15 \n' +
    '  16 create(data: Prisma.RefreshTokenUncheckedCreateInput, tx?: TxClient): Promise<RefreshToken> {\n' +
    '  17   const client  = tx || this.prisma;\n' +
    '→ 18   return client.refreshToken.create({\n' +
    '         data: {\n' +
    '           token: "eyJhbGciOiJIUzI1NiIsInR5cCI6IkpXVCJ9.eyJ1c2VySWQiOiJjNTM2NGQ0Yi0xZTc5LTQwYzctOTAzMy0xYzllNzI0YWIzMjAiLCJyb2xlIjoiQUdFTlQiLCJpYXQiOjE3ODUzMTkwMDIsImV4cCI6MTc4NTkyMzgwMn0.IvuQwHgyGQGF_yk2DPLM-DdZQ72BbuoOs88dlavRh6k",\n' +
    '           userId: "c5364d4b-1e79-40c7-9033-1c9e724ab320",\n' +
    '           deviceInfo: {\n' +
    '             ipAddress: "::ffff:172.18.0.1",\n' +
    '             userAgent: "Mozilla/5.0 (Windows NT 10.0; Win64; x64) AppleWebKit/537.36 (KHTML, like Gecko) Chrome/150.0.0.0 Safari/537.36",\n' +
    '             deviceName: "Unknown Device"\n' +
    '           },\n' +
    '           expiresAt: new Date("2026-08-05T09:56:42.211Z"),\n' +
    '       +   tokenHash: String\n' +
    '         }\n' +
    '       })\n' +
    '\n' +
    'Argument `tokenHash` is missing.\n' +
    '    at ar (/app/generated/prisma/runtime/client.js:14:1374)\n' +
    '    at zr.handleRequestError (/app/generated/prisma/runtime/client.js:69:7929)\n' +
    '    at zr.handleAndLogRequestError (/app/generated/prisma/runtime/client.js:69:7581)\n' +
    '    at zr.request (/app/generated/prisma/runtime/client.js:69:7288)\n' +
    '    at process.processTicksAndRejections (node:internal/process/task_queues:95:5)\n' +
    '    at async a (/app/generated/prisma/runtime/client.js:79:6862)\n' +
    '    at async <anonymous> (/app/src/modules/auth/services/authService.ts:235:7)\n' +
    '    at async Proxy._transactionWithCallback (/app/generated/prisma/runtime/client.js:79:4800)\n' +
    '    at async registerPartner (/app/src/modules/auth/controllers/authController.ts:116:20)',
  level: 'error',
  timestamp: '2026-07-29T09:56:42.232Z'
}
{
  email: 'locdz8c@gmail.com',
  level: 'info',
  message: '[AuthController] Register Partner',
  timestamp: '2026-07-29T09:56:43.514Z'
}
{
  message: 'Fetching user details for Email: locdz8c@gmail.com',
  level: 'debug',
  timestamp: '2026-07-29T09:56:43.514Z'
}
{
  message: '[Cache Hit] Lấy thông tin email locdz8c@gmail.com từ Redis',
  level: 'debug',
  timestamp: '2026-07-29T09:56:43.516Z'
}
{
  message: 'GLOBAL ERROR HANDLER CAUGHT: PrismaClientValidationError: \n' +
    'Invalid `client.refreshToken.create()` invocation in\n' +
    '/app/src/modules/auth/repositories/refreshTokenRepository.ts:18:32\n' +
    '\n' +
    '  15 \n' +
    '  16 create(data: Prisma.RefreshTokenUncheckedCreateInput, tx?: TxClient): Promise<RefreshToken> {\n' +
    '  17   const client  = tx || this.prisma;\n' +
    '→ 18   return client.refreshToken.create({\n' +
    '         data: {\n' +
    '           token: "eyJhbGciOiJIUzI1NiIsInR5cCI6IkpXVCJ9.eyJ1c2VySWQiOiJjNTM2NGQ0Yi0xZTc5LTQwYzctOTAzMy0xYzllNzI0YWIzMjAiLCJyb2xlIjoiQUdFTlQiLCJpYXQiOjE3ODUzMTkwMDMsImV4cCI6MTc4NTkyMzgwM30.PRwJ98tj_EUhqLhJLtIRw4eVYHfJ30HvUswMD1E5r6M",\n' +
    '           userId: "c5364d4b-1e79-40c7-9033-1c9e724ab320",\n' +
    '           deviceInfo: {\n' +
    '             ipAddress: "::ffff:172.18.0.1",\n' +
    '             userAgent: "Mozilla/5.0 (Windows NT 10.0; Win64; x64) AppleWebKit/537.36 (KHTML, like Gecko) Chrome/150.0.0.0 Safari/537.36",\n' +
    '             deviceName: "Unknown Device"\n' +
    '           },\n' +
    '           expiresAt: new Date("2026-08-05T09:56:43.602Z"),\n' +
    '       +   tokenHash: String\n' +
    '         }\n' +
    '       })\n' +
    '\n' +
    'Argument `tokenHash` is missing.\n' +
    '    at ar (/app/generated/prisma/runtime/client.js:14:1374)\n' +
    '    at zr.handleRequestError (/app/generated/prisma/runtime/client.js:69:7929)\n' +
    '    at zr.handleAndLogRequestError (/app/generated/prisma/runtime/client.js:69:7581)\n' +
    '    at zr.request (/app/generated/prisma/runtime/client.js:69:7288)\n' +
    '    at process.processTicksAndRejections (node:internal/process/task_queues:95:5)\n' +
    '    at async a (/app/generated/prisma/runtime/client.js:79:6862)\n' +
    '    at async <anonymous> (/app/src/modules/auth/services/authService.ts:235:7)\n' +
    '    at async Proxy._transactionWithCallback (/app/generated/prisma/runtime/client.js:79:4800)\n' +
    '    at async registerPartner (/app/src/modules/auth/controllers/authController.ts:116:20)',
  level: 'error',
  timestamp: '2026-07-29T09:56:43.611Z'
}
{
  message: 'JWT Verification Error: jwt expired',
  level: 'error',
  timestamp: '2026-07-29T09:56:44.781Z'
}
{
  message: 'GLOBAL ERROR HANDLER CAUGHT: Error: Phiên đăng nhập đã hết hạn. Vui lòng lấy Token mới.\n' +
    '    at authMiddleware (/app/src/middlewares/authMiddleware.ts:80:9)\n' +
    '    at Layer.handleRequest (/app/node_modules/router/lib/layer.js:152:17)\n' +
    '    at next (/app/node_modules/router/lib/route.js:157:13)\n' +
    '    at Route.dispatch (/app/node_modules/router/lib/route.js:117:3)\n' +
    '    at handle (/app/node_modules/router/index.js:435:11)\n' +
    '    at Layer.handleRequest (/app/node_modules/router/lib/layer.js:152:17)\n' +
    '    at /app/node_modules/router/index.js:295:15\n' +
    '    at processParams (/app/node_modules/router/index.js:582:12)\n' +
    '    at next (/app/node_modules/router/index.js:291:5)\n' +
    '    at Function.handle (/app/node_modules/router/index.js:186:3)',
  level: 'error',
  timestamp: '2026-07-29T09:56:44.783Z'
}
{
  message: 'JWT Verification Error: jwt expired',
  level: 'error',
  timestamp: '2026-07-29T09:56:44.791Z'
}
{
  message: 'GLOBAL ERROR HANDLER CAUGHT: Error: Phiên đăng nhập đã hết hạn. Vui lòng lấy Token mới.\n' +
    '    at authMiddleware (/app/src/middlewares/authMiddleware.ts:80:9)\n' +
    '    at Layer.handleRequest (/app/node_modules/router/lib/layer.js:152:17)\n' +
    '    at next (/app/node_modules/router/lib/route.js:157:13)\n' +
    '    at Route.dispatch (/app/node_modules/router/lib/route.js:117:3)\n' +
    '    at handle (/app/node_modules/router/index.js:435:11)\n' +
    '    at Layer.handleRequest (/app/node_modules/router/lib/layer.js:152:17)\n' +
    '    at /app/node_modules/router/index.js:295:15\n' +
    '    at processParams (/app/node_modules/router/index.js:582:12)\n' +
    '    at next (/app/node_modules/router/index.js:291:5)\n' +
    '    at Function.handle (/app/node_modules/router/index.js:186:3)',
  level: 'error',
  timestamp: '2026-07-29T09:56:44.793Z'
}
{
  message: '[AuthController] Refresh Tokens',
  level: 'info',
  timestamp: '2026-07-29T09:56:44.826Z'
}
{
  message: 'Fetching user details for ID: c5364d4b-1e79-40c7-9033-1c9e724ab320',
  level: 'debug',
  timestamp: '2026-07-29T09:56:44.849Z'
}
{
  message: '[Cache Hit] Lấy thông tin user ID: c5364d4b-1e79-40c7-9033-1c9e724ab320 từ Redis',
  level: 'debug',
  timestamp: '2026-07-29T09:56:44.851Z'
}
{
  message: '[AuthService] Tokens refreshed successfully for user: locdz8c@gmail.com',
  level: 'info',
  timestamp: '2026-07-29T09:56:44.901Z'
}
{
  userId: 'c5364d4b-1e79-40c7-9033-1c9e724ab320',
  level: 'info',
  message: '[AuthController] Get Me',
  timestamp: '2026-07-29T09:56:44.930Z'
}
{
  message: 'Fetching user details for ID: c5364d4b-1e79-40c7-9033-1c9e724ab320',
  level: 'debug',
  timestamp: '2026-07-29T09:56:44.932Z'
}
{
  message: '[Cache Hit] Lấy thông tin user ID: c5364d4b-1e79-40c7-9033-1c9e724ab320 từ Redis',
  level: 'debug',
  timestamp: '2026-07-29T09:56:44.933Z'
}
{
  userId: 'c5364d4b-1e79-40c7-9033-1c9e724ab320',
  level: 'info',
  message: '[AuthController] Get Me',
  timestamp: '2026-07-29T09:56:44.942Z'
}
{
  message: 'Fetching user details for ID: c5364d4b-1e79-40c7-9033-1c9e724ab320',
  level: 'debug',
  timestamp: '2026-07-29T09:56:44.943Z'
}
{
  message: '[Cache Hit] Lấy thông tin user ID: c5364d4b-1e79-40c7-9033-1c9e724ab320 từ Redis',
  level: 'debug',
  timestamp: '2026-07-29T09:56:44.948Z'
}
{
  email: 'locdz8c@gmail.com',
  level: 'info',
  message: '[AuthController] Check Email',
  timestamp: '2026-07-29T09:56:50.614Z'
}
{
  message: 'Fetching user details for Email: locdz8c@gmail.com',
  level: 'debug',
  timestamp: '2026-07-29T09:56:50.615Z'
}
{
  message: '[Cache Hit] Lấy thông tin email locdz8c@gmail.com từ Redis',
  level: 'debug',
  timestamp: '2026-07-29T09:56:50.616Z'
}
{
  email: 'locdz8c@gmail.com',
  level: 'info',
  message: '[AuthController] Register Partner',
  timestamp: '2026-07-29T09:56:55.910Z'
}
{
  message: 'Fetching user details for Email: locdz8c@gmail.com',
  level: 'debug',
  timestamp: '2026-07-29T09:56:55.911Z'
}
{
  message: '[Cache Hit] Lấy thông tin email locdz8c@gmail.com từ Redis',
  level: 'debug',
  timestamp: '2026-07-29T09:56:55.912Z'
}
{
  message: 'GLOBAL ERROR HANDLER CAUGHT: PrismaClientValidationError: \n' +
    'Invalid `client.refreshToken.create()` invocation in\n' +
    '/app/src/modules/auth/repositories/refreshTokenRepository.ts:18:32\n' +
    '\n' +
    '  15 \n' +
    '  16 create(data: Prisma.RefreshTokenUncheckedCreateInput, tx?: TxClient): Promise<RefreshToken> {\n' +
    '  17   const client  = tx || this.prisma;\n' +
    '→ 18   return client.refreshToken.create({\n' +
    '         data: {\n' +
    '           token: "eyJhbGciOiJIUzI1NiIsInR5cCI6IkpXVCJ9.eyJ1c2VySWQiOiJjNTM2NGQ0Yi0xZTc5LTQwYzctOTAzMy0xYzllNzI0YWIzMjAiLCJyb2xlIjoiQUdFTlQiLCJpYXQiOjE3ODUzMTkwMTUsImV4cCI6MTc4NTkyMzgxNX0.HDjAa_2WDvpZf1EC8ZHymlDjW8E9SPQ7rr4i4uzptrU",\n' +
    '           userId: "c5364d4b-1e79-40c7-9033-1c9e724ab320",\n' +
    '           deviceInfo: {\n' +
    '             ipAddress: "::ffff:172.18.0.1",\n' +
    '             userAgent: "Mozilla/5.0 (Windows NT 10.0; Win64; x64) AppleWebKit/537.36 (KHTML, like Gecko) Chrome/150.0.0.0 Safari/537.36",\n' +
    '             deviceName: "Unknown Device"\n' +
    '           },\n' +
    '           expiresAt: new Date("2026-08-05T09:56:55.991Z"),\n' +
    '       +   tokenHash: String\n' +
    '         }\n' +
    '       })\n' +
    '\n' +
    'Argument `tokenHash` is missing.\n' +
    '    at ar (/app/generated/prisma/runtime/client.js:14:1374)\n' +
    '    at zr.handleRequestError (/app/generated/prisma/runtime/client.js:69:7929)\n' +
    '    at zr.handleAndLogRequestError (/app/generated/prisma/runtime/client.js:69:7581)\n' +
    '    at zr.request (/app/generated/prisma/runtime/client.js:69:7288)\n' +
    '    at process.processTicksAndRejections (node:internal/process/task_queues:95:5)\n' +
    '    at async a (/app/generated/prisma/runtime/client.js:79:6862)\n' +
    '    at async <anonymous> (/app/src/modules/auth/services/authService.ts:235:7)\n' +
    '    at async Proxy._transactionWithCallback (/app/generated/prisma/runtime/client.js:79:4800)\n' +
    '    at async registerPartner (/app/src/modules/auth/controllers/authController.ts:116:20)',
  level: 'error',
  timestamp: '2026-07-29T09:56:55.998Z'
}
{
  userId: 'c5364d4b-1e79-40c7-9033-1c9e724ab320',
  level: 'info',
  message: '[AuthController] Get Me',
  timestamp: '2026-07-29T09:57:00.787Z'
}
{
  message: 'Fetching user details for ID: c5364d4b-1e79-40c7-9033-1c9e724ab320',
  level: 'debug',
  timestamp: '2026-07-29T09:57:00.787Z'
}
{
  message: '[Cache Hit] Lấy thông tin user ID: c5364d4b-1e79-40c7-9033-1c9e724ab320 từ Redis',
  level: 'debug',
  timestamp: '2026-07-29T09:57:00.789Z'
}
{
  userId: 'c5364d4b-1e79-40c7-9033-1c9e724ab320',
  level: 'info',
  message: '[AuthController] Get Me',
  timestamp: '2026-07-29T09:57:00.794Z'
}
{
  message: 'Fetching user details for ID: c5364d4b-1e79-40c7-9033-1c9e724ab320',
  level: 'debug',
  timestamp: '2026-07-29T09:57:00.795Z'
}
{
  message: '[Cache Hit] Lấy thông tin user ID: c5364d4b-1e79-40c7-9033-1c9e724ab320 từ Redis',
  level: 'debug',
  timestamp: '2026-07-29T09:57:00.798Z'
}
{
  userId: 'c5364d4b-1e79-40c7-9033-1c9e724ab320',
  level: 'info',
  message: '[AuthController] Get Me',
  timestamp: '2026-07-29T09:57:03.451Z'
}
{
  message: 'Fetching user details for ID: c5364d4b-1e79-40c7-9033-1c9e724ab320',
  level: 'debug',
  timestamp: '2026-07-29T09:57:03.452Z'
}
{
  message: '[Cache Hit] Lấy thông tin user ID: c5364d4b-1e79-40c7-9033-1c9e724ab320 từ Redis',
  level: 'debug',
  timestamp: '2026-07-29T09:57:03.453Z'
}
{
  userId: 'c5364d4b-1e79-40c7-9033-1c9e724ab320',
  level: 'info',
  message: '[AuthController] Get Me',
  timestamp: '2026-07-29T09:57:03.489Z'
}
{
  message: 'Fetching user details for ID: c5364d4b-1e79-40c7-9033-1c9e724ab320',
  level: 'debug',
  timestamp: '2026-07-29T09:57:03.489Z'
}
{
  message: '[Cache Hit] Lấy thông tin user ID: c5364d4b-1e79-40c7-9033-1c9e724ab320 từ Redis',
  level: 'debug',
  timestamp: '2026-07-29T09:57:03.490Z'
}
{
  page: '1',
  limit: '10',
  level: 'info',
  message: '[HotelController] Get all hotels with queries',
  timestamp: '2026-07-29T09:57:03.805Z'
}
{
  page: '1',
  limit: '10',
  level: 'info',
  message: '[HotelController] Get all hotels with queries',
  timestamp: '2026-07-29T09:57:03.931Z'
}
{
  email: 'locdz8c@gmail.com',
  level: 'info',
  message: '[AuthController] Check Email',
  timestamp: '2026-07-29T09:57:11.924Z'
}
{
  message: 'Fetching user details for Email: locdz8c@gmail.com',
  level: 'debug',
  timestamp: '2026-07-29T09:57:11.924Z'
}
{
  message: '[Cache Hit] Lấy thông tin email locdz8c@gmail.com từ Redis',
  level: 'debug',
  timestamp: '2026-07-29T09:57:11.925Z'
}
{
  email: 'locdz8c@gmail.com',
  level: 'info',
  message: '[AuthController] Register Partner',
  timestamp: '2026-07-29T09:58:49.975Z'
}
{
  message: 'Fetching user details for Email: locdz8c@gmail.com',
  level: 'debug',
  timestamp: '2026-07-29T09:58:49.975Z'
}
{
  message: '[Cache Hit] Lấy thông tin email locdz8c@gmail.com từ Redis',
  level: 'debug',
  timestamp: '2026-07-29T09:58:49.977Z'
}
{
  message: 'GLOBAL ERROR HANDLER CAUGHT: PrismaClientValidationError: \n' +
    'Invalid `client.refreshToken.create()` invocation in\n' +
    '/app/src/modules/auth/repositories/refreshTokenRepository.ts:18:32\n' +
    '\n' +
    '  15 \n' +
    '  16 create(data: Prisma.RefreshTokenUncheckedCreateInput, tx?: TxClient): Promise<RefreshToken> {\n' +
    '  17   const client  = tx || this.prisma;\n' +
    '→ 18   return client.refreshToken.create({\n' +
    '         data: {\n' +
    '           token: "eyJhbGciOiJIUzI1NiIsInR5cCI6IkpXVCJ9.eyJ1c2VySWQiOiJjNTM2NGQ0Yi0xZTc5LTQwYzctOTAzMy0xYzllNzI0YWIzMjAiLCJyb2xlIjoiQUdFTlQiLCJpYXQiOjE3ODUzMTkxMzAsImV4cCI6MTc4NTkyMzkzMH0.HcsHWZK2T8JQHBqnS5xL2e2ErGSOttAa-_t55togKyU",\n' +
    '           userId: "c5364d4b-1e79-40c7-9033-1c9e724ab320",\n' +
    '           deviceInfo: {\n' +
    '             ipAddress: "::ffff:172.18.0.1",\n' +
    '             userAgent: "Mozilla/5.0 (Windows NT 10.0; Win64; x64) AppleWebKit/537.36 (KHTML, like Gecko) Chrome/150.0.0.0 Safari/537.36",\n' +
    '             deviceName: "Unknown Device"\n' +
    '           },\n' +
    '           expiresAt: new Date("2026-08-05T09:58:50.055Z"),\n' +
    '       +   tokenHash: String\n' +
    '         }\n' +
    '       })\n' +
    '\n' +
    'Argument `tokenHash` is missing.\n' +
    '    at ar (/app/generated/prisma/runtime/client.js:14:1374)\n' +
    '    at zr.handleRequestError (/app/generated/prisma/runtime/client.js:69:7929)\n' +
    '    at zr.handleAndLogRequestError (/app/generated/prisma/runtime/client.js:69:7581)\n' +
    '    at zr.request (/app/generated/prisma/runtime/client.js:69:7288)\n' +
    '    at process.processTicksAndRejections (node:internal/process/task_queues:95:5)\n' +
    '    at async a (/app/generated/prisma/runtime/client.js:79:6862)\n' +
    '    at async <anonymous> (/app/src/modules/auth/services/authService.ts:235:7)\n' +
    '    at async Proxy._transactionWithCallback (/app/generated/prisma/runtime/client.js:79:4800)\n' +
    '    at async registerPartner (/app/src/modules/auth/controllers/authController.ts:116:20)',
  level: 'error',
  timestamp: '2026-07-29T09:58:50.062Z'
}
{
  message: '[SchedulerService] Khởi tạo các cron job...',
  level: 'info',
  timestamp: '2026-07-29T09:59:28.471Z'
}
{
  message: 'Booking API Service đang chạy tại port 3000 (Môi trường: development)',
  level: 'info',
  timestamp: '2026-07-29T09:59:28.498Z'
}
{
  message: '[Redis] Kết nối thành công tới Redis server',
  level: 'info',
  timestamp: '2026-07-29T09:59:28.510Z'
}
{
  message: 'Nhận tín hiệu SIGTERM. Đang đóng API Server...',
  level: 'info',
  timestamp: '2026-07-29T09:59:32.070Z'
}
{
  message: 'Express HTTP server đã đóng.',
  level: 'info',
  timestamp: '2026-07-29T09:59:32.072Z'
}
{
  message: '[Redis] Đã đóng kết nối Redis',
  level: 'info',
  timestamp: '2026-07-29T09:59:32.073Z'
}
{
  message: '[SchedulerService] Khởi tạo các cron job...',
  level: 'info',
  timestamp: '2026-07-29T09:59:42.014Z'
}
{
  message: 'Booking API Service đang chạy tại port 3000 (Môi trường: development)',
  level: 'info',
  timestamp: '2026-07-29T09:59:42.067Z'
}
{
  message: '[Redis] Kết nối thành công tới Redis server',
  level: 'info',
  timestamp: '2026-07-29T09:59:42.071Z'
}
{
  message: '[SchedulerService] Đang kiểm tra các booking hết hạn thanh toán...',
  level: 'info',
  timestamp: '2026-07-29T10:00:00.012Z'
}
{
  message: '[SchedulerService] Đang kiểm tra các booking hết hạn thanh toán...',
  level: 'info',
  timestamp: '2026-07-29T10:00:00.005Z'
}
{
  message: 'JWT Verification Error: jwt expired',
  level: 'error',
  timestamp: '2026-07-29T10:00:12.615Z'
}
{
  message: 'GLOBAL ERROR HANDLER CAUGHT: Error: Phiên đăng nhập đã hết hạn. Vui lòng lấy Token mới.\n' +
    '    at authMiddleware (/app/src/middlewares/authMiddleware.ts:80:9)\n' +
    '    at Layer.handleRequest (/app/node_modules/router/lib/layer.js:152:17)\n' +
    '    at next (/app/node_modules/router/lib/route.js:157:13)\n' +
    '    at Route.dispatch (/app/node_modules/router/lib/route.js:117:3)\n' +
    '    at handle (/app/node_modules/router/index.js:435:11)\n' +
    '    at Layer.handleRequest (/app/node_modules/router/lib/layer.js:152:17)\n' +
    '    at /app/node_modules/router/index.js:295:15\n' +
    '    at processParams (/app/node_modules/router/index.js:582:12)\n' +
    '    at next (/app/node_modules/router/index.js:291:5)\n' +
    '    at Function.handle (/app/node_modules/router/index.js:186:3)',
  level: 'error',
  timestamp: '2026-07-29T10:00:12.629Z'
}
{
  message: 'JWT Verification Error: jwt expired',
  level: 'error',
  timestamp: '2026-07-29T10:00:12.649Z'
}
{
  message: 'GLOBAL ERROR HANDLER CAUGHT: Error: Phiên đăng nhập đã hết hạn. Vui lòng lấy Token mới.\n' +
    '    at authMiddleware (/app/src/middlewares/authMiddleware.ts:80:9)\n' +
    '    at Layer.handleRequest (/app/node_modules/router/lib/layer.js:152:17)\n' +
    '    at next (/app/node_modules/router/lib/route.js:157:13)\n' +
    '    at Route.dispatch (/app/node_modules/router/lib/route.js:117:3)\n' +
    '    at handle (/app/node_modules/router/index.js:435:11)\n' +
    '    at Layer.handleRequest (/app/node_modules/router/lib/layer.js:152:17)\n' +
    '    at /app/node_modules/router/index.js:295:15\n' +
    '    at processParams (/app/node_modules/router/index.js:582:12)\n' +
    '    at next (/app/node_modules/router/index.js:291:5)\n' +
    '    at Function.handle (/app/node_modules/router/index.js:186:3)',
  level: 'error',
  timestamp: '2026-07-29T10:00:12.653Z'
}
{
  message: '[AuthController] Refresh Tokens',
  level: 'info',
  timestamp: '2026-07-29T10:00:12.777Z'
}
{
  message: 'Fetching user details for ID: c5364d4b-1e79-40c7-9033-1c9e724ab320',
  level: 'debug',
  timestamp: '2026-07-29T10:00:12.845Z'
}
{
  message: '[Cache Hit] Lấy thông tin user ID: c5364d4b-1e79-40c7-9033-1c9e724ab320 từ Redis',
  level: 'debug',
  timestamp: '2026-07-29T10:00:12.847Z'
}
{
  message: '[AuthService] Tokens refreshed successfully for user: locdz8c@gmail.com',
  level: 'info',
  timestamp: '2026-07-29T10:00:12.936Z'
}
{
  userId: 'c5364d4b-1e79-40c7-9033-1c9e724ab320',
  level: 'info',
  message: '[AuthController] Get Me',
  timestamp: '2026-07-29T10:00:12.974Z'
}
{
  message: 'Fetching user details for ID: c5364d4b-1e79-40c7-9033-1c9e724ab320',
  level: 'debug',
  timestamp: '2026-07-29T10:00:12.975Z'
}
{
  message: '[Cache Hit] Lấy thông tin user ID: c5364d4b-1e79-40c7-9033-1c9e724ab320 từ Redis',
  level: 'debug',
  timestamp: '2026-07-29T10:00:12.977Z'
}
{
  userId: 'c5364d4b-1e79-40c7-9033-1c9e724ab320',
  level: 'info',
  message: '[AuthController] Get Me',
  timestamp: '2026-07-29T10:00:12.986Z'
}
{
  message: 'Fetching user details for ID: c5364d4b-1e79-40c7-9033-1c9e724ab320',
  level: 'debug',
  timestamp: '2026-07-29T10:00:12.987Z'
}
{
  message: '[Cache Hit] Lấy thông tin user ID: c5364d4b-1e79-40c7-9033-1c9e724ab320 từ Redis',
  level: 'debug',
  timestamp: '2026-07-29T10:00:12.988Z'
}
{
  email: 'locdz8c@gmail.com',
  level: 'info',
  message: '[AuthController] Check Email',
  timestamp: '2026-07-29T10:00:16.514Z'
}
{
  message: 'Fetching user details for Email: locdz8c@gmail.com',
  level: 'debug',
  timestamp: '2026-07-29T10:00:16.515Z'
}
{
  message: '[Cache Hit] Lấy thông tin email locdz8c@gmail.com từ Redis',
  level: 'debug',
  timestamp: '2026-07-29T10:00:16.516Z'
}
{
  email: 'locdz8c@gmail.com',
  level: 'info',
  message: '[AuthController] Register Partner',
  timestamp: '2026-07-29T10:00:23.144Z'
}
{
  message: 'Fetching user details for Email: locdz8c@gmail.com',
  level: 'debug',
  timestamp: '2026-07-29T10:00:23.145Z'
}
{
  message: '[Cache Hit] Lấy thông tin email locdz8c@gmail.com từ Redis',
  level: 'debug',
  timestamp: '2026-07-29T10:00:23.148Z'
}
{
  message: '[AuthService] Partner registered/upgraded successfully: locdz8c@gmail.com',
  level: 'info',
  timestamp: '2026-07-29T10:00:23.233Z'
}
{
  userId: 'c5364d4b-1e79-40c7-9033-1c9e724ab320',
  level: 'info',
  message: '[AuthController] Get Me',
  timestamp: '2026-07-29T10:01:28.632Z'
}
{
  message: 'Fetching user details for ID: c5364d4b-1e79-40c7-9033-1c9e724ab320',
  level: 'debug',
  timestamp: '2026-07-29T10:01:28.632Z'
}
{
  message: '[Cache Hit] Lấy thông tin user ID: c5364d4b-1e79-40c7-9033-1c9e724ab320 từ Redis',
  level: 'debug',
  timestamp: '2026-07-29T10:01:28.634Z'
}
{
  userId: 'c5364d4b-1e79-40c7-9033-1c9e724ab320',
  level: 'info',
  message: '[AuthController] Get Me',
  timestamp: '2026-07-29T10:01:28.641Z'
}
{
  message: 'Fetching user details for ID: c5364d4b-1e79-40c7-9033-1c9e724ab320',
  level: 'debug',
  timestamp: '2026-07-29T10:01:28.642Z'
}
{
  message: '[Cache Hit] Lấy thông tin user ID: c5364d4b-1e79-40c7-9033-1c9e724ab320 từ Redis',
  level: 'debug',
  timestamp: '2026-07-29T10:01:28.643Z'
}
{
  page: '1',
  limit: '10',
  level: 'info',
  message: '[HotelController] Get all hotels with queries',
  timestamp: '2026-07-29T10:01:28.718Z'
}
{
  page: '1',
  limit: '10',
  level: 'info',
  message: '[HotelController] Get all hotels with queries',
  timestamp: '2026-07-29T10:01:28.726Z'
}
{
  message: 'Nhận tín hiệu SIGTERM. Đang đóng API Server...',
  level: 'info',
  timestamp: '2026-07-29T10:03:09.190Z'
}
{
  message: 'Express HTTP server đã đóng.',
  level: 'info',
  timestamp: '2026-07-29T10:03:09.192Z'
}
{
  message: '[Redis] Đã đóng kết nối Redis',
  level: 'info',
  timestamp: '2026-07-29T10:03:09.193Z'
}
