{
  message: '[SchedulerService] Khởi tạo các cron job...',
  level: 'info',
  timestamp: '2026-08-03T09:56:23.182Z'
}
{
  message: 'Booking API Service đang chạy tại port 3000 (Môi trường: development)',
  level: 'info',
  timestamp: '2026-08-03T09:56:24.149Z'
}
{
  message: '[Redis] Kết nối thành công tới Redis server',
  level: 'info',
  timestamp: '2026-08-03T09:56:24.165Z'
}
{
  query: [Object: null prototype] {
    location: 'Sa Pa',
    checkInDate: '2026-08-05',
    checkOutDate: '2026-08-08',
    adults: '2',
    children: '0',
    rooms: '1'
  },
  level: 'info',
  message: '[SearchController] Search hotels',
  timestamp: '2026-08-03T09:59:22.221Z'
}
{
  query: [Object: null prototype] {
    location: 'Sa Pa',
    checkInDate: '2026-08-05',
    checkOutDate: '2026-08-08',
    adults: '2',
    children: '0',
    rooms: '1'
  },
  level: 'info',
  message: '[SearchController] Search hotels',
  timestamp: '2026-08-03T09:59:37.636Z'
}
{
  message: '[SchedulerService] Đang kiểm tra các booking hết hạn thanh toán...',
  level: 'info',
  timestamp: '2026-08-03T10:00:00.026Z'
}
{
  query: [Object: null prototype] {
    location: 'Sa Pa',
    checkInDate: '2026-08-05',
    checkOutDate: '2026-08-08',
    adults: '2',
    children: '0',
    rooms: '1'
  },
  level: 'info',
  message: '[SearchController] Search hotels',
  timestamp: '2026-08-03T10:02:37.985Z'
}
{
  message: '[SchedulerService] Khởi tạo các cron job...',
  level: 'info',
  timestamp: '2026-08-03T10:03:55.721Z'
}
{
  message: 'Booking API Service đang chạy tại port 3000 (Môi trường: development)',
  level: 'info',
  timestamp: '2026-08-03T10:03:56.039Z'
}
{
  code: 'ECONNREFUSED',
  level: 'error',
  message: '[Redis] Lỗi kết nối Redis:',
  stack: 'AggregateError [ECONNREFUSED]: \n' +
    '    at internalConnectMultiple (node:net:1134:18)\n' +
    '    at afterConnectMultiple (node:net:1715:7)',
  timestamp: '2026-08-03T10:03:56.065Z'
}
{
  message: '[Redis] Đang thử kết nối lại lần 1... (delay: 50ms)',
  level: 'warn',
  timestamp: '2026-08-03T10:03:56.068Z'
}
{
  code: 'ECONNREFUSED',
  level: 'error',
  message: '[Redis] Lỗi kết nối Redis:',
  stack: 'AggregateError [ECONNREFUSED]: \n' +
    '    at internalConnectMultiple (node:net:1134:18)\n' +
    '    at afterConnectMultiple (node:net:1715:7)',
  timestamp: '2026-08-03T10:03:56.129Z'
}
{
  message: '[Redis] Đang thử kết nối lại lần 2... (delay: 100ms)',
  level: 'warn',
  timestamp: '2026-08-03T10:03:56.129Z'
}
{
  code: 'ECONNREFUSED',
  level: 'error',
  message: '[Redis] Lỗi kết nối Redis:',
  stack: 'AggregateError [ECONNREFUSED]: \n' +
    '    at internalConnectMultiple (node:net:1134:18)\n' +
    '    at afterConnectMultiple (node:net:1715:7)',
  timestamp: '2026-08-03T10:03:56.234Z'
}
{
  message: '[Redis] Đang thử kết nối lại lần 3... (delay: 150ms)',
  level: 'warn',
  timestamp: '2026-08-03T10:03:56.235Z'
}
{
  code: 'ECONNREFUSED',
  level: 'error',
  message: '[Redis] Lỗi kết nối Redis:',
  stack: 'AggregateError [ECONNREFUSED]: \n' +
    '    at internalConnectMultiple (node:net:1134:18)\n' +
    '    at afterConnectMultiple (node:net:1715:7)',
  timestamp: '2026-08-03T10:03:56.388Z'
}
{
  message: '[Redis] Đang thử kết nối lại lần 4... (delay: 200ms)',
  level: 'warn',
  timestamp: '2026-08-03T10:03:56.388Z'
}
{
  code: 'ECONNREFUSED',
  level: 'error',
  message: '[Redis] Lỗi kết nối Redis:',
  stack: 'AggregateError [ECONNREFUSED]: \n' +
    '    at internalConnectMultiple (node:net:1134:18)\n' +
    '    at afterConnectMultiple (node:net:1715:7)',
  timestamp: '2026-08-03T10:03:56.605Z'
}
{
  message: '[Redis] Đang thử kết nối lại lần 5... (delay: 250ms)',
  level: 'warn',
  timestamp: '2026-08-03T10:03:56.605Z'
}
{
  code: 'ECONNREFUSED',
  level: 'error',
  message: '[Redis] Lỗi kết nối Redis:',
  stack: 'AggregateError [ECONNREFUSED]: \n' +
    '    at internalConnectMultiple (node:net:1134:18)\n' +
    '    at afterConnectMultiple (node:net:1715:7)',
  timestamp: '2026-08-03T10:03:56.870Z'
}
{
  message: '[Redis] Đang thử kết nối lại lần 6... (delay: 300ms)',
  level: 'warn',
  timestamp: '2026-08-03T10:03:56.870Z'
}
{
  code: 'ECONNREFUSED',
  level: 'error',
  message: '[Redis] Lỗi kết nối Redis:',
  stack: 'AggregateError [ECONNREFUSED]: \n' +
    '    at internalConnectMultiple (node:net:1134:18)\n' +
    '    at afterConnectMultiple (node:net:1715:7)',
  timestamp: '2026-08-03T10:03:57.181Z'
}
{
  message: '[Redis] Đang thử kết nối lại lần 7... (delay: 350ms)',
  level: 'warn',
  timestamp: '2026-08-03T10:03:57.182Z'
}
{
  code: 'ECONNREFUSED',
  level: 'error',
  message: '[Redis] Lỗi kết nối Redis:',
  stack: 'AggregateError [ECONNREFUSED]: \n' +
    '    at internalConnectMultiple (node:net:1134:18)\n' +
    '    at afterConnectMultiple (node:net:1715:7)',
  timestamp: '2026-08-03T10:03:57.537Z'
}
{
  message: '[Redis] Đang thử kết nối lại lần 8... (delay: 400ms)',
  level: 'warn',
  timestamp: '2026-08-03T10:03:57.537Z'
}
{
  code: 'ECONNREFUSED',
  level: 'error',
  message: '[Redis] Lỗi kết nối Redis:',
  stack: 'AggregateError [ECONNREFUSED]: \n' +
    '    at internalConnectMultiple (node:net:1134:18)\n' +
    '    at afterConnectMultiple (node:net:1715:7)',
  timestamp: '2026-08-03T10:03:57.941Z'
}
{
  message: '[Redis] Đang thử kết nối lại lần 9... (delay: 450ms)',
  level: 'warn',
  timestamp: '2026-08-03T10:03:57.942Z'
}
{
  code: 'ECONNREFUSED',
  level: 'error',
  message: '[Redis] Lỗi kết nối Redis:',
  stack: 'AggregateError [ECONNREFUSED]: \n' +
    '    at internalConnectMultiple (node:net:1134:18)\n' +
    '    at afterConnectMultiple (node:net:1715:7)',
  timestamp: '2026-08-03T10:03:58.405Z'
}
{
  message: '[Redis] Đang thử kết nối lại lần 10... (delay: 500ms)',
  level: 'warn',
  timestamp: '2026-08-03T10:03:58.405Z'
}
{
  code: 'ECONNREFUSED',
  level: 'error',
  message: '[Redis] Lỗi kết nối Redis:',
  stack: 'AggregateError [ECONNREFUSED]: \n' +
    '    at internalConnectMultiple (node:net:1134:18)\n' +
    '    at afterConnectMultiple (node:net:1715:7)',
  timestamp: '2026-08-03T10:03:58.918Z'
}
{
  message: '[Redis] Đang thử kết nối lại lần 11... (delay: 550ms)',
  level: 'warn',
  timestamp: '2026-08-03T10:03:58.919Z'
}
{
  code: 'ECONNREFUSED',
  level: 'error',
  message: '[Redis] Lỗi kết nối Redis:',
  stack: 'AggregateError [ECONNREFUSED]: \n' +
    '    at internalConnectMultiple (node:net:1134:18)\n' +
    '    at afterConnectMultiple (node:net:1715:7)',
  timestamp: '2026-08-03T10:03:59.489Z'
}
{
  message: '[Redis] Đang thử kết nối lại lần 12... (delay: 600ms)',
  level: 'warn',
  timestamp: '2026-08-03T10:03:59.496Z'
}
{
  code: 'ECONNREFUSED',
  level: 'error',
  message: '[Redis] Lỗi kết nối Redis:',
  stack: 'AggregateError [ECONNREFUSED]: \n' +
    '    at internalConnectMultiple (node:net:1134:18)\n' +
    '    at afterConnectMultiple (node:net:1715:7)',
  timestamp: '2026-08-03T10:04:00.114Z'
}
{
  message: '[Redis] Đang thử kết nối lại lần 13... (delay: 650ms)',
  level: 'warn',
  timestamp: '2026-08-03T10:04:00.115Z'
}
{
  code: 'ECONNREFUSED',
  level: 'error',
  message: '[Redis] Lỗi kết nối Redis:',
  stack: 'AggregateError [ECONNREFUSED]: \n' +
    '    at internalConnectMultiple (node:net:1134:18)\n' +
    '    at afterConnectMultiple (node:net:1715:7)',
  timestamp: '2026-08-03T10:04:00.768Z'
}
{
  message: '[Redis] Đang thử kết nối lại lần 14... (delay: 700ms)',
  level: 'warn',
  timestamp: '2026-08-03T10:04:00.769Z'
}
{
  code: 'ECONNREFUSED',
  level: 'error',
  message: '[Redis] Lỗi kết nối Redis:',
  stack: 'AggregateError [ECONNREFUSED]: \n' +
    '    at internalConnectMultiple (node:net:1134:18)\n' +
    '    at afterConnectMultiple (node:net:1715:7)',
  timestamp: '2026-08-03T10:04:01.490Z'
}
{
  message: '[Redis] Đang thử kết nối lại lần 15... (delay: 750ms)',
  level: 'warn',
  timestamp: '2026-08-03T10:04:01.491Z'
}
{
  code: 'ECONNREFUSED',
  level: 'error',
  message: '[Redis] Lỗi kết nối Redis:',
  stack: 'AggregateError [ECONNREFUSED]: \n' +
    '    at internalConnectMultiple (node:net:1134:18)\n' +
    '    at afterConnectMultiple (node:net:1715:7)',
  timestamp: '2026-08-03T10:04:02.249Z'
}
{
  message: '[Redis] Đang thử kết nối lại lần 16... (delay: 800ms)',
  level: 'warn',
  timestamp: '2026-08-03T10:04:02.250Z'
}
{
  code: 'ECONNREFUSED',
  level: 'error',
  message: '[Redis] Lỗi kết nối Redis:',
  stack: 'AggregateError [ECONNREFUSED]: \n' +
    '    at internalConnectMultiple (node:net:1134:18)\n' +
    '    at afterConnectMultiple (node:net:1715:7)',
  timestamp: '2026-08-03T10:04:03.055Z'
}
{
  message: '[Redis] Đang thử kết nối lại lần 17... (delay: 850ms)',
  level: 'warn',
  timestamp: '2026-08-03T10:04:03.055Z'
}
{
  code: 'ECONNREFUSED',
  level: 'error',
  message: '[Redis] Lỗi kết nối Redis:',
  stack: 'AggregateError [ECONNREFUSED]: \n' +
    '    at internalConnectMultiple (node:net:1134:18)\n' +
    '    at afterConnectMultiple (node:net:1715:7)',
  timestamp: '2026-08-03T10:04:03.912Z'
}
{
  message: '[Redis] Đang thử kết nối lại lần 18... (delay: 900ms)',
  level: 'warn',
  timestamp: '2026-08-03T10:04:03.913Z'
}
{
  code: 'ECONNREFUSED',
  level: 'error',
  message: '[Redis] Lỗi kết nối Redis:',
  stack: 'AggregateError [ECONNREFUSED]: \n' +
    '    at internalConnectMultiple (node:net:1134:18)\n' +
    '    at afterConnectMultiple (node:net:1715:7)',
  timestamp: '2026-08-03T10:04:04.819Z'
}
{
  message: '[Redis] Đang thử kết nối lại lần 19... (delay: 950ms)',
  level: 'warn',
  timestamp: '2026-08-03T10:04:04.820Z'
}
{
  code: 'ECONNREFUSED',
  level: 'error',
  message: '[Redis] Lỗi kết nối Redis:',
  stack: 'AggregateError [ECONNREFUSED]: \n' +
    '    at internalConnectMultiple (node:net:1134:18)\n' +
    '    at afterConnectMultiple (node:net:1715:7)',
  timestamp: '2026-08-03T10:04:05.780Z'
}
{
  message: '[Redis] Đang thử kết nối lại lần 20... (delay: 1000ms)',
  level: 'warn',
  timestamp: '2026-08-03T10:04:05.781Z'
}
{
  code: 'ECONNREFUSED',
  level: 'error',
  message: '[Redis] Lỗi kết nối Redis:',
  stack: 'AggregateError [ECONNREFUSED]: \n' +
    '    at internalConnectMultiple (node:net:1134:18)\n' +
    '    at afterConnectMultiple (node:net:1715:7)',
  timestamp: '2026-08-03T10:04:06.789Z'
}
{
  message: '[Redis] Đang thử kết nối lại lần 21... (delay: 1050ms)',
  level: 'warn',
  timestamp: '2026-08-03T10:04:06.789Z'
}
{
  code: 'ECONNREFUSED',
  level: 'error',
  message: '[Redis] Lỗi kết nối Redis:',
  stack: 'AggregateError [ECONNREFUSED]: \n' +
    '    at internalConnectMultiple (node:net:1134:18)\n' +
    '    at afterConnectMultiple (node:net:1715:7)',
  timestamp: '2026-08-03T10:04:07.843Z'
}
{
  message: '[Redis] Đang thử kết nối lại lần 22... (delay: 1100ms)',
  level: 'warn',
  timestamp: '2026-08-03T10:04:07.843Z'
}
{
  code: 'ECONNREFUSED',
  level: 'error',
  message: '[Redis] Lỗi kết nối Redis:',
  stack: 'AggregateError [ECONNREFUSED]: \n' +
    '    at internalConnectMultiple (node:net:1134:18)\n' +
    '    at afterConnectMultiple (node:net:1715:7)',
  timestamp: '2026-08-03T10:04:08.951Z'
}
{
  message: '[Redis] Đang thử kết nối lại lần 23... (delay: 1150ms)',
  level: 'warn',
  timestamp: '2026-08-03T10:04:08.951Z'
}
{
  code: 'ECONNREFUSED',
  level: 'error',
  message: '[Redis] Lỗi kết nối Redis:',
  stack: 'AggregateError [ECONNREFUSED]: \n' +
    '    at internalConnectMultiple (node:net:1134:18)\n' +
    '    at afterConnectMultiple (node:net:1715:7)',
  timestamp: '2026-08-03T10:04:10.104Z'
}
{
  message: '[Redis] Đang thử kết nối lại lần 24... (delay: 1200ms)',
  level: 'warn',
  timestamp: '2026-08-03T10:04:10.104Z'
}
{
  code: 'ECONNREFUSED',
  level: 'error',
  message: '[Redis] Lỗi kết nối Redis:',
  stack: 'AggregateError [ECONNREFUSED]: \n' +
    '    at internalConnectMultiple (node:net:1134:18)\n' +
    '    at afterConnectMultiple (node:net:1715:7)',
  timestamp: '2026-08-03T10:04:11.313Z'
}
{
  message: '[Redis] Đang thử kết nối lại lần 25... (delay: 1250ms)',
  level: 'warn',
  timestamp: '2026-08-03T10:04:11.313Z'
}
{
  code: 'ECONNREFUSED',
  level: 'error',
  message: '[Redis] Lỗi kết nối Redis:',
  stack: 'AggregateError [ECONNREFUSED]: \n' +
    '    at internalConnectMultiple (node:net:1134:18)\n' +
    '    at afterConnectMultiple (node:net:1715:7)',
  timestamp: '2026-08-03T10:04:12.573Z'
}
{
  message: '[Redis] Đang thử kết nối lại lần 26... (delay: 1300ms)',
  level: 'warn',
  timestamp: '2026-08-03T10:04:12.574Z'
}
{
  code: 'ECONNREFUSED',
  level: 'error',
  message: '[Redis] Lỗi kết nối Redis:',
  stack: 'AggregateError [ECONNREFUSED]: \n' +
    '    at internalConnectMultiple (node:net:1134:18)\n' +
    '    at afterConnectMultiple (node:net:1715:7)',
  timestamp: '2026-08-03T10:04:13.878Z'
}
{
  message: '[Redis] Đang thử kết nối lại lần 27... (delay: 1350ms)',
  level: 'warn',
  timestamp: '2026-08-03T10:04:13.879Z'
}
{
  code: 'ECONNREFUSED',
  level: 'error',
  message: '[Redis] Lỗi kết nối Redis:',
  stack: 'AggregateError [ECONNREFUSED]: \n' +
    '    at internalConnectMultiple (node:net:1134:18)\n' +
    '    at afterConnectMultiple (node:net:1715:7)',
  timestamp: '2026-08-03T10:04:15.244Z'
}
{
  message: '[Redis] Đang thử kết nối lại lần 28... (delay: 1400ms)',
  level: 'warn',
  timestamp: '2026-08-03T10:04:15.245Z'
}
{
  code: 'ECONNREFUSED',
  level: 'error',
  message: '[Redis] Lỗi kết nối Redis:',
  stack: 'AggregateError [ECONNREFUSED]: \n' +
    '    at internalConnectMultiple (node:net:1134:18)\n' +
    '    at afterConnectMultiple (node:net:1715:7)',
  timestamp: '2026-08-03T10:04:16.662Z'
}
{
  message: '[Redis] Đang thử kết nối lại lần 29... (delay: 1450ms)',
  level: 'warn',
  timestamp: '2026-08-03T10:04:16.662Z'
}
{
  code: 'ECONNREFUSED',
  level: 'error',
  message: '[Redis] Lỗi kết nối Redis:',
  stack: 'AggregateError [ECONNREFUSED]: \n' +
    '    at internalConnectMultiple (node:net:1134:18)\n' +
    '    at afterConnectMultiple (node:net:1715:7)',
  timestamp: '2026-08-03T10:04:18.127Z'
}
{
  message: '[Redis] Đang thử kết nối lại lần 30... (delay: 1500ms)',
  level: 'warn',
  timestamp: '2026-08-03T10:04:18.128Z'
}
{
  code: 'ECONNREFUSED',
  level: 'error',
  message: '[Redis] Lỗi kết nối Redis:',
  stack: 'AggregateError [ECONNREFUSED]: \n' +
    '    at internalConnectMultiple (node:net:1134:18)\n' +
    '    at afterConnectMultiple (node:net:1715:7)',
  timestamp: '2026-08-03T10:04:19.636Z'
}
{
  message: '[Redis] Đang thử kết nối lại lần 31... (delay: 1550ms)',
  level: 'warn',
  timestamp: '2026-08-03T10:04:19.636Z'
}
{
  code: 'ECONNREFUSED',
  level: 'error',
  message: '[Redis] Lỗi kết nối Redis:',
  stack: 'AggregateError [ECONNREFUSED]: \n' +
    '    at internalConnectMultiple (node:net:1134:18)\n' +
    '    at afterConnectMultiple (node:net:1715:7)',
  timestamp: '2026-08-03T10:04:21.198Z'
}
{
  message: '[Redis] Đang thử kết nối lại lần 32... (delay: 1600ms)',
  level: 'warn',
  timestamp: '2026-08-03T10:04:21.198Z'
}
{
  code: 'ECONNREFUSED',
  level: 'error',
  message: '[Redis] Lỗi kết nối Redis:',
  stack: 'AggregateError [ECONNREFUSED]: \n' +
    '    at internalConnectMultiple (node:net:1134:18)\n' +
    '    at afterConnectMultiple (node:net:1715:7)',
  timestamp: '2026-08-03T10:04:22.813Z'
}
{
  message: '[Redis] Đang thử kết nối lại lần 33... (delay: 1650ms)',
  level: 'warn',
  timestamp: '2026-08-03T10:04:22.813Z'
}
{
  code: 'ECONNREFUSED',
  level: 'error',
  message: '[Redis] Lỗi kết nối Redis:',
  stack: 'AggregateError [ECONNREFUSED]: \n' +
    '    at internalConnectMultiple (node:net:1134:18)\n' +
    '    at afterConnectMultiple (node:net:1715:7)',
  timestamp: '2026-08-03T10:04:24.471Z'
}
{
  message: '[Redis] Đang thử kết nối lại lần 34... (delay: 1700ms)',
  level: 'warn',
  timestamp: '2026-08-03T10:04:24.471Z'
}
{
  code: 'ECONNREFUSED',
  level: 'error',
  message: '[Redis] Lỗi kết nối Redis:',
  stack: 'AggregateError [ECONNREFUSED]: \n' +
    '    at internalConnectMultiple (node:net:1134:18)\n' +
    '    at afterConnectMultiple (node:net:1715:7)',
  timestamp: '2026-08-03T10:04:26.187Z'
}
{
  message: '[Redis] Đang thử kết nối lại lần 35... (delay: 1750ms)',
  level: 'warn',
  timestamp: '2026-08-03T10:04:26.188Z'
}
{
  code: 'ECONNREFUSED',
  level: 'error',
  message: '[Redis] Lỗi kết nối Redis:',
  stack: 'AggregateError [ECONNREFUSED]: \n' +
    '    at internalConnectMultiple (node:net:1134:18)\n' +
    '    at afterConnectMultiple (node:net:1715:7)',
  timestamp: '2026-08-03T10:04:27.954Z'
}
{
  message: '[Redis] Đang thử kết nối lại lần 36... (delay: 1800ms)',
  level: 'warn',
  timestamp: '2026-08-03T10:04:27.955Z'
}
{
  code: 'ECONNREFUSED',
  level: 'error',
  message: '[Redis] Lỗi kết nối Redis:',
  stack: 'AggregateError [ECONNREFUSED]: \n' +
    '    at internalConnectMultiple (node:net:1134:18)\n' +
    '    at afterConnectMultiple (node:net:1715:7)',
  timestamp: '2026-08-03T10:04:29.761Z'
}
{
  message: '[Redis] Đang thử kết nối lại lần 37... (delay: 1850ms)',
  level: 'warn',
  timestamp: '2026-08-03T10:04:29.762Z'
}
{
  code: 'ECONNREFUSED',
  level: 'error',
  message: '[Redis] Lỗi kết nối Redis:',
  stack: 'AggregateError [ECONNREFUSED]: \n' +
    '    at internalConnectMultiple (node:net:1134:18)\n' +
    '    at afterConnectMultiple (node:net:1715:7)',
  timestamp: '2026-08-03T10:04:31.624Z'
}
{
  message: '[Redis] Đang thử kết nối lại lần 38... (delay: 1900ms)',
  level: 'warn',
  timestamp: '2026-08-03T10:04:31.625Z'
}
{
  code: 'ECONNREFUSED',
  level: 'error',
  message: '[Redis] Lỗi kết nối Redis:',
  stack: 'AggregateError [ECONNREFUSED]: \n' +
    '    at internalConnectMultiple (node:net:1134:18)\n' +
    '    at afterConnectMultiple (node:net:1715:7)',
  timestamp: '2026-08-03T10:04:33.539Z'
}
{
  message: '[Redis] Đang thử kết nối lại lần 39... (delay: 1950ms)',
  level: 'warn',
  timestamp: '2026-08-03T10:04:33.540Z'
}
{
  code: 'ECONNREFUSED',
  level: 'error',
  message: '[Redis] Lỗi kết nối Redis:',
  stack: 'AggregateError [ECONNREFUSED]: \n' +
    '    at internalConnectMultiple (node:net:1134:18)\n' +
    '    at afterConnectMultiple (node:net:1715:7)',
  timestamp: '2026-08-03T10:04:35.505Z'
}
{
  message: '[Redis] Đang thử kết nối lại lần 40... (delay: 2000ms)',
  level: 'warn',
  timestamp: '2026-08-03T10:04:35.505Z'
}
{
  code: 'ECONNREFUSED',
  level: 'error',
  message: '[Redis] Lỗi kết nối Redis:',
  stack: 'AggregateError [ECONNREFUSED]: \n' +
    '    at internalConnectMultiple (node:net:1134:18)\n' +
    '    at afterConnectMultiple (node:net:1715:7)',
  timestamp: '2026-08-03T10:04:37.522Z'
}
{
  message: '[Redis] Đang thử kết nối lại lần 41... (delay: 2000ms)',
  level: 'warn',
  timestamp: '2026-08-03T10:04:37.522Z'
}
{
  code: 'ECONNREFUSED',
  level: 'error',
  message: '[Redis] Lỗi kết nối Redis:',
  stack: 'AggregateError [ECONNREFUSED]: \n' +
    '    at internalConnectMultiple (node:net:1134:18)\n' +
    '    at afterConnectMultiple (node:net:1715:7)',
  timestamp: '2026-08-03T10:04:39.539Z'
}
{
  message: '[Redis] Đang thử kết nối lại lần 42... (delay: 2000ms)',
  level: 'warn',
  timestamp: '2026-08-03T10:04:39.540Z'
}
{
  code: 'ECONNREFUSED',
  level: 'error',
  message: '[Redis] Lỗi kết nối Redis:',
  stack: 'AggregateError [ECONNREFUSED]: \n' +
    '    at internalConnectMultiple (node:net:1134:18)\n' +
    '    at afterConnectMultiple (node:net:1715:7)',
  timestamp: '2026-08-03T10:04:41.545Z'
}
{
  message: '[Redis] Đang thử kết nối lại lần 43... (delay: 2000ms)',
  level: 'warn',
  timestamp: '2026-08-03T10:04:41.545Z'
}
{
  code: 'ECONNREFUSED',
  level: 'error',
  message: '[Redis] Lỗi kết nối Redis:',
  stack: 'AggregateError [ECONNREFUSED]: \n' +
    '    at internalConnectMultiple (node:net:1134:18)\n' +
    '    at afterConnectMultiple (node:net:1715:7)',
  timestamp: '2026-08-03T10:04:43.562Z'
}
{
  message: '[Redis] Đang thử kết nối lại lần 44... (delay: 2000ms)',
  level: 'warn',
  timestamp: '2026-08-03T10:04:43.562Z'
}
{
  code: 'ECONNREFUSED',
  level: 'error',
  message: '[Redis] Lỗi kết nối Redis:',
  stack: 'AggregateError [ECONNREFUSED]: \n' +
    '    at internalConnectMultiple (node:net:1134:18)\n' +
    '    at afterConnectMultiple (node:net:1715:7)',
  timestamp: '2026-08-03T10:04:45.575Z'
}
{
  message: '[Redis] Đang thử kết nối lại lần 45... (delay: 2000ms)',
  level: 'warn',
  timestamp: '2026-08-03T10:04:45.576Z'
}
{
  code: 'ECONNREFUSED',
  level: 'error',
  message: '[Redis] Lỗi kết nối Redis:',
  stack: 'AggregateError [ECONNREFUSED]: \n' +
    '    at internalConnectMultiple (node:net:1134:18)\n' +
    '    at afterConnectMultiple (node:net:1715:7)',
  timestamp: '2026-08-03T10:04:47.594Z'
}
{
  message: '[Redis] Đang thử kết nối lại lần 46... (delay: 2000ms)',
  level: 'warn',
  timestamp: '2026-08-03T10:04:47.594Z'
}
{
  code: 'ECONNREFUSED',
  level: 'error',
  message: '[Redis] Lỗi kết nối Redis:',
  stack: 'AggregateError [ECONNREFUSED]: \n' +
    '    at internalConnectMultiple (node:net:1134:18)\n' +
    '    at afterConnectMultiple (node:net:1715:7)',
  timestamp: '2026-08-03T10:04:49.603Z'
}
{
  message: '[Redis] Đang thử kết nối lại lần 47... (delay: 2000ms)',
  level: 'warn',
  timestamp: '2026-08-03T10:04:49.603Z'
}
{
  code: 'ECONNREFUSED',
  level: 'error',
  message: '[Redis] Lỗi kết nối Redis:',
  stack: 'AggregateError [ECONNREFUSED]: \n' +
    '    at internalConnectMultiple (node:net:1134:18)\n' +
    '    at afterConnectMultiple (node:net:1715:7)',
  timestamp: '2026-08-03T10:04:51.611Z'
}
{
  message: '[Redis] Đang thử kết nối lại lần 48... (delay: 2000ms)',
  level: 'warn',
  timestamp: '2026-08-03T10:04:51.611Z'
}
{
  code: 'ECONNREFUSED',
  level: 'error',
  message: '[Redis] Lỗi kết nối Redis:',
  stack: 'AggregateError [ECONNREFUSED]: \n' +
    '    at internalConnectMultiple (node:net:1134:18)\n' +
    '    at afterConnectMultiple (node:net:1715:7)',
  timestamp: '2026-08-03T10:04:53.617Z'
}
{
  message: '[Redis] Đang thử kết nối lại lần 49... (delay: 2000ms)',
  level: 'warn',
  timestamp: '2026-08-03T10:04:53.617Z'
}
{
  code: 'ECONNREFUSED',
  level: 'error',
  message: '[Redis] Lỗi kết nối Redis:',
  stack: 'AggregateError [ECONNREFUSED]: \n' +
    '    at internalConnectMultiple (node:net:1134:18)\n' +
    '    at afterConnectMultiple (node:net:1715:7)',
  timestamp: '2026-08-03T10:04:55.622Z'
}
{
  message: '[Redis] Đang thử kết nối lại lần 50... (delay: 2000ms)',
  level: 'warn',
  timestamp: '2026-08-03T10:04:55.622Z'
}
{
  code: 'ECONNREFUSED',
  level: 'error',
  message: '[Redis] Lỗi kết nối Redis:',
  stack: 'AggregateError [ECONNREFUSED]: \n' +
    '    at internalConnectMultiple (node:net:1134:18)\n' +
    '    at afterConnectMultiple (node:net:1715:7)',
  timestamp: '2026-08-03T10:04:57.630Z'
}
{
  message: '[Redis] Đang thử kết nối lại lần 51... (delay: 2000ms)',
  level: 'warn',
  timestamp: '2026-08-03T10:04:57.631Z'
}
{
  code: 'ECONNREFUSED',
  level: 'error',
  message: '[Redis] Lỗi kết nối Redis:',
  stack: 'AggregateError [ECONNREFUSED]: \n' +
    '    at internalConnectMultiple (node:net:1134:18)\n' +
    '    at afterConnectMultiple (node:net:1715:7)',
  timestamp: '2026-08-03T10:04:59.640Z'
}
{
  message: '[Redis] Đang thử kết nối lại lần 52... (delay: 2000ms)',
  level: 'warn',
  timestamp: '2026-08-03T10:04:59.640Z'
}
{
  message: '[SchedulerService] Đang kiểm tra các booking hết hạn thanh toán...',
  level: 'info',
  timestamp: '2026-08-03T10:05:00.016Z'
}
{
  message: '[SchedulerService] Đang kiểm tra các booking hết hạn thanh toán...',
  level: 'info',
  timestamp: '2026-08-03T10:05:00.014Z'
}
{
  code: 'ECONNREFUSED',
  level: 'error',
  message: '[Redis] Lỗi kết nối Redis:',
  stack: 'AggregateError [ECONNREFUSED]: \n' +
    '    at internalConnectMultiple (node:net:1134:18)\n' +
    '    at afterConnectMultiple (node:net:1715:7)',
  timestamp: '2026-08-03T10:05:01.645Z'
}
{
  message: '[Redis] Đang thử kết nối lại lần 53... (delay: 2000ms)',
  level: 'warn',
  timestamp: '2026-08-03T10:05:01.646Z'
}
{
  code: 'ECONNREFUSED',
  level: 'error',
  message: '[Redis] Lỗi kết nối Redis:',
  stack: 'AggregateError [ECONNREFUSED]: \n' +
    '    at internalConnectMultiple (node:net:1134:18)\n' +
    '    at afterConnectMultiple (node:net:1715:7)',
  timestamp: '2026-08-03T10:05:03.653Z'
}
{
  message: '[Redis] Đang thử kết nối lại lần 54... (delay: 2000ms)',
  level: 'warn',
  timestamp: '2026-08-03T10:05:03.653Z'
}
{
  code: 'ECONNREFUSED',
  level: 'error',
  message: '[Redis] Lỗi kết nối Redis:',
  stack: 'AggregateError [ECONNREFUSED]: \n' +
    '    at internalConnectMultiple (node:net:1134:18)\n' +
    '    at afterConnectMultiple (node:net:1715:7)',
  timestamp: '2026-08-03T10:05:05.657Z'
}
{
  message: '[Redis] Đang thử kết nối lại lần 55... (delay: 2000ms)',
  level: 'warn',
  timestamp: '2026-08-03T10:05:05.657Z'
}
{
  code: 'ECONNREFUSED',
  level: 'error',
  message: '[Redis] Lỗi kết nối Redis:',
  stack: 'AggregateError [ECONNREFUSED]: \n' +
    '    at internalConnectMultiple (node:net:1134:18)\n' +
    '    at afterConnectMultiple (node:net:1715:7)',
  timestamp: '2026-08-03T10:05:07.663Z'
}
{
  message: '[Redis] Đang thử kết nối lại lần 56... (delay: 2000ms)',
  level: 'warn',
  timestamp: '2026-08-03T10:05:07.663Z'
}
{
  code: 'ECONNREFUSED',
  level: 'error',
  message: '[Redis] Lỗi kết nối Redis:',
  stack: 'AggregateError [ECONNREFUSED]: \n' +
    '    at internalConnectMultiple (node:net:1134:18)\n' +
    '    at afterConnectMultiple (node:net:1715:7)',
  timestamp: '2026-08-03T10:05:09.675Z'
}
{
  message: '[Redis] Đang thử kết nối lại lần 57... (delay: 2000ms)',
  level: 'warn',
  timestamp: '2026-08-03T10:05:09.675Z'
}
{
  code: 'ECONNREFUSED',
  level: 'error',
  message: '[Redis] Lỗi kết nối Redis:',
  stack: 'AggregateError [ECONNREFUSED]: \n' +
    '    at internalConnectMultiple (node:net:1134:18)\n' +
    '    at afterConnectMultiple (node:net:1715:7)',
  timestamp: '2026-08-03T10:05:11.690Z'
}
{
  message: '[Redis] Đang thử kết nối lại lần 58... (delay: 2000ms)',
  level: 'warn',
  timestamp: '2026-08-03T10:05:11.690Z'
}
{
  code: 'ECONNREFUSED',
  level: 'error',
  message: '[Redis] Lỗi kết nối Redis:',
  stack: 'AggregateError [ECONNREFUSED]: \n' +
    '    at internalConnectMultiple (node:net:1134:18)\n' +
    '    at afterConnectMultiple (node:net:1715:7)',
  timestamp: '2026-08-03T10:05:13.697Z'
}
{
  message: '[Redis] Đang thử kết nối lại lần 59... (delay: 2000ms)',
  level: 'warn',
  timestamp: '2026-08-03T10:05:13.697Z'
}
{
  code: 'ECONNREFUSED',
  level: 'error',
  message: '[Redis] Lỗi kết nối Redis:',
  stack: 'AggregateError [ECONNREFUSED]: \n' +
    '    at internalConnectMultiple (node:net:1134:18)\n' +
    '    at afterConnectMultiple (node:net:1715:7)',
  timestamp: '2026-08-03T10:05:15.710Z'
}
{
  message: '[Redis] Đang thử kết nối lại lần 60... (delay: 2000ms)',
  level: 'warn',
  timestamp: '2026-08-03T10:05:15.711Z'
}
{
  code: 'ECONNREFUSED',
  level: 'error',
  message: '[Redis] Lỗi kết nối Redis:',
  stack: 'AggregateError [ECONNREFUSED]: \n' +
    '    at internalConnectMultiple (node:net:1134:18)\n' +
    '    at afterConnectMultiple (node:net:1715:7)',
  timestamp: '2026-08-03T10:05:17.723Z'
}
{
  message: '[Redis] Đang thử kết nối lại lần 61... (delay: 2000ms)',
  level: 'warn',
  timestamp: '2026-08-03T10:05:17.723Z'
}
{
  code: 'ECONNREFUSED',
  level: 'error',
  message: '[Redis] Lỗi kết nối Redis:',
  stack: 'AggregateError [ECONNREFUSED]: \n' +
    '    at internalConnectMultiple (node:net:1134:18)\n' +
    '    at afterConnectMultiple (node:net:1715:7)',
  timestamp: '2026-08-03T10:05:19.733Z'
}
{
  message: '[Redis] Đang thử kết nối lại lần 62... (delay: 2000ms)',
  level: 'warn',
  timestamp: '2026-08-03T10:05:19.733Z'
}
{
  code: 'ECONNREFUSED',
  level: 'error',
  message: '[Redis] Lỗi kết nối Redis:',
  stack: 'AggregateError [ECONNREFUSED]: \n' +
    '    at internalConnectMultiple (node:net:1134:18)\n' +
    '    at afterConnectMultiple (node:net:1715:7)',
  timestamp: '2026-08-03T10:05:21.746Z'
}
{
  message: '[Redis] Đang thử kết nối lại lần 63... (delay: 2000ms)',
  level: 'warn',
  timestamp: '2026-08-03T10:05:21.747Z'
}
{
  code: 'ECONNREFUSED',
  level: 'error',
  message: '[Redis] Lỗi kết nối Redis:',
  stack: 'AggregateError [ECONNREFUSED]: \n' +
    '    at internalConnectMultiple (node:net:1134:18)\n' +
    '    at afterConnectMultiple (node:net:1715:7)',
  timestamp: '2026-08-03T10:05:23.757Z'
}
{
  message: '[Redis] Đang thử kết nối lại lần 64... (delay: 2000ms)',
  level: 'warn',
  timestamp: '2026-08-03T10:05:23.758Z'
}
{
  code: 'ECONNREFUSED',
  level: 'error',
  message: '[Redis] Lỗi kết nối Redis:',
  stack: 'AggregateError [ECONNREFUSED]: \n' +
    '    at internalConnectMultiple (node:net:1134:18)\n' +
    '    at afterConnectMultiple (node:net:1715:7)',
  timestamp: '2026-08-03T10:05:25.765Z'
}
{
  message: '[Redis] Đang thử kết nối lại lần 65... (delay: 2000ms)',
  level: 'warn',
  timestamp: '2026-08-03T10:05:25.766Z'
}
{
  code: 'ECONNREFUSED',
  level: 'error',
  message: '[Redis] Lỗi kết nối Redis:',
  stack: 'AggregateError [ECONNREFUSED]: \n' +
    '    at internalConnectMultiple (node:net:1134:18)\n' +
    '    at afterConnectMultiple (node:net:1715:7)',
  timestamp: '2026-08-03T10:05:27.774Z'
}
{
  message: '[Redis] Đang thử kết nối lại lần 66... (delay: 2000ms)',
  level: 'warn',
  timestamp: '2026-08-03T10:05:27.775Z'
}
{
  code: 'ECONNREFUSED',
  level: 'error',
  message: '[Redis] Lỗi kết nối Redis:',
  stack: 'AggregateError [ECONNREFUSED]: \n' +
    '    at internalConnectMultiple (node:net:1134:18)\n' +
    '    at afterConnectMultiple (node:net:1715:7)',
  timestamp: '2026-08-03T10:05:29.784Z'
}
{
  message: '[Redis] Đang thử kết nối lại lần 67... (delay: 2000ms)',
  level: 'warn',
  timestamp: '2026-08-03T10:05:29.784Z'
}
{
  code: 'ECONNREFUSED',
  level: 'error',
  message: '[Redis] Lỗi kết nối Redis:',
  stack: 'AggregateError [ECONNREFUSED]: \n' +
    '    at internalConnectMultiple (node:net:1134:18)\n' +
    '    at afterConnectMultiple (node:net:1715:7)',
  timestamp: '2026-08-03T10:05:31.801Z'
}
{
  message: '[Redis] Đang thử kết nối lại lần 68... (delay: 2000ms)',
  level: 'warn',
  timestamp: '2026-08-03T10:05:31.801Z'
}
{
  code: 'ECONNREFUSED',
  level: 'error',
  message: '[Redis] Lỗi kết nối Redis:',
  stack: 'AggregateError [ECONNREFUSED]: \n' +
    '    at internalConnectMultiple (node:net:1134:18)\n' +
    '    at afterConnectMultiple (node:net:1715:7)',
  timestamp: '2026-08-03T10:05:33.814Z'
}
{
  message: '[Redis] Đang thử kết nối lại lần 69... (delay: 2000ms)',
  level: 'warn',
  timestamp: '2026-08-03T10:05:33.815Z'
}
{
  code: 'ECONNREFUSED',
  level: 'error',
  message: '[Redis] Lỗi kết nối Redis:',
  stack: 'AggregateError [ECONNREFUSED]: \n' +
    '    at internalConnectMultiple (node:net:1134:18)\n' +
    '    at afterConnectMultiple (node:net:1715:7)',
  timestamp: '2026-08-03T10:05:35.832Z'
}
{
  message: '[Redis] Đang thử kết nối lại lần 70... (delay: 2000ms)',
  level: 'warn',
  timestamp: '2026-08-03T10:05:35.833Z'
}
{
  code: 'ECONNREFUSED',
  level: 'error',
  message: '[Redis] Lỗi kết nối Redis:',
  stack: 'AggregateError [ECONNREFUSED]: \n' +
    '    at internalConnectMultiple (node:net:1134:18)\n' +
    '    at afterConnectMultiple (node:net:1715:7)',
  timestamp: '2026-08-03T10:05:37.842Z'
}
{
  message: '[Redis] Đang thử kết nối lại lần 71... (delay: 2000ms)',
  level: 'warn',
  timestamp: '2026-08-03T10:05:37.843Z'
}
{
  code: 'ECONNREFUSED',
  level: 'error',
  message: '[Redis] Lỗi kết nối Redis:',
  stack: 'AggregateError [ECONNREFUSED]: \n' +
    '    at internalConnectMultiple (node:net:1134:18)\n' +
    '    at afterConnectMultiple (node:net:1715:7)',
  timestamp: '2026-08-03T10:05:39.857Z'
}
{
  message: '[Redis] Đang thử kết nối lại lần 72... (delay: 2000ms)',
  level: 'warn',
  timestamp: '2026-08-03T10:05:39.857Z'
}
{
  code: 'ECONNREFUSED',
  level: 'error',
  message: '[Redis] Lỗi kết nối Redis:',
  stack: 'AggregateError [ECONNREFUSED]: \n' +
    '    at internalConnectMultiple (node:net:1134:18)\n' +
    '    at afterConnectMultiple (node:net:1715:7)',
  timestamp: '2026-08-03T10:05:41.869Z'
}
{
  message: '[Redis] Đang thử kết nối lại lần 73... (delay: 2000ms)',
  level: 'warn',
  timestamp: '2026-08-03T10:05:41.869Z'
}
{
  code: 'ECONNREFUSED',
  level: 'error',
  message: '[Redis] Lỗi kết nối Redis:',
  stack: 'AggregateError [ECONNREFUSED]: \n' +
    '    at internalConnectMultiple (node:net:1134:18)\n' +
    '    at afterConnectMultiple (node:net:1715:7)',
  timestamp: '2026-08-03T10:05:43.879Z'
}
{
  message: '[Redis] Đang thử kết nối lại lần 74... (delay: 2000ms)',
  level: 'warn',
  timestamp: '2026-08-03T10:05:43.879Z'
}
{
  code: 'ECONNREFUSED',
  level: 'error',
  message: '[Redis] Lỗi kết nối Redis:',
  stack: 'AggregateError [ECONNREFUSED]: \n' +
    '    at internalConnectMultiple (node:net:1134:18)\n' +
    '    at afterConnectMultiple (node:net:1715:7)',
  timestamp: '2026-08-03T10:05:45.886Z'
}
{
  message: '[Redis] Đang thử kết nối lại lần 75... (delay: 2000ms)',
  level: 'warn',
  timestamp: '2026-08-03T10:05:45.887Z'
}
{
  code: 'ECONNREFUSED',
  level: 'error',
  message: '[Redis] Lỗi kết nối Redis:',
  stack: 'AggregateError [ECONNREFUSED]: \n' +
    '    at internalConnectMultiple (node:net:1134:18)\n' +
    '    at afterConnectMultiple (node:net:1715:7)',
  timestamp: '2026-08-03T10:05:47.904Z'
}
{
  message: '[Redis] Đang thử kết nối lại lần 76... (delay: 2000ms)',
  level: 'warn',
  timestamp: '2026-08-03T10:05:47.904Z'
}
{
  code: 'ECONNREFUSED',
  level: 'error',
  message: '[Redis] Lỗi kết nối Redis:',
  stack: 'AggregateError [ECONNREFUSED]: \n' +
    '    at internalConnectMultiple (node:net:1134:18)\n' +
    '    at afterConnectMultiple (node:net:1715:7)',
  timestamp: '2026-08-03T10:05:49.914Z'
}
{
  message: '[Redis] Đang thử kết nối lại lần 77... (delay: 2000ms)',
  level: 'warn',
  timestamp: '2026-08-03T10:05:49.914Z'
}
{
  code: 'ECONNREFUSED',
  level: 'error',
  message: '[Redis] Lỗi kết nối Redis:',
  stack: 'AggregateError [ECONNREFUSED]: \n' +
    '    at internalConnectMultiple (node:net:1134:18)\n' +
    '    at afterConnectMultiple (node:net:1715:7)',
  timestamp: '2026-08-03T10:05:51.927Z'
}
{
  message: '[Redis] Đang thử kết nối lại lần 78... (delay: 2000ms)',
  level: 'warn',
  timestamp: '2026-08-03T10:05:51.927Z'
}
{
  code: 'ECONNREFUSED',
  level: 'error',
  message: '[Redis] Lỗi kết nối Redis:',
  stack: 'AggregateError [ECONNREFUSED]: \n' +
    '    at internalConnectMultiple (node:net:1134:18)\n' +
    '    at afterConnectMultiple (node:net:1715:7)',
  timestamp: '2026-08-03T10:05:53.936Z'
}
{
  message: '[Redis] Đang thử kết nối lại lần 79... (delay: 2000ms)',
  level: 'warn',
  timestamp: '2026-08-03T10:05:53.936Z'
}
{
  code: 'ECONNREFUSED',
  level: 'error',
  message: '[Redis] Lỗi kết nối Redis:',
  stack: 'AggregateError [ECONNREFUSED]: \n' +
    '    at internalConnectMultiple (node:net:1134:18)\n' +
    '    at afterConnectMultiple (node:net:1715:7)',
  timestamp: '2026-08-03T10:05:55.946Z'
}
{
  message: '[Redis] Đang thử kết nối lại lần 80... (delay: 2000ms)',
  level: 'warn',
  timestamp: '2026-08-03T10:05:55.947Z'
}
{
  code: 'ECONNREFUSED',
  level: 'error',
  message: '[Redis] Lỗi kết nối Redis:',
  stack: 'AggregateError [ECONNREFUSED]: \n' +
    '    at internalConnectMultiple (node:net:1134:18)\n' +
    '    at afterConnectMultiple (node:net:1715:7)',
  timestamp: '2026-08-03T10:05:57.954Z'
}
{
  message: '[Redis] Đang thử kết nối lại lần 81... (delay: 2000ms)',
  level: 'warn',
  timestamp: '2026-08-03T10:05:57.954Z'
}
{
  code: 'ECONNREFUSED',
  level: 'error',
  message: '[Redis] Lỗi kết nối Redis:',
  stack: 'AggregateError [ECONNREFUSED]: \n' +
    '    at internalConnectMultiple (node:net:1134:18)\n' +
    '    at afterConnectMultiple (node:net:1715:7)',
  timestamp: '2026-08-03T10:05:59.964Z'
}
{
  message: '[Redis] Đang thử kết nối lại lần 82... (delay: 2000ms)',
  level: 'warn',
  timestamp: '2026-08-03T10:05:59.964Z'
}
{
  code: 'ECONNREFUSED',
  level: 'error',
  message: '[Redis] Lỗi kết nối Redis:',
  stack: 'AggregateError [ECONNREFUSED]: \n' +
    '    at internalConnectMultiple (node:net:1134:18)\n' +
    '    at afterConnectMultiple (node:net:1715:7)',
  timestamp: '2026-08-03T10:06:01.979Z'
}
{
  message: '[Redis] Đang thử kết nối lại lần 83... (delay: 2000ms)',
  level: 'warn',
  timestamp: '2026-08-03T10:06:01.979Z'
}
{
  code: 'ECONNREFUSED',
  level: 'error',
  message: '[Redis] Lỗi kết nối Redis:',
  stack: 'AggregateError [ECONNREFUSED]: \n' +
    '    at internalConnectMultiple (node:net:1134:18)\n' +
    '    at afterConnectMultiple (node:net:1715:7)',
  timestamp: '2026-08-03T10:06:03.990Z'
}
{
  message: '[Redis] Đang thử kết nối lại lần 84... (delay: 2000ms)',
  level: 'warn',
  timestamp: '2026-08-03T10:06:03.991Z'
}
{
  code: 'ECONNREFUSED',
  level: 'error',
  message: '[Redis] Lỗi kết nối Redis:',
  stack: 'AggregateError [ECONNREFUSED]: \n' +
    '    at internalConnectMultiple (node:net:1134:18)\n' +
    '    at afterConnectMultiple (node:net:1715:7)',
  timestamp: '2026-08-03T10:06:06.002Z'
}
{
  message: '[Redis] Đang thử kết nối lại lần 85... (delay: 2000ms)',
  level: 'warn',
  timestamp: '2026-08-03T10:06:06.002Z'
}
{
  code: 'ECONNREFUSED',
  level: 'error',
  message: '[Redis] Lỗi kết nối Redis:',
  stack: 'AggregateError [ECONNREFUSED]: \n' +
    '    at internalConnectMultiple (node:net:1134:18)\n' +
    '    at afterConnectMultiple (node:net:1715:7)',
  timestamp: '2026-08-03T10:06:08.005Z'
}
{
  message: '[Redis] Đang thử kết nối lại lần 86... (delay: 2000ms)',
  level: 'warn',
  timestamp: '2026-08-03T10:06:08.005Z'
}
{
  code: 'ECONNREFUSED',
  level: 'error',
  message: '[Redis] Lỗi kết nối Redis:',
  stack: 'AggregateError [ECONNREFUSED]: \n' +
    '    at internalConnectMultiple (node:net:1134:18)\n' +
    '    at afterConnectMultiple (node:net:1715:7)',
  timestamp: '2026-08-03T10:06:10.015Z'
}
{
  message: '[Redis] Đang thử kết nối lại lần 87... (delay: 2000ms)',
  level: 'warn',
  timestamp: '2026-08-03T10:06:10.015Z'
}
{
  code: 'ECONNREFUSED',
  level: 'error',
  message: '[Redis] Lỗi kết nối Redis:',
  stack: 'AggregateError [ECONNREFUSED]: \n' +
    '    at internalConnectMultiple (node:net:1134:18)\n' +
    '    at afterConnectMultiple (node:net:1715:7)',
  timestamp: '2026-08-03T10:06:12.029Z'
}
{
  message: '[Redis] Đang thử kết nối lại lần 88... (delay: 2000ms)',
  level: 'warn',
  timestamp: '2026-08-03T10:06:12.030Z'
}
{
  code: 'ECONNREFUSED',
  level: 'error',
  message: '[Redis] Lỗi kết nối Redis:',
  stack: 'AggregateError [ECONNREFUSED]: \n' +
    '    at internalConnectMultiple (node:net:1134:18)\n' +
    '    at afterConnectMultiple (node:net:1715:7)',
  timestamp: '2026-08-03T10:06:14.042Z'
}
{
  message: '[Redis] Đang thử kết nối lại lần 89... (delay: 2000ms)',
  level: 'warn',
  timestamp: '2026-08-03T10:06:14.043Z'
}
{
  code: 'ECONNREFUSED',
  level: 'error',
  message: '[Redis] Lỗi kết nối Redis:',
  stack: 'AggregateError [ECONNREFUSED]: \n' +
    '    at internalConnectMultiple (node:net:1134:18)\n' +
    '    at afterConnectMultiple (node:net:1715:7)',
  timestamp: '2026-08-03T10:06:16.054Z'
}
{
  message: '[Redis] Đang thử kết nối lại lần 90... (delay: 2000ms)',
  level: 'warn',
  timestamp: '2026-08-03T10:06:16.054Z'
}
{
  code: 'ECONNREFUSED',
  level: 'error',
  message: '[Redis] Lỗi kết nối Redis:',
  stack: 'AggregateError [ECONNREFUSED]: \n' +
    '    at internalConnectMultiple (node:net:1134:18)\n' +
    '    at afterConnectMultiple (node:net:1715:7)',
  timestamp: '2026-08-03T10:06:18.066Z'
}
{
  message: '[Redis] Đang thử kết nối lại lần 91... (delay: 2000ms)',
  level: 'warn',
  timestamp: '2026-08-03T10:06:18.066Z'
}
{
  code: 'ECONNREFUSED',
  level: 'error',
  message: '[Redis] Lỗi kết nối Redis:',
  stack: 'AggregateError [ECONNREFUSED]: \n' +
    '    at internalConnectMultiple (node:net:1134:18)\n' +
    '    at afterConnectMultiple (node:net:1715:7)',
  timestamp: '2026-08-03T10:06:20.083Z'
}
{
  message: '[Redis] Đang thử kết nối lại lần 92... (delay: 2000ms)',
  level: 'warn',
  timestamp: '2026-08-03T10:06:20.083Z'
}
{
  code: 'ECONNREFUSED',
  level: 'error',
  message: '[Redis] Lỗi kết nối Redis:',
  stack: 'AggregateError [ECONNREFUSED]: \n' +
    '    at internalConnectMultiple (node:net:1134:18)\n' +
    '    at afterConnectMultiple (node:net:1715:7)',
  timestamp: '2026-08-03T10:06:22.091Z'
}
{
  message: '[Redis] Đang thử kết nối lại lần 93... (delay: 2000ms)',
  level: 'warn',
  timestamp: '2026-08-03T10:06:22.092Z'
}
{
  code: 'ECONNREFUSED',
  level: 'error',
  message: '[Redis] Lỗi kết nối Redis:',
  stack: 'AggregateError [ECONNREFUSED]: \n' +
    '    at internalConnectMultiple (node:net:1134:18)\n' +
    '    at afterConnectMultiple (node:net:1715:7)',
  timestamp: '2026-08-03T10:06:24.099Z'
}
{
  message: '[Redis] Đang thử kết nối lại lần 94... (delay: 2000ms)',
  level: 'warn',
  timestamp: '2026-08-03T10:06:24.099Z'
}
{
  code: 'ECONNREFUSED',
  level: 'error',
  message: '[Redis] Lỗi kết nối Redis:',
  stack: 'AggregateError [ECONNREFUSED]: \n' +
    '    at internalConnectMultiple (node:net:1134:18)\n' +
    '    at afterConnectMultiple (node:net:1715:7)',
  timestamp: '2026-08-03T10:06:26.103Z'
}
{
  message: '[Redis] Đang thử kết nối lại lần 95... (delay: 2000ms)',
  level: 'warn',
  timestamp: '2026-08-03T10:06:26.103Z'
}
{
  code: 'ECONNREFUSED',
  level: 'error',
  message: '[Redis] Lỗi kết nối Redis:',
  stack: 'AggregateError [ECONNREFUSED]: \n' +
    '    at internalConnectMultiple (node:net:1134:18)\n' +
    '    at afterConnectMultiple (node:net:1715:7)',
  timestamp: '2026-08-03T10:06:28.112Z'
}
{
  message: '[Redis] Đang thử kết nối lại lần 96... (delay: 2000ms)',
  level: 'warn',
  timestamp: '2026-08-03T10:06:28.113Z'
}
{
  code: 'ECONNREFUSED',
  level: 'error',
  message: '[Redis] Lỗi kết nối Redis:',
  stack: 'AggregateError [ECONNREFUSED]: \n' +
    '    at internalConnectMultiple (node:net:1134:18)\n' +
    '    at afterConnectMultiple (node:net:1715:7)',
  timestamp: '2026-08-03T10:06:30.129Z'
}
{
  message: '[Redis] Đang thử kết nối lại lần 97... (delay: 2000ms)',
  level: 'warn',
  timestamp: '2026-08-03T10:06:30.130Z'
}
{
  code: 'ECONNREFUSED',
  level: 'error',
  message: '[Redis] Lỗi kết nối Redis:',
  stack: 'AggregateError [ECONNREFUSED]: \n' +
    '    at internalConnectMultiple (node:net:1134:18)\n' +
    '    at afterConnectMultiple (node:net:1715:7)',
  timestamp: '2026-08-03T10:06:32.133Z'
}
{
  message: '[Redis] Đang thử kết nối lại lần 98... (delay: 2000ms)',
  level: 'warn',
  timestamp: '2026-08-03T10:06:32.134Z'
}
{
  code: 'ECONNREFUSED',
  level: 'error',
  message: '[Redis] Lỗi kết nối Redis:',
  stack: 'AggregateError [ECONNREFUSED]: \n' +
    '    at internalConnectMultiple (node:net:1134:18)\n' +
    '    at afterConnectMultiple (node:net:1715:7)',
  timestamp: '2026-08-03T10:06:34.138Z'
}
{
  message: '[Redis] Đang thử kết nối lại lần 99... (delay: 2000ms)',
  level: 'warn',
  timestamp: '2026-08-03T10:06:34.138Z'
}
{
  code: 'ECONNREFUSED',
  level: 'error',
  message: '[Redis] Lỗi kết nối Redis:',
  stack: 'AggregateError [ECONNREFUSED]: \n' +
    '    at internalConnectMultiple (node:net:1134:18)\n' +
    '    at afterConnectMultiple (node:net:1715:7)',
  timestamp: '2026-08-03T10:06:36.150Z'
}
{
  message: '[Redis] Đang thử kết nối lại lần 100... (delay: 2000ms)',
  level: 'warn',
  timestamp: '2026-08-03T10:06:36.151Z'
}
{
  code: 'ECONNREFUSED',
  level: 'error',
  message: '[Redis] Lỗi kết nối Redis:',
  stack: 'AggregateError [ECONNREFUSED]: \n' +
    '    at internalConnectMultiple (node:net:1134:18)\n' +
    '    at afterConnectMultiple (node:net:1715:7)',
  timestamp: '2026-08-03T10:06:38.163Z'
}
{
  message: '[Redis] Đang thử kết nối lại lần 101... (delay: 2000ms)',
  level: 'warn',
  timestamp: '2026-08-03T10:06:38.164Z'
}
{
  code: 'ECONNREFUSED',
  level: 'error',
  message: '[Redis] Lỗi kết nối Redis:',
  stack: 'AggregateError [ECONNREFUSED]: \n' +
    '    at internalConnectMultiple (node:net:1134:18)\n' +
    '    at afterConnectMultiple (node:net:1715:7)',
  timestamp: '2026-08-03T10:06:40.174Z'
}
{
  message: '[Redis] Đang thử kết nối lại lần 102... (delay: 2000ms)',
  level: 'warn',
  timestamp: '2026-08-03T10:06:40.174Z'
}
{
  code: 'ECONNREFUSED',
  level: 'error',
  message: '[Redis] Lỗi kết nối Redis:',
  stack: 'AggregateError [ECONNREFUSED]: \n' +
    '    at internalConnectMultiple (node:net:1134:18)\n' +
    '    at afterConnectMultiple (node:net:1715:7)',
  timestamp: '2026-08-03T10:06:42.177Z'
}
{
  message: '[Redis] Đang thử kết nối lại lần 103... (delay: 2000ms)',
  level: 'warn',
  timestamp: '2026-08-03T10:06:42.178Z'
}
{
  code: 'ECONNREFUSED',
  level: 'error',
  message: '[Redis] Lỗi kết nối Redis:',
  stack: 'AggregateError [ECONNREFUSED]: \n' +
    '    at internalConnectMultiple (node:net:1134:18)\n' +
    '    at afterConnectMultiple (node:net:1715:7)',
  timestamp: '2026-08-03T10:06:44.186Z'
}
{
  message: '[Redis] Đang thử kết nối lại lần 104... (delay: 2000ms)',
  level: 'warn',
  timestamp: '2026-08-03T10:06:44.186Z'
}
{
  code: 'ECONNREFUSED',
  level: 'error',
  message: '[Redis] Lỗi kết nối Redis:',
  stack: 'AggregateError [ECONNREFUSED]: \n' +
    '    at internalConnectMultiple (node:net:1134:18)\n' +
    '    at afterConnectMultiple (node:net:1715:7)',
  timestamp: '2026-08-03T10:06:46.192Z'
}
{
  message: '[Redis] Đang thử kết nối lại lần 105... (delay: 2000ms)',
  level: 'warn',
  timestamp: '2026-08-03T10:06:46.193Z'
}
{
  code: 'ECONNREFUSED',
  level: 'error',
  message: '[Redis] Lỗi kết nối Redis:',
  stack: 'AggregateError [ECONNREFUSED]: \n' +
    '    at internalConnectMultiple (node:net:1134:18)\n' +
    '    at afterConnectMultiple (node:net:1715:7)',
  timestamp: '2026-08-03T10:06:48.205Z'
}
{
  message: '[Redis] Đang thử kết nối lại lần 106... (delay: 2000ms)',
  level: 'warn',
  timestamp: '2026-08-03T10:06:48.205Z'
}
{
  code: 'ECONNREFUSED',
  level: 'error',
  message: '[Redis] Lỗi kết nối Redis:',
  stack: 'AggregateError [ECONNREFUSED]: \n' +
    '    at internalConnectMultiple (node:net:1134:18)\n' +
    '    at afterConnectMultiple (node:net:1715:7)',
  timestamp: '2026-08-03T10:06:50.218Z'
}
{
  message: '[Redis] Đang thử kết nối lại lần 107... (delay: 2000ms)',
  level: 'warn',
  timestamp: '2026-08-03T10:06:50.218Z'
}
{
  code: 'ECONNREFUSED',
  level: 'error',
  message: '[Redis] Lỗi kết nối Redis:',
  stack: 'AggregateError [ECONNREFUSED]: \n' +
    '    at internalConnectMultiple (node:net:1134:18)\n' +
    '    at afterConnectMultiple (node:net:1715:7)',
  timestamp: '2026-08-03T10:06:52.229Z'
}
{
  message: '[Redis] Đang thử kết nối lại lần 108... (delay: 2000ms)',
  level: 'warn',
  timestamp: '2026-08-03T10:06:52.229Z'
}
{
  query: [Object: null prototype] {
    location: 'Sa Pa',
    checkInDate: '2026-08-05',
    checkOutDate: '2026-08-08',
    adults: '2',
    children: '0',
    rooms: '1'
  },
  level: 'info',
  message: '[SearchController] Search hotels',
  timestamp: '2026-08-03T10:06:52.903Z'
}
{
  message: '[Cache Miss] Tìm danh sách điểm đến hoạt động trong Database',
  level: 'debug',
  timestamp: '2026-08-03T10:06:52.918Z'
}
{
  message: '[Cache Hit] Lấy danh sách điểm đến hoạt động từ Redis',
  level: 'debug',
  timestamp: '2026-08-03T10:06:53.011Z'
}
{
  query: [Object: null prototype] {
    location: 'Sa Pa',
    checkInDate: '2026-08-05',
    checkOutDate: '2026-08-08',
    adults: '2',
    children: '0',
    rooms: '1'
  },
  level: 'info',
  message: '[SearchController] Search hotels',
  timestamp: '2026-08-03T10:06:53.056Z'
}
{
  code: 'ECONNREFUSED',
  level: 'error',
  message: '[Redis] Lỗi kết nối Redis:',
  stack: 'AggregateError [ECONNREFUSED]: \n' +
    '    at internalConnectMultiple (node:net:1134:18)\n' +
    '    at afterConnectMultiple (node:net:1715:7)',
  timestamp: '2026-08-03T10:06:54.236Z'
}
{
  message: '[Redis] Đang thử kết nối lại lần 109... (delay: 2000ms)',
  level: 'warn',
  timestamp: '2026-08-03T10:06:54.237Z'
}
{
  code: 'ECONNREFUSED',
  level: 'error',
  message: '[Redis] Lỗi kết nối Redis:',
  stack: 'AggregateError [ECONNREFUSED]: \n' +
    '    at internalConnectMultiple (node:net:1134:18)\n' +
    '    at afterConnectMultiple (node:net:1715:7)',
  timestamp: '2026-08-03T10:06:56.244Z'
}
{
  message: '[Redis] Đang thử kết nối lại lần 110... (delay: 2000ms)',
  level: 'warn',
  timestamp: '2026-08-03T10:06:56.245Z'
}
{
  code: 'ECONNREFUSED',
  level: 'error',
  message: '[Redis] Lỗi kết nối Redis:',
  stack: 'AggregateError [ECONNREFUSED]: \n' +
    '    at internalConnectMultiple (node:net:1134:18)\n' +
    '    at afterConnectMultiple (node:net:1715:7)',
  timestamp: '2026-08-03T10:06:58.251Z'
}
{
  message: '[Redis] Đang thử kết nối lại lần 111... (delay: 2000ms)',
  level: 'warn',
  timestamp: '2026-08-03T10:06:58.252Z'
}
{
  code: 'ECONNREFUSED',
  level: 'error',
  message: '[Redis] Lỗi kết nối Redis:',
  stack: 'AggregateError [ECONNREFUSED]: \n' +
    '    at internalConnectMultiple (node:net:1134:18)\n' +
    '    at afterConnectMultiple (node:net:1715:7)',
  timestamp: '2026-08-03T10:07:00.265Z'
}
{
  message: '[Redis] Đang thử kết nối lại lần 112... (delay: 2000ms)',
  level: 'warn',
  timestamp: '2026-08-03T10:07:00.265Z'
}
{
  code: 'ECONNREFUSED',
  level: 'error',
  message: '[Redis] Lỗi kết nối Redis:',
  stack: 'AggregateError [ECONNREFUSED]: \n' +
    '    at internalConnectMultiple (node:net:1134:18)\n' +
    '    at afterConnectMultiple (node:net:1715:7)',
  timestamp: '2026-08-03T10:07:02.274Z'
}
{
  message: '[Redis] Đang thử kết nối lại lần 113... (delay: 2000ms)',
  level: 'warn',
  timestamp: '2026-08-03T10:07:02.275Z'
}
{
  code: 'ECONNREFUSED',
  level: 'error',
  message: '[Redis] Lỗi kết nối Redis:',
  stack: 'AggregateError [ECONNREFUSED]: \n' +
    '    at internalConnectMultiple (node:net:1134:18)\n' +
    '    at afterConnectMultiple (node:net:1715:7)',
  timestamp: '2026-08-03T10:07:04.282Z'
}
{
  message: '[Redis] Đang thử kết nối lại lần 114... (delay: 2000ms)',
  level: 'warn',
  timestamp: '2026-08-03T10:07:04.283Z'
}
{
  code: 'ECONNREFUSED',
  level: 'error',
  message: '[Redis] Lỗi kết nối Redis:',
  stack: 'AggregateError [ECONNREFUSED]: \n' +
    '    at internalConnectMultiple (node:net:1134:18)\n' +
    '    at afterConnectMultiple (node:net:1715:7)',
  timestamp: '2026-08-03T10:07:06.294Z'
}
{
  message: '[Redis] Đang thử kết nối lại lần 115... (delay: 2000ms)',
  level: 'warn',
  timestamp: '2026-08-03T10:07:06.294Z'
}
{
  code: 'ECONNREFUSED',
  level: 'error',
  message: '[Redis] Lỗi kết nối Redis:',
  stack: 'AggregateError [ECONNREFUSED]: \n' +
    '    at internalConnectMultiple (node:net:1134:18)\n' +
    '    at afterConnectMultiple (node:net:1715:7)',
  timestamp: '2026-08-03T10:07:08.313Z'
}
{
  message: '[Redis] Đang thử kết nối lại lần 116... (delay: 2000ms)',
  level: 'warn',
  timestamp: '2026-08-03T10:07:08.314Z'
}
{
  code: 'ECONNREFUSED',
  level: 'error',
  message: '[Redis] Lỗi kết nối Redis:',
  stack: 'AggregateError [ECONNREFUSED]: \n' +
    '    at internalConnectMultiple (node:net:1134:18)\n' +
    '    at afterConnectMultiple (node:net:1715:7)',
  timestamp: '2026-08-03T10:07:10.320Z'
}
{
  message: '[Redis] Đang thử kết nối lại lần 117... (delay: 2000ms)',
  level: 'warn',
  timestamp: '2026-08-03T10:07:10.321Z'
}
{
  code: 'ECONNREFUSED',
  level: 'error',
  message: '[Redis] Lỗi kết nối Redis:',
  stack: 'AggregateError [ECONNREFUSED]: \n' +
    '    at internalConnectMultiple (node:net:1134:18)\n' +
    '    at afterConnectMultiple (node:net:1715:7)',
  timestamp: '2026-08-03T10:07:12.328Z'
}
{
  message: '[Redis] Đang thử kết nối lại lần 118... (delay: 2000ms)',
  level: 'warn',
  timestamp: '2026-08-03T10:07:12.328Z'
}
{
  code: 'ECONNREFUSED',
  level: 'error',
  message: '[Redis] Lỗi kết nối Redis:',
  stack: 'AggregateError [ECONNREFUSED]: \n' +
    '    at internalConnectMultiple (node:net:1134:18)\n' +
    '    at afterConnectMultiple (node:net:1715:7)',
  timestamp: '2026-08-03T10:07:14.333Z'
}
{
  message: '[Redis] Đang thử kết nối lại lần 119... (delay: 2000ms)',
  level: 'warn',
  timestamp: '2026-08-03T10:07:14.333Z'
}
{
  code: 'ECONNREFUSED',
  level: 'error',
  message: '[Redis] Lỗi kết nối Redis:',
  stack: 'AggregateError [ECONNREFUSED]: \n' +
    '    at internalConnectMultiple (node:net:1134:18)\n' +
    '    at afterConnectMultiple (node:net:1715:7)',
  timestamp: '2026-08-03T10:07:16.343Z'
}
{
  message: '[Redis] Đang thử kết nối lại lần 120... (delay: 2000ms)',
  level: 'warn',
  timestamp: '2026-08-03T10:07:16.343Z'
}
{
  code: 'ECONNREFUSED',
  level: 'error',
  message: '[Redis] Lỗi kết nối Redis:',
  stack: 'AggregateError [ECONNREFUSED]: \n' +
    '    at internalConnectMultiple (node:net:1134:18)\n' +
    '    at afterConnectMultiple (node:net:1715:7)',
  timestamp: '2026-08-03T10:07:18.354Z'
}
{
  message: '[Redis] Đang thử kết nối lại lần 121... (delay: 2000ms)',
  level: 'warn',
  timestamp: '2026-08-03T10:07:18.354Z'
}
{
  code: 'ECONNREFUSED',
  level: 'error',
  message: '[Redis] Lỗi kết nối Redis:',
  stack: 'AggregateError [ECONNREFUSED]: \n' +
    '    at internalConnectMultiple (node:net:1134:18)\n' +
    '    at afterConnectMultiple (node:net:1715:7)',
  timestamp: '2026-08-03T10:07:20.366Z'
}
{
  message: '[Redis] Đang thử kết nối lại lần 122... (delay: 2000ms)',
  level: 'warn',
  timestamp: '2026-08-03T10:07:20.367Z'
}
{
  code: 'ECONNREFUSED',
  level: 'error',
  message: '[Redis] Lỗi kết nối Redis:',
  stack: 'AggregateError [ECONNREFUSED]: \n' +
    '    at internalConnectMultiple (node:net:1134:18)\n' +
    '    at afterConnectMultiple (node:net:1715:7)',
  timestamp: '2026-08-03T10:07:22.384Z'
}
{
  message: '[Redis] Đang thử kết nối lại lần 123... (delay: 2000ms)',
  level: 'warn',
  timestamp: '2026-08-03T10:07:22.384Z'
}
{
  code: 'ECONNREFUSED',
  level: 'error',
  message: '[Redis] Lỗi kết nối Redis:',
  stack: 'AggregateError [ECONNREFUSED]: \n' +
    '    at internalConnectMultiple (node:net:1134:18)\n' +
    '    at afterConnectMultiple (node:net:1715:7)',
  timestamp: '2026-08-03T10:07:24.395Z'
}
{
  message: '[Redis] Đang thử kết nối lại lần 124... (delay: 2000ms)',
  level: 'warn',
  timestamp: '2026-08-03T10:07:24.395Z'
}
{
  code: 'ECONNREFUSED',
  level: 'error',
  message: '[Redis] Lỗi kết nối Redis:',
  stack: 'AggregateError [ECONNREFUSED]: \n' +
    '    at internalConnectMultiple (node:net:1134:18)\n' +
    '    at afterConnectMultiple (node:net:1715:7)',
  timestamp: '2026-08-03T10:07:26.404Z'
}
{
  message: '[Redis] Đang thử kết nối lại lần 125... (delay: 2000ms)',
  level: 'warn',
  timestamp: '2026-08-03T10:07:26.404Z'
}
{
  code: 'ECONNREFUSED',
  level: 'error',
  message: '[Redis] Lỗi kết nối Redis:',
  stack: 'AggregateError [ECONNREFUSED]: \n' +
    '    at internalConnectMultiple (node:net:1134:18)\n' +
    '    at afterConnectMultiple (node:net:1715:7)',
  timestamp: '2026-08-03T10:07:28.421Z'
}
{
  message: '[Redis] Đang thử kết nối lại lần 126... (delay: 2000ms)',
  level: 'warn',
  timestamp: '2026-08-03T10:07:28.421Z'
}
{
  code: 'ECONNREFUSED',
  level: 'error',
  message: '[Redis] Lỗi kết nối Redis:',
  stack: 'AggregateError [ECONNREFUSED]: \n' +
    '    at internalConnectMultiple (node:net:1134:18)\n' +
    '    at afterConnectMultiple (node:net:1715:7)',
  timestamp: '2026-08-03T10:07:30.437Z'
}
{
  message: '[Redis] Đang thử kết nối lại lần 127... (delay: 2000ms)',
  level: 'warn',
  timestamp: '2026-08-03T10:07:30.437Z'
}
{
  code: 'ECONNREFUSED',
  level: 'error',
  message: '[Redis] Lỗi kết nối Redis:',
  stack: 'AggregateError [ECONNREFUSED]: \n' +
    '    at internalConnectMultiple (node:net:1134:18)\n' +
    '    at afterConnectMultiple (node:net:1715:7)',
  timestamp: '2026-08-03T10:07:32.440Z'
}
{
  message: '[Redis] Đang thử kết nối lại lần 128... (delay: 2000ms)',
  level: 'warn',
  timestamp: '2026-08-03T10:07:32.440Z'
}
{
  code: 'ECONNREFUSED',
  level: 'error',
  message: '[Redis] Lỗi kết nối Redis:',
  stack: 'AggregateError [ECONNREFUSED]: \n' +
    '    at internalConnectMultiple (node:net:1134:18)\n' +
    '    at afterConnectMultiple (node:net:1715:7)',
  timestamp: '2026-08-03T10:07:34.455Z'
}
{
  message: '[Redis] Đang thử kết nối lại lần 129... (delay: 2000ms)',
  level: 'warn',
  timestamp: '2026-08-03T10:07:34.455Z'
}
{
  code: 'ECONNREFUSED',
  level: 'error',
  message: '[Redis] Lỗi kết nối Redis:',
  stack: 'AggregateError [ECONNREFUSED]: \n' +
    '    at internalConnectMultiple (node:net:1134:18)\n' +
    '    at afterConnectMultiple (node:net:1715:7)',
  timestamp: '2026-08-03T10:07:36.460Z'
}
{
  message: '[Redis] Đang thử kết nối lại lần 130... (delay: 2000ms)',
  level: 'warn',
  timestamp: '2026-08-03T10:07:36.461Z'
}
{
  code: 'ECONNREFUSED',
  level: 'error',
  message: '[Redis] Lỗi kết nối Redis:',
  stack: 'AggregateError [ECONNREFUSED]: \n' +
    '    at internalConnectMultiple (node:net:1134:18)\n' +
    '    at afterConnectMultiple (node:net:1715:7)',
  timestamp: '2026-08-03T10:07:38.472Z'
}
{
  message: '[Redis] Đang thử kết nối lại lần 131... (delay: 2000ms)',
  level: 'warn',
  timestamp: '2026-08-03T10:07:38.473Z'
}
{
  code: 'ECONNREFUSED',
  level: 'error',
  message: '[Redis] Lỗi kết nối Redis:',
  stack: 'AggregateError [ECONNREFUSED]: \n' +
    '    at internalConnectMultiple (node:net:1134:18)\n' +
    '    at afterConnectMultiple (node:net:1715:7)',
  timestamp: '2026-08-03T10:07:40.488Z'
}
{
  message: '[Redis] Đang thử kết nối lại lần 132... (delay: 2000ms)',
  level: 'warn',
  timestamp: '2026-08-03T10:07:40.489Z'
}
{
  code: 'ECONNREFUSED',
  level: 'error',
  message: '[Redis] Lỗi kết nối Redis:',
  stack: 'AggregateError [ECONNREFUSED]: \n' +
    '    at internalConnectMultiple (node:net:1134:18)\n' +
    '    at afterConnectMultiple (node:net:1715:7)',
  timestamp: '2026-08-03T10:07:42.497Z'
}
{
  message: '[Redis] Đang thử kết nối lại lần 133... (delay: 2000ms)',
  level: 'warn',
  timestamp: '2026-08-03T10:07:42.497Z'
}
{
  code: 'ECONNREFUSED',
  level: 'error',
  message: '[Redis] Lỗi kết nối Redis:',
  stack: 'AggregateError [ECONNREFUSED]: \n' +
    '    at internalConnectMultiple (node:net:1134:18)\n' +
    '    at afterConnectMultiple (node:net:1715:7)',
  timestamp: '2026-08-03T10:07:44.515Z'
}
{
  message: '[Redis] Đang thử kết nối lại lần 134... (delay: 2000ms)',
  level: 'warn',
  timestamp: '2026-08-03T10:07:44.515Z'
}
{
  code: 'ECONNREFUSED',
  level: 'error',
  message: '[Redis] Lỗi kết nối Redis:',
  stack: 'AggregateError [ECONNREFUSED]: \n' +
    '    at internalConnectMultiple (node:net:1134:18)\n' +
    '    at afterConnectMultiple (node:net:1715:7)',
  timestamp: '2026-08-03T10:07:46.520Z'
}
{
  message: '[Redis] Đang thử kết nối lại lần 135... (delay: 2000ms)',
  level: 'warn',
  timestamp: '2026-08-03T10:07:46.520Z'
}
{
  code: 'ECONNREFUSED',
  level: 'error',
  message: '[Redis] Lỗi kết nối Redis:',
  stack: 'AggregateError [ECONNREFUSED]: \n' +
    '    at internalConnectMultiple (node:net:1134:18)\n' +
    '    at afterConnectMultiple (node:net:1715:7)',
  timestamp: '2026-08-03T10:07:48.533Z'
}
{
  message: '[Redis] Đang thử kết nối lại lần 136... (delay: 2000ms)',
  level: 'warn',
  timestamp: '2026-08-03T10:07:48.534Z'
}
{
  code: 'ECONNREFUSED',
  level: 'error',
  message: '[Redis] Lỗi kết nối Redis:',
  stack: 'AggregateError [ECONNREFUSED]: \n' +
    '    at internalConnectMultiple (node:net:1134:18)\n' +
    '    at afterConnectMultiple (node:net:1715:7)',
  timestamp: '2026-08-03T10:07:50.548Z'
}
{
  message: '[Redis] Đang thử kết nối lại lần 137... (delay: 2000ms)',
  level: 'warn',
  timestamp: '2026-08-03T10:07:50.548Z'
}
{
  code: 'ECONNREFUSED',
  level: 'error',
  message: '[Redis] Lỗi kết nối Redis:',
  stack: 'AggregateError [ECONNREFUSED]: \n' +
    '    at internalConnectMultiple (node:net:1134:18)\n' +
    '    at afterConnectMultiple (node:net:1715:7)',
  timestamp: '2026-08-03T10:07:52.556Z'
}
{
  message: '[Redis] Đang thử kết nối lại lần 138... (delay: 2000ms)',
  level: 'warn',
  timestamp: '2026-08-03T10:07:52.556Z'
}
{
  code: 'ECONNREFUSED',
  level: 'error',
  message: '[Redis] Lỗi kết nối Redis:',
  stack: 'AggregateError [ECONNREFUSED]: \n' +
    '    at internalConnectMultiple (node:net:1134:18)\n' +
    '    at afterConnectMultiple (node:net:1715:7)',
  timestamp: '2026-08-03T10:07:54.564Z'
}
{
  message: '[Redis] Đang thử kết nối lại lần 139... (delay: 2000ms)',
  level: 'warn',
  timestamp: '2026-08-03T10:07:54.564Z'
}
{
  code: 'ECONNREFUSED',
  level: 'error',
  message: '[Redis] Lỗi kết nối Redis:',
  stack: 'AggregateError [ECONNREFUSED]: \n' +
    '    at internalConnectMultiple (node:net:1134:18)\n' +
    '    at afterConnectMultiple (node:net:1715:7)',
  timestamp: '2026-08-03T10:07:56.572Z'
}
{
  message: '[Redis] Đang thử kết nối lại lần 140... (delay: 2000ms)',
  level: 'warn',
  timestamp: '2026-08-03T10:07:56.572Z'
}
{
  code: 'ECONNREFUSED',
  level: 'error',
  message: '[Redis] Lỗi kết nối Redis:',
  stack: 'AggregateError [ECONNREFUSED]: \n' +
    '    at internalConnectMultiple (node:net:1134:18)\n' +
    '    at afterConnectMultiple (node:net:1715:7)',
  timestamp: '2026-08-03T10:07:58.589Z'
}
{
  message: '[Redis] Đang thử kết nối lại lần 141... (delay: 2000ms)',
  level: 'warn',
  timestamp: '2026-08-03T10:07:58.589Z'
}
{
  code: 'ECONNREFUSED',
  level: 'error',
  message: '[Redis] Lỗi kết nối Redis:',
  stack: 'AggregateError [ECONNREFUSED]: \n' +
    '    at internalConnectMultiple (node:net:1134:18)\n' +
    '    at afterConnectMultiple (node:net:1715:7)',
  timestamp: '2026-08-03T10:08:00.602Z'
}
{
  message: '[Redis] Đang thử kết nối lại lần 142... (delay: 2000ms)',
  level: 'warn',
  timestamp: '2026-08-03T10:08:00.603Z'
}
{
  code: 'ECONNREFUSED',
  level: 'error',
  message: '[Redis] Lỗi kết nối Redis:',
  stack: 'AggregateError [ECONNREFUSED]: \n' +
    '    at internalConnectMultiple (node:net:1134:18)\n' +
    '    at afterConnectMultiple (node:net:1715:7)',
  timestamp: '2026-08-03T10:08:02.608Z'
}
{
  message: '[Redis] Đang thử kết nối lại lần 143... (delay: 2000ms)',
  level: 'warn',
  timestamp: '2026-08-03T10:08:02.609Z'
}
{
  code: 'ECONNREFUSED',
  level: 'error',
  message: '[Redis] Lỗi kết nối Redis:',
  stack: 'AggregateError [ECONNREFUSED]: \n' +
    '    at internalConnectMultiple (node:net:1134:18)\n' +
    '    at afterConnectMultiple (node:net:1715:7)',
  timestamp: '2026-08-03T10:08:04.618Z'
}
{
  message: '[Redis] Đang thử kết nối lại lần 144... (delay: 2000ms)',
  level: 'warn',
  timestamp: '2026-08-03T10:08:04.619Z'
}
{
  code: 'ECONNREFUSED',
  level: 'error',
  message: '[Redis] Lỗi kết nối Redis:',
  stack: 'AggregateError [ECONNREFUSED]: \n' +
    '    at internalConnectMultiple (node:net:1134:18)\n' +
    '    at afterConnectMultiple (node:net:1715:7)',
  timestamp: '2026-08-03T10:08:06.629Z'
}
{
  message: '[Redis] Đang thử kết nối lại lần 145... (delay: 2000ms)',
  level: 'warn',
  timestamp: '2026-08-03T10:08:06.630Z'
}
{
  code: 'ECONNREFUSED',
  level: 'error',
  message: '[Redis] Lỗi kết nối Redis:',
  stack: 'AggregateError [ECONNREFUSED]: \n' +
    '    at internalConnectMultiple (node:net:1134:18)\n' +
    '    at afterConnectMultiple (node:net:1715:7)',
  timestamp: '2026-08-03T10:08:08.644Z'
}
{
  message: '[Redis] Đang thử kết nối lại lần 146... (delay: 2000ms)',
  level: 'warn',
  timestamp: '2026-08-03T10:08:08.644Z'
}
{
  code: 'ECONNREFUSED',
  level: 'error',
  message: '[Redis] Lỗi kết nối Redis:',
  stack: 'AggregateError [ECONNREFUSED]: \n' +
    '    at internalConnectMultiple (node:net:1134:18)\n' +
    '    at afterConnectMultiple (node:net:1715:7)',
  timestamp: '2026-08-03T10:08:10.659Z'
}
{
  message: '[Redis] Đang thử kết nối lại lần 147... (delay: 2000ms)',
  level: 'warn',
  timestamp: '2026-08-03T10:08:10.660Z'
}
{
  code: 'ECONNREFUSED',
  level: 'error',
  message: '[Redis] Lỗi kết nối Redis:',
  stack: 'AggregateError [ECONNREFUSED]: \n' +
    '    at internalConnectMultiple (node:net:1134:18)\n' +
    '    at afterConnectMultiple (node:net:1715:7)',
  timestamp: '2026-08-03T10:08:12.677Z'
}
{
  message: '[Redis] Đang thử kết nối lại lần 148... (delay: 2000ms)',
  level: 'warn',
  timestamp: '2026-08-03T10:08:12.677Z'
}
{
  code: 'ECONNREFUSED',
  level: 'error',
  message: '[Redis] Lỗi kết nối Redis:',
  stack: 'AggregateError [ECONNREFUSED]: \n' +
    '    at internalConnectMultiple (node:net:1134:18)\n' +
    '    at afterConnectMultiple (node:net:1715:7)',
  timestamp: '2026-08-03T10:08:14.687Z'
}
{
  message: '[Redis] Đang thử kết nối lại lần 149... (delay: 2000ms)',
  level: 'warn',
  timestamp: '2026-08-03T10:08:14.687Z'
}
{
  code: 'ECONNREFUSED',
  level: 'error',
  message: '[Redis] Lỗi kết nối Redis:',
  stack: 'AggregateError [ECONNREFUSED]: \n' +
    '    at internalConnectMultiple (node:net:1134:18)\n' +
    '    at afterConnectMultiple (node:net:1715:7)',
  timestamp: '2026-08-03T10:08:16.697Z'
}
{
  message: '[Redis] Đang thử kết nối lại lần 150... (delay: 2000ms)',
  level: 'warn',
  timestamp: '2026-08-03T10:08:16.697Z'
}
{
  code: 'ECONNREFUSED',
  level: 'error',
  message: '[Redis] Lỗi kết nối Redis:',
  stack: 'AggregateError [ECONNREFUSED]: \n' +
    '    at internalConnectMultiple (node:net:1134:18)\n' +
    '    at afterConnectMultiple (node:net:1715:7)',
  timestamp: '2026-08-03T10:08:18.714Z'
}
{
  message: '[Redis] Đang thử kết nối lại lần 151... (delay: 2000ms)',
  level: 'warn',
  timestamp: '2026-08-03T10:08:18.714Z'
}
{
  code: 'ECONNREFUSED',
  level: 'error',
  message: '[Redis] Lỗi kết nối Redis:',
  stack: 'AggregateError [ECONNREFUSED]: \n' +
    '    at internalConnectMultiple (node:net:1134:18)\n' +
    '    at afterConnectMultiple (node:net:1715:7)',
  timestamp: '2026-08-03T10:08:20.724Z'
}
{
  message: '[Redis] Đang thử kết nối lại lần 152... (delay: 2000ms)',
  level: 'warn',
  timestamp: '2026-08-03T10:08:20.724Z'
}
{
  code: 'ECONNREFUSED',
  level: 'error',
  message: '[Redis] Lỗi kết nối Redis:',
  stack: 'AggregateError [ECONNREFUSED]: \n' +
    '    at internalConnectMultiple (node:net:1134:18)\n' +
    '    at afterConnectMultiple (node:net:1715:7)',
  timestamp: '2026-08-03T10:08:22.729Z'
}
{
  message: '[Redis] Đang thử kết nối lại lần 153... (delay: 2000ms)',
  level: 'warn',
  timestamp: '2026-08-03T10:08:22.730Z'
}
{
  code: 'ECONNREFUSED',
  level: 'error',
  message: '[Redis] Lỗi kết nối Redis:',
  stack: 'AggregateError [ECONNREFUSED]: \n' +
    '    at internalConnectMultiple (node:net:1134:18)\n' +
    '    at afterConnectMultiple (node:net:1715:7)',
  timestamp: '2026-08-03T10:08:24.735Z'
}
{
  message: '[Redis] Đang thử kết nối lại lần 154... (delay: 2000ms)',
  level: 'warn',
  timestamp: '2026-08-03T10:08:24.736Z'
}
{
  code: 'ECONNREFUSED',
  level: 'error',
  message: '[Redis] Lỗi kết nối Redis:',
  stack: 'AggregateError [ECONNREFUSED]: \n' +
    '    at internalConnectMultiple (node:net:1134:18)\n' +
    '    at afterConnectMultiple (node:net:1715:7)',
  timestamp: '2026-08-03T10:08:26.744Z'
}
{
  message: '[Redis] Đang thử kết nối lại lần 155... (delay: 2000ms)',
  level: 'warn',
  timestamp: '2026-08-03T10:08:26.744Z'
}
{
  code: 'ECONNREFUSED',
  level: 'error',
  message: '[Redis] Lỗi kết nối Redis:',
  stack: 'AggregateError [ECONNREFUSED]: \n' +
    '    at internalConnectMultiple (node:net:1134:18)\n' +
    '    at afterConnectMultiple (node:net:1715:7)',
  timestamp: '2026-08-03T10:08:28.760Z'
}
{
  message: '[Redis] Đang thử kết nối lại lần 156... (delay: 2000ms)',
  level: 'warn',
  timestamp: '2026-08-03T10:08:28.760Z'
}
{
  code: 'ECONNREFUSED',
  level: 'error',
  message: '[Redis] Lỗi kết nối Redis:',
  stack: 'AggregateError [ECONNREFUSED]: \n' +
    '    at internalConnectMultiple (node:net:1134:18)\n' +
    '    at afterConnectMultiple (node:net:1715:7)',
  timestamp: '2026-08-03T10:08:30.763Z'
}
{
  message: '[Redis] Đang thử kết nối lại lần 157... (delay: 2000ms)',
  level: 'warn',
  timestamp: '2026-08-03T10:08:30.763Z'
}
{
  code: 'ECONNREFUSED',
  level: 'error',
  message: '[Redis] Lỗi kết nối Redis:',
  stack: 'AggregateError [ECONNREFUSED]: \n' +
    '    at internalConnectMultiple (node:net:1134:18)\n' +
    '    at afterConnectMultiple (node:net:1715:7)',
  timestamp: '2026-08-03T10:08:32.773Z'
}
{
  message: '[Redis] Đang thử kết nối lại lần 158... (delay: 2000ms)',
  level: 'warn',
  timestamp: '2026-08-03T10:08:32.774Z'
}
{
  code: 'ECONNREFUSED',
  level: 'error',
  message: '[Redis] Lỗi kết nối Redis:',
  stack: 'AggregateError [ECONNREFUSED]: \n' +
    '    at internalConnectMultiple (node:net:1134:18)\n' +
    '    at afterConnectMultiple (node:net:1715:7)',
  timestamp: '2026-08-03T10:08:34.780Z'
}
{
  message: '[Redis] Đang thử kết nối lại lần 159... (delay: 2000ms)',
  level: 'warn',
  timestamp: '2026-08-03T10:08:34.780Z'
}
{
  code: 'ECONNREFUSED',
  level: 'error',
  message: '[Redis] Lỗi kết nối Redis:',
  stack: 'AggregateError [ECONNREFUSED]: \n' +
    '    at internalConnectMultiple (node:net:1134:18)\n' +
    '    at afterConnectMultiple (node:net:1715:7)',
  timestamp: '2026-08-03T10:08:36.790Z'
}
{
  message: '[Redis] Đang thử kết nối lại lần 160... (delay: 2000ms)',
  level: 'warn',
  timestamp: '2026-08-03T10:08:36.791Z'
}
{
  code: 'ECONNREFUSED',
  level: 'error',
  message: '[Redis] Lỗi kết nối Redis:',
  stack: 'AggregateError [ECONNREFUSED]: \n' +
    '    at internalConnectMultiple (node:net:1134:18)\n' +
    '    at afterConnectMultiple (node:net:1715:7)',
  timestamp: '2026-08-03T10:08:38.802Z'
}
{
  message: '[Redis] Đang thử kết nối lại lần 161... (delay: 2000ms)',
  level: 'warn',
  timestamp: '2026-08-03T10:08:38.803Z'
}
{
  code: 'ECONNREFUSED',
  level: 'error',
  message: '[Redis] Lỗi kết nối Redis:',
  stack: 'AggregateError [ECONNREFUSED]: \n' +
    '    at internalConnectMultiple (node:net:1134:18)\n' +
    '    at afterConnectMultiple (node:net:1715:7)',
  timestamp: '2026-08-03T10:08:40.819Z'
}
{
  message: '[Redis] Đang thử kết nối lại lần 162... (delay: 2000ms)',
  level: 'warn',
  timestamp: '2026-08-03T10:08:40.820Z'
}
{
  code: 'ECONNREFUSED',
  level: 'error',
  message: '[Redis] Lỗi kết nối Redis:',
  stack: 'AggregateError [ECONNREFUSED]: \n' +
    '    at internalConnectMultiple (node:net:1134:18)\n' +
    '    at afterConnectMultiple (node:net:1715:7)',
  timestamp: '2026-08-03T10:08:42.834Z'
}
{
  message: '[Redis] Đang thử kết nối lại lần 163... (delay: 2000ms)',
  level: 'warn',
  timestamp: '2026-08-03T10:08:42.834Z'
}
{
  code: 'ECONNREFUSED',
  level: 'error',
  message: '[Redis] Lỗi kết nối Redis:',
  stack: 'AggregateError [ECONNREFUSED]: \n' +
    '    at internalConnectMultiple (node:net:1134:18)\n' +
    '    at afterConnectMultiple (node:net:1715:7)',
  timestamp: '2026-08-03T10:08:44.841Z'
}
{
  message: '[Redis] Đang thử kết nối lại lần 164... (delay: 2000ms)',
  level: 'warn',
  timestamp: '2026-08-03T10:08:44.842Z'
}
{
  code: 'ECONNREFUSED',
  level: 'error',
  message: '[Redis] Lỗi kết nối Redis:',
  stack: 'AggregateError [ECONNREFUSED]: \n' +
    '    at internalConnectMultiple (node:net:1134:18)\n' +
    '    at afterConnectMultiple (node:net:1715:7)',
  timestamp: '2026-08-03T10:08:46.857Z'
}
{
  message: '[Redis] Đang thử kết nối lại lần 165... (delay: 2000ms)',
  level: 'warn',
  timestamp: '2026-08-03T10:08:46.858Z'
}
{
  code: 'ECONNREFUSED',
  level: 'error',
  message: '[Redis] Lỗi kết nối Redis:',
  stack: 'AggregateError [ECONNREFUSED]: \n' +
    '    at internalConnectMultiple (node:net:1134:18)\n' +
    '    at afterConnectMultiple (node:net:1715:7)',
  timestamp: '2026-08-03T10:08:48.864Z'
}
{
  message: '[Redis] Đang thử kết nối lại lần 166... (delay: 2000ms)',
  level: 'warn',
  timestamp: '2026-08-03T10:08:48.865Z'
}
{
  code: 'ECONNREFUSED',
  level: 'error',
  message: '[Redis] Lỗi kết nối Redis:',
  stack: 'AggregateError [ECONNREFUSED]: \n' +
    '    at internalConnectMultiple (node:net:1134:18)\n' +
    '    at afterConnectMultiple (node:net:1715:7)',
  timestamp: '2026-08-03T10:08:50.880Z'
}
{
  message: '[Redis] Đang thử kết nối lại lần 167... (delay: 2000ms)',
  level: 'warn',
  timestamp: '2026-08-03T10:08:50.880Z'
}
{
  code: 'ECONNREFUSED',
  level: 'error',
  message: '[Redis] Lỗi kết nối Redis:',
  stack: 'AggregateError [ECONNREFUSED]: \n' +
    '    at internalConnectMultiple (node:net:1134:18)\n' +
    '    at afterConnectMultiple (node:net:1715:7)',
  timestamp: '2026-08-03T10:08:52.897Z'
}
{
  message: '[Redis] Đang thử kết nối lại lần 168... (delay: 2000ms)',
  level: 'warn',
  timestamp: '2026-08-03T10:08:52.898Z'
}
{
  code: 'ECONNREFUSED',
  level: 'error',
  message: '[Redis] Lỗi kết nối Redis:',
  stack: 'AggregateError [ECONNREFUSED]: \n' +
    '    at internalConnectMultiple (node:net:1134:18)\n' +
    '    at afterConnectMultiple (node:net:1715:7)',
  timestamp: '2026-08-03T10:08:54.906Z'
}
{
  message: '[Redis] Đang thử kết nối lại lần 169... (delay: 2000ms)',
  level: 'warn',
  timestamp: '2026-08-03T10:08:54.907Z'
}
{
  code: 'ECONNREFUSED',
  level: 'error',
  message: '[Redis] Lỗi kết nối Redis:',
  stack: 'AggregateError [ECONNREFUSED]: \n' +
    '    at internalConnectMultiple (node:net:1134:18)\n' +
    '    at afterConnectMultiple (node:net:1715:7)',
  timestamp: '2026-08-03T10:08:56.919Z'
}
{
  message: '[Redis] Đang thử kết nối lại lần 170... (delay: 2000ms)',
  level: 'warn',
  timestamp: '2026-08-03T10:08:56.919Z'
}
{
  code: 'ECONNREFUSED',
  level: 'error',
  message: '[Redis] Lỗi kết nối Redis:',
  stack: 'AggregateError [ECONNREFUSED]: \n' +
    '    at internalConnectMultiple (node:net:1134:18)\n' +
    '    at afterConnectMultiple (node:net:1715:7)',
  timestamp: '2026-08-03T10:08:58.937Z'
}
{
  message: '[Redis] Đang thử kết nối lại lần 171... (delay: 2000ms)',
  level: 'warn',
  timestamp: '2026-08-03T10:08:58.937Z'
}
{
  code: 'ECONNREFUSED',
  level: 'error',
  message: '[Redis] Lỗi kết nối Redis:',
  stack: 'AggregateError [ECONNREFUSED]: \n' +
    '    at internalConnectMultiple (node:net:1134:18)\n' +
    '    at afterConnectMultiple (node:net:1715:7)',
  timestamp: '2026-08-03T10:09:00.950Z'
}
{
  message: '[Redis] Đang thử kết nối lại lần 172... (delay: 2000ms)',
  level: 'warn',
  timestamp: '2026-08-03T10:09:00.950Z'
}
{
  code: 'ECONNREFUSED',
  level: 'error',
  message: '[Redis] Lỗi kết nối Redis:',
  stack: 'AggregateError [ECONNREFUSED]: \n' +
    '    at internalConnectMultiple (node:net:1134:18)\n' +
    '    at afterConnectMultiple (node:net:1715:7)',
  timestamp: '2026-08-03T10:09:02.956Z'
}
{
  message: '[Redis] Đang thử kết nối lại lần 173... (delay: 2000ms)',
  level: 'warn',
  timestamp: '2026-08-03T10:09:02.956Z'
}
{
  code: 'ECONNREFUSED',
  level: 'error',
  message: '[Redis] Lỗi kết nối Redis:',
  stack: 'AggregateError [ECONNREFUSED]: \n' +
    '    at internalConnectMultiple (node:net:1134:18)\n' +
    '    at afterConnectMultiple (node:net:1715:7)',
  timestamp: '2026-08-03T10:09:04.959Z'
}
{
  message: '[Redis] Đang thử kết nối lại lần 174... (delay: 2000ms)',
  level: 'warn',
  timestamp: '2026-08-03T10:09:04.960Z'
}
{
  code: 'ECONNREFUSED',
  level: 'error',
  message: '[Redis] Lỗi kết nối Redis:',
  stack: 'AggregateError [ECONNREFUSED]: \n' +
    '    at internalConnectMultiple (node:net:1134:18)\n' +
    '    at afterConnectMultiple (node:net:1715:7)',
  timestamp: '2026-08-03T10:09:06.969Z'
}
{
  message: '[Redis] Đang thử kết nối lại lần 175... (delay: 2000ms)',
  level: 'warn',
  timestamp: '2026-08-03T10:09:06.970Z'
}
{
  code: 'ECONNREFUSED',
  level: 'error',
  message: '[Redis] Lỗi kết nối Redis:',
  stack: 'AggregateError [ECONNREFUSED]: \n' +
    '    at internalConnectMultiple (node:net:1134:18)\n' +
    '    at afterConnectMultiple (node:net:1715:7)',
  timestamp: '2026-08-03T10:09:08.986Z'
}
{
  message: '[Redis] Đang thử kết nối lại lần 176... (delay: 2000ms)',
  level: 'warn',
  timestamp: '2026-08-03T10:09:08.986Z'
}
{
  code: 'ECONNREFUSED',
  level: 'error',
  message: '[Redis] Lỗi kết nối Redis:',
  stack: 'AggregateError [ECONNREFUSED]: \n' +
    '    at internalConnectMultiple (node:net:1134:18)\n' +
    '    at afterConnectMultiple (node:net:1715:7)',
  timestamp: '2026-08-03T10:09:11.003Z'
}
{
  message: '[Redis] Đang thử kết nối lại lần 177... (delay: 2000ms)',
  level: 'warn',
  timestamp: '2026-08-03T10:09:11.003Z'
}
{
  code: 'ECONNREFUSED',
  level: 'error',
  message: '[Redis] Lỗi kết nối Redis:',
  stack: 'AggregateError [ECONNREFUSED]: \n' +
    '    at internalConnectMultiple (node:net:1134:18)\n' +
    '    at afterConnectMultiple (node:net:1715:7)',
  timestamp: '2026-08-03T10:09:13.017Z'
}
{
  message: '[Redis] Đang thử kết nối lại lần 178... (delay: 2000ms)',
  level: 'warn',
  timestamp: '2026-08-03T10:09:13.018Z'
}
{
  code: 'ECONNREFUSED',
  level: 'error',
  message: '[Redis] Lỗi kết nối Redis:',
  stack: 'AggregateError [ECONNREFUSED]: \n' +
    '    at internalConnectMultiple (node:net:1134:18)\n' +
    '    at afterConnectMultiple (node:net:1715:7)',
  timestamp: '2026-08-03T10:09:15.033Z'
}
{
  message: '[Redis] Đang thử kết nối lại lần 179... (delay: 2000ms)',
  level: 'warn',
  timestamp: '2026-08-03T10:09:15.033Z'
}
{
  code: 'ECONNREFUSED',
  level: 'error',
  message: '[Redis] Lỗi kết nối Redis:',
  stack: 'AggregateError [ECONNREFUSED]: \n' +
    '    at internalConnectMultiple (node:net:1134:18)\n' +
    '    at afterConnectMultiple (node:net:1715:7)',
  timestamp: '2026-08-03T10:09:17.040Z'
}
{
  message: '[Redis] Đang thử kết nối lại lần 180... (delay: 2000ms)',
  level: 'warn',
  timestamp: '2026-08-03T10:09:17.040Z'
}
{
  code: 'ECONNREFUSED',
  level: 'error',
  message: '[Redis] Lỗi kết nối Redis:',
  stack: 'AggregateError [ECONNREFUSED]: \n' +
    '    at internalConnectMultiple (node:net:1134:18)\n' +
    '    at afterConnectMultiple (node:net:1715:7)',
  timestamp: '2026-08-03T10:09:19.043Z'
}
{
  message: '[Redis] Đang thử kết nối lại lần 181... (delay: 2000ms)',
  level: 'warn',
  timestamp: '2026-08-03T10:09:19.044Z'
}
{
  code: 'ECONNREFUSED',
  level: 'error',
  message: '[Redis] Lỗi kết nối Redis:',
  stack: 'AggregateError [ECONNREFUSED]: \n' +
    '    at internalConnectMultiple (node:net:1134:18)\n' +
    '    at afterConnectMultiple (node:net:1715:7)',
  timestamp: '2026-08-03T10:09:21.054Z'
}
{
  message: '[Redis] Đang thử kết nối lại lần 182... (delay: 2000ms)',
  level: 'warn',
  timestamp: '2026-08-03T10:09:21.055Z'
}
{
  code: 'ECONNREFUSED',
  level: 'error',
  message: '[Redis] Lỗi kết nối Redis:',
  stack: 'AggregateError [ECONNREFUSED]: \n' +
    '    at internalConnectMultiple (node:net:1134:18)\n' +
    '    at afterConnectMultiple (node:net:1715:7)',
  timestamp: '2026-08-03T10:09:23.066Z'
}
{
  message: '[Redis] Đang thử kết nối lại lần 183... (delay: 2000ms)',
  level: 'warn',
  timestamp: '2026-08-03T10:09:23.066Z'
}
{
  code: 'ECONNREFUSED',
  level: 'error',
  message: '[Redis] Lỗi kết nối Redis:',
  stack: 'AggregateError [ECONNREFUSED]: \n' +
    '    at internalConnectMultiple (node:net:1134:18)\n' +
    '    at afterConnectMultiple (node:net:1715:7)',
  timestamp: '2026-08-03T10:09:25.078Z'
}
{
  message: '[Redis] Đang thử kết nối lại lần 184... (delay: 2000ms)',
  level: 'warn',
  timestamp: '2026-08-03T10:09:25.079Z'
}
{
  code: 'ECONNREFUSED',
  level: 'error',
  message: '[Redis] Lỗi kết nối Redis:',
  stack: 'AggregateError [ECONNREFUSED]: \n' +
    '    at internalConnectMultiple (node:net:1134:18)\n' +
    '    at afterConnectMultiple (node:net:1715:7)',
  timestamp: '2026-08-03T10:09:27.098Z'
}
{
  message: '[Redis] Đang thử kết nối lại lần 185... (delay: 2000ms)',
  level: 'warn',
  timestamp: '2026-08-03T10:09:27.100Z'
}
{
  code: 'ECONNREFUSED',
  level: 'error',
  message: '[Redis] Lỗi kết nối Redis:',
  stack: 'AggregateError [ECONNREFUSED]: \n' +
    '    at internalConnectMultiple (node:net:1134:18)\n' +
    '    at afterConnectMultiple (node:net:1715:7)',
  timestamp: '2026-08-03T10:09:29.116Z'
}
{
  message: '[Redis] Đang thử kết nối lại lần 186... (delay: 2000ms)',
  level: 'warn',
  timestamp: '2026-08-03T10:09:29.117Z'
}
{
  code: 'ECONNREFUSED',
  level: 'error',
  message: '[Redis] Lỗi kết nối Redis:',
  stack: 'AggregateError [ECONNREFUSED]: \n' +
    '    at internalConnectMultiple (node:net:1134:18)\n' +
    '    at afterConnectMultiple (node:net:1715:7)',
  timestamp: '2026-08-03T10:09:31.132Z'
}
{
  message: '[Redis] Đang thử kết nối lại lần 187... (delay: 2000ms)',
  level: 'warn',
  timestamp: '2026-08-03T10:09:31.132Z'
}
{
  code: 'ECONNREFUSED',
  level: 'error',
  message: '[Redis] Lỗi kết nối Redis:',
  stack: 'AggregateError [ECONNREFUSED]: \n' +
    '    at internalConnectMultiple (node:net:1134:18)\n' +
    '    at afterConnectMultiple (node:net:1715:7)',
  timestamp: '2026-08-03T10:09:33.142Z'
}
{
  message: '[Redis] Đang thử kết nối lại lần 188... (delay: 2000ms)',
  level: 'warn',
  timestamp: '2026-08-03T10:09:33.142Z'
}
{
  code: 'ECONNREFUSED',
  level: 'error',
  message: '[Redis] Lỗi kết nối Redis:',
  stack: 'AggregateError [ECONNREFUSED]: \n' +
    '    at internalConnectMultiple (node:net:1134:18)\n' +
    '    at afterConnectMultiple (node:net:1715:7)',
  timestamp: '2026-08-03T10:09:35.159Z'
}
{
  message: '[Redis] Đang thử kết nối lại lần 189... (delay: 2000ms)',
  level: 'warn',
  timestamp: '2026-08-03T10:09:35.159Z'
}
{
  code: 'ECONNREFUSED',
  level: 'error',
  message: '[Redis] Lỗi kết nối Redis:',
  stack: 'AggregateError [ECONNREFUSED]: \n' +
    '    at internalConnectMultiple (node:net:1134:18)\n' +
    '    at afterConnectMultiple (node:net:1715:7)',
  timestamp: '2026-08-03T10:09:37.168Z'
}
{
  message: '[Redis] Đang thử kết nối lại lần 190... (delay: 2000ms)',
  level: 'warn',
  timestamp: '2026-08-03T10:09:37.169Z'
}
{
  code: 'ECONNREFUSED',
  level: 'error',
  message: '[Redis] Lỗi kết nối Redis:',
  stack: 'AggregateError [ECONNREFUSED]: \n' +
    '    at internalConnectMultiple (node:net:1134:18)\n' +
    '    at afterConnectMultiple (node:net:1715:7)',
  timestamp: '2026-08-03T10:09:39.174Z'
}
{
  message: '[Redis] Đang thử kết nối lại lần 191... (delay: 2000ms)',
  level: 'warn',
  timestamp: '2026-08-03T10:09:39.175Z'
}
{
  code: 'ECONNREFUSED',
  level: 'error',
  message: '[Redis] Lỗi kết nối Redis:',
  stack: 'AggregateError [ECONNREFUSED]: \n' +
    '    at internalConnectMultiple (node:net:1134:18)\n' +
    '    at afterConnectMultiple (node:net:1715:7)',
  timestamp: '2026-08-03T10:09:41.186Z'
}
{
  message: '[Redis] Đang thử kết nối lại lần 192... (delay: 2000ms)',
  level: 'warn',
  timestamp: '2026-08-03T10:09:41.186Z'
}
{
  code: 'ECONNREFUSED',
  level: 'error',
  message: '[Redis] Lỗi kết nối Redis:',
  stack: 'AggregateError [ECONNREFUSED]: \n' +
    '    at internalConnectMultiple (node:net:1134:18)\n' +
    '    at afterConnectMultiple (node:net:1715:7)',
  timestamp: '2026-08-03T10:09:43.200Z'
}
{
  message: '[Redis] Đang thử kết nối lại lần 193... (delay: 2000ms)',
  level: 'warn',
  timestamp: '2026-08-03T10:09:43.200Z'
}
{
  code: 'ECONNREFUSED',
  level: 'error',
  message: '[Redis] Lỗi kết nối Redis:',
  stack: 'AggregateError [ECONNREFUSED]: \n' +
    '    at internalConnectMultiple (node:net:1134:18)\n' +
    '    at afterConnectMultiple (node:net:1715:7)',
  timestamp: '2026-08-03T10:09:45.213Z'
}
{
  message: '[Redis] Đang thử kết nối lại lần 194... (delay: 2000ms)',
  level: 'warn',
  timestamp: '2026-08-03T10:09:45.213Z'
}
{
  code: 'ECONNREFUSED',
  level: 'error',
  message: '[Redis] Lỗi kết nối Redis:',
  stack: 'AggregateError [ECONNREFUSED]: \n' +
    '    at internalConnectMultiple (node:net:1134:18)\n' +
    '    at afterConnectMultiple (node:net:1715:7)',
  timestamp: '2026-08-03T10:09:47.225Z'
}
{
  message: '[Redis] Đang thử kết nối lại lần 195... (delay: 2000ms)',
  level: 'warn',
  timestamp: '2026-08-03T10:09:47.225Z'
}
{
  code: 'ECONNREFUSED',
  level: 'error',
  message: '[Redis] Lỗi kết nối Redis:',
  stack: 'AggregateError [ECONNREFUSED]: \n' +
    '    at internalConnectMultiple (node:net:1134:18)\n' +
    '    at afterConnectMultiple (node:net:1715:7)',
  timestamp: '2026-08-03T10:09:49.231Z'
}
{
  message: '[Redis] Đang thử kết nối lại lần 196... (delay: 2000ms)',
  level: 'warn',
  timestamp: '2026-08-03T10:09:49.231Z'
}
{
  code: 'ECONNREFUSED',
  level: 'error',
  message: '[Redis] Lỗi kết nối Redis:',
  stack: 'AggregateError [ECONNREFUSED]: \n' +
    '    at internalConnectMultiple (node:net:1134:18)\n' +
    '    at afterConnectMultiple (node:net:1715:7)',
  timestamp: '2026-08-03T10:09:51.243Z'
}
{
  message: '[Redis] Đang thử kết nối lại lần 197... (delay: 2000ms)',
  level: 'warn',
  timestamp: '2026-08-03T10:09:51.244Z'
}
{
  code: 'ECONNREFUSED',
  level: 'error',
  message: '[Redis] Lỗi kết nối Redis:',
  stack: 'AggregateError [ECONNREFUSED]: \n' +
    '    at internalConnectMultiple (node:net:1134:18)\n' +
    '    at afterConnectMultiple (node:net:1715:7)',
  timestamp: '2026-08-03T10:09:53.249Z'
}
{
  message: '[Redis] Đang thử kết nối lại lần 198... (delay: 2000ms)',
  level: 'warn',
  timestamp: '2026-08-03T10:09:53.249Z'
}
{
  code: 'ECONNREFUSED',
  level: 'error',
  message: '[Redis] Lỗi kết nối Redis:',
  stack: 'AggregateError [ECONNREFUSED]: \n' +
    '    at internalConnectMultiple (node:net:1134:18)\n' +
    '    at afterConnectMultiple (node:net:1715:7)',
  timestamp: '2026-08-03T10:09:55.260Z'
}
{
  message: '[Redis] Đang thử kết nối lại lần 199... (delay: 2000ms)',
  level: 'warn',
  timestamp: '2026-08-03T10:09:55.260Z'
}
{
  code: 'ECONNREFUSED',
  level: 'error',
  message: '[Redis] Lỗi kết nối Redis:',
  stack: 'AggregateError [ECONNREFUSED]: \n' +
    '    at internalConnectMultiple (node:net:1134:18)\n' +
    '    at afterConnectMultiple (node:net:1715:7)',
  timestamp: '2026-08-03T10:09:57.264Z'
}
{
  message: '[Redis] Đang thử kết nối lại lần 200... (delay: 2000ms)',
  level: 'warn',
  timestamp: '2026-08-03T10:09:57.264Z'
}
{
  code: 'ECONNREFUSED',
  level: 'error',
  message: '[Redis] Lỗi kết nối Redis:',
  stack: 'AggregateError [ECONNREFUSED]: \n' +
    '    at internalConnectMultiple (node:net:1134:18)\n' +
    '    at afterConnectMultiple (node:net:1715:7)',
  timestamp: '2026-08-03T10:09:59.276Z'
}
{
  message: '[Redis] Đang thử kết nối lại lần 201... (delay: 2000ms)',
  level: 'warn',
  timestamp: '2026-08-03T10:09:59.277Z'
}
{
  message: '[SchedulerService] Đang kiểm tra các booking hết hạn thanh toán...',
  level: 'info',
  timestamp: '2026-08-03T10:10:00.012Z'
}
{
  message: '[SchedulerService] Đang kiểm tra các booking hết hạn thanh toán...',
  level: 'info',
  timestamp: '2026-08-03T10:10:00.002Z'
}
{
  code: 'ECONNREFUSED',
  level: 'error',
  message: '[Redis] Lỗi kết nối Redis:',
  stack: 'AggregateError [ECONNREFUSED]: \n' +
    '    at internalConnectMultiple (node:net:1134:18)\n' +
    '    at afterConnectMultiple (node:net:1715:7)',
  timestamp: '2026-08-03T10:10:01.291Z'
}
{
  message: '[Redis] Đang thử kết nối lại lần 202... (delay: 2000ms)',
  level: 'warn',
  timestamp: '2026-08-03T10:10:01.292Z'
}
{
  code: 'ECONNREFUSED',
  level: 'error',
  message: '[Redis] Lỗi kết nối Redis:',
  stack: 'AggregateError [ECONNREFUSED]: \n' +
    '    at internalConnectMultiple (node:net:1134:18)\n' +
    '    at afterConnectMultiple (node:net:1715:7)',
  timestamp: '2026-08-03T10:10:03.298Z'
}
{
  message: '[Redis] Đang thử kết nối lại lần 203... (delay: 2000ms)',
  level: 'warn',
  timestamp: '2026-08-03T10:10:03.299Z'
}
{
  code: 'ECONNREFUSED',
  level: 'error',
  message: '[Redis] Lỗi kết nối Redis:',
  stack: 'AggregateError [ECONNREFUSED]: \n' +
    '    at internalConnectMultiple (node:net:1134:18)\n' +
    '    at afterConnectMultiple (node:net:1715:7)',
  timestamp: '2026-08-03T10:10:05.315Z'
}
{
  message: '[Redis] Đang thử kết nối lại lần 204... (delay: 2000ms)',
  level: 'warn',
  timestamp: '2026-08-03T10:10:05.315Z'
}
{
  code: 'ECONNREFUSED',
  level: 'error',
  message: '[Redis] Lỗi kết nối Redis:',
  stack: 'AggregateError [ECONNREFUSED]: \n' +
    '    at internalConnectMultiple (node:net:1134:18)\n' +
    '    at afterConnectMultiple (node:net:1715:7)',
  timestamp: '2026-08-03T10:10:07.319Z'
}
{
  message: '[Redis] Đang thử kết nối lại lần 205... (delay: 2000ms)',
  level: 'warn',
  timestamp: '2026-08-03T10:10:07.319Z'
}
{
  code: 'ECONNREFUSED',
  level: 'error',
  message: '[Redis] Lỗi kết nối Redis:',
  stack: 'AggregateError [ECONNREFUSED]: \n' +
    '    at internalConnectMultiple (node:net:1134:18)\n' +
    '    at afterConnectMultiple (node:net:1715:7)',
  timestamp: '2026-08-03T10:10:09.324Z'
}
{
  message: '[Redis] Đang thử kết nối lại lần 206... (delay: 2000ms)',
  level: 'warn',
  timestamp: '2026-08-03T10:10:09.324Z'
}
{
  code: 'ECONNREFUSED',
  level: 'error',
  message: '[Redis] Lỗi kết nối Redis:',
  stack: 'AggregateError [ECONNREFUSED]: \n' +
    '    at internalConnectMultiple (node:net:1134:18)\n' +
    '    at afterConnectMultiple (node:net:1715:7)',
  timestamp: '2026-08-03T10:10:11.340Z'
}
{
  message: '[Redis] Đang thử kết nối lại lần 207... (delay: 2000ms)',
  level: 'warn',
  timestamp: '2026-08-03T10:10:11.341Z'
}
{
  code: 'ECONNREFUSED',
  level: 'error',
  message: '[Redis] Lỗi kết nối Redis:',
  stack: 'AggregateError [ECONNREFUSED]: \n' +
    '    at internalConnectMultiple (node:net:1134:18)\n' +
    '    at afterConnectMultiple (node:net:1715:7)',
  timestamp: '2026-08-03T10:10:13.350Z'
}
{
  message: '[Redis] Đang thử kết nối lại lần 208... (delay: 2000ms)',
  level: 'warn',
  timestamp: '2026-08-03T10:10:13.350Z'
}
{
  code: 'ECONNREFUSED',
  level: 'error',
  message: '[Redis] Lỗi kết nối Redis:',
  stack: 'AggregateError [ECONNREFUSED]: \n' +
    '    at internalConnectMultiple (node:net:1134:18)\n' +
    '    at afterConnectMultiple (node:net:1715:7)',
  timestamp: '2026-08-03T10:10:15.365Z'
}
{
  message: '[Redis] Đang thử kết nối lại lần 209... (delay: 2000ms)',
  level: 'warn',
  timestamp: '2026-08-03T10:10:15.365Z'
}
{
  code: 'ECONNREFUSED',
  level: 'error',
  message: '[Redis] Lỗi kết nối Redis:',
  stack: 'AggregateError [ECONNREFUSED]: \n' +
    '    at internalConnectMultiple (node:net:1134:18)\n' +
    '    at afterConnectMultiple (node:net:1715:7)',
  timestamp: '2026-08-03T10:10:17.367Z'
}
{
  message: '[Redis] Đang thử kết nối lại lần 210... (delay: 2000ms)',
  level: 'warn',
  timestamp: '2026-08-03T10:10:17.367Z'
}
{
  code: 'ECONNREFUSED',
  level: 'error',
  message: '[Redis] Lỗi kết nối Redis:',
  stack: 'AggregateError [ECONNREFUSED]: \n' +
    '    at internalConnectMultiple (node:net:1134:18)\n' +
    '    at afterConnectMultiple (node:net:1715:7)',
  timestamp: '2026-08-03T10:10:19.385Z'
}
{
  message: '[Redis] Đang thử kết nối lại lần 211... (delay: 2000ms)',
  level: 'warn',
  timestamp: '2026-08-03T10:10:19.385Z'
}
{
  code: 'ECONNREFUSED',
  level: 'error',
  message: '[Redis] Lỗi kết nối Redis:',
  stack: 'AggregateError [ECONNREFUSED]: \n' +
    '    at internalConnectMultiple (node:net:1134:18)\n' +
    '    at afterConnectMultiple (node:net:1715:7)',
  timestamp: '2026-08-03T10:10:21.399Z'
}
{
  message: '[Redis] Đang thử kết nối lại lần 212... (delay: 2000ms)',
  level: 'warn',
  timestamp: '2026-08-03T10:10:21.400Z'
}
{
  code: 'ECONNREFUSED',
  level: 'error',
  message: '[Redis] Lỗi kết nối Redis:',
  stack: 'AggregateError [ECONNREFUSED]: \n' +
    '    at internalConnectMultiple (node:net:1134:18)\n' +
    '    at afterConnectMultiple (node:net:1715:7)',
  timestamp: '2026-08-03T10:10:23.404Z'
}
{
  message: '[Redis] Đang thử kết nối lại lần 213... (delay: 2000ms)',
  level: 'warn',
  timestamp: '2026-08-03T10:10:23.405Z'
}
{
  code: 'ECONNREFUSED',
  level: 'error',
  message: '[Redis] Lỗi kết nối Redis:',
  stack: 'AggregateError [ECONNREFUSED]: \n' +
    '    at internalConnectMultiple (node:net:1134:18)\n' +
    '    at afterConnectMultiple (node:net:1715:7)',
  timestamp: '2026-08-03T10:10:25.416Z'
}
{
  message: '[Redis] Đang thử kết nối lại lần 214... (delay: 2000ms)',
  level: 'warn',
  timestamp: '2026-08-03T10:10:25.416Z'
}
{
  code: 'ECONNREFUSED',
  level: 'error',
  message: '[Redis] Lỗi kết nối Redis:',
  stack: 'AggregateError [ECONNREFUSED]: \n' +
    '    at internalConnectMultiple (node:net:1134:18)\n' +
    '    at afterConnectMultiple (node:net:1715:7)',
  timestamp: '2026-08-03T10:10:27.426Z'
}
{
  message: '[Redis] Đang thử kết nối lại lần 215... (delay: 2000ms)',
  level: 'warn',
  timestamp: '2026-08-03T10:10:27.426Z'
}
{
  code: 'ECONNREFUSED',
  level: 'error',
  message: '[Redis] Lỗi kết nối Redis:',
  stack: 'AggregateError [ECONNREFUSED]: \n' +
    '    at internalConnectMultiple (node:net:1134:18)\n' +
    '    at afterConnectMultiple (node:net:1715:7)',
  timestamp: '2026-08-03T10:10:29.442Z'
}
{
  message: '[Redis] Đang thử kết nối lại lần 216... (delay: 2000ms)',
  level: 'warn',
  timestamp: '2026-08-03T10:10:29.442Z'
}
{
  code: 'ECONNREFUSED',
  level: 'error',
  message: '[Redis] Lỗi kết nối Redis:',
  stack: 'AggregateError [ECONNREFUSED]: \n' +
    '    at internalConnectMultiple (node:net:1134:18)\n' +
    '    at afterConnectMultiple (node:net:1715:7)',
  timestamp: '2026-08-03T10:10:31.453Z'
}
{
  message: '[Redis] Đang thử kết nối lại lần 217... (delay: 2000ms)',
  level: 'warn',
  timestamp: '2026-08-03T10:10:31.454Z'
}
{
  code: 'ECONNREFUSED',
  level: 'error',
  message: '[Redis] Lỗi kết nối Redis:',
  stack: 'AggregateError [ECONNREFUSED]: \n' +
    '    at internalConnectMultiple (node:net:1134:18)\n' +
    '    at afterConnectMultiple (node:net:1715:7)',
  timestamp: '2026-08-03T10:10:33.463Z'
}
{
  message: '[Redis] Đang thử kết nối lại lần 218... (delay: 2000ms)',
  level: 'warn',
  timestamp: '2026-08-03T10:10:33.464Z'
}
{
  code: 'ECONNREFUSED',
  level: 'error',
  message: '[Redis] Lỗi kết nối Redis:',
  stack: 'AggregateError [ECONNREFUSED]: \n' +
    '    at internalConnectMultiple (node:net:1134:18)\n' +
    '    at afterConnectMultiple (node:net:1715:7)',
  timestamp: '2026-08-03T10:10:35.467Z'
}
{
  message: '[Redis] Đang thử kết nối lại lần 219... (delay: 2000ms)',
  level: 'warn',
  timestamp: '2026-08-03T10:10:35.468Z'
}
{
  code: 'ECONNREFUSED',
  level: 'error',
  message: '[Redis] Lỗi kết nối Redis:',
  stack: 'AggregateError [ECONNREFUSED]: \n' +
    '    at internalConnectMultiple (node:net:1134:18)\n' +
    '    at afterConnectMultiple (node:net:1715:7)',
  timestamp: '2026-08-03T10:10:37.473Z'
}
{
  message: '[Redis] Đang thử kết nối lại lần 220... (delay: 2000ms)',
  level: 'warn',
  timestamp: '2026-08-03T10:10:37.473Z'
}
{
  code: 'ECONNREFUSED',
  level: 'error',
  message: '[Redis] Lỗi kết nối Redis:',
  stack: 'AggregateError [ECONNREFUSED]: \n' +
    '    at internalConnectMultiple (node:net:1134:18)\n' +
    '    at afterConnectMultiple (node:net:1715:7)',
  timestamp: '2026-08-03T10:10:39.486Z'
}
{
  message: '[Redis] Đang thử kết nối lại lần 221... (delay: 2000ms)',
  level: 'warn',
  timestamp: '2026-08-03T10:10:39.487Z'
}
{
  code: 'ECONNREFUSED',
  level: 'error',
  message: '[Redis] Lỗi kết nối Redis:',
  stack: 'AggregateError [ECONNREFUSED]: \n' +
    '    at internalConnectMultiple (node:net:1134:18)\n' +
    '    at afterConnectMultiple (node:net:1715:7)',
  timestamp: '2026-08-03T10:10:41.490Z'
}
{
  message: '[Redis] Đang thử kết nối lại lần 222... (delay: 2000ms)',
  level: 'warn',
  timestamp: '2026-08-03T10:10:41.490Z'
}
{
  code: 'ECONNREFUSED',
  level: 'error',
  message: '[Redis] Lỗi kết nối Redis:',
  stack: 'AggregateError [ECONNREFUSED]: \n' +
    '    at internalConnectMultiple (node:net:1134:18)\n' +
    '    at afterConnectMultiple (node:net:1715:7)',
  timestamp: '2026-08-03T10:10:43.501Z'
}
{
  message: '[Redis] Đang thử kết nối lại lần 223... (delay: 2000ms)',
  level: 'warn',
  timestamp: '2026-08-03T10:10:43.502Z'
}
{
  code: 'ECONNREFUSED',
  level: 'error',
  message: '[Redis] Lỗi kết nối Redis:',
  stack: 'AggregateError [ECONNREFUSED]: \n' +
    '    at internalConnectMultiple (node:net:1134:18)\n' +
    '    at afterConnectMultiple (node:net:1715:7)',
  timestamp: '2026-08-03T10:10:45.516Z'
}
{
  message: '[Redis] Đang thử kết nối lại lần 224... (delay: 2000ms)',
  level: 'warn',
  timestamp: '2026-08-03T10:10:45.516Z'
}
{
  code: 'ECONNREFUSED',
  level: 'error',
  message: '[Redis] Lỗi kết nối Redis:',
  stack: 'AggregateError [ECONNREFUSED]: \n' +
    '    at internalConnectMultiple (node:net:1134:18)\n' +
    '    at afterConnectMultiple (node:net:1715:7)',
  timestamp: '2026-08-03T10:10:47.519Z'
}
{
  message: '[Redis] Đang thử kết nối lại lần 225... (delay: 2000ms)',
  level: 'warn',
  timestamp: '2026-08-03T10:10:47.519Z'
}
{
  code: 'ECONNREFUSED',
  level: 'error',
  message: '[Redis] Lỗi kết nối Redis:',
  stack: 'AggregateError [ECONNREFUSED]: \n' +
    '    at internalConnectMultiple (node:net:1134:18)\n' +
    '    at afterConnectMultiple (node:net:1715:7)',
  timestamp: '2026-08-03T10:10:49.535Z'
}
{
  message: '[Redis] Đang thử kết nối lại lần 226... (delay: 2000ms)',
  level: 'warn',
  timestamp: '2026-08-03T10:10:49.536Z'
}
{
  code: 'ECONNREFUSED',
  level: 'error',
  message: '[Redis] Lỗi kết nối Redis:',
  stack: 'AggregateError [ECONNREFUSED]: \n' +
    '    at internalConnectMultiple (node:net:1134:18)\n' +
    '    at afterConnectMultiple (node:net:1715:7)',
  timestamp: '2026-08-03T10:10:51.548Z'
}
{
  message: '[Redis] Đang thử kết nối lại lần 227... (delay: 2000ms)',
  level: 'warn',
  timestamp: '2026-08-03T10:10:51.548Z'
}
{
  code: 'ECONNREFUSED',
  level: 'error',
  message: '[Redis] Lỗi kết nối Redis:',
  stack: 'AggregateError [ECONNREFUSED]: \n' +
    '    at internalConnectMultiple (node:net:1134:18)\n' +
    '    at afterConnectMultiple (node:net:1715:7)',
  timestamp: '2026-08-03T10:10:53.563Z'
}
{
  message: '[Redis] Đang thử kết nối lại lần 228... (delay: 2000ms)',
  level: 'warn',
  timestamp: '2026-08-03T10:10:53.563Z'
}
{
  code: 'ECONNREFUSED',
  level: 'error',
  message: '[Redis] Lỗi kết nối Redis:',
  stack: 'AggregateError [ECONNREFUSED]: \n' +
    '    at internalConnectMultiple (node:net:1134:18)\n' +
    '    at afterConnectMultiple (node:net:1715:7)',
  timestamp: '2026-08-03T10:10:55.578Z'
}
{
  message: '[Redis] Đang thử kết nối lại lần 229... (delay: 2000ms)',
  level: 'warn',
  timestamp: '2026-08-03T10:10:55.578Z'
}
{
  code: 'ECONNREFUSED',
  level: 'error',
  message: '[Redis] Lỗi kết nối Redis:',
  stack: 'AggregateError [ECONNREFUSED]: \n' +
    '    at internalConnectMultiple (node:net:1134:18)\n' +
    '    at afterConnectMultiple (node:net:1715:7)',
  timestamp: '2026-08-03T10:10:57.595Z'
}
{
  message: '[Redis] Đang thử kết nối lại lần 230... (delay: 2000ms)',
  level: 'warn',
  timestamp: '2026-08-03T10:10:57.595Z'
}
{
  code: 'ECONNREFUSED',
  level: 'error',
  message: '[Redis] Lỗi kết nối Redis:',
  stack: 'AggregateError [ECONNREFUSED]: \n' +
    '    at internalConnectMultiple (node:net:1134:18)\n' +
    '    at afterConnectMultiple (node:net:1715:7)',
  timestamp: '2026-08-03T10:10:59.613Z'
}
{
  message: '[Redis] Đang thử kết nối lại lần 231... (delay: 2000ms)',
  level: 'warn',
  timestamp: '2026-08-03T10:10:59.614Z'
}
{
  code: 'ECONNREFUSED',
  level: 'error',
  message: '[Redis] Lỗi kết nối Redis:',
  stack: 'AggregateError [ECONNREFUSED]: \n' +
    '    at internalConnectMultiple (node:net:1134:18)\n' +
    '    at afterConnectMultiple (node:net:1715:7)',
  timestamp: '2026-08-03T10:11:01.633Z'
}
{
  message: '[Redis] Đang thử kết nối lại lần 232... (delay: 2000ms)',
  level: 'warn',
  timestamp: '2026-08-03T10:11:01.633Z'
}
{
  code: 'ECONNREFUSED',
  level: 'error',
  message: '[Redis] Lỗi kết nối Redis:',
  stack: 'AggregateError [ECONNREFUSED]: \n' +
    '    at internalConnectMultiple (node:net:1134:18)\n' +
    '    at afterConnectMultiple (node:net:1715:7)',
  timestamp: '2026-08-03T10:11:03.644Z'
}
{
  message: '[Redis] Đang thử kết nối lại lần 233... (delay: 2000ms)',
  level: 'warn',
  timestamp: '2026-08-03T10:11:03.645Z'
}
{
  code: 'ECONNREFUSED',
  level: 'error',
  message: '[Redis] Lỗi kết nối Redis:',
  stack: 'AggregateError [ECONNREFUSED]: \n' +
    '    at internalConnectMultiple (node:net:1134:18)\n' +
    '    at afterConnectMultiple (node:net:1715:7)',
  timestamp: '2026-08-03T10:11:05.655Z'
}
{
  message: '[Redis] Đang thử kết nối lại lần 234... (delay: 2000ms)',
  level: 'warn',
  timestamp: '2026-08-03T10:11:05.656Z'
}
{
  code: 'ECONNREFUSED',
  level: 'error',
  message: '[Redis] Lỗi kết nối Redis:',
  stack: 'AggregateError [ECONNREFUSED]: \n' +
    '    at internalConnectMultiple (node:net:1134:18)\n' +
    '    at afterConnectMultiple (node:net:1715:7)',
  timestamp: '2026-08-03T10:11:07.664Z'
}
{
  message: '[Redis] Đang thử kết nối lại lần 235... (delay: 2000ms)',
  level: 'warn',
  timestamp: '2026-08-03T10:11:07.665Z'
}
{
  code: 'ECONNREFUSED',
  level: 'error',
  message: '[Redis] Lỗi kết nối Redis:',
  stack: 'AggregateError [ECONNREFUSED]: \n' +
    '    at internalConnectMultiple (node:net:1134:18)\n' +
    '    at afterConnectMultiple (node:net:1715:7)',
  timestamp: '2026-08-03T10:11:09.669Z'
}
{
  message: '[Redis] Đang thử kết nối lại lần 236... (delay: 2000ms)',
  level: 'warn',
  timestamp: '2026-08-03T10:11:09.669Z'
}
{
  code: 'ECONNREFUSED',
  level: 'error',
  message: '[Redis] Lỗi kết nối Redis:',
  stack: 'AggregateError [ECONNREFUSED]: \n' +
    '    at internalConnectMultiple (node:net:1134:18)\n' +
    '    at afterConnectMultiple (node:net:1715:7)',
  timestamp: '2026-08-03T10:11:11.680Z'
}
{
  message: '[Redis] Đang thử kết nối lại lần 237... (delay: 2000ms)',
  level: 'warn',
  timestamp: '2026-08-03T10:11:11.680Z'
}
{
  code: 'ECONNREFUSED',
  level: 'error',
  message: '[Redis] Lỗi kết nối Redis:',
  stack: 'AggregateError [ECONNREFUSED]: \n' +
    '    at internalConnectMultiple (node:net:1134:18)\n' +
    '    at afterConnectMultiple (node:net:1715:7)',
  timestamp: '2026-08-03T10:11:13.686Z'
}
{
  message: '[Redis] Đang thử kết nối lại lần 238... (delay: 2000ms)',
  level: 'warn',
  timestamp: '2026-08-03T10:11:13.687Z'
}
{
  code: 'ECONNREFUSED',
  level: 'error',
  message: '[Redis] Lỗi kết nối Redis:',
  stack: 'AggregateError [ECONNREFUSED]: \n' +
    '    at internalConnectMultiple (node:net:1134:18)\n' +
    '    at afterConnectMultiple (node:net:1715:7)',
  timestamp: '2026-08-03T10:11:15.706Z'
}
{
  message: '[Redis] Đang thử kết nối lại lần 239... (delay: 2000ms)',
  level: 'warn',
  timestamp: '2026-08-03T10:11:15.707Z'
}
{
  code: 'ECONNREFUSED',
  level: 'error',
  message: '[Redis] Lỗi kết nối Redis:',
  stack: 'AggregateError [ECONNREFUSED]: \n' +
    '    at internalConnectMultiple (node:net:1134:18)\n' +
    '    at afterConnectMultiple (node:net:1715:7)',
  timestamp: '2026-08-03T10:11:17.715Z'
}
{
  message: '[Redis] Đang thử kết nối lại lần 240... (delay: 2000ms)',
  level: 'warn',
  timestamp: '2026-08-03T10:11:17.716Z'
}
{
  code: 'ECONNREFUSED',
  level: 'error',
  message: '[Redis] Lỗi kết nối Redis:',
  stack: 'AggregateError [ECONNREFUSED]: \n' +
    '    at internalConnectMultiple (node:net:1134:18)\n' +
    '    at afterConnectMultiple (node:net:1715:7)',
  timestamp: '2026-08-03T10:11:19.729Z'
}
{
  message: '[Redis] Đang thử kết nối lại lần 241... (delay: 2000ms)',
  level: 'warn',
  timestamp: '2026-08-03T10:11:19.730Z'
}
{
  code: 'ECONNREFUSED',
  level: 'error',
  message: '[Redis] Lỗi kết nối Redis:',
  stack: 'AggregateError [ECONNREFUSED]: \n' +
    '    at internalConnectMultiple (node:net:1134:18)\n' +
    '    at afterConnectMultiple (node:net:1715:7)',
  timestamp: '2026-08-03T10:11:21.740Z'
}
{
  message: '[Redis] Đang thử kết nối lại lần 242... (delay: 2000ms)',
  level: 'warn',
  timestamp: '2026-08-03T10:11:21.740Z'
}
{
  code: 'ECONNREFUSED',
  level: 'error',
  message: '[Redis] Lỗi kết nối Redis:',
  stack: 'AggregateError [ECONNREFUSED]: \n' +
    '    at internalConnectMultiple (node:net:1134:18)\n' +
    '    at afterConnectMultiple (node:net:1715:7)',
  timestamp: '2026-08-03T10:11:23.745Z'
}
{
  message: '[Redis] Đang thử kết nối lại lần 243... (delay: 2000ms)',
  level: 'warn',
  timestamp: '2026-08-03T10:11:23.745Z'
}
{
  code: 'ECONNREFUSED',
  level: 'error',
  message: '[Redis] Lỗi kết nối Redis:',
  stack: 'AggregateError [ECONNREFUSED]: \n' +
    '    at internalConnectMultiple (node:net:1134:18)\n' +
    '    at afterConnectMultiple (node:net:1715:7)',
  timestamp: '2026-08-03T10:11:25.759Z'
}
{
  message: '[Redis] Đang thử kết nối lại lần 244... (delay: 2000ms)',
  level: 'warn',
  timestamp: '2026-08-03T10:11:25.759Z'
}
{
  code: 'ECONNREFUSED',
  level: 'error',
  message: '[Redis] Lỗi kết nối Redis:',
  stack: 'AggregateError [ECONNREFUSED]: \n' +
    '    at internalConnectMultiple (node:net:1134:18)\n' +
    '    at afterConnectMultiple (node:net:1715:7)',
  timestamp: '2026-08-03T10:11:27.773Z'
}
{
  message: '[Redis] Đang thử kết nối lại lần 245... (delay: 2000ms)',
  level: 'warn',
  timestamp: '2026-08-03T10:11:27.773Z'
}
{
  code: 'ECONNREFUSED',
  level: 'error',
  message: '[Redis] Lỗi kết nối Redis:',
  stack: 'AggregateError [ECONNREFUSED]: \n' +
    '    at internalConnectMultiple (node:net:1134:18)\n' +
    '    at afterConnectMultiple (node:net:1715:7)',
  timestamp: '2026-08-03T10:11:29.784Z'
}
{
  message: '[Redis] Đang thử kết nối lại lần 246... (delay: 2000ms)',
  level: 'warn',
  timestamp: '2026-08-03T10:11:29.785Z'
}
{
  code: 'ECONNREFUSED',
  level: 'error',
  message: '[Redis] Lỗi kết nối Redis:',
  stack: 'AggregateError [ECONNREFUSED]: \n' +
    '    at internalConnectMultiple (node:net:1134:18)\n' +
    '    at afterConnectMultiple (node:net:1715:7)',
  timestamp: '2026-08-03T10:11:31.802Z'
}
{
  message: '[Redis] Đang thử kết nối lại lần 247... (delay: 2000ms)',
  level: 'warn',
  timestamp: '2026-08-03T10:11:31.804Z'
}
{
  code: 'ECONNREFUSED',
  level: 'error',
  message: '[Redis] Lỗi kết nối Redis:',
  stack: 'AggregateError [ECONNREFUSED]: \n' +
    '    at internalConnectMultiple (node:net:1134:18)\n' +
    '    at afterConnectMultiple (node:net:1715:7)',
  timestamp: '2026-08-03T10:11:33.816Z'
}
{
  message: '[Redis] Đang thử kết nối lại lần 248... (delay: 2000ms)',
  level: 'warn',
  timestamp: '2026-08-03T10:11:33.816Z'
}
{
  code: 'ECONNREFUSED',
  level: 'error',
  message: '[Redis] Lỗi kết nối Redis:',
  stack: 'AggregateError [ECONNREFUSED]: \n' +
    '    at internalConnectMultiple (node:net:1134:18)\n' +
    '    at afterConnectMultiple (node:net:1715:7)',
  timestamp: '2026-08-03T10:11:35.822Z'
}
{
  message: '[Redis] Đang thử kết nối lại lần 249... (delay: 2000ms)',
  level: 'warn',
  timestamp: '2026-08-03T10:11:35.822Z'
}
{
  code: 'ECONNREFUSED',
  level: 'error',
  message: '[Redis] Lỗi kết nối Redis:',
  stack: 'AggregateError [ECONNREFUSED]: \n' +
    '    at internalConnectMultiple (node:net:1134:18)\n' +
    '    at afterConnectMultiple (node:net:1715:7)',
  timestamp: '2026-08-03T10:11:37.832Z'
}
{
  message: '[Redis] Đang thử kết nối lại lần 250... (delay: 2000ms)',
  level: 'warn',
  timestamp: '2026-08-03T10:11:37.832Z'
}
{
  code: 'ECONNREFUSED',
  level: 'error',
  message: '[Redis] Lỗi kết nối Redis:',
  stack: 'AggregateError [ECONNREFUSED]: \n' +
    '    at internalConnectMultiple (node:net:1134:18)\n' +
    '    at afterConnectMultiple (node:net:1715:7)',
  timestamp: '2026-08-03T10:11:39.846Z'
}
{
  message: '[Redis] Đang thử kết nối lại lần 251... (delay: 2000ms)',
  level: 'warn',
  timestamp: '2026-08-03T10:11:39.846Z'
}
{
  code: 'ECONNREFUSED',
  level: 'error',
  message: '[Redis] Lỗi kết nối Redis:',
  stack: 'AggregateError [ECONNREFUSED]: \n' +
    '    at internalConnectMultiple (node:net:1134:18)\n' +
    '    at afterConnectMultiple (node:net:1715:7)',
  timestamp: '2026-08-03T10:11:41.855Z'
}
{
  message: '[Redis] Đang thử kết nối lại lần 252... (delay: 2000ms)',
  level: 'warn',
  timestamp: '2026-08-03T10:11:41.855Z'
}
{
  code: 'ECONNREFUSED',
  level: 'error',
  message: '[Redis] Lỗi kết nối Redis:',
  stack: 'AggregateError [ECONNREFUSED]: \n' +
    '    at internalConnectMultiple (node:net:1134:18)\n' +
    '    at afterConnectMultiple (node:net:1715:7)',
  timestamp: '2026-08-03T10:11:43.863Z'
}
{
  message: '[Redis] Đang thử kết nối lại lần 253... (delay: 2000ms)',
  level: 'warn',
  timestamp: '2026-08-03T10:11:43.864Z'
}
{
  code: 'ECONNREFUSED',
  level: 'error',
  message: '[Redis] Lỗi kết nối Redis:',
  stack: 'AggregateError [ECONNREFUSED]: \n' +
    '    at internalConnectMultiple (node:net:1134:18)\n' +
    '    at afterConnectMultiple (node:net:1715:7)',
  timestamp: '2026-08-03T10:11:45.877Z'
}
{
  message: '[Redis] Đang thử kết nối lại lần 254... (delay: 2000ms)',
  level: 'warn',
  timestamp: '2026-08-03T10:11:45.879Z'
}
{
  code: 'ECONNREFUSED',
  level: 'error',
  message: '[Redis] Lỗi kết nối Redis:',
  stack: 'AggregateError [ECONNREFUSED]: \n' +
    '    at internalConnectMultiple (node:net:1134:18)\n' +
    '    at afterConnectMultiple (node:net:1715:7)',
  timestamp: '2026-08-03T10:11:47.889Z'
}
{
  message: '[Redis] Đang thử kết nối lại lần 255... (delay: 2000ms)',
  level: 'warn',
  timestamp: '2026-08-03T10:11:47.889Z'
}
{
  code: 'ECONNREFUSED',
  level: 'error',
  message: '[Redis] Lỗi kết nối Redis:',
  stack: 'AggregateError [ECONNREFUSED]: \n' +
    '    at internalConnectMultiple (node:net:1134:18)\n' +
    '    at afterConnectMultiple (node:net:1715:7)',
  timestamp: '2026-08-03T10:11:49.906Z'
}
{
  message: '[Redis] Đang thử kết nối lại lần 256... (delay: 2000ms)',
  level: 'warn',
  timestamp: '2026-08-03T10:11:49.907Z'
}
{
  code: 'ECONNREFUSED',
  level: 'error',
  message: '[Redis] Lỗi kết nối Redis:',
  stack: 'AggregateError [ECONNREFUSED]: \n' +
    '    at internalConnectMultiple (node:net:1134:18)\n' +
    '    at afterConnectMultiple (node:net:1715:7)',
  timestamp: '2026-08-03T10:11:51.917Z'
}
{
  message: '[Redis] Đang thử kết nối lại lần 257... (delay: 2000ms)',
  level: 'warn',
  timestamp: '2026-08-03T10:11:51.917Z'
}
{
  code: 'ECONNREFUSED',
  level: 'error',
  message: '[Redis] Lỗi kết nối Redis:',
  stack: 'AggregateError [ECONNREFUSED]: \n' +
    '    at internalConnectMultiple (node:net:1134:18)\n' +
    '    at afterConnectMultiple (node:net:1715:7)',
  timestamp: '2026-08-03T10:11:53.923Z'
}
{
  message: '[Redis] Đang thử kết nối lại lần 258... (delay: 2000ms)',
  level: 'warn',
  timestamp: '2026-08-03T10:11:53.924Z'
}
{
  code: 'ECONNREFUSED',
  level: 'error',
  message: '[Redis] Lỗi kết nối Redis:',
  stack: 'AggregateError [ECONNREFUSED]: \n' +
    '    at internalConnectMultiple (node:net:1134:18)\n' +
    '    at afterConnectMultiple (node:net:1715:7)',
  timestamp: '2026-08-03T10:11:55.933Z'
}
{
  message: '[Redis] Đang thử kết nối lại lần 259... (delay: 2000ms)',
  level: 'warn',
  timestamp: '2026-08-03T10:11:55.933Z'
}
{
  code: 'ECONNREFUSED',
  level: 'error',
  message: '[Redis] Lỗi kết nối Redis:',
  stack: 'AggregateError [ECONNREFUSED]: \n' +
    '    at internalConnectMultiple (node:net:1134:18)\n' +
    '    at afterConnectMultiple (node:net:1715:7)',
  timestamp: '2026-08-03T10:11:57.951Z'
}
{
  message: '[Redis] Đang thử kết nối lại lần 260... (delay: 2000ms)',
  level: 'warn',
  timestamp: '2026-08-03T10:11:57.951Z'
}
{
  code: 'ECONNREFUSED',
  level: 'error',
  message: '[Redis] Lỗi kết nối Redis:',
  stack: 'AggregateError [ECONNREFUSED]: \n' +
    '    at internalConnectMultiple (node:net:1134:18)\n' +
    '    at afterConnectMultiple (node:net:1715:7)',
  timestamp: '2026-08-03T10:11:59.963Z'
}
{
  message: '[Redis] Đang thử kết nối lại lần 261... (delay: 2000ms)',
  level: 'warn',
  timestamp: '2026-08-03T10:11:59.964Z'
}
{
  code: 'ECONNREFUSED',
  level: 'error',
  message: '[Redis] Lỗi kết nối Redis:',
  stack: 'AggregateError [ECONNREFUSED]: \n' +
    '    at internalConnectMultiple (node:net:1134:18)\n' +
    '    at afterConnectMultiple (node:net:1715:7)',
  timestamp: '2026-08-03T10:12:01.969Z'
}
{
  message: '[Redis] Đang thử kết nối lại lần 262... (delay: 2000ms)',
  level: 'warn',
  timestamp: '2026-08-03T10:12:01.969Z'
}
{
  code: 'ECONNREFUSED',
  level: 'error',
  message: '[Redis] Lỗi kết nối Redis:',
  stack: 'AggregateError [ECONNREFUSED]: \n' +
    '    at internalConnectMultiple (node:net:1134:18)\n' +
    '    at afterConnectMultiple (node:net:1715:7)',
  timestamp: '2026-08-03T10:12:03.981Z'
}
{
  message: '[Redis] Đang thử kết nối lại lần 263... (delay: 2000ms)',
  level: 'warn',
  timestamp: '2026-08-03T10:12:03.982Z'
}
{
  code: 'ECONNREFUSED',
  level: 'error',
  message: '[Redis] Lỗi kết nối Redis:',
  stack: 'AggregateError [ECONNREFUSED]: \n' +
    '    at internalConnectMultiple (node:net:1134:18)\n' +
    '    at afterConnectMultiple (node:net:1715:7)',
  timestamp: '2026-08-03T10:12:05.997Z'
}
{
  message: '[Redis] Đang thử kết nối lại lần 264... (delay: 2000ms)',
  level: 'warn',
  timestamp: '2026-08-03T10:12:05.997Z'
}
{
  code: 'ECONNREFUSED',
  level: 'error',
  message: '[Redis] Lỗi kết nối Redis:',
  stack: 'AggregateError [ECONNREFUSED]: \n' +
    '    at internalConnectMultiple (node:net:1134:18)\n' +
    '    at afterConnectMultiple (node:net:1715:7)',
  timestamp: '2026-08-03T10:12:08.015Z'
}
{
  message: '[Redis] Đang thử kết nối lại lần 265... (delay: 2000ms)',
  level: 'warn',
  timestamp: '2026-08-03T10:12:08.015Z'
}
{
  code: 'ECONNREFUSED',
  level: 'error',
  message: '[Redis] Lỗi kết nối Redis:',
  stack: 'AggregateError [ECONNREFUSED]: \n' +
    '    at internalConnectMultiple (node:net:1134:18)\n' +
    '    at afterConnectMultiple (node:net:1715:7)',
  timestamp: '2026-08-03T10:12:10.030Z'
}
{
  message: '[Redis] Đang thử kết nối lại lần 266... (delay: 2000ms)',
  level: 'warn',
  timestamp: '2026-08-03T10:12:10.031Z'
}
{
  code: 'ECONNREFUSED',
  level: 'error',
  message: '[Redis] Lỗi kết nối Redis:',
  stack: 'AggregateError [ECONNREFUSED]: \n' +
    '    at internalConnectMultiple (node:net:1134:18)\n' +
    '    at afterConnectMultiple (node:net:1715:7)',
  timestamp: '2026-08-03T10:12:12.044Z'
}
{
  message: '[Redis] Đang thử kết nối lại lần 267... (delay: 2000ms)',
  level: 'warn',
  timestamp: '2026-08-03T10:12:12.045Z'
}
{
  code: 'ECONNREFUSED',
  level: 'error',
  message: '[Redis] Lỗi kết nối Redis:',
  stack: 'AggregateError [ECONNREFUSED]: \n' +
    '    at internalConnectMultiple (node:net:1134:18)\n' +
    '    at afterConnectMultiple (node:net:1715:7)',
  timestamp: '2026-08-03T10:12:14.057Z'
}
{
  message: '[Redis] Đang thử kết nối lại lần 268... (delay: 2000ms)',
  level: 'warn',
  timestamp: '2026-08-03T10:12:14.058Z'
}
{
  code: 'ECONNREFUSED',
  level: 'error',
  message: '[Redis] Lỗi kết nối Redis:',
  stack: 'AggregateError [ECONNREFUSED]: \n' +
    '    at internalConnectMultiple (node:net:1134:18)\n' +
    '    at afterConnectMultiple (node:net:1715:7)',
  timestamp: '2026-08-03T10:12:16.073Z'
}
{
  message: '[Redis] Đang thử kết nối lại lần 269... (delay: 2000ms)',
  level: 'warn',
  timestamp: '2026-08-03T10:12:16.074Z'
}
{
  code: 'ECONNREFUSED',
  level: 'error',
  message: '[Redis] Lỗi kết nối Redis:',
  stack: 'AggregateError [ECONNREFUSED]: \n' +
    '    at internalConnectMultiple (node:net:1134:18)\n' +
    '    at afterConnectMultiple (node:net:1715:7)',
  timestamp: '2026-08-03T10:12:18.091Z'
}
{
  message: '[Redis] Đang thử kết nối lại lần 270... (delay: 2000ms)',
  level: 'warn',
  timestamp: '2026-08-03T10:12:18.092Z'
}
{
  code: 'ECONNREFUSED',
  level: 'error',
  message: '[Redis] Lỗi kết nối Redis:',
  stack: 'AggregateError [ECONNREFUSED]: \n' +
    '    at internalConnectMultiple (node:net:1134:18)\n' +
    '    at afterConnectMultiple (node:net:1715:7)',
  timestamp: '2026-08-03T10:12:20.097Z'
}
{
  message: '[Redis] Đang thử kết nối lại lần 271... (delay: 2000ms)',
  level: 'warn',
  timestamp: '2026-08-03T10:12:20.097Z'
}
{
  code: 'ECONNREFUSED',
  level: 'error',
  message: '[Redis] Lỗi kết nối Redis:',
  stack: 'AggregateError [ECONNREFUSED]: \n' +
    '    at internalConnectMultiple (node:net:1134:18)\n' +
    '    at afterConnectMultiple (node:net:1715:7)',
  timestamp: '2026-08-03T10:12:22.109Z'
}
{
  message: '[Redis] Đang thử kết nối lại lần 272... (delay: 2000ms)',
  level: 'warn',
  timestamp: '2026-08-03T10:12:22.109Z'
}
{
  code: 'ECONNREFUSED',
  level: 'error',
  message: '[Redis] Lỗi kết nối Redis:',
  stack: 'AggregateError [ECONNREFUSED]: \n' +
    '    at internalConnectMultiple (node:net:1134:18)\n' +
    '    at afterConnectMultiple (node:net:1715:7)',
  timestamp: '2026-08-03T10:12:24.120Z'
}
{
  message: '[Redis] Đang thử kết nối lại lần 273... (delay: 2000ms)',
  level: 'warn',
  timestamp: '2026-08-03T10:12:24.121Z'
}
{
  code: 'ECONNREFUSED',
  level: 'error',
  message: '[Redis] Lỗi kết nối Redis:',
  stack: 'AggregateError [ECONNREFUSED]: \n' +
    '    at internalConnectMultiple (node:net:1134:18)\n' +
    '    at afterConnectMultiple (node:net:1715:7)',
  timestamp: '2026-08-03T10:12:26.133Z'
}
{
  message: '[Redis] Đang thử kết nối lại lần 274... (delay: 2000ms)',
  level: 'warn',
  timestamp: '2026-08-03T10:12:26.133Z'
}
{
  code: 'ECONNREFUSED',
  level: 'error',
  message: '[Redis] Lỗi kết nối Redis:',
  stack: 'AggregateError [ECONNREFUSED]: \n' +
    '    at internalConnectMultiple (node:net:1134:18)\n' +
    '    at afterConnectMultiple (node:net:1715:7)',
  timestamp: '2026-08-03T10:12:28.149Z'
}
{
  message: '[Redis] Đang thử kết nối lại lần 275... (delay: 2000ms)',
  level: 'warn',
  timestamp: '2026-08-03T10:12:28.150Z'
}
{
  code: 'ECONNREFUSED',
  level: 'error',
  message: '[Redis] Lỗi kết nối Redis:',
  stack: 'AggregateError [ECONNREFUSED]: \n' +
    '    at internalConnectMultiple (node:net:1134:18)\n' +
    '    at afterConnectMultiple (node:net:1715:7)',
  timestamp: '2026-08-03T10:12:30.158Z'
}
{
  message: '[Redis] Đang thử kết nối lại lần 276... (delay: 2000ms)',
  level: 'warn',
  timestamp: '2026-08-03T10:12:30.158Z'
}
{
  code: 'ECONNREFUSED',
  level: 'error',
  message: '[Redis] Lỗi kết nối Redis:',
  stack: 'AggregateError [ECONNREFUSED]: \n' +
    '    at internalConnectMultiple (node:net:1134:18)\n' +
    '    at afterConnectMultiple (node:net:1715:7)',
  timestamp: '2026-08-03T10:12:32.160Z'
}
{
  message: '[Redis] Đang thử kết nối lại lần 277... (delay: 2000ms)',
  level: 'warn',
  timestamp: '2026-08-03T10:12:32.160Z'
}
{
  code: 'ECONNREFUSED',
  level: 'error',
  message: '[Redis] Lỗi kết nối Redis:',
  stack: 'AggregateError [ECONNREFUSED]: \n' +
    '    at internalConnectMultiple (node:net:1134:18)\n' +
    '    at afterConnectMultiple (node:net:1715:7)',
  timestamp: '2026-08-03T10:12:34.169Z'
}
{
  message: '[Redis] Đang thử kết nối lại lần 278... (delay: 2000ms)',
  level: 'warn',
  timestamp: '2026-08-03T10:12:34.169Z'
}
{
  code: 'ECONNREFUSED',
  level: 'error',
  message: '[Redis] Lỗi kết nối Redis:',
  stack: 'AggregateError [ECONNREFUSED]: \n' +
    '    at internalConnectMultiple (node:net:1134:18)\n' +
    '    at afterConnectMultiple (node:net:1715:7)',
  timestamp: '2026-08-03T10:12:36.185Z'
}
{
  message: '[Redis] Đang thử kết nối lại lần 279... (delay: 2000ms)',
  level: 'warn',
  timestamp: '2026-08-03T10:12:36.185Z'
}
{
  code: 'ECONNREFUSED',
  level: 'error',
  message: '[Redis] Lỗi kết nối Redis:',
  stack: 'AggregateError [ECONNREFUSED]: \n' +
    '    at internalConnectMultiple (node:net:1134:18)\n' +
    '    at afterConnectMultiple (node:net:1715:7)',
  timestamp: '2026-08-03T10:12:38.200Z'
}
{
  message: '[Redis] Đang thử kết nối lại lần 280... (delay: 2000ms)',
  level: 'warn',
  timestamp: '2026-08-03T10:12:38.200Z'
}
{
  code: 'ECONNREFUSED',
  level: 'error',
  message: '[Redis] Lỗi kết nối Redis:',
  stack: 'AggregateError [ECONNREFUSED]: \n' +
    '    at internalConnectMultiple (node:net:1134:18)\n' +
    '    at afterConnectMultiple (node:net:1715:7)',
  timestamp: '2026-08-03T10:12:40.209Z'
}
{
  message: '[Redis] Đang thử kết nối lại lần 281... (delay: 2000ms)',
  level: 'warn',
  timestamp: '2026-08-03T10:12:40.209Z'
}
{
  code: 'ECONNREFUSED',
  level: 'error',
  message: '[Redis] Lỗi kết nối Redis:',
  stack: 'AggregateError [ECONNREFUSED]: \n' +
    '    at internalConnectMultiple (node:net:1134:18)\n' +
    '    at afterConnectMultiple (node:net:1715:7)',
  timestamp: '2026-08-03T10:12:42.214Z'
}
{
  message: '[Redis] Đang thử kết nối lại lần 282... (delay: 2000ms)',
  level: 'warn',
  timestamp: '2026-08-03T10:12:42.215Z'
}
{
  code: 'ECONNREFUSED',
  level: 'error',
  message: '[Redis] Lỗi kết nối Redis:',
  stack: 'AggregateError [ECONNREFUSED]: \n' +
    '    at internalConnectMultiple (node:net:1134:18)\n' +
    '    at afterConnectMultiple (node:net:1715:7)',
  timestamp: '2026-08-03T10:12:44.226Z'
}
{
  message: '[Redis] Đang thử kết nối lại lần 283... (delay: 2000ms)',
  level: 'warn',
  timestamp: '2026-08-03T10:12:44.226Z'
}
{
  code: 'ECONNREFUSED',
  level: 'error',
  message: '[Redis] Lỗi kết nối Redis:',
  stack: 'AggregateError [ECONNREFUSED]: \n' +
    '    at internalConnectMultiple (node:net:1134:18)\n' +
    '    at afterConnectMultiple (node:net:1715:7)',
  timestamp: '2026-08-03T10:12:46.241Z'
}
{
  message: '[Redis] Đang thử kết nối lại lần 284... (delay: 2000ms)',
  level: 'warn',
  timestamp: '2026-08-03T10:12:46.242Z'
}
{
  code: 'ECONNREFUSED',
  level: 'error',
  message: '[Redis] Lỗi kết nối Redis:',
  stack: 'AggregateError [ECONNREFUSED]: \n' +
    '    at internalConnectMultiple (node:net:1134:18)\n' +
    '    at afterConnectMultiple (node:net:1715:7)',
  timestamp: '2026-08-03T10:12:48.253Z'
}
{
  message: '[Redis] Đang thử kết nối lại lần 285... (delay: 2000ms)',
  level: 'warn',
  timestamp: '2026-08-03T10:12:48.254Z'
}
{
  code: 'ECONNREFUSED',
  level: 'error',
  message: '[Redis] Lỗi kết nối Redis:',
  stack: 'AggregateError [ECONNREFUSED]: \n' +
    '    at internalConnectMultiple (node:net:1134:18)\n' +
    '    at afterConnectMultiple (node:net:1715:7)',
  timestamp: '2026-08-03T10:12:50.269Z'
}
{
  message: '[Redis] Đang thử kết nối lại lần 286... (delay: 2000ms)',
  level: 'warn',
  timestamp: '2026-08-03T10:12:50.269Z'
}
{
  code: 'ECONNREFUSED',
  level: 'error',
  message: '[Redis] Lỗi kết nối Redis:',
  stack: 'AggregateError [ECONNREFUSED]: \n' +
    '    at internalConnectMultiple (node:net:1134:18)\n' +
    '    at afterConnectMultiple (node:net:1715:7)',
  timestamp: '2026-08-03T10:12:52.282Z'
}
{
  message: '[Redis] Đang thử kết nối lại lần 287... (delay: 2000ms)',
  level: 'warn',
  timestamp: '2026-08-03T10:12:52.283Z'
}
{
  code: 'ECONNREFUSED',
  level: 'error',
  message: '[Redis] Lỗi kết nối Redis:',
  stack: 'AggregateError [ECONNREFUSED]: \n' +
    '    at internalConnectMultiple (node:net:1134:18)\n' +
    '    at afterConnectMultiple (node:net:1715:7)',
  timestamp: '2026-08-03T10:12:54.294Z'
}
{
  message: '[Redis] Đang thử kết nối lại lần 288... (delay: 2000ms)',
  level: 'warn',
  timestamp: '2026-08-03T10:12:54.294Z'
}
{
  code: 'ECONNREFUSED',
  level: 'error',
  message: '[Redis] Lỗi kết nối Redis:',
  stack: 'AggregateError [ECONNREFUSED]: \n' +
    '    at internalConnectMultiple (node:net:1134:18)\n' +
    '    at afterConnectMultiple (node:net:1715:7)',
  timestamp: '2026-08-03T10:12:56.308Z'
}
{
  message: '[Redis] Đang thử kết nối lại lần 289... (delay: 2000ms)',
  level: 'warn',
  timestamp: '2026-08-03T10:12:56.308Z'
}
{
  code: 'ECONNREFUSED',
  level: 'error',
  message: '[Redis] Lỗi kết nối Redis:',
  stack: 'AggregateError [ECONNREFUSED]: \n' +
    '    at internalConnectMultiple (node:net:1134:18)\n' +
    '    at afterConnectMultiple (node:net:1715:7)',
  timestamp: '2026-08-03T10:12:58.321Z'
}
{
  message: '[Redis] Đang thử kết nối lại lần 290... (delay: 2000ms)',
  level: 'warn',
  timestamp: '2026-08-03T10:12:58.322Z'
}
{
  code: 'ECONNREFUSED',
  level: 'error',
  message: '[Redis] Lỗi kết nối Redis:',
  stack: 'AggregateError [ECONNREFUSED]: \n' +
    '    at internalConnectMultiple (node:net:1134:18)\n' +
    '    at afterConnectMultiple (node:net:1715:7)',
  timestamp: '2026-08-03T10:13:00.336Z'
}
{
  message: '[Redis] Đang thử kết nối lại lần 291... (delay: 2000ms)',
  level: 'warn',
  timestamp: '2026-08-03T10:13:00.336Z'
}
{
  code: 'ECONNREFUSED',
  level: 'error',
  message: '[Redis] Lỗi kết nối Redis:',
  stack: 'AggregateError [ECONNREFUSED]: \n' +
    '    at internalConnectMultiple (node:net:1134:18)\n' +
    '    at afterConnectMultiple (node:net:1715:7)',
  timestamp: '2026-08-03T10:13:02.344Z'
}
{
  message: '[Redis] Đang thử kết nối lại lần 292... (delay: 2000ms)',
  level: 'warn',
  timestamp: '2026-08-03T10:13:02.344Z'
}
{
  code: 'ECONNREFUSED',
  level: 'error',
  message: '[Redis] Lỗi kết nối Redis:',
  stack: 'AggregateError [ECONNREFUSED]: \n' +
    '    at internalConnectMultiple (node:net:1134:18)\n' +
    '    at afterConnectMultiple (node:net:1715:7)',
  timestamp: '2026-08-03T10:13:04.358Z'
}
{
  message: '[Redis] Đang thử kết nối lại lần 293... (delay: 2000ms)',
  level: 'warn',
  timestamp: '2026-08-03T10:13:04.359Z'
}
{
  code: 'ECONNREFUSED',
  level: 'error',
  message: '[Redis] Lỗi kết nối Redis:',
  stack: 'AggregateError [ECONNREFUSED]: \n' +
    '    at internalConnectMultiple (node:net:1134:18)\n' +
    '    at afterConnectMultiple (node:net:1715:7)',
  timestamp: '2026-08-03T10:13:06.372Z'
}
{
  message: '[Redis] Đang thử kết nối lại lần 294... (delay: 2000ms)',
  level: 'warn',
  timestamp: '2026-08-03T10:13:06.372Z'
}
{
  code: 'ECONNREFUSED',
  level: 'error',
  message: '[Redis] Lỗi kết nối Redis:',
  stack: 'AggregateError [ECONNREFUSED]: \n' +
    '    at internalConnectMultiple (node:net:1134:18)\n' +
    '    at afterConnectMultiple (node:net:1715:7)',
  timestamp: '2026-08-03T10:13:08.383Z'
}
{
  message: '[Redis] Đang thử kết nối lại lần 295... (delay: 2000ms)',
  level: 'warn',
  timestamp: '2026-08-03T10:13:08.383Z'
}
{
  code: 'ECONNREFUSED',
  level: 'error',
  message: '[Redis] Lỗi kết nối Redis:',
  stack: 'AggregateError [ECONNREFUSED]: \n' +
    '    at internalConnectMultiple (node:net:1134:18)\n' +
    '    at afterConnectMultiple (node:net:1715:7)',
  timestamp: '2026-08-03T10:13:10.388Z'
}
{
  message: '[Redis] Đang thử kết nối lại lần 296... (delay: 2000ms)',
  level: 'warn',
  timestamp: '2026-08-03T10:13:10.388Z'
}
{
  code: 'ECONNREFUSED',
  level: 'error',
  message: '[Redis] Lỗi kết nối Redis:',
  stack: 'AggregateError [ECONNREFUSED]: \n' +
    '    at internalConnectMultiple (node:net:1134:18)\n' +
    '    at afterConnectMultiple (node:net:1715:7)',
  timestamp: '2026-08-03T10:13:12.401Z'
}
{
  message: '[Redis] Đang thử kết nối lại lần 297... (delay: 2000ms)',
  level: 'warn',
  timestamp: '2026-08-03T10:13:12.401Z'
}
{
  code: 'ECONNREFUSED',
  level: 'error',
  message: '[Redis] Lỗi kết nối Redis:',
  stack: 'AggregateError [ECONNREFUSED]: \n' +
    '    at internalConnectMultiple (node:net:1134:18)\n' +
    '    at afterConnectMultiple (node:net:1715:7)',
  timestamp: '2026-08-03T10:13:14.418Z'
}
{
  message: '[Redis] Đang thử kết nối lại lần 298... (delay: 2000ms)',
  level: 'warn',
  timestamp: '2026-08-03T10:13:14.419Z'
}
{
  code: 'ECONNREFUSED',
  level: 'error',
  message: '[Redis] Lỗi kết nối Redis:',
  stack: 'AggregateError [ECONNREFUSED]: \n' +
    '    at internalConnectMultiple (node:net:1134:18)\n' +
    '    at afterConnectMultiple (node:net:1715:7)',
  timestamp: '2026-08-03T10:13:16.432Z'
}
{
  message: '[Redis] Đang thử kết nối lại lần 299... (delay: 2000ms)',
  level: 'warn',
  timestamp: '2026-08-03T10:13:16.433Z'
}
{
  code: 'ECONNREFUSED',
  level: 'error',
  message: '[Redis] Lỗi kết nối Redis:',
  stack: 'AggregateError [ECONNREFUSED]: \n' +
    '    at internalConnectMultiple (node:net:1134:18)\n' +
    '    at afterConnectMultiple (node:net:1715:7)',
  timestamp: '2026-08-03T10:13:18.447Z'
}
{
  message: '[Redis] Đang thử kết nối lại lần 300... (delay: 2000ms)',
  level: 'warn',
  timestamp: '2026-08-03T10:13:18.448Z'
}
{
  code: 'ECONNREFUSED',
  level: 'error',
  message: '[Redis] Lỗi kết nối Redis:',
  stack: 'AggregateError [ECONNREFUSED]: \n' +
    '    at internalConnectMultiple (node:net:1134:18)\n' +
    '    at afterConnectMultiple (node:net:1715:7)',
  timestamp: '2026-08-03T10:13:20.464Z'
}
{
  message: '[Redis] Đang thử kết nối lại lần 301... (delay: 2000ms)',
  level: 'warn',
  timestamp: '2026-08-03T10:13:20.464Z'
}
{
  code: 'ECONNREFUSED',
  level: 'error',
  message: '[Redis] Lỗi kết nối Redis:',
  stack: 'AggregateError [ECONNREFUSED]: \n' +
    '    at internalConnectMultiple (node:net:1134:18)\n' +
    '    at afterConnectMultiple (node:net:1715:7)',
  timestamp: '2026-08-03T10:13:22.468Z'
}
{
  message: '[Redis] Đang thử kết nối lại lần 302... (delay: 2000ms)',
  level: 'warn',
  timestamp: '2026-08-03T10:13:22.469Z'
}
{
  code: 'ECONNREFUSED',
  level: 'error',
  message: '[Redis] Lỗi kết nối Redis:',
  stack: 'AggregateError [ECONNREFUSED]: \n' +
    '    at internalConnectMultiple (node:net:1134:18)\n' +
    '    at afterConnectMultiple (node:net:1715:7)',
  timestamp: '2026-08-03T10:13:24.477Z'
}
{
  message: '[Redis] Đang thử kết nối lại lần 303... (delay: 2000ms)',
  level: 'warn',
  timestamp: '2026-08-03T10:13:24.478Z'
}
{
  code: 'ECONNREFUSED',
  level: 'error',
  message: '[Redis] Lỗi kết nối Redis:',
  stack: 'AggregateError [ECONNREFUSED]: \n' +
    '    at internalConnectMultiple (node:net:1134:18)\n' +
    '    at afterConnectMultiple (node:net:1715:7)',
  timestamp: '2026-08-03T10:13:26.496Z'
}
{
  message: '[Redis] Đang thử kết nối lại lần 304... (delay: 2000ms)',
  level: 'warn',
  timestamp: '2026-08-03T10:13:26.497Z'
}
{
  code: 'ECONNREFUSED',
  level: 'error',
  message: '[Redis] Lỗi kết nối Redis:',
  stack: 'AggregateError [ECONNREFUSED]: \n' +
    '    at internalConnectMultiple (node:net:1134:18)\n' +
    '    at afterConnectMultiple (node:net:1715:7)',
  timestamp: '2026-08-03T10:13:28.508Z'
}
{
  message: '[Redis] Đang thử kết nối lại lần 305... (delay: 2000ms)',
  level: 'warn',
  timestamp: '2026-08-03T10:13:28.509Z'
}
{
  code: 'ECONNREFUSED',
  level: 'error',
  message: '[Redis] Lỗi kết nối Redis:',
  stack: 'AggregateError [ECONNREFUSED]: \n' +
    '    at internalConnectMultiple (node:net:1134:18)\n' +
    '    at afterConnectMultiple (node:net:1715:7)',
  timestamp: '2026-08-03T10:13:30.521Z'
}
{
  message: '[Redis] Đang thử kết nối lại lần 306... (delay: 2000ms)',
  level: 'warn',
  timestamp: '2026-08-03T10:13:30.521Z'
}
{
  code: 'ECONNREFUSED',
  level: 'error',
  message: '[Redis] Lỗi kết nối Redis:',
  stack: 'AggregateError [ECONNREFUSED]: \n' +
    '    at internalConnectMultiple (node:net:1134:18)\n' +
    '    at afterConnectMultiple (node:net:1715:7)',
  timestamp: '2026-08-03T10:13:32.541Z'
}
{
  message: '[Redis] Đang thử kết nối lại lần 307... (delay: 2000ms)',
  level: 'warn',
  timestamp: '2026-08-03T10:13:32.541Z'
}
{
  code: 'ECONNREFUSED',
  level: 'error',
  message: '[Redis] Lỗi kết nối Redis:',
  stack: 'AggregateError [ECONNREFUSED]: \n' +
    '    at internalConnectMultiple (node:net:1134:18)\n' +
    '    at afterConnectMultiple (node:net:1715:7)',
  timestamp: '2026-08-03T10:13:34.554Z'
}
{
  message: '[Redis] Đang thử kết nối lại lần 308... (delay: 2000ms)',
  level: 'warn',
  timestamp: '2026-08-03T10:13:34.554Z'
}
{
  code: 'ECONNREFUSED',
  level: 'error',
  message: '[Redis] Lỗi kết nối Redis:',
  stack: 'AggregateError [ECONNREFUSED]: \n' +
    '    at internalConnectMultiple (node:net:1134:18)\n' +
    '    at afterConnectMultiple (node:net:1715:7)',
  timestamp: '2026-08-03T10:13:36.556Z'
}
{
  message: '[Redis] Đang thử kết nối lại lần 309... (delay: 2000ms)',
  level: 'warn',
  timestamp: '2026-08-03T10:13:36.556Z'
}
{
  code: 'ECONNREFUSED',
  level: 'error',
  message: '[Redis] Lỗi kết nối Redis:',
  stack: 'AggregateError [ECONNREFUSED]: \n' +
    '    at internalConnectMultiple (node:net:1134:18)\n' +
    '    at afterConnectMultiple (node:net:1715:7)',
  timestamp: '2026-08-03T10:13:38.572Z'
}
{
  message: '[Redis] Đang thử kết nối lại lần 310... (delay: 2000ms)',
  level: 'warn',
  timestamp: '2026-08-03T10:13:38.572Z'
}
{
  code: 'ECONNREFUSED',
  level: 'error',
  message: '[Redis] Lỗi kết nối Redis:',
  stack: 'AggregateError [ECONNREFUSED]: \n' +
    '    at internalConnectMultiple (node:net:1134:18)\n' +
    '    at afterConnectMultiple (node:net:1715:7)',
  timestamp: '2026-08-03T10:13:40.587Z'
}
{
  message: '[Redis] Đang thử kết nối lại lần 311... (delay: 2000ms)',
  level: 'warn',
  timestamp: '2026-08-03T10:13:40.587Z'
}
{
  code: 'ECONNREFUSED',
  level: 'error',
  message: '[Redis] Lỗi kết nối Redis:',
  stack: 'AggregateError [ECONNREFUSED]: \n' +
    '    at internalConnectMultiple (node:net:1134:18)\n' +
    '    at afterConnectMultiple (node:net:1715:7)',
  timestamp: '2026-08-03T10:13:42.592Z'
}
{
  message: '[Redis] Đang thử kết nối lại lần 312... (delay: 2000ms)',
  level: 'warn',
  timestamp: '2026-08-03T10:13:42.592Z'
}
{
  code: 'ECONNREFUSED',
  level: 'error',
  message: '[Redis] Lỗi kết nối Redis:',
  stack: 'AggregateError [ECONNREFUSED]: \n' +
    '    at internalConnectMultiple (node:net:1134:18)\n' +
    '    at afterConnectMultiple (node:net:1715:7)',
  timestamp: '2026-08-03T10:13:44.609Z'
}
{
  message: '[Redis] Đang thử kết nối lại lần 313... (delay: 2000ms)',
  level: 'warn',
  timestamp: '2026-08-03T10:13:44.610Z'
}
{
  code: 'ECONNREFUSED',
  level: 'error',
  message: '[Redis] Lỗi kết nối Redis:',
  stack: 'AggregateError [ECONNREFUSED]: \n' +
    '    at internalConnectMultiple (node:net:1134:18)\n' +
    '    at afterConnectMultiple (node:net:1715:7)',
  timestamp: '2026-08-03T10:13:46.615Z'
}
{
  message: '[Redis] Đang thử kết nối lại lần 314... (delay: 2000ms)',
  level: 'warn',
  timestamp: '2026-08-03T10:13:46.615Z'
}
{
  code: 'ECONNREFUSED',
  level: 'error',
  message: '[Redis] Lỗi kết nối Redis:',
  stack: 'AggregateError [ECONNREFUSED]: \n' +
    '    at internalConnectMultiple (node:net:1134:18)\n' +
    '    at afterConnectMultiple (node:net:1715:7)',
  timestamp: '2026-08-03T10:13:48.633Z'
}
{
  message: '[Redis] Đang thử kết nối lại lần 315... (delay: 2000ms)',
  level: 'warn',
  timestamp: '2026-08-03T10:13:48.634Z'
}
{
  code: 'ECONNREFUSED',
  level: 'error',
  message: '[Redis] Lỗi kết nối Redis:',
  stack: 'AggregateError [ECONNREFUSED]: \n' +
    '    at internalConnectMultiple (node:net:1134:18)\n' +
    '    at afterConnectMultiple (node:net:1715:7)',
  timestamp: '2026-08-03T10:13:50.648Z'
}
{
  message: '[Redis] Đang thử kết nối lại lần 316... (delay: 2000ms)',
  level: 'warn',
  timestamp: '2026-08-03T10:13:50.649Z'
}
{
  code: 'ECONNREFUSED',
  level: 'error',
  message: '[Redis] Lỗi kết nối Redis:',
  stack: 'AggregateError [ECONNREFUSED]: \n' +
    '    at internalConnectMultiple (node:net:1134:18)\n' +
    '    at afterConnectMultiple (node:net:1715:7)',
  timestamp: '2026-08-03T10:13:52.663Z'
}
{
  message: '[Redis] Đang thử kết nối lại lần 317... (delay: 2000ms)',
  level: 'warn',
  timestamp: '2026-08-03T10:13:52.663Z'
}
{
  code: 'ECONNREFUSED',
  level: 'error',
  message: '[Redis] Lỗi kết nối Redis:',
  stack: 'AggregateError [ECONNREFUSED]: \n' +
    '    at internalConnectMultiple (node:net:1134:18)\n' +
    '    at afterConnectMultiple (node:net:1715:7)',
  timestamp: '2026-08-03T10:13:54.674Z'
}
{
  message: '[Redis] Đang thử kết nối lại lần 318... (delay: 2000ms)',
  level: 'warn',
  timestamp: '2026-08-03T10:13:54.675Z'
}
{
  code: 'ECONNREFUSED',
  level: 'error',
  message: '[Redis] Lỗi kết nối Redis:',
  stack: 'AggregateError [ECONNREFUSED]: \n' +
    '    at internalConnectMultiple (node:net:1134:18)\n' +
    '    at afterConnectMultiple (node:net:1715:7)',
  timestamp: '2026-08-03T10:13:56.684Z'
}
{
  message: '[Redis] Đang thử kết nối lại lần 319... (delay: 2000ms)',
  level: 'warn',
  timestamp: '2026-08-03T10:13:56.684Z'
}
{
  code: 'ECONNREFUSED',
  level: 'error',
  message: '[Redis] Lỗi kết nối Redis:',
  stack: 'AggregateError [ECONNREFUSED]: \n' +
    '    at internalConnectMultiple (node:net:1134:18)\n' +
    '    at afterConnectMultiple (node:net:1715:7)',
  timestamp: '2026-08-03T10:13:58.692Z'
}
{
  message: '[Redis] Đang thử kết nối lại lần 320... (delay: 2000ms)',
  level: 'warn',
  timestamp: '2026-08-03T10:13:58.693Z'
}
{
  code: 'ECONNREFUSED',
  level: 'error',
  message: '[Redis] Lỗi kết nối Redis:',
  stack: 'AggregateError [ECONNREFUSED]: \n' +
    '    at internalConnectMultiple (node:net:1134:18)\n' +
    '    at afterConnectMultiple (node:net:1715:7)',
  timestamp: '2026-08-03T10:14:00.705Z'
}
{
  message: '[Redis] Đang thử kết nối lại lần 321... (delay: 2000ms)',
  level: 'warn',
  timestamp: '2026-08-03T10:14:00.705Z'
}
{
  code: 'ECONNREFUSED',
  level: 'error',
  message: '[Redis] Lỗi kết nối Redis:',
  stack: 'AggregateError [ECONNREFUSED]: \n' +
    '    at internalConnectMultiple (node:net:1134:18)\n' +
    '    at afterConnectMultiple (node:net:1715:7)',
  timestamp: '2026-08-03T10:14:02.717Z'
}
{
  message: '[Redis] Đang thử kết nối lại lần 322... (delay: 2000ms)',
  level: 'warn',
  timestamp: '2026-08-03T10:14:02.717Z'
}
{
  code: 'ECONNREFUSED',
  level: 'error',
  message: '[Redis] Lỗi kết nối Redis:',
  stack: 'AggregateError [ECONNREFUSED]: \n' +
    '    at internalConnectMultiple (node:net:1134:18)\n' +
    '    at afterConnectMultiple (node:net:1715:7)',
  timestamp: '2026-08-03T10:14:04.730Z'
}
{
  message: '[Redis] Đang thử kết nối lại lần 323... (delay: 2000ms)',
  level: 'warn',
  timestamp: '2026-08-03T10:14:04.730Z'
}
{
  code: 'ECONNREFUSED',
  level: 'error',
  message: '[Redis] Lỗi kết nối Redis:',
  stack: 'AggregateError [ECONNREFUSED]: \n' +
    '    at internalConnectMultiple (node:net:1134:18)\n' +
    '    at afterConnectMultiple (node:net:1715:7)',
  timestamp: '2026-08-03T10:14:06.745Z'
}
{
  message: '[Redis] Đang thử kết nối lại lần 324... (delay: 2000ms)',
  level: 'warn',
  timestamp: '2026-08-03T10:14:06.745Z'
}
{
  code: 'ECONNREFUSED',
  level: 'error',
  message: '[Redis] Lỗi kết nối Redis:',
  stack: 'AggregateError [ECONNREFUSED]: \n' +
    '    at internalConnectMultiple (node:net:1134:18)\n' +
    '    at afterConnectMultiple (node:net:1715:7)',
  timestamp: '2026-08-03T10:14:08.751Z'
}
{
  message: '[Redis] Đang thử kết nối lại lần 325... (delay: 2000ms)',
  level: 'warn',
  timestamp: '2026-08-03T10:14:08.752Z'
}
{
  code: 'ECONNREFUSED',
  level: 'error',
  message: '[Redis] Lỗi kết nối Redis:',
  stack: 'AggregateError [ECONNREFUSED]: \n' +
    '    at internalConnectMultiple (node:net:1134:18)\n' +
    '    at afterConnectMultiple (node:net:1715:7)',
  timestamp: '2026-08-03T10:14:10.768Z'
}
{
  message: '[Redis] Đang thử kết nối lại lần 326... (delay: 2000ms)',
  level: 'warn',
  timestamp: '2026-08-03T10:14:10.768Z'
}
{
  code: 'ECONNREFUSED',
  level: 'error',
  message: '[Redis] Lỗi kết nối Redis:',
  stack: 'AggregateError [ECONNREFUSED]: \n' +
    '    at internalConnectMultiple (node:net:1134:18)\n' +
    '    at afterConnectMultiple (node:net:1715:7)',
  timestamp: '2026-08-03T10:14:12.771Z'
}
{
  message: '[Redis] Đang thử kết nối lại lần 327... (delay: 2000ms)',
  level: 'warn',
  timestamp: '2026-08-03T10:14:12.771Z'
}
{
  code: 'ECONNREFUSED',
  level: 'error',
  message: '[Redis] Lỗi kết nối Redis:',
  stack: 'AggregateError [ECONNREFUSED]: \n' +
    '    at internalConnectMultiple (node:net:1134:18)\n' +
    '    at afterConnectMultiple (node:net:1715:7)',
  timestamp: '2026-08-03T10:14:14.776Z'
}
{
  message: '[Redis] Đang thử kết nối lại lần 328... (delay: 2000ms)',
  level: 'warn',
  timestamp: '2026-08-03T10:14:14.776Z'
}
{
  code: 'ECONNREFUSED',
  level: 'error',
  message: '[Redis] Lỗi kết nối Redis:',
  stack: 'AggregateError [ECONNREFUSED]: \n' +
    '    at internalConnectMultiple (node:net:1134:18)\n' +
    '    at afterConnectMultiple (node:net:1715:7)',
  timestamp: '2026-08-03T10:14:16.785Z'
}
{
  message: '[Redis] Đang thử kết nối lại lần 329... (delay: 2000ms)',
  level: 'warn',
  timestamp: '2026-08-03T10:14:16.785Z'
}
{
  code: 'ECONNREFUSED',
  level: 'error',
  message: '[Redis] Lỗi kết nối Redis:',
  stack: 'AggregateError [ECONNREFUSED]: \n' +
    '    at internalConnectMultiple (node:net:1134:18)\n' +
    '    at afterConnectMultiple (node:net:1715:7)',
  timestamp: '2026-08-03T10:14:18.803Z'
}
{
  message: '[Redis] Đang thử kết nối lại lần 330... (delay: 2000ms)',
  level: 'warn',
  timestamp: '2026-08-03T10:14:18.803Z'
}
{
  code: 'ECONNREFUSED',
  level: 'error',
  message: '[Redis] Lỗi kết nối Redis:',
  stack: 'AggregateError [ECONNREFUSED]: \n' +
    '    at internalConnectMultiple (node:net:1134:18)\n' +
    '    at afterConnectMultiple (node:net:1715:7)',
  timestamp: '2026-08-03T10:14:20.820Z'
}
{
  message: '[Redis] Đang thử kết nối lại lần 331... (delay: 2000ms)',
  level: 'warn',
  timestamp: '2026-08-03T10:14:20.820Z'
}
{
  code: 'ECONNREFUSED',
  level: 'error',
  message: '[Redis] Lỗi kết nối Redis:',
  stack: 'AggregateError [ECONNREFUSED]: \n' +
    '    at internalConnectMultiple (node:net:1134:18)\n' +
    '    at afterConnectMultiple (node:net:1715:7)',
  timestamp: '2026-08-03T10:14:22.835Z'
}
{
  message: '[Redis] Đang thử kết nối lại lần 332... (delay: 2000ms)',
  level: 'warn',
  timestamp: '2026-08-03T10:14:22.835Z'
}
{
  code: 'ECONNREFUSED',
  level: 'error',
  message: '[Redis] Lỗi kết nối Redis:',
  stack: 'AggregateError [ECONNREFUSED]: \n' +
    '    at internalConnectMultiple (node:net:1134:18)\n' +
    '    at afterConnectMultiple (node:net:1715:7)',
  timestamp: '2026-08-03T10:14:24.845Z'
}
{
  message: '[Redis] Đang thử kết nối lại lần 333... (delay: 2000ms)',
  level: 'warn',
  timestamp: '2026-08-03T10:14:24.845Z'
}
{
  code: 'ECONNREFUSED',
  level: 'error',
  message: '[Redis] Lỗi kết nối Redis:',
  stack: 'AggregateError [ECONNREFUSED]: \n' +
    '    at internalConnectMultiple (node:net:1134:18)\n' +
    '    at afterConnectMultiple (node:net:1715:7)',
  timestamp: '2026-08-03T10:14:26.857Z'
}
{
  message: '[Redis] Đang thử kết nối lại lần 334... (delay: 2000ms)',
  level: 'warn',
  timestamp: '2026-08-03T10:14:26.857Z'
}
{
  code: 'ECONNREFUSED',
  level: 'error',
  message: '[Redis] Lỗi kết nối Redis:',
  stack: 'AggregateError [ECONNREFUSED]: \n' +
    '    at internalConnectMultiple (node:net:1134:18)\n' +
    '    at afterConnectMultiple (node:net:1715:7)',
  timestamp: '2026-08-03T10:14:28.872Z'
}
{
  message: '[Redis] Đang thử kết nối lại lần 335... (delay: 2000ms)',
  level: 'warn',
  timestamp: '2026-08-03T10:14:28.872Z'
}
{
  code: 'ECONNREFUSED',
  level: 'error',
  message: '[Redis] Lỗi kết nối Redis:',
  stack: 'AggregateError [ECONNREFUSED]: \n' +
    '    at internalConnectMultiple (node:net:1134:18)\n' +
    '    at afterConnectMultiple (node:net:1715:7)',
  timestamp: '2026-08-03T10:14:30.883Z'
}
{
  message: '[Redis] Đang thử kết nối lại lần 336... (delay: 2000ms)',
  level: 'warn',
  timestamp: '2026-08-03T10:14:30.884Z'
}
{
  code: 'ECONNREFUSED',
  level: 'error',
  message: '[Redis] Lỗi kết nối Redis:',
  stack: 'AggregateError [ECONNREFUSED]: \n' +
    '    at internalConnectMultiple (node:net:1134:18)\n' +
    '    at afterConnectMultiple (node:net:1715:7)',
  timestamp: '2026-08-03T10:14:32.900Z'
}
{
  message: '[Redis] Đang thử kết nối lại lần 337... (delay: 2000ms)',
  level: 'warn',
  timestamp: '2026-08-03T10:14:32.900Z'
}
{
  code: 'ECONNREFUSED',
  level: 'error',
  message: '[Redis] Lỗi kết nối Redis:',
  stack: 'AggregateError [ECONNREFUSED]: \n' +
    '    at internalConnectMultiple (node:net:1134:18)\n' +
    '    at afterConnectMultiple (node:net:1715:7)',
  timestamp: '2026-08-03T10:14:34.916Z'
}
{
  message: '[Redis] Đang thử kết nối lại lần 338... (delay: 2000ms)',
  level: 'warn',
  timestamp: '2026-08-03T10:14:34.916Z'
}
{
  code: 'ECONNREFUSED',
  level: 'error',
  message: '[Redis] Lỗi kết nối Redis:',
  stack: 'AggregateError [ECONNREFUSED]: \n' +
    '    at internalConnectMultiple (node:net:1134:18)\n' +
    '    at afterConnectMultiple (node:net:1715:7)',
  timestamp: '2026-08-03T10:14:36.928Z'
}
{
  message: '[Redis] Đang thử kết nối lại lần 339... (delay: 2000ms)',
  level: 'warn',
  timestamp: '2026-08-03T10:14:36.929Z'
}
{
  code: 'ECONNREFUSED',
  level: 'error',
  message: '[Redis] Lỗi kết nối Redis:',
  stack: 'AggregateError [ECONNREFUSED]: \n' +
    '    at internalConnectMultiple (node:net:1134:18)\n' +
    '    at afterConnectMultiple (node:net:1715:7)',
  timestamp: '2026-08-03T10:14:38.940Z'
}
{
  message: '[Redis] Đang thử kết nối lại lần 340... (delay: 2000ms)',
  level: 'warn',
  timestamp: '2026-08-03T10:14:38.940Z'
}
{
  code: 'ECONNREFUSED',
  level: 'error',
  message: '[Redis] Lỗi kết nối Redis:',
  stack: 'AggregateError [ECONNREFUSED]: \n' +
    '    at internalConnectMultiple (node:net:1134:18)\n' +
    '    at afterConnectMultiple (node:net:1715:7)',
  timestamp: '2026-08-03T10:14:40.952Z'
}
{
  message: '[Redis] Đang thử kết nối lại lần 341... (delay: 2000ms)',
  level: 'warn',
  timestamp: '2026-08-03T10:14:40.952Z'
}
{
  code: 'ECONNREFUSED',
  level: 'error',
  message: '[Redis] Lỗi kết nối Redis:',
  stack: 'AggregateError [ECONNREFUSED]: \n' +
    '    at internalConnectMultiple (node:net:1134:18)\n' +
    '    at afterConnectMultiple (node:net:1715:7)',
  timestamp: '2026-08-03T10:14:42.966Z'
}
{
  message: '[Redis] Đang thử kết nối lại lần 342... (delay: 2000ms)',
  level: 'warn',
  timestamp: '2026-08-03T10:14:42.966Z'
}
{
  code: 'ECONNREFUSED',
  level: 'error',
  message: '[Redis] Lỗi kết nối Redis:',
  stack: 'AggregateError [ECONNREFUSED]: \n' +
    '    at internalConnectMultiple (node:net:1134:18)\n' +
    '    at afterConnectMultiple (node:net:1715:7)',
  timestamp: '2026-08-03T10:14:44.977Z'
}
{
  message: '[Redis] Đang thử kết nối lại lần 343... (delay: 2000ms)',
  level: 'warn',
  timestamp: '2026-08-03T10:14:44.978Z'
}
{
  code: 'ECONNREFUSED',
  level: 'error',
  message: '[Redis] Lỗi kết nối Redis:',
  stack: 'AggregateError [ECONNREFUSED]: \n' +
    '    at internalConnectMultiple (node:net:1134:18)\n' +
    '    at afterConnectMultiple (node:net:1715:7)',
  timestamp: '2026-08-03T10:14:46.990Z'
}
{
  message: '[Redis] Đang thử kết nối lại lần 344... (delay: 2000ms)',
  level: 'warn',
  timestamp: '2026-08-03T10:14:46.991Z'
}
{
  code: 'ECONNREFUSED',
  level: 'error',
  message: '[Redis] Lỗi kết nối Redis:',
  stack: 'AggregateError [ECONNREFUSED]: \n' +
    '    at internalConnectMultiple (node:net:1134:18)\n' +
    '    at afterConnectMultiple (node:net:1715:7)',
  timestamp: '2026-08-03T10:14:49.002Z'
}
{
  message: '[Redis] Đang thử kết nối lại lần 345... (delay: 2000ms)',
  level: 'warn',
  timestamp: '2026-08-03T10:14:49.002Z'
}
{
  code: 'ECONNREFUSED',
  level: 'error',
  message: '[Redis] Lỗi kết nối Redis:',
  stack: 'AggregateError [ECONNREFUSED]: \n' +
    '    at internalConnectMultiple (node:net:1134:18)\n' +
    '    at afterConnectMultiple (node:net:1715:7)',
  timestamp: '2026-08-03T10:14:51.015Z'
}
{
  message: '[Redis] Đang thử kết nối lại lần 346... (delay: 2000ms)',
  level: 'warn',
  timestamp: '2026-08-03T10:14:51.015Z'
}
{
  code: 'ECONNREFUSED',
  level: 'error',
  message: '[Redis] Lỗi kết nối Redis:',
  stack: 'AggregateError [ECONNREFUSED]: \n' +
    '    at internalConnectMultiple (node:net:1134:18)\n' +
    '    at afterConnectMultiple (node:net:1715:7)',
  timestamp: '2026-08-03T10:14:53.029Z'
}
{
  message: '[Redis] Đang thử kết nối lại lần 347... (delay: 2000ms)',
  level: 'warn',
  timestamp: '2026-08-03T10:14:53.030Z'
}
{
  code: 'ECONNREFUSED',
  level: 'error',
  message: '[Redis] Lỗi kết nối Redis:',
  stack: 'AggregateError [ECONNREFUSED]: \n' +
    '    at internalConnectMultiple (node:net:1134:18)\n' +
    '    at afterConnectMultiple (node:net:1715:7)',
  timestamp: '2026-08-03T10:14:55.044Z'
}
{
  message: '[Redis] Đang thử kết nối lại lần 348... (delay: 2000ms)',
  level: 'warn',
  timestamp: '2026-08-03T10:14:55.044Z'
}
{
  code: 'ECONNREFUSED',
  level: 'error',
  message: '[Redis] Lỗi kết nối Redis:',
  stack: 'AggregateError [ECONNREFUSED]: \n' +
    '    at internalConnectMultiple (node:net:1134:18)\n' +
    '    at afterConnectMultiple (node:net:1715:7)',
  timestamp: '2026-08-03T10:14:57.051Z'
}
{
  message: '[Redis] Đang thử kết nối lại lần 349... (delay: 2000ms)',
  level: 'warn',
  timestamp: '2026-08-03T10:14:57.051Z'
}
{
  code: 'ECONNREFUSED',
  level: 'error',
  message: '[Redis] Lỗi kết nối Redis:',
  stack: 'AggregateError [ECONNREFUSED]: \n' +
    '    at internalConnectMultiple (node:net:1134:18)\n' +
    '    at afterConnectMultiple (node:net:1715:7)',
  timestamp: '2026-08-03T10:14:59.058Z'
}
{
  message: '[Redis] Đang thử kết nối lại lần 350... (delay: 2000ms)',
  level: 'warn',
  timestamp: '2026-08-03T10:14:59.058Z'
}
{
  message: '[SchedulerService] Đang kiểm tra các booking hết hạn thanh toán...',
  level: 'info',
  timestamp: '2026-08-03T10:15:00.006Z'
}
{
  message: '[SchedulerService] Đang kiểm tra các booking hết hạn thanh toán...',
  level: 'info',
  timestamp: '2026-08-03T10:15:00.008Z'
}
{
  code: 'ECONNREFUSED',
  level: 'error',
  message: '[Redis] Lỗi kết nối Redis:',
  stack: 'AggregateError [ECONNREFUSED]: \n' +
    '    at internalConnectMultiple (node:net:1134:18)\n' +
    '    at afterConnectMultiple (node:net:1715:7)',
  timestamp: '2026-08-03T10:15:01.068Z'
}
{
  message: '[Redis] Đang thử kết nối lại lần 351... (delay: 2000ms)',
  level: 'warn',
  timestamp: '2026-08-03T10:15:01.069Z'
}
{
  code: 'ECONNREFUSED',
  level: 'error',
  message: '[Redis] Lỗi kết nối Redis:',
  stack: 'AggregateError [ECONNREFUSED]: \n' +
    '    at internalConnectMultiple (node:net:1134:18)\n' +
    '    at afterConnectMultiple (node:net:1715:7)',
  timestamp: '2026-08-03T10:15:03.077Z'
}
{
  message: '[Redis] Đang thử kết nối lại lần 352... (delay: 2000ms)',
  level: 'warn',
  timestamp: '2026-08-03T10:15:03.078Z'
}
{
  code: 'ECONNREFUSED',
  level: 'error',
  message: '[Redis] Lỗi kết nối Redis:',
  stack: 'AggregateError [ECONNREFUSED]: \n' +
    '    at internalConnectMultiple (node:net:1134:18)\n' +
    '    at afterConnectMultiple (node:net:1715:7)',
  timestamp: '2026-08-03T10:15:05.083Z'
}
{
  message: '[Redis] Đang thử kết nối lại lần 353... (delay: 2000ms)',
  level: 'warn',
  timestamp: '2026-08-03T10:15:05.083Z'
}
{
  code: 'ECONNREFUSED',
  level: 'error',
  message: '[Redis] Lỗi kết nối Redis:',
  stack: 'AggregateError [ECONNREFUSED]: \n' +
    '    at internalConnectMultiple (node:net:1134:18)\n' +
    '    at afterConnectMultiple (node:net:1715:7)',
  timestamp: '2026-08-03T10:15:07.092Z'
}
{
  message: '[Redis] Đang thử kết nối lại lần 354... (delay: 2000ms)',
  level: 'warn',
  timestamp: '2026-08-03T10:15:07.093Z'
}
{
  code: 'ECONNREFUSED',
  level: 'error',
  message: '[Redis] Lỗi kết nối Redis:',
  stack: 'AggregateError [ECONNREFUSED]: \n' +
    '    at internalConnectMultiple (node:net:1134:18)\n' +
    '    at afterConnectMultiple (node:net:1715:7)',
  timestamp: '2026-08-03T10:15:09.107Z'
}
{
  message: '[Redis] Đang thử kết nối lại lần 355... (delay: 2000ms)',
  level: 'warn',
  timestamp: '2026-08-03T10:15:09.107Z'
}
{
  code: 'ECONNREFUSED',
  level: 'error',
  message: '[Redis] Lỗi kết nối Redis:',
  stack: 'AggregateError [ECONNREFUSED]: \n' +
    '    at internalConnectMultiple (node:net:1134:18)\n' +
    '    at afterConnectMultiple (node:net:1715:7)',
  timestamp: '2026-08-03T10:15:11.118Z'
}
{
  message: '[Redis] Đang thử kết nối lại lần 356... (delay: 2000ms)',
  level: 'warn',
  timestamp: '2026-08-03T10:15:11.118Z'
}
{
  code: 'ECONNREFUSED',
  level: 'error',
  message: '[Redis] Lỗi kết nối Redis:',
  stack: 'AggregateError [ECONNREFUSED]: \n' +
    '    at internalConnectMultiple (node:net:1134:18)\n' +
    '    at afterConnectMultiple (node:net:1715:7)',
  timestamp: '2026-08-03T10:15:13.130Z'
}
{
  message: '[Redis] Đang thử kết nối lại lần 357... (delay: 2000ms)',
  level: 'warn',
  timestamp: '2026-08-03T10:15:13.130Z'
}
{
  code: 'ECONNREFUSED',
  level: 'error',
  message: '[Redis] Lỗi kết nối Redis:',
  stack: 'AggregateError [ECONNREFUSED]: \n' +
    '    at internalConnectMultiple (node:net:1134:18)\n' +
    '    at afterConnectMultiple (node:net:1715:7)',
  timestamp: '2026-08-03T10:15:15.133Z'
}
{
  message: '[Redis] Đang thử kết nối lại lần 358... (delay: 2000ms)',
  level: 'warn',
  timestamp: '2026-08-03T10:15:15.133Z'
}
{
  code: 'ECONNREFUSED',
  level: 'error',
  message: '[Redis] Lỗi kết nối Redis:',
  stack: 'AggregateError [ECONNREFUSED]: \n' +
    '    at internalConnectMultiple (node:net:1134:18)\n' +
    '    at afterConnectMultiple (node:net:1715:7)',
  timestamp: '2026-08-03T10:15:17.139Z'
}
{
  message: '[Redis] Đang thử kết nối lại lần 359... (delay: 2000ms)',
  level: 'warn',
  timestamp: '2026-08-03T10:15:17.139Z'
}
{
  code: 'ECONNREFUSED',
  level: 'error',
  message: '[Redis] Lỗi kết nối Redis:',
  stack: 'AggregateError [ECONNREFUSED]: \n' +
    '    at internalConnectMultiple (node:net:1134:18)\n' +
    '    at afterConnectMultiple (node:net:1715:7)',
  timestamp: '2026-08-03T10:15:19.151Z'
}
{
  message: '[Redis] Đang thử kết nối lại lần 360... (delay: 2000ms)',
  level: 'warn',
  timestamp: '2026-08-03T10:15:19.151Z'
}
{
  code: 'ECONNREFUSED',
  level: 'error',
  message: '[Redis] Lỗi kết nối Redis:',
  stack: 'AggregateError [ECONNREFUSED]: \n' +
    '    at internalConnectMultiple (node:net:1134:18)\n' +
    '    at afterConnectMultiple (node:net:1715:7)',
  timestamp: '2026-08-03T10:15:21.168Z'
}
{
  message: '[Redis] Đang thử kết nối lại lần 361... (delay: 2000ms)',
  level: 'warn',
  timestamp: '2026-08-03T10:15:21.168Z'
}
{
  code: 'ECONNREFUSED',
  level: 'error',
  message: '[Redis] Lỗi kết nối Redis:',
  stack: 'AggregateError [ECONNREFUSED]: \n' +
    '    at internalConnectMultiple (node:net:1134:18)\n' +
    '    at afterConnectMultiple (node:net:1715:7)',
  timestamp: '2026-08-03T10:15:23.178Z'
}
{
  message: '[Redis] Đang thử kết nối lại lần 362... (delay: 2000ms)',
  level: 'warn',
  timestamp: '2026-08-03T10:15:23.179Z'
}
{
  code: 'ECONNREFUSED',
  level: 'error',
  message: '[Redis] Lỗi kết nối Redis:',
  stack: 'AggregateError [ECONNREFUSED]: \n' +
    '    at internalConnectMultiple (node:net:1134:18)\n' +
    '    at afterConnectMultiple (node:net:1715:7)',
  timestamp: '2026-08-03T10:15:25.195Z'
}
{
  message: '[Redis] Đang thử kết nối lại lần 363... (delay: 2000ms)',
  level: 'warn',
  timestamp: '2026-08-03T10:15:25.195Z'
}
{
  message: '[SchedulerService] Khởi tạo các cron job...',
  level: 'info',
  timestamp: '2026-08-03T10:15:28.758Z'
}
{
  message: 'Booking API Service đang chạy tại port 3000 (Môi trường: development)',
  level: 'info',
  timestamp: '2026-08-03T10:15:28.791Z'
}
{
  code: 'ECONNREFUSED',
  level: 'error',
  message: '[Redis] Lỗi kết nối Redis:',
  stack: 'AggregateError [ECONNREFUSED]: \n' +
    '    at internalConnectMultiple (node:net:1134:18)\n' +
    '    at afterConnectMultiple (node:net:1715:7)',
  timestamp: '2026-08-03T10:15:28.804Z'
}
{
  message: '[Redis] Đang thử kết nối lại lần 1... (delay: 50ms)',
  level: 'warn',
  timestamp: '2026-08-03T10:15:28.806Z'
}
{
  code: 'ECONNREFUSED',
  level: 'error',
  message: '[Redis] Lỗi kết nối Redis:',
  stack: 'AggregateError [ECONNREFUSED]: \n' +
    '    at internalConnectMultiple (node:net:1134:18)\n' +
    '    at afterConnectMultiple (node:net:1715:7)',
  timestamp: '2026-08-03T10:15:28.868Z'
}
{
  message: '[Redis] Đang thử kết nối lại lần 2... (delay: 100ms)',
  level: 'warn',
  timestamp: '2026-08-03T10:15:28.869Z'
}
{
  code: 'ECONNREFUSED',
  level: 'error',
  message: '[Redis] Lỗi kết nối Redis:',
  stack: 'AggregateError [ECONNREFUSED]: \n' +
    '    at internalConnectMultiple (node:net:1134:18)\n' +
    '    at afterConnectMultiple (node:net:1715:7)',
  timestamp: '2026-08-03T10:15:28.975Z'
}
{
  message: '[Redis] Đang thử kết nối lại lần 3... (delay: 150ms)',
  level: 'warn',
  timestamp: '2026-08-03T10:15:28.975Z'
}
{
  code: 'ECONNREFUSED',
  level: 'error',
  message: '[Redis] Lỗi kết nối Redis:',
  stack: 'AggregateError [ECONNREFUSED]: \n' +
    '    at internalConnectMultiple (node:net:1134:18)\n' +
    '    at afterConnectMultiple (node:net:1715:7)',
  timestamp: '2026-08-03T10:15:29.131Z'
}
{
  message: '[Redis] Đang thử kết nối lại lần 4... (delay: 200ms)',
  level: 'warn',
  timestamp: '2026-08-03T10:15:29.132Z'
}
{
  code: 'ECONNREFUSED',
  level: 'error',
  message: '[Redis] Lỗi kết nối Redis:',
  stack: 'AggregateError [ECONNREFUSED]: \n' +
    '    at internalConnectMultiple (node:net:1134:18)\n' +
    '    at afterConnectMultiple (node:net:1715:7)',
  timestamp: '2026-08-03T10:15:29.349Z'
}
{
  message: '[Redis] Đang thử kết nối lại lần 5... (delay: 250ms)',
  level: 'warn',
  timestamp: '2026-08-03T10:15:29.350Z'
}
{
  code: 'ECONNREFUSED',
  level: 'error',
  message: '[Redis] Lỗi kết nối Redis:',
  stack: 'AggregateError [ECONNREFUSED]: \n' +
    '    at internalConnectMultiple (node:net:1134:18)\n' +
    '    at afterConnectMultiple (node:net:1715:7)',
  timestamp: '2026-08-03T10:15:29.617Z'
}
{
  message: '[Redis] Đang thử kết nối lại lần 6... (delay: 300ms)',
  level: 'warn',
  timestamp: '2026-08-03T10:15:29.617Z'
}
{
  code: 'ECONNREFUSED',
  level: 'error',
  message: '[Redis] Lỗi kết nối Redis:',
  stack: 'AggregateError [ECONNREFUSED]: \n' +
    '    at internalConnectMultiple (node:net:1134:18)\n' +
    '    at afterConnectMultiple (node:net:1715:7)',
  timestamp: '2026-08-03T10:15:29.927Z'
}
{
  message: '[Redis] Đang thử kết nối lại lần 7... (delay: 350ms)',
  level: 'warn',
  timestamp: '2026-08-03T10:15:29.928Z'
}
{
  code: 'ECONNREFUSED',
  level: 'error',
  message: '[Redis] Lỗi kết nối Redis:',
  stack: 'AggregateError [ECONNREFUSED]: \n' +
    '    at internalConnectMultiple (node:net:1134:18)\n' +
    '    at afterConnectMultiple (node:net:1715:7)',
  timestamp: '2026-08-03T10:15:30.292Z'
}
{
  message: '[Redis] Đang thử kết nối lại lần 8... (delay: 400ms)',
  level: 'warn',
  timestamp: '2026-08-03T10:15:30.292Z'
}
{
  code: 'ECONNREFUSED',
  level: 'error',
  message: '[Redis] Lỗi kết nối Redis:',
  stack: 'AggregateError [ECONNREFUSED]: \n' +
    '    at internalConnectMultiple (node:net:1134:18)\n' +
    '    at afterConnectMultiple (node:net:1715:7)',
  timestamp: '2026-08-03T10:15:30.697Z'
}
{
  message: '[Redis] Đang thử kết nối lại lần 9... (delay: 450ms)',
  level: 'warn',
  timestamp: '2026-08-03T10:15:30.698Z'
}
{
  code: 'ECONNREFUSED',
  level: 'error',
  message: '[Redis] Lỗi kết nối Redis:',
  stack: 'AggregateError [ECONNREFUSED]: \n' +
    '    at internalConnectMultiple (node:net:1134:18)\n' +
    '    at afterConnectMultiple (node:net:1715:7)',
  timestamp: '2026-08-03T10:15:31.163Z'
}
{
  message: '[Redis] Đang thử kết nối lại lần 10... (delay: 500ms)',
  level: 'warn',
  timestamp: '2026-08-03T10:15:31.164Z'
}
{
  code: 'ECONNREFUSED',
  level: 'error',
  message: '[Redis] Lỗi kết nối Redis:',
  stack: 'AggregateError [ECONNREFUSED]: \n' +
    '    at internalConnectMultiple (node:net:1134:18)\n' +
    '    at afterConnectMultiple (node:net:1715:7)',
  timestamp: '2026-08-03T10:15:31.676Z'
}
{
  message: '[Redis] Đang thử kết nối lại lần 11... (delay: 550ms)',
  level: 'warn',
  timestamp: '2026-08-03T10:15:31.676Z'
}
{
  code: 'ECONNREFUSED',
  level: 'error',
  message: '[Redis] Lỗi kết nối Redis:',
  stack: 'AggregateError [ECONNREFUSED]: \n' +
    '    at internalConnectMultiple (node:net:1134:18)\n' +
    '    at afterConnectMultiple (node:net:1715:7)',
  timestamp: '2026-08-03T10:15:32.238Z'
}
{
  message: '[Redis] Đang thử kết nối lại lần 12... (delay: 600ms)',
  level: 'warn',
  timestamp: '2026-08-03T10:15:32.238Z'
}
{
  code: 'ECONNREFUSED',
  level: 'error',
  message: '[Redis] Lỗi kết nối Redis:',
  stack: 'AggregateError [ECONNREFUSED]: \n' +
    '    at internalConnectMultiple (node:net:1134:18)\n' +
    '    at afterConnectMultiple (node:net:1715:7)',
  timestamp: '2026-08-03T10:15:32.848Z'
}
{
  message: '[Redis] Đang thử kết nối lại lần 13... (delay: 650ms)',
  level: 'warn',
  timestamp: '2026-08-03T10:15:32.848Z'
}
{
  code: 'ECONNREFUSED',
  level: 'error',
  message: '[Redis] Lỗi kết nối Redis:',
  stack: 'AggregateError [ECONNREFUSED]: \n' +
    '    at internalConnectMultiple (node:net:1134:18)\n' +
    '    at afterConnectMultiple (node:net:1715:7)',
  timestamp: '2026-08-03T10:15:33.511Z'
}
{
  message: '[Redis] Đang thử kết nối lại lần 14... (delay: 700ms)',
  level: 'warn',
  timestamp: '2026-08-03T10:15:33.512Z'
}
{
  code: 'ECONNREFUSED',
  level: 'error',
  message: '[Redis] Lỗi kết nối Redis:',
  stack: 'AggregateError [ECONNREFUSED]: \n' +
    '    at internalConnectMultiple (node:net:1134:18)\n' +
    '    at afterConnectMultiple (node:net:1715:7)',
  timestamp: '2026-08-03T10:15:34.219Z'
}
{
  message: '[Redis] Đang thử kết nối lại lần 15... (delay: 750ms)',
  level: 'warn',
  timestamp: '2026-08-03T10:15:34.220Z'
}
{
  code: 'ECONNREFUSED',
  level: 'error',
  message: '[Redis] Lỗi kết nối Redis:',
  stack: 'AggregateError [ECONNREFUSED]: \n' +
    '    at internalConnectMultiple (node:net:1134:18)\n' +
    '    at afterConnectMultiple (node:net:1715:7)',
  timestamp: '2026-08-03T10:15:34.980Z'
}
{
  message: '[Redis] Đang thử kết nối lại lần 16... (delay: 800ms)',
  level: 'warn',
  timestamp: '2026-08-03T10:15:34.981Z'
}
{
  code: 'ECONNREFUSED',
  level: 'error',
  message: '[Redis] Lỗi kết nối Redis:',
  stack: 'AggregateError [ECONNREFUSED]: \n' +
    '    at internalConnectMultiple (node:net:1134:18)\n' +
    '    at afterConnectMultiple (node:net:1715:7)',
  timestamp: '2026-08-03T10:15:35.789Z'
}
{
  message: '[Redis] Đang thử kết nối lại lần 17... (delay: 850ms)',
  level: 'warn',
  timestamp: '2026-08-03T10:15:35.789Z'
}
{
  code: 'ECONNREFUSED',
  level: 'error',
  message: '[Redis] Lỗi kết nối Redis:',
  stack: 'AggregateError [ECONNREFUSED]: \n' +
    '    at internalConnectMultiple (node:net:1134:18)\n' +
    '    at afterConnectMultiple (node:net:1715:7)',
  timestamp: '2026-08-03T10:15:36.645Z'
}
{
  message: '[Redis] Đang thử kết nối lại lần 18... (delay: 900ms)',
  level: 'warn',
  timestamp: '2026-08-03T10:15:36.646Z'
}
{
  code: 'ECONNREFUSED',
  level: 'error',
  message: '[Redis] Lỗi kết nối Redis:',
  stack: 'AggregateError [ECONNREFUSED]: \n' +
    '    at internalConnectMultiple (node:net:1134:18)\n' +
    '    at afterConnectMultiple (node:net:1715:7)',
  timestamp: '2026-08-03T10:15:37.565Z'
}
{
  message: '[Redis] Đang thử kết nối lại lần 19... (delay: 950ms)',
  level: 'warn',
  timestamp: '2026-08-03T10:15:37.567Z'
}
{
  code: 'ECONNREFUSED',
  level: 'error',
  message: '[Redis] Lỗi kết nối Redis:',
  stack: 'AggregateError [ECONNREFUSED]: \n' +
    '    at internalConnectMultiple (node:net:1134:18)\n' +
    '    at afterConnectMultiple (node:net:1715:7)',
  timestamp: '2026-08-03T10:15:38.527Z'
}
{
  message: '[Redis] Đang thử kết nối lại lần 20... (delay: 1000ms)',
  level: 'warn',
  timestamp: '2026-08-03T10:15:38.528Z'
}
{
  code: 'ECONNREFUSED',
  level: 'error',
  message: '[Redis] Lỗi kết nối Redis:',
  stack: 'AggregateError [ECONNREFUSED]: \n' +
    '    at internalConnectMultiple (node:net:1134:18)\n' +
    '    at afterConnectMultiple (node:net:1715:7)',
  timestamp: '2026-08-03T10:15:39.538Z'
}
{
  message: '[Redis] Đang thử kết nối lại lần 21... (delay: 1050ms)',
  level: 'warn',
  timestamp: '2026-08-03T10:15:39.538Z'
}
{
  code: 'ECONNREFUSED',
  level: 'error',
  message: '[Redis] Lỗi kết nối Redis:',
  stack: 'AggregateError [ECONNREFUSED]: \n' +
    '    at internalConnectMultiple (node:net:1134:18)\n' +
    '    at afterConnectMultiple (node:net:1715:7)',
  timestamp: '2026-08-03T10:15:40.601Z'
}
{
  message: '[Redis] Đang thử kết nối lại lần 22... (delay: 1100ms)',
  level: 'warn',
  timestamp: '2026-08-03T10:15:40.602Z'
}
{
  code: 'ECONNREFUSED',
  level: 'error',
  message: '[Redis] Lỗi kết nối Redis:',
  stack: 'AggregateError [ECONNREFUSED]: \n' +
    '    at internalConnectMultiple (node:net:1134:18)\n' +
    '    at afterConnectMultiple (node:net:1715:7)',
  timestamp: '2026-08-03T10:15:41.709Z'
}
{
  message: '[Redis] Đang thử kết nối lại lần 23... (delay: 1150ms)',
  level: 'warn',
  timestamp: '2026-08-03T10:15:41.710Z'
}
{
  code: 'ECONNREFUSED',
  level: 'error',
  message: '[Redis] Lỗi kết nối Redis:',
  stack: 'AggregateError [ECONNREFUSED]: \n' +
    '    at internalConnectMultiple (node:net:1134:18)\n' +
    '    at afterConnectMultiple (node:net:1715:7)',
  timestamp: '2026-08-03T10:15:42.866Z'
}
{
  message: '[Redis] Đang thử kết nối lại lần 24... (delay: 1200ms)',
  level: 'warn',
  timestamp: '2026-08-03T10:15:42.867Z'
}
{
  code: 'ECONNREFUSED',
  level: 'error',
  message: '[Redis] Lỗi kết nối Redis:',
  stack: 'AggregateError [ECONNREFUSED]: \n' +
    '    at internalConnectMultiple (node:net:1134:18)\n' +
    '    at afterConnectMultiple (node:net:1715:7)',
  timestamp: '2026-08-03T10:15:44.079Z'
}
{
  message: '[Redis] Đang thử kết nối lại lần 25... (delay: 1250ms)',
  level: 'warn',
  timestamp: '2026-08-03T10:15:44.080Z'
}
{
  code: 'ECONNREFUSED',
  level: 'error',
  message: '[Redis] Lỗi kết nối Redis:',
  stack: 'AggregateError [ECONNREFUSED]: \n' +
    '    at internalConnectMultiple (node:net:1134:18)\n' +
    '    at afterConnectMultiple (node:net:1715:7)',
  timestamp: '2026-08-03T10:15:45.342Z'
}
{
  message: '[Redis] Đang thử kết nối lại lần 26... (delay: 1300ms)',
  level: 'warn',
  timestamp: '2026-08-03T10:15:45.342Z'
}
{
  code: 'ECONNREFUSED',
  level: 'error',
  message: '[Redis] Lỗi kết nối Redis:',
  stack: 'AggregateError [ECONNREFUSED]: \n' +
    '    at internalConnectMultiple (node:net:1134:18)\n' +
    '    at afterConnectMultiple (node:net:1715:7)',
  timestamp: '2026-08-03T10:15:46.650Z'
}
{
  message: '[Redis] Đang thử kết nối lại lần 27... (delay: 1350ms)',
  level: 'warn',
  timestamp: '2026-08-03T10:15:46.650Z'
}
{
  code: 'ECONNREFUSED',
  level: 'error',
  message: '[Redis] Lỗi kết nối Redis:',
  stack: 'AggregateError [ECONNREFUSED]: \n' +
    '    at internalConnectMultiple (node:net:1134:18)\n' +
    '    at afterConnectMultiple (node:net:1715:7)',
  timestamp: '2026-08-03T10:15:48.011Z'
}
{
  message: '[Redis] Đang thử kết nối lại lần 28... (delay: 1400ms)',
  level: 'warn',
  timestamp: '2026-08-03T10:15:48.011Z'
}
{
  code: 'ECONNREFUSED',
  level: 'error',
  message: '[Redis] Lỗi kết nối Redis:',
  stack: 'AggregateError [ECONNREFUSED]: \n' +
    '    at internalConnectMultiple (node:net:1134:18)\n' +
    '    at afterConnectMultiple (node:net:1715:7)',
  timestamp: '2026-08-03T10:15:49.416Z'
}
{
  message: '[Redis] Đang thử kết nối lại lần 29... (delay: 1450ms)',
  level: 'warn',
  timestamp: '2026-08-03T10:15:49.417Z'
}
{
  code: 'ECONNREFUSED',
  level: 'error',
  message: '[Redis] Lỗi kết nối Redis:',
  stack: 'AggregateError [ECONNREFUSED]: \n' +
    '    at internalConnectMultiple (node:net:1134:18)\n' +
    '    at afterConnectMultiple (node:net:1715:7)',
  timestamp: '2026-08-03T10:15:50.883Z'
}
{
  message: '[Redis] Đang thử kết nối lại lần 30... (delay: 1500ms)',
  level: 'warn',
  timestamp: '2026-08-03T10:15:50.883Z'
}
{
  code: 'ECONNREFUSED',
  level: 'error',
  message: '[Redis] Lỗi kết nối Redis:',
  stack: 'AggregateError [ECONNREFUSED]: \n' +
    '    at internalConnectMultiple (node:net:1134:18)\n' +
    '    at afterConnectMultiple (node:net:1715:7)',
  timestamp: '2026-08-03T10:15:52.396Z'
}
{
  message: '[Redis] Đang thử kết nối lại lần 31... (delay: 1550ms)',
  level: 'warn',
  timestamp: '2026-08-03T10:15:52.397Z'
}
{
  code: 'ECONNREFUSED',
  level: 'error',
  message: '[Redis] Lỗi kết nối Redis:',
  stack: 'AggregateError [ECONNREFUSED]: \n' +
    '    at internalConnectMultiple (node:net:1134:18)\n' +
    '    at afterConnectMultiple (node:net:1715:7)',
  timestamp: '2026-08-03T10:15:53.962Z'
}
{
  message: '[Redis] Đang thử kết nối lại lần 32... (delay: 1600ms)',
  level: 'warn',
  timestamp: '2026-08-03T10:15:53.962Z'
}
{
  message: '[SchedulerService] Khởi tạo các cron job...',
  level: 'info',
  timestamp: '2026-08-03T10:16:22.327Z'
}
{
  message: 'Booking API Service đang chạy tại port 3000 (Môi trường: development)',
  level: 'info',
  timestamp: '2026-08-03T10:16:22.355Z'
}
{
  code: 'ECONNREFUSED',
  level: 'error',
  message: '[Redis] Lỗi kết nối Redis:',
  stack: 'AggregateError [ECONNREFUSED]: \n' +
    '    at internalConnectMultiple (node:net:1134:18)\n' +
    '    at afterConnectMultiple (node:net:1715:7)',
  timestamp: '2026-08-03T10:16:22.371Z'
}
{
  message: '[Redis] Đang thử kết nối lại lần 1... (delay: 50ms)',
  level: 'warn',
  timestamp: '2026-08-03T10:16:22.373Z'
}
{
  code: 'ECONNREFUSED',
  level: 'error',
  message: '[Redis] Lỗi kết nối Redis:',
  stack: 'AggregateError [ECONNREFUSED]: \n' +
    '    at internalConnectMultiple (node:net:1134:18)\n' +
    '    at afterConnectMultiple (node:net:1715:7)',
  timestamp: '2026-08-03T10:16:22.439Z'
}
{
  message: '[Redis] Đang thử kết nối lại lần 2... (delay: 100ms)',
  level: 'warn',
  timestamp: '2026-08-03T10:16:22.439Z'
}
{
  code: 'ECONNREFUSED',
  level: 'error',
  message: '[Redis] Lỗi kết nối Redis:',
  stack: 'AggregateError [ECONNREFUSED]: \n' +
    '    at internalConnectMultiple (node:net:1134:18)\n' +
    '    at afterConnectMultiple (node:net:1715:7)',
  timestamp: '2026-08-03T10:16:22.545Z'
}
{
  message: '[Redis] Đang thử kết nối lại lần 3... (delay: 150ms)',
  level: 'warn',
  timestamp: '2026-08-03T10:16:22.546Z'
}
{
  code: 'ECONNREFUSED',
  level: 'error',
  message: '[Redis] Lỗi kết nối Redis:',
  stack: 'AggregateError [ECONNREFUSED]: \n' +
    '    at internalConnectMultiple (node:net:1134:18)\n' +
    '    at afterConnectMultiple (node:net:1715:7)',
  timestamp: '2026-08-03T10:16:22.703Z'
}
{
  message: '[Redis] Đang thử kết nối lại lần 4... (delay: 200ms)',
  level: 'warn',
  timestamp: '2026-08-03T10:16:22.704Z'
}
{
  code: 'ECONNREFUSED',
  level: 'error',
  message: '[Redis] Lỗi kết nối Redis:',
  stack: 'AggregateError [ECONNREFUSED]: \n' +
    '    at internalConnectMultiple (node:net:1134:18)\n' +
    '    at afterConnectMultiple (node:net:1715:7)',
  timestamp: '2026-08-03T10:16:22.924Z'
}
{
  message: '[Redis] Đang thử kết nối lại lần 5... (delay: 250ms)',
  level: 'warn',
  timestamp: '2026-08-03T10:16:22.924Z'
}
{
  code: 'ECONNREFUSED',
  level: 'error',
  message: '[Redis] Lỗi kết nối Redis:',
  stack: 'AggregateError [ECONNREFUSED]: \n' +
    '    at internalConnectMultiple (node:net:1134:18)\n' +
    '    at afterConnectMultiple (node:net:1715:7)',
  timestamp: '2026-08-03T10:16:23.182Z'
}
{
  message: '[Redis] Đang thử kết nối lại lần 6... (delay: 300ms)',
  level: 'warn',
  timestamp: '2026-08-03T10:16:23.183Z'
}
{
  code: 'ECONNREFUSED',
  level: 'error',
  message: '[Redis] Lỗi kết nối Redis:',
  stack: 'AggregateError [ECONNREFUSED]: \n' +
    '    at internalConnectMultiple (node:net:1134:18)\n' +
    '    at afterConnectMultiple (node:net:1715:7)',
  timestamp: '2026-08-03T10:16:23.492Z'
}
{
  message: '[Redis] Đang thử kết nối lại lần 7... (delay: 350ms)',
  level: 'warn',
  timestamp: '2026-08-03T10:16:23.493Z'
}
{
  code: 'ECONNREFUSED',
  level: 'error',
  message: '[Redis] Lỗi kết nối Redis:',
  stack: 'AggregateError [ECONNREFUSED]: \n' +
    '    at internalConnectMultiple (node:net:1134:18)\n' +
    '    at afterConnectMultiple (node:net:1715:7)',
  timestamp: '2026-08-03T10:16:23.853Z'
}
{
  message: '[Redis] Đang thử kết nối lại lần 8... (delay: 400ms)',
  level: 'warn',
  timestamp: '2026-08-03T10:16:23.854Z'
}
{
  code: 'ECONNREFUSED',
  level: 'error',
  message: '[Redis] Lỗi kết nối Redis:',
  stack: 'AggregateError [ECONNREFUSED]: \n' +
    '    at internalConnectMultiple (node:net:1134:18)\n' +
    '    at afterConnectMultiple (node:net:1715:7)',
  timestamp: '2026-08-03T10:16:24.275Z'
}
{
  message: '[Redis] Đang thử kết nối lại lần 9... (delay: 450ms)',
  level: 'warn',
  timestamp: '2026-08-03T10:16:24.276Z'
}
{
  code: 'ECONNREFUSED',
  level: 'error',
  message: '[Redis] Lỗi kết nối Redis:',
  stack: 'AggregateError [ECONNREFUSED]: \n' +
    '    at internalConnectMultiple (node:net:1134:18)\n' +
    '    at afterConnectMultiple (node:net:1715:7)',
  timestamp: '2026-08-03T10:16:24.740Z'
}
{
  message: '[Redis] Đang thử kết nối lại lần 10... (delay: 500ms)',
  level: 'warn',
  timestamp: '2026-08-03T10:16:24.741Z'
}
{
  code: 'ECONNREFUSED',
  level: 'error',
  message: '[Redis] Lỗi kết nối Redis:',
  stack: 'AggregateError [ECONNREFUSED]: \n' +
    '    at internalConnectMultiple (node:net:1134:18)\n' +
    '    at afterConnectMultiple (node:net:1715:7)',
  timestamp: '2026-08-03T10:16:25.252Z'
}
{
  message: '[Redis] Đang thử kết nối lại lần 11... (delay: 550ms)',
  level: 'warn',
  timestamp: '2026-08-03T10:16:25.252Z'
}
{
  code: 'ECONNREFUSED',
  level: 'error',
  message: '[Redis] Lỗi kết nối Redis:',
  stack: 'AggregateError [ECONNREFUSED]: \n' +
    '    at internalConnectMultiple (node:net:1134:18)\n' +
    '    at afterConnectMultiple (node:net:1715:7)',
  timestamp: '2026-08-03T10:16:25.812Z'
}
{
  message: '[Redis] Đang thử kết nối lại lần 12... (delay: 600ms)',
  level: 'warn',
  timestamp: '2026-08-03T10:16:25.813Z'
}
{
  code: 'ECONNREFUSED',
  level: 'error',
  message: '[Redis] Lỗi kết nối Redis:',
  stack: 'AggregateError [ECONNREFUSED]: \n' +
    '    at internalConnectMultiple (node:net:1134:18)\n' +
    '    at afterConnectMultiple (node:net:1715:7)',
  timestamp: '2026-08-03T10:16:26.420Z'
}
{
  message: '[Redis] Đang thử kết nối lại lần 13... (delay: 650ms)',
  level: 'warn',
  timestamp: '2026-08-03T10:16:26.420Z'
}
{
  code: 'ECONNREFUSED',
  level: 'error',
  message: '[Redis] Lỗi kết nối Redis:',
  stack: 'AggregateError [ECONNREFUSED]: \n' +
    '    at internalConnectMultiple (node:net:1134:18)\n' +
    '    at afterConnectMultiple (node:net:1715:7)',
  timestamp: '2026-08-03T10:16:27.073Z'
}
{
  message: '[Redis] Đang thử kết nối lại lần 14... (delay: 700ms)',
  level: 'warn',
  timestamp: '2026-08-03T10:16:27.074Z'
}
{
  code: 'ECONNREFUSED',
  level: 'error',
  message: '[Redis] Lỗi kết nối Redis:',
  stack: 'AggregateError [ECONNREFUSED]: \n' +
    '    at internalConnectMultiple (node:net:1134:18)\n' +
    '    at afterConnectMultiple (node:net:1715:7)',
  timestamp: '2026-08-03T10:16:27.787Z'
}
{
  message: '[Redis] Đang thử kết nối lại lần 15... (delay: 750ms)',
  level: 'warn',
  timestamp: '2026-08-03T10:16:27.787Z'
}
{
  code: 'ECONNREFUSED',
  level: 'error',
  message: '[Redis] Lỗi kết nối Redis:',
  stack: 'AggregateError [ECONNREFUSED]: \n' +
    '    at internalConnectMultiple (node:net:1134:18)\n' +
    '    at afterConnectMultiple (node:net:1715:7)',
  timestamp: '2026-08-03T10:16:28.555Z'
}
{
  message: '[Redis] Đang thử kết nối lại lần 16... (delay: 800ms)',
  level: 'warn',
  timestamp: '2026-08-03T10:16:28.557Z'
}
{
  code: 'ECONNREFUSED',
  level: 'error',
  message: '[Redis] Lỗi kết nối Redis:',
  stack: 'AggregateError [ECONNREFUSED]: \n' +
    '    at internalConnectMultiple (node:net:1134:18)\n' +
    '    at afterConnectMultiple (node:net:1715:7)',
  timestamp: '2026-08-03T10:16:29.363Z'
}
{
  message: '[Redis] Đang thử kết nối lại lần 17... (delay: 850ms)',
  level: 'warn',
  timestamp: '2026-08-03T10:16:29.363Z'
}
{
  code: 'ECONNREFUSED',
  level: 'error',
  message: '[Redis] Lỗi kết nối Redis:',
  stack: 'AggregateError [ECONNREFUSED]: \n' +
    '    at internalConnectMultiple (node:net:1134:18)\n' +
    '    at afterConnectMultiple (node:net:1715:7)',
  timestamp: '2026-08-03T10:16:30.222Z'
}
{
  message: '[Redis] Đang thử kết nối lại lần 18... (delay: 900ms)',
  level: 'warn',
  timestamp: '2026-08-03T10:16:30.222Z'
}
{
  code: 'ECONNREFUSED',
  level: 'error',
  message: '[Redis] Lỗi kết nối Redis:',
  stack: 'AggregateError [ECONNREFUSED]: \n' +
    '    at internalConnectMultiple (node:net:1134:18)\n' +
    '    at afterConnectMultiple (node:net:1715:7)',
  timestamp: '2026-08-03T10:16:31.127Z'
}
{
  message: '[Redis] Đang thử kết nối lại lần 19... (delay: 950ms)',
  level: 'warn',
  timestamp: '2026-08-03T10:16:31.134Z'
}
{
  code: 'ECONNREFUSED',
  level: 'error',
  message: '[Redis] Lỗi kết nối Redis:',
  stack: 'AggregateError [ECONNREFUSED]: \n' +
    '    at internalConnectMultiple (node:net:1134:18)\n' +
    '    at afterConnectMultiple (node:net:1715:7)',
  timestamp: '2026-08-03T10:16:32.096Z'
}
{
  message: '[Redis] Đang thử kết nối lại lần 20... (delay: 1000ms)',
  level: 'warn',
  timestamp: '2026-08-03T10:16:32.097Z'
}
{
  code: 'ECONNREFUSED',
  level: 'error',
  message: '[Redis] Lỗi kết nối Redis:',
  stack: 'AggregateError [ECONNREFUSED]: \n' +
    '    at internalConnectMultiple (node:net:1134:18)\n' +
    '    at afterConnectMultiple (node:net:1715:7)',
  timestamp: '2026-08-03T10:16:33.112Z'
}
{
  message: '[Redis] Đang thử kết nối lại lần 21... (delay: 1050ms)',
  level: 'warn',
  timestamp: '2026-08-03T10:16:33.112Z'
}
{
  code: 'ECONNREFUSED',
  level: 'error',
  message: '[Redis] Lỗi kết nối Redis:',
  stack: 'AggregateError [ECONNREFUSED]: \n' +
    '    at internalConnectMultiple (node:net:1134:18)\n' +
    '    at afterConnectMultiple (node:net:1715:7)',
  timestamp: '2026-08-03T10:16:34.168Z'
}
{
  message: '[Redis] Đang thử kết nối lại lần 22... (delay: 1100ms)',
  level: 'warn',
  timestamp: '2026-08-03T10:16:34.168Z'
}
{
  code: 'ECONNREFUSED',
  level: 'error',
  message: '[Redis] Lỗi kết nối Redis:',
  stack: 'AggregateError [ECONNREFUSED]: \n' +
    '    at internalConnectMultiple (node:net:1134:18)\n' +
    '    at afterConnectMultiple (node:net:1715:7)',
  timestamp: '2026-08-03T10:16:35.273Z'
}
{
  message: '[Redis] Đang thử kết nối lại lần 23... (delay: 1150ms)',
  level: 'warn',
  timestamp: '2026-08-03T10:16:35.274Z'
}
{
  code: 'ECONNREFUSED',
  level: 'error',
  message: '[Redis] Lỗi kết nối Redis:',
  stack: 'AggregateError [ECONNREFUSED]: \n' +
    '    at internalConnectMultiple (node:net:1134:18)\n' +
    '    at afterConnectMultiple (node:net:1715:7)',
  timestamp: '2026-08-03T10:16:36.427Z'
}
{
  message: '[Redis] Đang thử kết nối lại lần 24... (delay: 1200ms)',
  level: 'warn',
  timestamp: '2026-08-03T10:16:36.428Z'
}
{
  code: 'ECONNREFUSED',
  level: 'error',
  message: '[Redis] Lỗi kết nối Redis:',
  stack: 'AggregateError [ECONNREFUSED]: \n' +
    '    at internalConnectMultiple (node:net:1134:18)\n' +
    '    at afterConnectMultiple (node:net:1715:7)',
  timestamp: '2026-08-03T10:16:37.642Z'
}
{
  message: '[Redis] Đang thử kết nối lại lần 25... (delay: 1250ms)',
  level: 'warn',
  timestamp: '2026-08-03T10:16:37.643Z'
}
{
  code: 'ECONNREFUSED',
  level: 'error',
  message: '[Redis] Lỗi kết nối Redis:',
  stack: 'AggregateError [ECONNREFUSED]: \n' +
    '    at internalConnectMultiple (node:net:1134:18)\n' +
    '    at afterConnectMultiple (node:net:1715:7)',
  timestamp: '2026-08-03T10:16:38.909Z'
}
{
  message: '[Redis] Đang thử kết nối lại lần 26... (delay: 1300ms)',
  level: 'warn',
  timestamp: '2026-08-03T10:16:38.909Z'
}
{
  code: 'ECONNREFUSED',
  level: 'error',
  message: '[Redis] Lỗi kết nối Redis:',
  stack: 'AggregateError [ECONNREFUSED]: \n' +
    '    at internalConnectMultiple (node:net:1134:18)\n' +
    '    at afterConnectMultiple (node:net:1715:7)',
  timestamp: '2026-08-03T10:16:40.216Z'
}
{
  message: '[Redis] Đang thử kết nối lại lần 27... (delay: 1350ms)',
  level: 'warn',
  timestamp: '2026-08-03T10:16:40.217Z'
}
{
  code: 'ECONNREFUSED',
  level: 'error',
  message: '[Redis] Lỗi kết nối Redis:',
  stack: 'AggregateError [ECONNREFUSED]: \n' +
    '    at internalConnectMultiple (node:net:1134:18)\n' +
    '    at afterConnectMultiple (node:net:1715:7)',
  timestamp: '2026-08-03T10:16:41.577Z'
}
{
  message: '[Redis] Đang thử kết nối lại lần 28... (delay: 1400ms)',
  level: 'warn',
  timestamp: '2026-08-03T10:16:41.578Z'
}
{
  code: 'ECONNREFUSED',
  level: 'error',
  message: '[Redis] Lỗi kết nối Redis:',
  stack: 'AggregateError [ECONNREFUSED]: \n' +
    '    at internalConnectMultiple (node:net:1134:18)\n' +
    '    at afterConnectMultiple (node:net:1715:7)',
  timestamp: '2026-08-03T10:16:42.990Z'
}
{
  message: '[Redis] Đang thử kết nối lại lần 29... (delay: 1450ms)',
  level: 'warn',
  timestamp: '2026-08-03T10:16:42.991Z'
}
{
  code: 'ECONNREFUSED',
  level: 'error',
  message: '[Redis] Lỗi kết nối Redis:',
  stack: 'AggregateError [ECONNREFUSED]: \n' +
    '    at internalConnectMultiple (node:net:1134:18)\n' +
    '    at afterConnectMultiple (node:net:1715:7)',
  timestamp: '2026-08-03T10:16:44.455Z'
}
{
  message: '[Redis] Đang thử kết nối lại lần 30... (delay: 1500ms)',
  level: 'warn',
  timestamp: '2026-08-03T10:16:44.455Z'
}
{
  code: 'ECONNREFUSED',
  level: 'error',
  message: '[Redis] Lỗi kết nối Redis:',
  stack: 'AggregateError [ECONNREFUSED]: \n' +
    '    at internalConnectMultiple (node:net:1134:18)\n' +
    '    at afterConnectMultiple (node:net:1715:7)',
  timestamp: '2026-08-03T10:16:45.970Z'
}
{
  message: '[Redis] Đang thử kết nối lại lần 31... (delay: 1550ms)',
  level: 'warn',
  timestamp: '2026-08-03T10:16:45.970Z'
}
{
  code: 'ECONNREFUSED',
  level: 'error',
  message: '[Redis] Lỗi kết nối Redis:',
  stack: 'AggregateError [ECONNREFUSED]: \n' +
    '    at internalConnectMultiple (node:net:1134:18)\n' +
    '    at afterConnectMultiple (node:net:1715:7)',
  timestamp: '2026-08-03T10:16:47.527Z'
}
{
  message: '[Redis] Đang thử kết nối lại lần 32... (delay: 1600ms)',
  level: 'warn',
  timestamp: '2026-08-03T10:16:47.527Z'
}
{
  code: 'ECONNREFUSED',
  level: 'error',
  message: '[Redis] Lỗi kết nối Redis:',
  stack: 'AggregateError [ECONNREFUSED]: \n' +
    '    at internalConnectMultiple (node:net:1134:18)\n' +
    '    at afterConnectMultiple (node:net:1715:7)',
  timestamp: '2026-08-03T10:16:49.137Z'
}
{
  message: '[Redis] Đang thử kết nối lại lần 33... (delay: 1650ms)',
  level: 'warn',
  timestamp: '2026-08-03T10:16:49.138Z'
}
{
  code: 'ECONNREFUSED',
  level: 'error',
  message: '[Redis] Lỗi kết nối Redis:',
  stack: 'AggregateError [ECONNREFUSED]: \n' +
    '    at internalConnectMultiple (node:net:1134:18)\n' +
    '    at afterConnectMultiple (node:net:1715:7)',
  timestamp: '2026-08-03T10:16:50.793Z'
}
{
  message: '[Redis] Đang thử kết nối lại lần 34... (delay: 1700ms)',
  level: 'warn',
  timestamp: '2026-08-03T10:16:50.794Z'
}
{
  code: 'ECONNREFUSED',
  level: 'error',
  message: '[Redis] Lỗi kết nối Redis:',
  stack: 'AggregateError [ECONNREFUSED]: \n' +
    '    at internalConnectMultiple (node:net:1134:18)\n' +
    '    at afterConnectMultiple (node:net:1715:7)',
  timestamp: '2026-08-03T10:16:52.512Z'
}
{
  message: '[Redis] Đang thử kết nối lại lần 35... (delay: 1750ms)',
  level: 'warn',
  timestamp: '2026-08-03T10:16:52.512Z'
}
{
  code: 'ECONNREFUSED',
  level: 'error',
  message: '[Redis] Lỗi kết nối Redis:',
  stack: 'AggregateError [ECONNREFUSED]: \n' +
    '    at internalConnectMultiple (node:net:1134:18)\n' +
    '    at afterConnectMultiple (node:net:1715:7)',
  timestamp: '2026-08-03T10:16:54.273Z'
}
{
  message: '[Redis] Đang thử kết nối lại lần 36... (delay: 1800ms)',
  level: 'warn',
  timestamp: '2026-08-03T10:16:54.274Z'
}
{
  code: 'ECONNREFUSED',
  level: 'error',
  message: '[Redis] Lỗi kết nối Redis:',
  stack: 'AggregateError [ECONNREFUSED]: \n' +
    '    at internalConnectMultiple (node:net:1134:18)\n' +
    '    at afterConnectMultiple (node:net:1715:7)',
  timestamp: '2026-08-03T10:16:56.087Z'
}
{
  message: '[Redis] Đang thử kết nối lại lần 37... (delay: 1850ms)',
  level: 'warn',
  timestamp: '2026-08-03T10:16:56.088Z'
}
{
  code: 'ECONNREFUSED',
  level: 'error',
  message: '[Redis] Lỗi kết nối Redis:',
  stack: 'AggregateError [ECONNREFUSED]: \n' +
    '    at internalConnectMultiple (node:net:1134:18)\n' +
    '    at afterConnectMultiple (node:net:1715:7)',
  timestamp: '2026-08-03T10:16:57.941Z'
}
{
  message: '[Redis] Đang thử kết nối lại lần 38... (delay: 1900ms)',
  level: 'warn',
  timestamp: '2026-08-03T10:16:57.941Z'
}
{
  message: '[SchedulerService] Khởi tạo các cron job...',
  level: 'info',
  timestamp: '2026-08-03T10:17:00.281Z'
}
{
  message: 'Booking API Service đang chạy tại port 3000 (Môi trường: development)',
  level: 'info',
  timestamp: '2026-08-03T10:17:00.310Z'
}
{
  code: 'ECONNREFUSED',
  level: 'error',
  message: '[Redis] Lỗi kết nối Redis:',
  stack: 'AggregateError [ECONNREFUSED]: \n' +
    '    at internalConnectMultiple (node:net:1134:18)\n' +
    '    at afterConnectMultiple (node:net:1715:7)',
  timestamp: '2026-08-03T10:17:00.326Z'
}
{
  message: '[Redis] Đang thử kết nối lại lần 1... (delay: 50ms)',
  level: 'warn',
  timestamp: '2026-08-03T10:17:00.328Z'
}
{
  code: 'ECONNREFUSED',
  level: 'error',
  message: '[Redis] Lỗi kết nối Redis:',
  stack: 'AggregateError [ECONNREFUSED]: \n' +
    '    at internalConnectMultiple (node:net:1134:18)\n' +
    '    at afterConnectMultiple (node:net:1715:7)',
  timestamp: '2026-08-03T10:17:00.387Z'
}
{
  message: '[Redis] Đang thử kết nối lại lần 2... (delay: 100ms)',
  level: 'warn',
  timestamp: '2026-08-03T10:17:00.388Z'
}
{
  code: 'ECONNREFUSED',
  level: 'error',
  message: '[Redis] Lỗi kết nối Redis:',
  stack: 'AggregateError [ECONNREFUSED]: \n' +
    '    at internalConnectMultiple (node:net:1134:18)\n' +
    '    at afterConnectMultiple (node:net:1715:7)',
  timestamp: '2026-08-03T10:17:00.495Z'
}
{
  message: '[Redis] Đang thử kết nối lại lần 3... (delay: 150ms)',
  level: 'warn',
  timestamp: '2026-08-03T10:17:00.495Z'
}
{
  code: 'ECONNREFUSED',
  level: 'error',
  message: '[Redis] Lỗi kết nối Redis:',
  stack: 'AggregateError [ECONNREFUSED]: \n' +
    '    at internalConnectMultiple (node:net:1134:18)\n' +
    '    at afterConnectMultiple (node:net:1715:7)',
  timestamp: '2026-08-03T10:17:00.655Z'
}
{
  message: '[Redis] Đang thử kết nối lại lần 4... (delay: 200ms)',
  level: 'warn',
  timestamp: '2026-08-03T10:17:00.657Z'
}
{
  code: 'ECONNREFUSED',
  level: 'error',
  message: '[Redis] Lỗi kết nối Redis:',
  stack: 'AggregateError [ECONNREFUSED]: \n' +
    '    at internalConnectMultiple (node:net:1134:18)\n' +
    '    at afterConnectMultiple (node:net:1715:7)',
  timestamp: '2026-08-03T10:17:00.870Z'
}
{
  message: '[Redis] Đang thử kết nối lại lần 5... (delay: 250ms)',
  level: 'warn',
  timestamp: '2026-08-03T10:17:00.870Z'
}
{
  code: 'ECONNREFUSED',
  level: 'error',
  message: '[Redis] Lỗi kết nối Redis:',
  stack: 'AggregateError [ECONNREFUSED]: \n' +
    '    at internalConnectMultiple (node:net:1134:18)\n' +
    '    at afterConnectMultiple (node:net:1715:7)',
  timestamp: '2026-08-03T10:17:01.138Z'
}
{
  message: '[Redis] Đang thử kết nối lại lần 6... (delay: 300ms)',
  level: 'warn',
  timestamp: '2026-08-03T10:17:01.139Z'
}
{
  code: 'ECONNREFUSED',
  level: 'error',
  message: '[Redis] Lỗi kết nối Redis:',
  stack: 'AggregateError [ECONNREFUSED]: \n' +
    '    at internalConnectMultiple (node:net:1134:18)\n' +
    '    at afterConnectMultiple (node:net:1715:7)',
  timestamp: '2026-08-03T10:17:01.445Z'
}
{
  message: '[Redis] Đang thử kết nối lại lần 7... (delay: 350ms)',
  level: 'warn',
  timestamp: '2026-08-03T10:17:01.445Z'
}
{
  code: 'ECONNREFUSED',
  level: 'error',
  message: '[Redis] Lỗi kết nối Redis:',
  stack: 'AggregateError [ECONNREFUSED]: \n' +
    '    at internalConnectMultiple (node:net:1134:18)\n' +
    '    at afterConnectMultiple (node:net:1715:7)',
  timestamp: '2026-08-03T10:17:01.805Z'
}
{
  message: '[Redis] Đang thử kết nối lại lần 8... (delay: 400ms)',
  level: 'warn',
  timestamp: '2026-08-03T10:17:01.805Z'
}
{
  code: 'ECONNREFUSED',
  level: 'error',
  message: '[Redis] Lỗi kết nối Redis:',
  stack: 'AggregateError [ECONNREFUSED]: \n' +
    '    at internalConnectMultiple (node:net:1134:18)\n' +
    '    at afterConnectMultiple (node:net:1715:7)',
  timestamp: '2026-08-03T10:17:02.219Z'
}
{
  message: '[Redis] Đang thử kết nối lại lần 9... (delay: 450ms)',
  level: 'warn',
  timestamp: '2026-08-03T10:17:02.220Z'
}
{
  code: 'ECONNREFUSED',
  level: 'error',
  message: '[Redis] Lỗi kết nối Redis:',
  stack: 'AggregateError [ECONNREFUSED]: \n' +
    '    at internalConnectMultiple (node:net:1134:18)\n' +
    '    at afterConnectMultiple (node:net:1715:7)',
  timestamp: '2026-08-03T10:17:02.683Z'
}
{
  message: '[Redis] Đang thử kết nối lại lần 10... (delay: 500ms)',
  level: 'warn',
  timestamp: '2026-08-03T10:17:02.684Z'
}
{
  code: 'ECONNREFUSED',
  level: 'error',
  message: '[Redis] Lỗi kết nối Redis:',
  stack: 'AggregateError [ECONNREFUSED]: \n' +
    '    at internalConnectMultiple (node:net:1134:18)\n' +
    '    at afterConnectMultiple (node:net:1715:7)',
  timestamp: '2026-08-03T10:17:03.199Z'
}
{
  message: '[Redis] Đang thử kết nối lại lần 11... (delay: 550ms)',
  level: 'warn',
  timestamp: '2026-08-03T10:17:03.200Z'
}
{
  code: 'ECONNREFUSED',
  level: 'error',
  message: '[Redis] Lỗi kết nối Redis:',
  stack: 'AggregateError [ECONNREFUSED]: \n' +
    '    at internalConnectMultiple (node:net:1134:18)\n' +
    '    at afterConnectMultiple (node:net:1715:7)',
  timestamp: '2026-08-03T10:17:03.756Z'
}
{
  message: '[Redis] Đang thử kết nối lại lần 12... (delay: 600ms)',
  level: 'warn',
  timestamp: '2026-08-03T10:17:03.756Z'
}
{
  code: 'ECONNREFUSED',
  level: 'error',
  message: '[Redis] Lỗi kết nối Redis:',
  stack: 'AggregateError [ECONNREFUSED]: \n' +
    '    at internalConnectMultiple (node:net:1134:18)\n' +
    '    at afterConnectMultiple (node:net:1715:7)',
  timestamp: '2026-08-03T10:17:04.366Z'
}
{
  message: '[Redis] Đang thử kết nối lại lần 13... (delay: 650ms)',
  level: 'warn',
  timestamp: '2026-08-03T10:17:04.366Z'
}
{
  code: 'ECONNREFUSED',
  level: 'error',
  message: '[Redis] Lỗi kết nối Redis:',
  stack: 'AggregateError [ECONNREFUSED]: \n' +
    '    at internalConnectMultiple (node:net:1134:18)\n' +
    '    at afterConnectMultiple (node:net:1715:7)',
  timestamp: '2026-08-03T10:17:05.034Z'
}
{
  message: '[Redis] Đang thử kết nối lại lần 14... (delay: 700ms)',
  level: 'warn',
  timestamp: '2026-08-03T10:17:05.034Z'
}
{
  code: 'ECONNREFUSED',
  level: 'error',
  message: '[Redis] Lỗi kết nối Redis:',
  stack: 'AggregateError [ECONNREFUSED]: \n' +
    '    at internalConnectMultiple (node:net:1134:18)\n' +
    '    at afterConnectMultiple (node:net:1715:7)',
  timestamp: '2026-08-03T10:17:05.750Z'
}
{
  message: '[Redis] Đang thử kết nối lại lần 15... (delay: 750ms)',
  level: 'warn',
  timestamp: '2026-08-03T10:17:05.751Z'
}
{
  code: 'ECONNREFUSED',
  level: 'error',
  message: '[Redis] Lỗi kết nối Redis:',
  stack: 'AggregateError [ECONNREFUSED]: \n' +
    '    at internalConnectMultiple (node:net:1134:18)\n' +
    '    at afterConnectMultiple (node:net:1715:7)',
  timestamp: '2026-08-03T10:17:06.503Z'
}
{
  message: '[Redis] Đang thử kết nối lại lần 16... (delay: 800ms)',
  level: 'warn',
  timestamp: '2026-08-03T10:17:06.504Z'
}
{
  code: 'ECONNREFUSED',
  level: 'error',
  message: '[Redis] Lỗi kết nối Redis:',
  stack: 'AggregateError [ECONNREFUSED]: \n' +
    '    at internalConnectMultiple (node:net:1134:18)\n' +
    '    at afterConnectMultiple (node:net:1715:7)',
  timestamp: '2026-08-03T10:17:07.310Z'
}
{
  message: '[Redis] Đang thử kết nối lại lần 17... (delay: 850ms)',
  level: 'warn',
  timestamp: '2026-08-03T10:17:07.310Z'
}
{
  code: 'ECONNREFUSED',
  level: 'error',
  message: '[Redis] Lỗi kết nối Redis:',
  stack: 'AggregateError [ECONNREFUSED]: \n' +
    '    at internalConnectMultiple (node:net:1134:18)\n' +
    '    at afterConnectMultiple (node:net:1715:7)',
  timestamp: '2026-08-03T10:17:08.171Z'
}
{
  message: '[Redis] Đang thử kết nối lại lần 18... (delay: 900ms)',
  level: 'warn',
  timestamp: '2026-08-03T10:17:08.171Z'
}
{
  code: 'ECONNREFUSED',
  level: 'error',
  message: '[Redis] Lỗi kết nối Redis:',
  stack: 'AggregateError [ECONNREFUSED]: \n' +
    '    at internalConnectMultiple (node:net:1134:18)\n' +
    '    at afterConnectMultiple (node:net:1715:7)',
  timestamp: '2026-08-03T10:17:09.077Z'
}
{
  message: '[Redis] Đang thử kết nối lại lần 19... (delay: 950ms)',
  level: 'warn',
  timestamp: '2026-08-03T10:17:09.078Z'
}
{
  code: 'ECONNREFUSED',
  level: 'error',
  message: '[Redis] Lỗi kết nối Redis:',
  stack: 'AggregateError [ECONNREFUSED]: \n' +
    '    at internalConnectMultiple (node:net:1134:18)\n' +
    '    at afterConnectMultiple (node:net:1715:7)',
  timestamp: '2026-08-03T10:17:10.030Z'
}
{
  message: '[Redis] Đang thử kết nối lại lần 20... (delay: 1000ms)',
  level: 'warn',
  timestamp: '2026-08-03T10:17:10.030Z'
}
{
  code: 'ECONNREFUSED',
  level: 'error',
  message: '[Redis] Lỗi kết nối Redis:',
  stack: 'AggregateError [ECONNREFUSED]: \n' +
    '    at internalConnectMultiple (node:net:1134:18)\n' +
    '    at afterConnectMultiple (node:net:1715:7)',
  timestamp: '2026-08-03T10:17:11.043Z'
}
{
  message: '[Redis] Đang thử kết nối lại lần 21... (delay: 1050ms)',
  level: 'warn',
  timestamp: '2026-08-03T10:17:11.044Z'
}
{
  code: 'ECONNREFUSED',
  level: 'error',
  message: '[Redis] Lỗi kết nối Redis:',
  stack: 'AggregateError [ECONNREFUSED]: \n' +
    '    at internalConnectMultiple (node:net:1134:18)\n' +
    '    at afterConnectMultiple (node:net:1715:7)',
  timestamp: '2026-08-03T10:17:12.104Z'
}
{
  message: '[Redis] Đang thử kết nối lại lần 22... (delay: 1100ms)',
  level: 'warn',
  timestamp: '2026-08-03T10:17:12.105Z'
}
{
  code: 'ECONNREFUSED',
  level: 'error',
  message: '[Redis] Lỗi kết nối Redis:',
  stack: 'AggregateError [ECONNREFUSED]: \n' +
    '    at internalConnectMultiple (node:net:1134:18)\n' +
    '    at afterConnectMultiple (node:net:1715:7)',
  timestamp: '2026-08-03T10:17:13.220Z'
}
{
  message: '[Redis] Đang thử kết nối lại lần 23... (delay: 1150ms)',
  level: 'warn',
  timestamp: '2026-08-03T10:17:13.221Z'
}
{
  code: 'ECONNREFUSED',
  level: 'error',
  message: '[Redis] Lỗi kết nối Redis:',
  stack: 'AggregateError [ECONNREFUSED]: \n' +
    '    at internalConnectMultiple (node:net:1134:18)\n' +
    '    at afterConnectMultiple (node:net:1715:7)',
  timestamp: '2026-08-03T10:17:14.377Z'
}
{
  message: '[Redis] Đang thử kết nối lại lần 24... (delay: 1200ms)',
  level: 'warn',
  timestamp: '2026-08-03T10:17:14.378Z'
}
{
  code: 'ECONNREFUSED',
  level: 'error',
  message: '[Redis] Lỗi kết nối Redis:',
  stack: 'AggregateError [ECONNREFUSED]: \n' +
    '    at internalConnectMultiple (node:net:1134:18)\n' +
    '    at afterConnectMultiple (node:net:1715:7)',
  timestamp: '2026-08-03T10:17:15.591Z'
}
{
  message: '[Redis] Đang thử kết nối lại lần 25... (delay: 1250ms)',
  level: 'warn',
  timestamp: '2026-08-03T10:17:15.591Z'
}
{
  code: 'ECONNREFUSED',
  level: 'error',
  message: '[Redis] Lỗi kết nối Redis:',
  stack: 'AggregateError [ECONNREFUSED]: \n' +
    '    at internalConnectMultiple (node:net:1134:18)\n' +
    '    at afterConnectMultiple (node:net:1715:7)',
  timestamp: '2026-08-03T10:17:16.854Z'
}
{
  message: '[Redis] Đang thử kết nối lại lần 26... (delay: 1300ms)',
  level: 'warn',
  timestamp: '2026-08-03T10:17:16.854Z'
}
{
  code: 'ECONNREFUSED',
  level: 'error',
  message: '[Redis] Lỗi kết nối Redis:',
  stack: 'AggregateError [ECONNREFUSED]: \n' +
    '    at internalConnectMultiple (node:net:1134:18)\n' +
    '    at afterConnectMultiple (node:net:1715:7)',
  timestamp: '2026-08-03T10:17:18.171Z'
}
{
  message: '[Redis] Đang thử kết nối lại lần 27... (delay: 1350ms)',
  level: 'warn',
  timestamp: '2026-08-03T10:17:18.172Z'
}
{
  code: 'ECONNREFUSED',
  level: 'error',
  message: '[Redis] Lỗi kết nối Redis:',
  stack: 'AggregateError [ECONNREFUSED]: \n' +
    '    at internalConnectMultiple (node:net:1134:18)\n' +
    '    at afterConnectMultiple (node:net:1715:7)',
  timestamp: '2026-08-03T10:17:19.538Z'
}
{
  message: '[Redis] Đang thử kết nối lại lần 28... (delay: 1400ms)',
  level: 'warn',
  timestamp: '2026-08-03T10:17:19.538Z'
}
{
  code: 'ECONNREFUSED',
  level: 'error',
  message: '[Redis] Lỗi kết nối Redis:',
  stack: 'AggregateError [ECONNREFUSED]: \n' +
    '    at internalConnectMultiple (node:net:1134:18)\n' +
    '    at afterConnectMultiple (node:net:1715:7)',
  timestamp: '2026-08-03T10:17:20.948Z'
}
{
  message: '[Redis] Đang thử kết nối lại lần 29... (delay: 1450ms)',
  level: 'warn',
  timestamp: '2026-08-03T10:17:20.949Z'
}
{
  code: 'ECONNREFUSED',
  level: 'error',
  message: '[Redis] Lỗi kết nối Redis:',
  stack: 'AggregateError [ECONNREFUSED]: \n' +
    '    at internalConnectMultiple (node:net:1134:18)\n' +
    '    at afterConnectMultiple (node:net:1715:7)',
  timestamp: '2026-08-03T10:17:22.402Z'
}
{
  message: '[Redis] Đang thử kết nối lại lần 30... (delay: 1500ms)',
  level: 'warn',
  timestamp: '2026-08-03T10:17:22.402Z'
}
{
  code: 'ECONNREFUSED',
  level: 'error',
  message: '[Redis] Lỗi kết nối Redis:',
  stack: 'AggregateError [ECONNREFUSED]: \n' +
    '    at internalConnectMultiple (node:net:1134:18)\n' +
    '    at afterConnectMultiple (node:net:1715:7)',
  timestamp: '2026-08-03T10:17:23.914Z'
}
{
  message: '[Redis] Đang thử kết nối lại lần 31... (delay: 1550ms)',
  level: 'warn',
  timestamp: '2026-08-03T10:17:23.915Z'
}
{
  code: 'ECONNREFUSED',
  level: 'error',
  message: '[Redis] Lỗi kết nối Redis:',
  stack: 'AggregateError [ECONNREFUSED]: \n' +
    '    at internalConnectMultiple (node:net:1134:18)\n' +
    '    at afterConnectMultiple (node:net:1715:7)',
  timestamp: '2026-08-03T10:17:25.467Z'
}
{
  message: '[Redis] Đang thử kết nối lại lần 32... (delay: 1600ms)',
  level: 'warn',
  timestamp: '2026-08-03T10:17:25.467Z'
}
{
  code: 'ECONNREFUSED',
  level: 'error',
  message: '[Redis] Lỗi kết nối Redis:',
  stack: 'AggregateError [ECONNREFUSED]: \n' +
    '    at internalConnectMultiple (node:net:1134:18)\n' +
    '    at afterConnectMultiple (node:net:1715:7)',
  timestamp: '2026-08-03T10:17:27.072Z'
}
{
  message: '[Redis] Đang thử kết nối lại lần 33... (delay: 1650ms)',
  level: 'warn',
  timestamp: '2026-08-03T10:17:27.073Z'
}
{
  code: 'ECONNREFUSED',
  level: 'error',
  message: '[Redis] Lỗi kết nối Redis:',
  stack: 'AggregateError [ECONNREFUSED]: \n' +
    '    at internalConnectMultiple (node:net:1134:18)\n' +
    '    at afterConnectMultiple (node:net:1715:7)',
  timestamp: '2026-08-03T10:17:28.728Z'
}
{
  message: '[Redis] Đang thử kết nối lại lần 34... (delay: 1700ms)',
  level: 'warn',
  timestamp: '2026-08-03T10:17:28.728Z'
}
{
  code: 'ECONNREFUSED',
  level: 'error',
  message: '[Redis] Lỗi kết nối Redis:',
  stack: 'AggregateError [ECONNREFUSED]: \n' +
    '    at internalConnectMultiple (node:net:1134:18)\n' +
    '    at afterConnectMultiple (node:net:1715:7)',
  timestamp: '2026-08-03T10:17:30.438Z'
}
{
  message: '[Redis] Đang thử kết nối lại lần 35... (delay: 1750ms)',
  level: 'warn',
  timestamp: '2026-08-03T10:17:30.439Z'
}
{
  code: 'ECONNREFUSED',
  level: 'error',
  message: '[Redis] Lỗi kết nối Redis:',
  stack: 'AggregateError [ECONNREFUSED]: \n' +
    '    at internalConnectMultiple (node:net:1134:18)\n' +
    '    at afterConnectMultiple (node:net:1715:7)',
  timestamp: '2026-08-03T10:17:32.191Z'
}
{
  message: '[Redis] Đang thử kết nối lại lần 36... (delay: 1800ms)',
  level: 'warn',
  timestamp: '2026-08-03T10:17:32.191Z'
}
{
  code: 'ECONNREFUSED',
  level: 'error',
  message: '[Redis] Lỗi kết nối Redis:',
  stack: 'AggregateError [ECONNREFUSED]: \n' +
    '    at internalConnectMultiple (node:net:1134:18)\n' +
    '    at afterConnectMultiple (node:net:1715:7)',
  timestamp: '2026-08-03T10:17:33.995Z'
}
{
  message: '[Redis] Đang thử kết nối lại lần 37... (delay: 1850ms)',
  level: 'warn',
  timestamp: '2026-08-03T10:17:33.996Z'
}
{
  code: 'ECONNREFUSED',
  level: 'error',
  message: '[Redis] Lỗi kết nối Redis:',
  stack: 'AggregateError [ECONNREFUSED]: \n' +
    '    at internalConnectMultiple (node:net:1134:18)\n' +
    '    at afterConnectMultiple (node:net:1715:7)',
  timestamp: '2026-08-03T10:17:35.861Z'
}
{
  message: '[Redis] Đang thử kết nối lại lần 38... (delay: 1900ms)',
  level: 'warn',
  timestamp: '2026-08-03T10:17:35.862Z'
}
{
  code: 'ECONNREFUSED',
  level: 'error',
  message: '[Redis] Lỗi kết nối Redis:',
  stack: 'AggregateError [ECONNREFUSED]: \n' +
    '    at internalConnectMultiple (node:net:1134:18)\n' +
    '    at afterConnectMultiple (node:net:1715:7)',
  timestamp: '2026-08-03T10:17:37.778Z'
}
{
  message: '[Redis] Đang thử kết nối lại lần 39... (delay: 1950ms)',
  level: 'warn',
  timestamp: '2026-08-03T10:17:37.778Z'
}
{
  code: 'ECONNREFUSED',
  level: 'error',
  message: '[Redis] Lỗi kết nối Redis:',
  stack: 'AggregateError [ECONNREFUSED]: \n' +
    '    at internalConnectMultiple (node:net:1134:18)\n' +
    '    at afterConnectMultiple (node:net:1715:7)',
  timestamp: '2026-08-03T10:17:39.736Z'
}
{
  message: '[Redis] Đang thử kết nối lại lần 40... (delay: 2000ms)',
  level: 'warn',
  timestamp: '2026-08-03T10:17:39.736Z'
}
{
  code: 'ECONNREFUSED',
  level: 'error',
  message: '[Redis] Lỗi kết nối Redis:',
  stack: 'AggregateError [ECONNREFUSED]: \n' +
    '    at internalConnectMultiple (node:net:1134:18)\n' +
    '    at afterConnectMultiple (node:net:1715:7)',
  timestamp: '2026-08-03T10:17:41.753Z'
}
{
  message: '[Redis] Đang thử kết nối lại lần 41... (delay: 2000ms)',
  level: 'warn',
  timestamp: '2026-08-03T10:17:41.754Z'
}
{
  code: 'ECONNREFUSED',
  level: 'error',
  message: '[Redis] Lỗi kết nối Redis:',
  stack: 'AggregateError [ECONNREFUSED]: \n' +
    '    at internalConnectMultiple (node:net:1134:18)\n' +
    '    at afterConnectMultiple (node:net:1715:7)',
  timestamp: '2026-08-03T10:17:43.765Z'
}
{
  message: '[Redis] Đang thử kết nối lại lần 42... (delay: 2000ms)',
  level: 'warn',
  timestamp: '2026-08-03T10:17:43.766Z'
}
{
  code: 'ECONNREFUSED',
  level: 'error',
  message: '[Redis] Lỗi kết nối Redis:',
  stack: 'AggregateError [ECONNREFUSED]: \n' +
    '    at internalConnectMultiple (node:net:1134:18)\n' +
    '    at afterConnectMultiple (node:net:1715:7)',
  timestamp: '2026-08-03T10:17:45.776Z'
}
{
  message: '[Redis] Đang thử kết nối lại lần 43... (delay: 2000ms)',
  level: 'warn',
  timestamp: '2026-08-03T10:17:45.777Z'
}
{
  code: 'ECONNREFUSED',
  level: 'error',
  message: '[Redis] Lỗi kết nối Redis:',
  stack: 'AggregateError [ECONNREFUSED]: \n' +
    '    at internalConnectMultiple (node:net:1134:18)\n' +
    '    at afterConnectMultiple (node:net:1715:7)',
  timestamp: '2026-08-03T10:17:47.787Z'
}
{
  message: '[Redis] Đang thử kết nối lại lần 44... (delay: 2000ms)',
  level: 'warn',
  timestamp: '2026-08-03T10:17:47.787Z'
}
{
  message: '[SchedulerService] Khởi tạo các cron job...',
  level: 'info',
  timestamp: '2026-08-03T10:17:51.831Z'
}
{
  message: 'Booking API Service đang chạy tại port 3000 (Môi trường: development)',
  level: 'info',
  timestamp: '2026-08-03T10:17:51.867Z'
}
{
  code: 'ECONNREFUSED',
  level: 'error',
  message: '[Redis] Lỗi kết nối Redis:',
  stack: 'AggregateError [ECONNREFUSED]: \n' +
    '    at internalConnectMultiple (node:net:1134:18)\n' +
    '    at afterConnectMultiple (node:net:1715:7)',
  timestamp: '2026-08-03T10:17:51.878Z'
}
{
  message: '[Redis] Đang thử kết nối lại lần 1... (delay: 50ms)',
  level: 'warn',
  timestamp: '2026-08-03T10:17:51.878Z'
}
{
  code: 'ECONNREFUSED',
  level: 'error',
  message: '[Redis] Lỗi kết nối Redis:',
  stack: 'AggregateError [ECONNREFUSED]: \n' +
    '    at internalConnectMultiple (node:net:1134:18)\n' +
    '    at afterConnectMultiple (node:net:1715:7)',
  timestamp: '2026-08-03T10:17:51.945Z'
}
{
  message: '[Redis] Đang thử kết nối lại lần 2... (delay: 100ms)',
  level: 'warn',
  timestamp: '2026-08-03T10:17:51.945Z'
}
{
  code: 'ECONNREFUSED',
  level: 'error',
  message: '[Redis] Lỗi kết nối Redis:',
  stack: 'AggregateError [ECONNREFUSED]: \n' +
    '    at internalConnectMultiple (node:net:1134:18)\n' +
    '    at afterConnectMultiple (node:net:1715:7)',
  timestamp: '2026-08-03T10:17:52.051Z'
}
{
  message: '[Redis] Đang thử kết nối lại lần 3... (delay: 150ms)',
  level: 'warn',
  timestamp: '2026-08-03T10:17:52.051Z'
}
{
  code: 'ECONNREFUSED',
  level: 'error',
  message: '[Redis] Lỗi kết nối Redis:',
  stack: 'AggregateError [ECONNREFUSED]: \n' +
    '    at internalConnectMultiple (node:net:1134:18)\n' +
    '    at afterConnectMultiple (node:net:1715:7)',
  timestamp: '2026-08-03T10:17:52.211Z'
}
{
  message: '[Redis] Đang thử kết nối lại lần 4... (delay: 200ms)',
  level: 'warn',
  timestamp: '2026-08-03T10:17:52.212Z'
}
{
  code: 'ECONNREFUSED',
  level: 'error',
  message: '[Redis] Lỗi kết nối Redis:',
  stack: 'AggregateError [ECONNREFUSED]: \n' +
    '    at internalConnectMultiple (node:net:1134:18)\n' +
    '    at afterConnectMultiple (node:net:1715:7)',
  timestamp: '2026-08-03T10:17:52.426Z'
}
{
  message: '[Redis] Đang thử kết nối lại lần 5... (delay: 250ms)',
  level: 'warn',
  timestamp: '2026-08-03T10:17:52.426Z'
}
{
  code: 'ECONNREFUSED',
  level: 'error',
  message: '[Redis] Lỗi kết nối Redis:',
  stack: 'AggregateError [ECONNREFUSED]: \n' +
    '    at internalConnectMultiple (node:net:1134:18)\n' +
    '    at afterConnectMultiple (node:net:1715:7)',
  timestamp: '2026-08-03T10:17:52.691Z'
}
{
  message: '[Redis] Đang thử kết nối lại lần 6... (delay: 300ms)',
  level: 'warn',
  timestamp: '2026-08-03T10:17:52.692Z'
}
{
  code: 'ECONNREFUSED',
  level: 'error',
  message: '[Redis] Lỗi kết nối Redis:',
  stack: 'AggregateError [ECONNREFUSED]: \n' +
    '    at internalConnectMultiple (node:net:1134:18)\n' +
    '    at afterConnectMultiple (node:net:1715:7)',
  timestamp: '2026-08-03T10:17:53.005Z'
}
{
  message: '[Redis] Đang thử kết nối lại lần 7... (delay: 350ms)',
  level: 'warn',
  timestamp: '2026-08-03T10:17:53.005Z'
}
{
  code: 'ECONNREFUSED',
  level: 'error',
  message: '[Redis] Lỗi kết nối Redis:',
  stack: 'AggregateError [ECONNREFUSED]: \n' +
    '    at internalConnectMultiple (node:net:1134:18)\n' +
    '    at afterConnectMultiple (node:net:1715:7)',
  timestamp: '2026-08-03T10:17:53.363Z'
}
{
  message: '[Redis] Đang thử kết nối lại lần 8... (delay: 400ms)',
  level: 'warn',
  timestamp: '2026-08-03T10:17:53.363Z'
}
{
  code: 'ECONNREFUSED',
  level: 'error',
  message: '[Redis] Lỗi kết nối Redis:',
  stack: 'AggregateError [ECONNREFUSED]: \n' +
    '    at internalConnectMultiple (node:net:1134:18)\n' +
    '    at afterConnectMultiple (node:net:1715:7)',
  timestamp: '2026-08-03T10:17:53.773Z'
}
{
  message: '[Redis] Đang thử kết nối lại lần 9... (delay: 450ms)',
  level: 'warn',
  timestamp: '2026-08-03T10:17:53.773Z'
}
{
  code: 'ECONNREFUSED',
  level: 'error',
  message: '[Redis] Lỗi kết nối Redis:',
  stack: 'AggregateError [ECONNREFUSED]: \n' +
    '    at internalConnectMultiple (node:net:1134:18)\n' +
    '    at afterConnectMultiple (node:net:1715:7)',
  timestamp: '2026-08-03T10:17:54.240Z'
}
{
  message: '[Redis] Đang thử kết nối lại lần 10... (delay: 500ms)',
  level: 'warn',
  timestamp: '2026-08-03T10:17:54.241Z'
}
{
  code: 'ECONNREFUSED',
  level: 'error',
  message: '[Redis] Lỗi kết nối Redis:',
  stack: 'AggregateError [ECONNREFUSED]: \n' +
    '    at internalConnectMultiple (node:net:1134:18)\n' +
    '    at afterConnectMultiple (node:net:1715:7)',
  timestamp: '2026-08-03T10:17:54.754Z'
}
{
  message: '[Redis] Đang thử kết nối lại lần 11... (delay: 550ms)',
  level: 'warn',
  timestamp: '2026-08-03T10:17:54.755Z'
}
{
  code: 'ECONNREFUSED',
  level: 'error',
  message: '[Redis] Lỗi kết nối Redis:',
  stack: 'AggregateError [ECONNREFUSED]: \n' +
    '    at internalConnectMultiple (node:net:1134:18)\n' +
    '    at afterConnectMultiple (node:net:1715:7)',
  timestamp: '2026-08-03T10:17:55.315Z'
}
{
  message: '[Redis] Đang thử kết nối lại lần 12... (delay: 600ms)',
  level: 'warn',
  timestamp: '2026-08-03T10:17:55.316Z'
}
{
  code: 'ECONNREFUSED',
  level: 'error',
  message: '[Redis] Lỗi kết nối Redis:',
  stack: 'AggregateError [ECONNREFUSED]: \n' +
    '    at internalConnectMultiple (node:net:1134:18)\n' +
    '    at afterConnectMultiple (node:net:1715:7)',
  timestamp: '2026-08-03T10:17:55.922Z'
}
{
  message: '[Redis] Đang thử kết nối lại lần 13... (delay: 650ms)',
  level: 'warn',
  timestamp: '2026-08-03T10:17:55.922Z'
}
{
  code: 'ECONNREFUSED',
  level: 'error',
  message: '[Redis] Lỗi kết nối Redis:',
  stack: 'AggregateError [ECONNREFUSED]: \n' +
    '    at internalConnectMultiple (node:net:1134:18)\n' +
    '    at afterConnectMultiple (node:net:1715:7)',
  timestamp: '2026-08-03T10:17:56.578Z'
}
{
  message: '[Redis] Đang thử kết nối lại lần 14... (delay: 700ms)',
  level: 'warn',
  timestamp: '2026-08-03T10:17:56.578Z'
}
{
  code: 'ECONNREFUSED',
  level: 'error',
  message: '[Redis] Lỗi kết nối Redis:',
  stack: 'AggregateError [ECONNREFUSED]: \n' +
    '    at internalConnectMultiple (node:net:1134:18)\n' +
    '    at afterConnectMultiple (node:net:1715:7)',
  timestamp: '2026-08-03T10:17:57.293Z'
}
{
  message: '[Redis] Đang thử kết nối lại lần 15... (delay: 750ms)',
  level: 'warn',
  timestamp: '2026-08-03T10:17:57.293Z'
}
{
  code: 'ECONNREFUSED',
  level: 'error',
  message: '[Redis] Lỗi kết nối Redis:',
  stack: 'AggregateError [ECONNREFUSED]: \n' +
    '    at internalConnectMultiple (node:net:1134:18)\n' +
    '    at afterConnectMultiple (node:net:1715:7)',
  timestamp: '2026-08-03T10:17:58.059Z'
}
{
  message: '[Redis] Đang thử kết nối lại lần 16... (delay: 800ms)',
  level: 'warn',
  timestamp: '2026-08-03T10:17:58.059Z'
}
{
  message: '[SchedulerService] Khởi tạo các cron job...',
  level: 'info',
  timestamp: '2026-08-03T10:18:00.106Z'
}
{
  message: 'Booking API Service đang chạy tại port 3000 (Môi trường: development)',
  level: 'info',
  timestamp: '2026-08-03T10:18:00.137Z'
}
{
  code: 'ECONNREFUSED',
  level: 'error',
  message: '[Redis] Lỗi kết nối Redis:',
  stack: 'AggregateError [ECONNREFUSED]: \n' +
    '    at internalConnectMultiple (node:net:1134:18)\n' +
    '    at afterConnectMultiple (node:net:1715:7)',
  timestamp: '2026-08-03T10:18:00.155Z'
}
{
  message: '[Redis] Đang thử kết nối lại lần 1... (delay: 50ms)',
  level: 'warn',
  timestamp: '2026-08-03T10:18:00.157Z'
}
{
  code: 'ECONNREFUSED',
  level: 'error',
  message: '[Redis] Lỗi kết nối Redis:',
  stack: 'AggregateError [ECONNREFUSED]: \n' +
    '    at internalConnectMultiple (node:net:1134:18)\n' +
    '    at afterConnectMultiple (node:net:1715:7)',
  timestamp: '2026-08-03T10:18:00.213Z'
}
{
  message: '[Redis] Đang thử kết nối lại lần 2... (delay: 100ms)',
  level: 'warn',
  timestamp: '2026-08-03T10:18:00.214Z'
}
{
  code: 'ECONNREFUSED',
  level: 'error',
  message: '[Redis] Lỗi kết nối Redis:',
  stack: 'AggregateError [ECONNREFUSED]: \n' +
    '    at internalConnectMultiple (node:net:1134:18)\n' +
    '    at afterConnectMultiple (node:net:1715:7)',
  timestamp: '2026-08-03T10:18:00.323Z'
}
{
  message: '[Redis] Đang thử kết nối lại lần 3... (delay: 150ms)',
  level: 'warn',
  timestamp: '2026-08-03T10:18:00.323Z'
}
{
  code: 'ECONNREFUSED',
  level: 'error',
  message: '[Redis] Lỗi kết nối Redis:',
  stack: 'AggregateError [ECONNREFUSED]: \n' +
    '    at internalConnectMultiple (node:net:1134:18)\n' +
    '    at afterConnectMultiple (node:net:1715:7)',
  timestamp: '2026-08-03T10:18:00.477Z'
}
{
  message: '[Redis] Đang thử kết nối lại lần 4... (delay: 200ms)',
  level: 'warn',
  timestamp: '2026-08-03T10:18:00.477Z'
}
{
  code: 'ECONNREFUSED',
  level: 'error',
  message: '[Redis] Lỗi kết nối Redis:',
  stack: 'AggregateError [ECONNREFUSED]: \n' +
    '    at internalConnectMultiple (node:net:1134:18)\n' +
    '    at afterConnectMultiple (node:net:1715:7)',
  timestamp: '2026-08-03T10:18:00.696Z'
}
{
  message: '[Redis] Đang thử kết nối lại lần 5... (delay: 250ms)',
  level: 'warn',
  timestamp: '2026-08-03T10:18:00.697Z'
}
{
  code: 'ECONNREFUSED',
  level: 'error',
  message: '[Redis] Lỗi kết nối Redis:',
  stack: 'AggregateError [ECONNREFUSED]: \n' +
    '    at internalConnectMultiple (node:net:1134:18)\n' +
    '    at afterConnectMultiple (node:net:1715:7)',
  timestamp: '2026-08-03T10:18:00.963Z'
}
{
  message: '[Redis] Đang thử kết nối lại lần 6... (delay: 300ms)',
  level: 'warn',
  timestamp: '2026-08-03T10:18:00.965Z'
}
{
  code: 'ECONNREFUSED',
  level: 'error',
  message: '[Redis] Lỗi kết nối Redis:',
  stack: 'AggregateError [ECONNREFUSED]: \n' +
    '    at internalConnectMultiple (node:net:1134:18)\n' +
    '    at afterConnectMultiple (node:net:1715:7)',
  timestamp: '2026-08-03T10:18:01.276Z'
}
{
  message: '[Redis] Đang thử kết nối lại lần 7... (delay: 350ms)',
  level: 'warn',
  timestamp: '2026-08-03T10:18:01.277Z'
}
{
  code: 'ECONNREFUSED',
  level: 'error',
  message: '[Redis] Lỗi kết nối Redis:',
  stack: 'AggregateError [ECONNREFUSED]: \n' +
    '    at internalConnectMultiple (node:net:1134:18)\n' +
    '    at afterConnectMultiple (node:net:1715:7)',
  timestamp: '2026-08-03T10:18:01.635Z'
}
{
  message: '[Redis] Đang thử kết nối lại lần 8... (delay: 400ms)',
  level: 'warn',
  timestamp: '2026-08-03T10:18:01.635Z'
}
{
  code: 'ECONNREFUSED',
  level: 'error',
  message: '[Redis] Lỗi kết nối Redis:',
  stack: 'AggregateError [ECONNREFUSED]: \n' +
    '    at internalConnectMultiple (node:net:1134:18)\n' +
    '    at afterConnectMultiple (node:net:1715:7)',
  timestamp: '2026-08-03T10:18:02.039Z'
}
{
  message: '[Redis] Đang thử kết nối lại lần 9... (delay: 450ms)',
  level: 'warn',
  timestamp: '2026-08-03T10:18:02.040Z'
}
{
  code: 'ECONNREFUSED',
  level: 'error',
  message: '[Redis] Lỗi kết nối Redis:',
  stack: 'AggregateError [ECONNREFUSED]: \n' +
    '    at internalConnectMultiple (node:net:1134:18)\n' +
    '    at afterConnectMultiple (node:net:1715:7)',
  timestamp: '2026-08-03T10:18:02.506Z'
}
{
  message: '[Redis] Đang thử kết nối lại lần 10... (delay: 500ms)',
  level: 'warn',
  timestamp: '2026-08-03T10:18:02.507Z'
}
{
  code: 'ECONNREFUSED',
  level: 'error',
  message: '[Redis] Lỗi kết nối Redis:',
  stack: 'AggregateError [ECONNREFUSED]: \n' +
    '    at internalConnectMultiple (node:net:1134:18)\n' +
    '    at afterConnectMultiple (node:net:1715:7)',
  timestamp: '2026-08-03T10:18:03.008Z'
}
{
  message: '[Redis] Đang thử kết nối lại lần 11... (delay: 550ms)',
  level: 'warn',
  timestamp: '2026-08-03T10:18:03.009Z'
}
{
  code: 'ECONNREFUSED',
  level: 'error',
  message: '[Redis] Lỗi kết nối Redis:',
  stack: 'AggregateError [ECONNREFUSED]: \n' +
    '    at internalConnectMultiple (node:net:1134:18)\n' +
    '    at afterConnectMultiple (node:net:1715:7)',
  timestamp: '2026-08-03T10:18:03.567Z'
}
{
  message: '[Redis] Đang thử kết nối lại lần 12... (delay: 600ms)',
  level: 'warn',
  timestamp: '2026-08-03T10:18:03.567Z'
}
{
  code: 'ECONNREFUSED',
  level: 'error',
  message: '[Redis] Lỗi kết nối Redis:',
  stack: 'AggregateError [ECONNREFUSED]: \n' +
    '    at internalConnectMultiple (node:net:1134:18)\n' +
    '    at afterConnectMultiple (node:net:1715:7)',
  timestamp: '2026-08-03T10:18:04.178Z'
}
{
  message: '[Redis] Đang thử kết nối lại lần 13... (delay: 650ms)',
  level: 'warn',
  timestamp: '2026-08-03T10:18:04.179Z'
}
{
  code: 'ECONNREFUSED',
  level: 'error',
  message: '[Redis] Lỗi kết nối Redis:',
  stack: 'AggregateError [ECONNREFUSED]: \n' +
    '    at internalConnectMultiple (node:net:1134:18)\n' +
    '    at afterConnectMultiple (node:net:1715:7)',
  timestamp: '2026-08-03T10:18:04.838Z'
}
{
  message: '[Redis] Đang thử kết nối lại lần 14... (delay: 700ms)',
  level: 'warn',
  timestamp: '2026-08-03T10:18:04.839Z'
}
{
  code: 'ECONNREFUSED',
  level: 'error',
  message: '[Redis] Lỗi kết nối Redis:',
  stack: 'AggregateError [ECONNREFUSED]: \n' +
    '    at internalConnectMultiple (node:net:1134:18)\n' +
    '    at afterConnectMultiple (node:net:1715:7)',
  timestamp: '2026-08-03T10:18:05.553Z'
}
{
  message: '[Redis] Đang thử kết nối lại lần 15... (delay: 750ms)',
  level: 'warn',
  timestamp: '2026-08-03T10:18:05.553Z'
}
{
  code: 'ECONNREFUSED',
  level: 'error',
  message: '[Redis] Lỗi kết nối Redis:',
  stack: 'AggregateError [ECONNREFUSED]: \n' +
    '    at internalConnectMultiple (node:net:1134:18)\n' +
    '    at afterConnectMultiple (node:net:1715:7)',
  timestamp: '2026-08-03T10:18:06.309Z'
}
{
  message: '[Redis] Đang thử kết nối lại lần 16... (delay: 800ms)',
  level: 'warn',
  timestamp: '2026-08-03T10:18:06.310Z'
}
{
  code: 'ECONNREFUSED',
  level: 'error',
  message: '[Redis] Lỗi kết nối Redis:',
  stack: 'AggregateError [ECONNREFUSED]: \n' +
    '    at internalConnectMultiple (node:net:1134:18)\n' +
    '    at afterConnectMultiple (node:net:1715:7)',
  timestamp: '2026-08-03T10:18:07.127Z'
}
{
  message: '[Redis] Đang thử kết nối lại lần 17... (delay: 850ms)',
  level: 'warn',
  timestamp: '2026-08-03T10:18:07.128Z'
}
{
  message: '[SchedulerService] Khởi tạo các cron job...',
  level: 'info',
  timestamp: '2026-08-03T10:18:09.527Z'
}
{
  message: 'Booking API Service đang chạy tại port 3000 (Môi trường: development)',
  level: 'info',
  timestamp: '2026-08-03T10:18:09.562Z'
}
{
  code: 'ECONNREFUSED',
  level: 'error',
  message: '[Redis] Lỗi kết nối Redis:',
  stack: 'AggregateError [ECONNREFUSED]: \n' +
    '    at internalConnectMultiple (node:net:1134:18)\n' +
    '    at afterConnectMultiple (node:net:1715:7)',
  timestamp: '2026-08-03T10:18:09.577Z'
}
{
  message: '[Redis] Đang thử kết nối lại lần 1... (delay: 50ms)',
  level: 'warn',
  timestamp: '2026-08-03T10:18:09.579Z'
}
{
  code: 'ECONNREFUSED',
  level: 'error',
  message: '[Redis] Lỗi kết nối Redis:',
  stack: 'AggregateError [ECONNREFUSED]: \n' +
    '    at internalConnectMultiple (node:net:1134:18)\n' +
    '    at afterConnectMultiple (node:net:1715:7)',
  timestamp: '2026-08-03T10:18:09.642Z'
}
{
  message: '[Redis] Đang thử kết nối lại lần 2... (delay: 100ms)',
  level: 'warn',
  timestamp: '2026-08-03T10:18:09.643Z'
}
{
  code: 'ECONNREFUSED',
  level: 'error',
  message: '[Redis] Lỗi kết nối Redis:',
  stack: 'AggregateError [ECONNREFUSED]: \n' +
    '    at internalConnectMultiple (node:net:1134:18)\n' +
    '    at afterConnectMultiple (node:net:1715:7)',
  timestamp: '2026-08-03T10:18:09.747Z'
}
{
  message: '[Redis] Đang thử kết nối lại lần 3... (delay: 150ms)',
  level: 'warn',
  timestamp: '2026-08-03T10:18:09.748Z'
}
{
  code: 'ECONNREFUSED',
  level: 'error',
  message: '[Redis] Lỗi kết nối Redis:',
  stack: 'AggregateError [ECONNREFUSED]: \n' +
    '    at internalConnectMultiple (node:net:1134:18)\n' +
    '    at afterConnectMultiple (node:net:1715:7)',
  timestamp: '2026-08-03T10:18:09.906Z'
}
{
  message: '[Redis] Đang thử kết nối lại lần 4... (delay: 200ms)',
  level: 'warn',
  timestamp: '2026-08-03T10:18:09.907Z'
}
{
  code: 'ECONNREFUSED',
  level: 'error',
  message: '[Redis] Lỗi kết nối Redis:',
  stack: 'AggregateError [ECONNREFUSED]: \n' +
    '    at internalConnectMultiple (node:net:1134:18)\n' +
    '    at afterConnectMultiple (node:net:1715:7)',
  timestamp: '2026-08-03T10:18:10.125Z'
}
{
  message: '[Redis] Đang thử kết nối lại lần 5... (delay: 250ms)',
  level: 'warn',
  timestamp: '2026-08-03T10:18:10.125Z'
}
{
  code: 'ECONNREFUSED',
  level: 'error',
  message: '[Redis] Lỗi kết nối Redis:',
  stack: 'AggregateError [ECONNREFUSED]: \n' +
    '    at internalConnectMultiple (node:net:1134:18)\n' +
    '    at afterConnectMultiple (node:net:1715:7)',
  timestamp: '2026-08-03T10:18:10.393Z'
}
{
  message: '[Redis] Đang thử kết nối lại lần 6... (delay: 300ms)',
  level: 'warn',
  timestamp: '2026-08-03T10:18:10.394Z'
}
{
  code: 'ECONNREFUSED',
  level: 'error',
  message: '[Redis] Lỗi kết nối Redis:',
  stack: 'AggregateError [ECONNREFUSED]: \n' +
    '    at internalConnectMultiple (node:net:1134:18)\n' +
    '    at afterConnectMultiple (node:net:1715:7)',
  timestamp: '2026-08-03T10:18:10.700Z'
}
{
  message: '[Redis] Đang thử kết nối lại lần 7... (delay: 350ms)',
  level: 'warn',
  timestamp: '2026-08-03T10:18:10.701Z'
}
{
  code: 'ECONNREFUSED',
  level: 'error',
  message: '[Redis] Lỗi kết nối Redis:',
  stack: 'AggregateError [ECONNREFUSED]: \n' +
    '    at internalConnectMultiple (node:net:1134:18)\n' +
    '    at afterConnectMultiple (node:net:1715:7)',
  timestamp: '2026-08-03T10:18:11.060Z'
}
{
  message: '[Redis] Đang thử kết nối lại lần 8... (delay: 400ms)',
  level: 'warn',
  timestamp: '2026-08-03T10:18:11.061Z'
}
{
  code: 'ECONNREFUSED',
  level: 'error',
  message: '[Redis] Lỗi kết nối Redis:',
  stack: 'AggregateError [ECONNREFUSED]: \n' +
    '    at internalConnectMultiple (node:net:1134:18)\n' +
    '    at afterConnectMultiple (node:net:1715:7)',
  timestamp: '2026-08-03T10:18:11.477Z'
}
{
  message: '[Redis] Đang thử kết nối lại lần 9... (delay: 450ms)',
  level: 'warn',
  timestamp: '2026-08-03T10:18:11.478Z'
}
{
  code: 'ECONNREFUSED',
  level: 'error',
  message: '[Redis] Lỗi kết nối Redis:',
  stack: 'AggregateError [ECONNREFUSED]: \n' +
    '    at internalConnectMultiple (node:net:1134:18)\n' +
    '    at afterConnectMultiple (node:net:1715:7)',
  timestamp: '2026-08-03T10:18:11.930Z'
}
{
  message: '[Redis] Đang thử kết nối lại lần 10... (delay: 500ms)',
  level: 'warn',
  timestamp: '2026-08-03T10:18:11.931Z'
}
{
  code: 'ECONNREFUSED',
  level: 'error',
  message: '[Redis] Lỗi kết nối Redis:',
  stack: 'AggregateError [ECONNREFUSED]: \n' +
    '    at internalConnectMultiple (node:net:1134:18)\n' +
    '    at afterConnectMultiple (node:net:1715:7)',
  timestamp: '2026-08-03T10:18:12.447Z'
}
{
  message: '[Redis] Đang thử kết nối lại lần 11... (delay: 550ms)',
  level: 'warn',
  timestamp: '2026-08-03T10:18:12.449Z'
}
{
  code: 'ECONNREFUSED',
  level: 'error',
  message: '[Redis] Lỗi kết nối Redis:',
  stack: 'AggregateError [ECONNREFUSED]: \n' +
    '    at internalConnectMultiple (node:net:1134:18)\n' +
    '    at afterConnectMultiple (node:net:1715:7)',
  timestamp: '2026-08-03T10:18:13.010Z'
}
{
  message: '[Redis] Đang thử kết nối lại lần 12... (delay: 600ms)',
  level: 'warn',
  timestamp: '2026-08-03T10:18:13.010Z'
}
{
  code: 'ECONNREFUSED',
  level: 'error',
  message: '[Redis] Lỗi kết nối Redis:',
  stack: 'AggregateError [ECONNREFUSED]: \n' +
    '    at internalConnectMultiple (node:net:1134:18)\n' +
    '    at afterConnectMultiple (node:net:1715:7)',
  timestamp: '2026-08-03T10:18:13.622Z'
}
{
  message: '[Redis] Đang thử kết nối lại lần 13... (delay: 650ms)',
  level: 'warn',
  timestamp: '2026-08-03T10:18:13.622Z'
}
{
  code: 'ECONNREFUSED',
  level: 'error',
  message: '[Redis] Lỗi kết nối Redis:',
  stack: 'AggregateError [ECONNREFUSED]: \n' +
    '    at internalConnectMultiple (node:net:1134:18)\n' +
    '    at afterConnectMultiple (node:net:1715:7)',
  timestamp: '2026-08-03T10:18:14.287Z'
}
{
  message: '[Redis] Đang thử kết nối lại lần 14... (delay: 700ms)',
  level: 'warn',
  timestamp: '2026-08-03T10:18:14.287Z'
}
{
  code: 'ECONNREFUSED',
  level: 'error',
  message: '[Redis] Lỗi kết nối Redis:',
  stack: 'AggregateError [ECONNREFUSED]: \n' +
    '    at internalConnectMultiple (node:net:1134:18)\n' +
    '    at afterConnectMultiple (node:net:1715:7)',
  timestamp: '2026-08-03T10:18:15.003Z'
}
{
  message: '[Redis] Đang thử kết nối lại lần 15... (delay: 750ms)',
  level: 'warn',
  timestamp: '2026-08-03T10:18:15.004Z'
}
{
  code: 'ECONNREFUSED',
  level: 'error',
  message: '[Redis] Lỗi kết nối Redis:',
  stack: 'AggregateError [ECONNREFUSED]: \n' +
    '    at internalConnectMultiple (node:net:1134:18)\n' +
    '    at afterConnectMultiple (node:net:1715:7)',
  timestamp: '2026-08-03T10:18:15.764Z'
}
{
  message: '[Redis] Đang thử kết nối lại lần 16... (delay: 800ms)',
  level: 'warn',
  timestamp: '2026-08-03T10:18:15.764Z'
}
{
  code: 'ECONNREFUSED',
  level: 'error',
  message: '[Redis] Lỗi kết nối Redis:',
  stack: 'AggregateError [ECONNREFUSED]: \n' +
    '    at internalConnectMultiple (node:net:1134:18)\n' +
    '    at afterConnectMultiple (node:net:1715:7)',
  timestamp: '2026-08-03T10:18:16.582Z'
}
{
  message: '[Redis] Đang thử kết nối lại lần 17... (delay: 850ms)',
  level: 'warn',
  timestamp: '2026-08-03T10:18:16.584Z'
}
{
  code: 'ECONNREFUSED',
  level: 'error',
  message: '[Redis] Lỗi kết nối Redis:',
  stack: 'AggregateError [ECONNREFUSED]: \n' +
    '    at internalConnectMultiple (node:net:1134:18)\n' +
    '    at afterConnectMultiple (node:net:1715:7)',
  timestamp: '2026-08-03T10:18:17.455Z'
}
{
  message: '[Redis] Đang thử kết nối lại lần 18... (delay: 900ms)',
  level: 'warn',
  timestamp: '2026-08-03T10:18:17.457Z'
}
{
  code: 'ECONNREFUSED',
  level: 'error',
  message: '[Redis] Lỗi kết nối Redis:',
  stack: 'AggregateError [ECONNREFUSED]: \n' +
    '    at internalConnectMultiple (node:net:1134:18)\n' +
    '    at afterConnectMultiple (node:net:1715:7)',
  timestamp: '2026-08-03T10:18:18.363Z'
}
{
  message: '[Redis] Đang thử kết nối lại lần 19... (delay: 950ms)',
  level: 'warn',
  timestamp: '2026-08-03T10:18:18.364Z'
}
{
  code: 'ECONNREFUSED',
  level: 'error',
  message: '[Redis] Lỗi kết nối Redis:',
  stack: 'AggregateError [ECONNREFUSED]: \n' +
    '    at internalConnectMultiple (node:net:1134:18)\n' +
    '    at afterConnectMultiple (node:net:1715:7)',
  timestamp: '2026-08-03T10:18:19.330Z'
}
{
  message: '[Redis] Đang thử kết nối lại lần 20... (delay: 1000ms)',
  level: 'warn',
  timestamp: '2026-08-03T10:18:19.331Z'
}
{
  code: 'ECONNREFUSED',
  level: 'error',
  message: '[Redis] Lỗi kết nối Redis:',
  stack: 'AggregateError [ECONNREFUSED]: \n' +
    '    at internalConnectMultiple (node:net:1134:18)\n' +
    '    at afterConnectMultiple (node:net:1715:7)',
  timestamp: '2026-08-03T10:18:20.337Z'
}
{
  message: '[Redis] Đang thử kết nối lại lần 21... (delay: 1050ms)',
  level: 'warn',
  timestamp: '2026-08-03T10:18:20.338Z'
}
{
  code: 'ECONNREFUSED',
  level: 'error',
  message: '[Redis] Lỗi kết nối Redis:',
  stack: 'AggregateError [ECONNREFUSED]: \n' +
    '    at internalConnectMultiple (node:net:1134:18)\n' +
    '    at afterConnectMultiple (node:net:1715:7)',
  timestamp: '2026-08-03T10:18:21.395Z'
}
{
  message: '[Redis] Đang thử kết nối lại lần 22... (delay: 1100ms)',
  level: 'warn',
  timestamp: '2026-08-03T10:18:21.396Z'
}
{
  code: 'ECONNREFUSED',
  level: 'error',
  message: '[Redis] Lỗi kết nối Redis:',
  stack: 'AggregateError [ECONNREFUSED]: \n' +
    '    at internalConnectMultiple (node:net:1134:18)\n' +
    '    at afterConnectMultiple (node:net:1715:7)',
  timestamp: '2026-08-03T10:18:22.508Z'
}
{
  message: '[Redis] Đang thử kết nối lại lần 23... (delay: 1150ms)',
  level: 'warn',
  timestamp: '2026-08-03T10:18:22.509Z'
}
{
  code: 'ECONNREFUSED',
  level: 'error',
  message: '[Redis] Lỗi kết nối Redis:',
  stack: 'AggregateError [ECONNREFUSED]: \n' +
    '    at internalConnectMultiple (node:net:1134:18)\n' +
    '    at afterConnectMultiple (node:net:1715:7)',
  timestamp: '2026-08-03T10:18:23.671Z'
}
{
  message: '[Redis] Đang thử kết nối lại lần 24... (delay: 1200ms)',
  level: 'warn',
  timestamp: '2026-08-03T10:18:23.671Z'
}
{
  code: 'ECONNREFUSED',
  level: 'error',
  message: '[Redis] Lỗi kết nối Redis:',
  stack: 'AggregateError [ECONNREFUSED]: \n' +
    '    at internalConnectMultiple (node:net:1134:18)\n' +
    '    at afterConnectMultiple (node:net:1715:7)',
  timestamp: '2026-08-03T10:18:24.889Z'
}
{
  message: '[Redis] Đang thử kết nối lại lần 25... (delay: 1250ms)',
  level: 'warn',
  timestamp: '2026-08-03T10:18:24.889Z'
}
{
  code: 'ECONNREFUSED',
  level: 'error',
  message: '[Redis] Lỗi kết nối Redis:',
  stack: 'AggregateError [ECONNREFUSED]: \n' +
    '    at internalConnectMultiple (node:net:1134:18)\n' +
    '    at afterConnectMultiple (node:net:1715:7)',
  timestamp: '2026-08-03T10:18:26.158Z'
}
{
  message: '[Redis] Đang thử kết nối lại lần 26... (delay: 1300ms)',
  level: 'warn',
  timestamp: '2026-08-03T10:18:26.160Z'
}
{
  message: '[SchedulerService] Khởi tạo các cron job...',
  level: 'info',
  timestamp: '2026-08-03T10:18:28.422Z'
}
{
  message: 'Booking API Service đang chạy tại port 3000 (Môi trường: development)',
  level: 'info',
  timestamp: '2026-08-03T10:18:28.456Z'
}
{
  code: 'ECONNREFUSED',
  level: 'error',
  message: '[Redis] Lỗi kết nối Redis:',
  stack: 'AggregateError [ECONNREFUSED]: \n' +
    '    at internalConnectMultiple (node:net:1134:18)\n' +
    '    at afterConnectMultiple (node:net:1715:7)',
  timestamp: '2026-08-03T10:18:28.470Z'
}
{
  message: '[Redis] Đang thử kết nối lại lần 1... (delay: 50ms)',
  level: 'warn',
  timestamp: '2026-08-03T10:18:28.471Z'
}
{
  code: 'ECONNREFUSED',
  level: 'error',
  message: '[Redis] Lỗi kết nối Redis:',
  stack: 'AggregateError [ECONNREFUSED]: \n' +
    '    at internalConnectMultiple (node:net:1134:18)\n' +
    '    at afterConnectMultiple (node:net:1715:7)',
  timestamp: '2026-08-03T10:18:28.524Z'
}
{
  message: '[Redis] Đang thử kết nối lại lần 2... (delay: 100ms)',
  level: 'warn',
  timestamp: '2026-08-03T10:18:28.525Z'
}
{
  code: 'ECONNREFUSED',
  level: 'error',
  message: '[Redis] Lỗi kết nối Redis:',
  stack: 'AggregateError [ECONNREFUSED]: \n' +
    '    at internalConnectMultiple (node:net:1134:18)\n' +
    '    at afterConnectMultiple (node:net:1715:7)',
  timestamp: '2026-08-03T10:18:28.630Z'
}
{
  message: '[Redis] Đang thử kết nối lại lần 3... (delay: 150ms)',
  level: 'warn',
  timestamp: '2026-08-03T10:18:28.631Z'
}
{
  code: 'ECONNREFUSED',
  level: 'error',
  message: '[Redis] Lỗi kết nối Redis:',
  stack: 'AggregateError [ECONNREFUSED]: \n' +
    '    at internalConnectMultiple (node:net:1134:18)\n' +
    '    at afterConnectMultiple (node:net:1715:7)',
  timestamp: '2026-08-03T10:18:28.787Z'
}
{
  message: '[Redis] Đang thử kết nối lại lần 4... (delay: 200ms)',
  level: 'warn',
  timestamp: '2026-08-03T10:18:28.787Z'
}
{
  code: 'ECONNREFUSED',
  level: 'error',
  message: '[Redis] Lỗi kết nối Redis:',
  stack: 'AggregateError [ECONNREFUSED]: \n' +
    '    at internalConnectMultiple (node:net:1134:18)\n' +
    '    at afterConnectMultiple (node:net:1715:7)',
  timestamp: '2026-08-03T10:18:28.989Z'
}
{
  message: '[Redis] Đang thử kết nối lại lần 5... (delay: 250ms)',
  level: 'warn',
  timestamp: '2026-08-03T10:18:28.990Z'
}
{
  code: 'ECONNREFUSED',
  level: 'error',
  message: '[Redis] Lỗi kết nối Redis:',
  stack: 'AggregateError [ECONNREFUSED]: \n' +
    '    at internalConnectMultiple (node:net:1134:18)\n' +
    '    at afterConnectMultiple (node:net:1715:7)',
  timestamp: '2026-08-03T10:18:29.254Z'
}
{
  message: '[Redis] Đang thử kết nối lại lần 6... (delay: 300ms)',
  level: 'warn',
  timestamp: '2026-08-03T10:18:29.255Z'
}
{
  code: 'ECONNREFUSED',
  level: 'error',
  message: '[Redis] Lỗi kết nối Redis:',
  stack: 'AggregateError [ECONNREFUSED]: \n' +
    '    at internalConnectMultiple (node:net:1134:18)\n' +
    '    at afterConnectMultiple (node:net:1715:7)',
  timestamp: '2026-08-03T10:18:29.566Z'
}
{
  message: '[Redis] Đang thử kết nối lại lần 7... (delay: 350ms)',
  level: 'warn',
  timestamp: '2026-08-03T10:18:29.567Z'
}
{
  code: 'ECONNREFUSED',
  level: 'error',
  message: '[Redis] Lỗi kết nối Redis:',
  stack: 'AggregateError [ECONNREFUSED]: \n' +
    '    at internalConnectMultiple (node:net:1134:18)\n' +
    '    at afterConnectMultiple (node:net:1715:7)',
  timestamp: '2026-08-03T10:18:29.930Z'
}
{
  message: '[Redis] Đang thử kết nối lại lần 8... (delay: 400ms)',
  level: 'warn',
  timestamp: '2026-08-03T10:18:29.930Z'
}
{
  code: 'ECONNREFUSED',
  level: 'error',
  message: '[Redis] Lỗi kết nối Redis:',
  stack: 'AggregateError [ECONNREFUSED]: \n' +
    '    at internalConnectMultiple (node:net:1134:18)\n' +
    '    at afterConnectMultiple (node:net:1715:7)',
  timestamp: '2026-08-03T10:18:30.337Z'
}
{
  message: '[Redis] Đang thử kết nối lại lần 9... (delay: 450ms)',
  level: 'warn',
  timestamp: '2026-08-03T10:18:30.337Z'
}
{
  code: 'ECONNREFUSED',
  level: 'error',
  message: '[Redis] Lỗi kết nối Redis:',
  stack: 'AggregateError [ECONNREFUSED]: \n' +
    '    at internalConnectMultiple (node:net:1134:18)\n' +
    '    at afterConnectMultiple (node:net:1715:7)',
  timestamp: '2026-08-03T10:18:30.803Z'
}
{
  message: '[Redis] Đang thử kết nối lại lần 10... (delay: 500ms)',
  level: 'warn',
  timestamp: '2026-08-03T10:18:30.803Z'
}
{
  code: 'ECONNREFUSED',
  level: 'error',
  message: '[Redis] Lỗi kết nối Redis:',
  stack: 'AggregateError [ECONNREFUSED]: \n' +
    '    at internalConnectMultiple (node:net:1134:18)\n' +
    '    at afterConnectMultiple (node:net:1715:7)',
  timestamp: '2026-08-03T10:18:31.313Z'
}
{
  message: '[Redis] Đang thử kết nối lại lần 11... (delay: 550ms)',
  level: 'warn',
  timestamp: '2026-08-03T10:18:31.314Z'
}
{
  code: 'ECONNREFUSED',
  level: 'error',
  message: '[Redis] Lỗi kết nối Redis:',
  stack: 'AggregateError [ECONNREFUSED]: \n' +
    '    at internalConnectMultiple (node:net:1134:18)\n' +
    '    at afterConnectMultiple (node:net:1715:7)',
  timestamp: '2026-08-03T10:18:31.877Z'
}
{
  message: '[Redis] Đang thử kết nối lại lần 12... (delay: 600ms)',
  level: 'warn',
  timestamp: '2026-08-03T10:18:31.877Z'
}
{
  code: 'ECONNREFUSED',
  level: 'error',
  message: '[Redis] Lỗi kết nối Redis:',
  stack: 'AggregateError [ECONNREFUSED]: \n' +
    '    at internalConnectMultiple (node:net:1134:18)\n' +
    '    at afterConnectMultiple (node:net:1715:7)',
  timestamp: '2026-08-03T10:18:32.481Z'
}
{
  message: '[Redis] Đang thử kết nối lại lần 13... (delay: 650ms)',
  level: 'warn',
  timestamp: '2026-08-03T10:18:32.481Z'
}
{
  code: 'ECONNREFUSED',
  level: 'error',
  message: '[Redis] Lỗi kết nối Redis:',
  stack: 'AggregateError [ECONNREFUSED]: \n' +
    '    at internalConnectMultiple (node:net:1134:18)\n' +
    '    at afterConnectMultiple (node:net:1715:7)',
  timestamp: '2026-08-03T10:18:33.133Z'
}
{
  message: '[Redis] Đang thử kết nối lại lần 14... (delay: 700ms)',
  level: 'warn',
  timestamp: '2026-08-03T10:18:33.133Z'
}
{
  code: 'ECONNREFUSED',
  level: 'error',
  message: '[Redis] Lỗi kết nối Redis:',
  stack: 'AggregateError [ECONNREFUSED]: \n' +
    '    at internalConnectMultiple (node:net:1134:18)\n' +
    '    at afterConnectMultiple (node:net:1715:7)',
  timestamp: '2026-08-03T10:18:33.850Z'
}
{
  message: '[Redis] Đang thử kết nối lại lần 15... (delay: 750ms)',
  level: 'warn',
  timestamp: '2026-08-03T10:18:33.850Z'
}
{
  code: 'ECONNREFUSED',
  level: 'error',
  message: '[Redis] Lỗi kết nối Redis:',
  stack: 'AggregateError [ECONNREFUSED]: \n' +
    '    at internalConnectMultiple (node:net:1134:18)\n' +
    '    at afterConnectMultiple (node:net:1715:7)',
  timestamp: '2026-08-03T10:18:34.612Z'
}
{
  message: '[Redis] Đang thử kết nối lại lần 16... (delay: 800ms)',
  level: 'warn',
  timestamp: '2026-08-03T10:18:34.612Z'
}
{
  code: 'ECONNREFUSED',
  level: 'error',
  message: '[Redis] Lỗi kết nối Redis:',
  stack: 'AggregateError [ECONNREFUSED]: \n' +
    '    at internalConnectMultiple (node:net:1134:18)\n' +
    '    at afterConnectMultiple (node:net:1715:7)',
  timestamp: '2026-08-03T10:18:35.424Z'
}
{
  message: '[Redis] Đang thử kết nối lại lần 17... (delay: 850ms)',
  level: 'warn',
  timestamp: '2026-08-03T10:18:35.424Z'
}
{
  code: 'ECONNREFUSED',
  level: 'error',
  message: '[Redis] Lỗi kết nối Redis:',
  stack: 'AggregateError [ECONNREFUSED]: \n' +
    '    at internalConnectMultiple (node:net:1134:18)\n' +
    '    at afterConnectMultiple (node:net:1715:7)',
  timestamp: '2026-08-03T10:18:36.283Z'
}
{
  message: '[Redis] Đang thử kết nối lại lần 18... (delay: 900ms)',
  level: 'warn',
  timestamp: '2026-08-03T10:18:36.284Z'
}
{
  code: 'ECONNREFUSED',
  level: 'error',
  message: '[Redis] Lỗi kết nối Redis:',
  stack: 'AggregateError [ECONNREFUSED]: \n' +
    '    at internalConnectMultiple (node:net:1134:18)\n' +
    '    at afterConnectMultiple (node:net:1715:7)',
  timestamp: '2026-08-03T10:18:37.198Z'
}
{
  message: '[Redis] Đang thử kết nối lại lần 19... (delay: 950ms)',
  level: 'warn',
  timestamp: '2026-08-03T10:18:37.199Z'
}
{
  code: 'ECONNREFUSED',
  level: 'error',
  message: '[Redis] Lỗi kết nối Redis:',
  stack: 'AggregateError [ECONNREFUSED]: \n' +
    '    at internalConnectMultiple (node:net:1134:18)\n' +
    '    at afterConnectMultiple (node:net:1715:7)',
  timestamp: '2026-08-03T10:18:38.165Z'
}
{
  message: '[Redis] Đang thử kết nối lại lần 20... (delay: 1000ms)',
  level: 'warn',
  timestamp: '2026-08-03T10:18:38.165Z'
}
{
  code: 'ECONNREFUSED',
  level: 'error',
  message: '[Redis] Lỗi kết nối Redis:',
  stack: 'AggregateError [ECONNREFUSED]: \n' +
    '    at internalConnectMultiple (node:net:1134:18)\n' +
    '    at afterConnectMultiple (node:net:1715:7)',
  timestamp: '2026-08-03T10:18:39.174Z'
}
{
  message: '[Redis] Đang thử kết nối lại lần 21... (delay: 1050ms)',
  level: 'warn',
  timestamp: '2026-08-03T10:18:39.175Z'
}
{
  code: 'ECONNREFUSED',
  level: 'error',
  message: '[Redis] Lỗi kết nối Redis:',
  stack: 'AggregateError [ECONNREFUSED]: \n' +
    '    at internalConnectMultiple (node:net:1134:18)\n' +
    '    at afterConnectMultiple (node:net:1715:7)',
  timestamp: '2026-08-03T10:18:40.236Z'
}
{
  message: '[Redis] Đang thử kết nối lại lần 22... (delay: 1100ms)',
  level: 'warn',
  timestamp: '2026-08-03T10:18:40.236Z'
}
{
  code: 'ECONNREFUSED',
  level: 'error',
  message: '[Redis] Lỗi kết nối Redis:',
  stack: 'AggregateError [ECONNREFUSED]: \n' +
    '    at internalConnectMultiple (node:net:1134:18)\n' +
    '    at afterConnectMultiple (node:net:1715:7)',
  timestamp: '2026-08-03T10:18:41.345Z'
}
{
  message: '[Redis] Đang thử kết nối lại lần 23... (delay: 1150ms)',
  level: 'warn',
  timestamp: '2026-08-03T10:18:41.345Z'
}
{
  code: 'ECONNREFUSED',
  level: 'error',
  message: '[Redis] Lỗi kết nối Redis:',
  stack: 'AggregateError [ECONNREFUSED]: \n' +
    '    at internalConnectMultiple (node:net:1134:18)\n' +
    '    at afterConnectMultiple (node:net:1715:7)',
  timestamp: '2026-08-03T10:18:42.503Z'
}
{
  message: '[Redis] Đang thử kết nối lại lần 24... (delay: 1200ms)',
  level: 'warn',
  timestamp: '2026-08-03T10:18:42.504Z'
}
{
  code: 'ECONNREFUSED',
  level: 'error',
  message: '[Redis] Lỗi kết nối Redis:',
  stack: 'AggregateError [ECONNREFUSED]: \n' +
    '    at internalConnectMultiple (node:net:1134:18)\n' +
    '    at afterConnectMultiple (node:net:1715:7)',
  timestamp: '2026-08-03T10:18:43.715Z'
}
{
  message: '[Redis] Đang thử kết nối lại lần 25... (delay: 1250ms)',
  level: 'warn',
  timestamp: '2026-08-03T10:18:43.715Z'
}
{
  code: 'ECONNREFUSED',
  level: 'error',
  message: '[Redis] Lỗi kết nối Redis:',
  stack: 'AggregateError [ECONNREFUSED]: \n' +
    '    at internalConnectMultiple (node:net:1134:18)\n' +
    '    at afterConnectMultiple (node:net:1715:7)',
  timestamp: '2026-08-03T10:18:44.972Z'
}
{
  message: '[Redis] Đang thử kết nối lại lần 26... (delay: 1300ms)',
  level: 'warn',
  timestamp: '2026-08-03T10:18:44.973Z'
}
{
  message: '[SchedulerService] Khởi tạo các cron job...',
  level: 'info',
  timestamp: '2026-08-03T10:18:47.270Z'
}
{
  message: 'Booking API Service đang chạy tại port 3000 (Môi trường: development)',
  level: 'info',
  timestamp: '2026-08-03T10:18:47.304Z'
}
{
  code: 'ECONNREFUSED',
  level: 'error',
  message: '[Redis] Lỗi kết nối Redis:',
  stack: 'AggregateError [ECONNREFUSED]: \n' +
    '    at internalConnectMultiple (node:net:1134:18)\n' +
    '    at afterConnectMultiple (node:net:1715:7)',
  timestamp: '2026-08-03T10:18:47.319Z'
}
{
  message: '[Redis] Đang thử kết nối lại lần 1... (delay: 50ms)',
  level: 'warn',
  timestamp: '2026-08-03T10:18:47.320Z'
}
{
  code: 'ECONNREFUSED',
  level: 'error',
  message: '[Redis] Lỗi kết nối Redis:',
  stack: 'AggregateError [ECONNREFUSED]: \n' +
    '    at internalConnectMultiple (node:net:1134:18)\n' +
    '    at afterConnectMultiple (node:net:1715:7)',
  timestamp: '2026-08-03T10:18:47.375Z'
}
{
  message: '[Redis] Đang thử kết nối lại lần 2... (delay: 100ms)',
  level: 'warn',
  timestamp: '2026-08-03T10:18:47.377Z'
}
{
  code: 'ECONNREFUSED',
  level: 'error',
  message: '[Redis] Lỗi kết nối Redis:',
  stack: 'AggregateError [ECONNREFUSED]: \n' +
    '    at internalConnectMultiple (node:net:1134:18)\n' +
    '    at afterConnectMultiple (node:net:1715:7)',
  timestamp: '2026-08-03T10:18:47.482Z'
}
{
  message: '[Redis] Đang thử kết nối lại lần 3... (delay: 150ms)',
  level: 'warn',
  timestamp: '2026-08-03T10:18:47.483Z'
}
{
  code: 'ECONNREFUSED',
  level: 'error',
  message: '[Redis] Lỗi kết nối Redis:',
  stack: 'AggregateError [ECONNREFUSED]: \n' +
    '    at internalConnectMultiple (node:net:1134:18)\n' +
    '    at afterConnectMultiple (node:net:1715:7)',
  timestamp: '2026-08-03T10:18:47.636Z'
}
{
  message: '[Redis] Đang thử kết nối lại lần 4... (delay: 200ms)',
  level: 'warn',
  timestamp: '2026-08-03T10:18:47.637Z'
}
{
  code: 'ECONNREFUSED',
  level: 'error',
  message: '[Redis] Lỗi kết nối Redis:',
  stack: 'AggregateError [ECONNREFUSED]: \n' +
    '    at internalConnectMultiple (node:net:1134:18)\n' +
    '    at afterConnectMultiple (node:net:1715:7)',
  timestamp: '2026-08-03T10:18:47.853Z'
}
{
  message: '[Redis] Đang thử kết nối lại lần 5... (delay: 250ms)',
  level: 'warn',
  timestamp: '2026-08-03T10:18:47.853Z'
}
{
  code: 'ECONNREFUSED',
  level: 'error',
  message: '[Redis] Lỗi kết nối Redis:',
  stack: 'AggregateError [ECONNREFUSED]: \n' +
    '    at internalConnectMultiple (node:net:1134:18)\n' +
    '    at afterConnectMultiple (node:net:1715:7)',
  timestamp: '2026-08-03T10:18:48.120Z'
}
{
  message: '[Redis] Đang thử kết nối lại lần 6... (delay: 300ms)',
  level: 'warn',
  timestamp: '2026-08-03T10:18:48.121Z'
}
{
  code: 'ECONNREFUSED',
  level: 'error',
  message: '[Redis] Lỗi kết nối Redis:',
  stack: 'AggregateError [ECONNREFUSED]: \n' +
    '    at internalConnectMultiple (node:net:1134:18)\n' +
    '    at afterConnectMultiple (node:net:1715:7)',
  timestamp: '2026-08-03T10:18:48.428Z'
}
{
  message: '[Redis] Đang thử kết nối lại lần 7... (delay: 350ms)',
  level: 'warn',
  timestamp: '2026-08-03T10:18:48.429Z'
}
{
  code: 'ECONNREFUSED',
  level: 'error',
  message: '[Redis] Lỗi kết nối Redis:',
  stack: 'AggregateError [ECONNREFUSED]: \n' +
    '    at internalConnectMultiple (node:net:1134:18)\n' +
    '    at afterConnectMultiple (node:net:1715:7)',
  timestamp: '2026-08-03T10:18:48.784Z'
}
{
  message: '[Redis] Đang thử kết nối lại lần 8... (delay: 400ms)',
  level: 'warn',
  timestamp: '2026-08-03T10:18:48.784Z'
}
{
  code: 'ECONNREFUSED',
  level: 'error',
  message: '[Redis] Lỗi kết nối Redis:',
  stack: 'AggregateError [ECONNREFUSED]: \n' +
    '    at internalConnectMultiple (node:net:1134:18)\n' +
    '    at afterConnectMultiple (node:net:1715:7)',
  timestamp: '2026-08-03T10:18:49.191Z'
}
{
  message: '[Redis] Đang thử kết nối lại lần 9... (delay: 450ms)',
  level: 'warn',
  timestamp: '2026-08-03T10:18:49.191Z'
}
{
  code: 'ECONNREFUSED',
  level: 'error',
  message: '[Redis] Lỗi kết nối Redis:',
  stack: 'AggregateError [ECONNREFUSED]: \n' +
    '    at internalConnectMultiple (node:net:1134:18)\n' +
    '    at afterConnectMultiple (node:net:1715:7)',
  timestamp: '2026-08-03T10:18:49.656Z'
}
{
  message: '[Redis] Đang thử kết nối lại lần 10... (delay: 500ms)',
  level: 'warn',
  timestamp: '2026-08-03T10:18:49.657Z'
}
{
  code: 'ECONNREFUSED',
  level: 'error',
  message: '[Redis] Lỗi kết nối Redis:',
  stack: 'AggregateError [ECONNREFUSED]: \n' +
    '    at internalConnectMultiple (node:net:1134:18)\n' +
    '    at afterConnectMultiple (node:net:1715:7)',
  timestamp: '2026-08-03T10:18:50.175Z'
}
{
  message: '[Redis] Đang thử kết nối lại lần 11... (delay: 550ms)',
  level: 'warn',
  timestamp: '2026-08-03T10:18:50.176Z'
}
{
  code: 'ECONNREFUSED',
  level: 'error',
  message: '[Redis] Lỗi kết nối Redis:',
  stack: 'AggregateError [ECONNREFUSED]: \n' +
    '    at internalConnectMultiple (node:net:1134:18)\n' +
    '    at afterConnectMultiple (node:net:1715:7)',
  timestamp: '2026-08-03T10:18:50.735Z'
}
{
  message: '[Redis] Đang thử kết nối lại lần 12... (delay: 600ms)',
  level: 'warn',
  timestamp: '2026-08-03T10:18:50.736Z'
}
{
  code: 'ECONNREFUSED',
  level: 'error',
  message: '[Redis] Lỗi kết nối Redis:',
  stack: 'AggregateError [ECONNREFUSED]: \n' +
    '    at internalConnectMultiple (node:net:1134:18)\n' +
    '    at afterConnectMultiple (node:net:1715:7)',
  timestamp: '2026-08-03T10:18:51.341Z'
}
{
  message: '[Redis] Đang thử kết nối lại lần 13... (delay: 650ms)',
  level: 'warn',
  timestamp: '2026-08-03T10:18:51.342Z'
}
{
  code: 'ECONNREFUSED',
  level: 'error',
  message: '[Redis] Lỗi kết nối Redis:',
  stack: 'AggregateError [ECONNREFUSED]: \n' +
    '    at internalConnectMultiple (node:net:1134:18)\n' +
    '    at afterConnectMultiple (node:net:1715:7)',
  timestamp: '2026-08-03T10:18:51.997Z'
}
{
  message: '[Redis] Đang thử kết nối lại lần 14... (delay: 700ms)',
  level: 'warn',
  timestamp: '2026-08-03T10:18:51.997Z'
}
{
  code: 'ECONNREFUSED',
  level: 'error',
  message: '[Redis] Lỗi kết nối Redis:',
  stack: 'AggregateError [ECONNREFUSED]: \n' +
    '    at internalConnectMultiple (node:net:1134:18)\n' +
    '    at afterConnectMultiple (node:net:1715:7)',
  timestamp: '2026-08-03T10:18:52.703Z'
}
{
  message: '[Redis] Đang thử kết nối lại lần 15... (delay: 750ms)',
  level: 'warn',
  timestamp: '2026-08-03T10:18:52.704Z'
}
{
  code: 'ECONNREFUSED',
  level: 'error',
  message: '[Redis] Lỗi kết nối Redis:',
  stack: 'AggregateError [ECONNREFUSED]: \n' +
    '    at internalConnectMultiple (node:net:1134:18)\n' +
    '    at afterConnectMultiple (node:net:1715:7)',
  timestamp: '2026-08-03T10:18:53.460Z'
}
{
  message: '[Redis] Đang thử kết nối lại lần 16... (delay: 800ms)',
  level: 'warn',
  timestamp: '2026-08-03T10:18:53.460Z'
}
{
  code: 'ECONNREFUSED',
  level: 'error',
  message: '[Redis] Lỗi kết nối Redis:',
  stack: 'AggregateError [ECONNREFUSED]: \n' +
    '    at internalConnectMultiple (node:net:1134:18)\n' +
    '    at afterConnectMultiple (node:net:1715:7)',
  timestamp: '2026-08-03T10:18:54.273Z'
}
{
  message: '[Redis] Đang thử kết nối lại lần 17... (delay: 850ms)',
  level: 'warn',
  timestamp: '2026-08-03T10:18:54.273Z'
}
{
  code: 'ECONNREFUSED',
  level: 'error',
  message: '[Redis] Lỗi kết nối Redis:',
  stack: 'AggregateError [ECONNREFUSED]: \n' +
    '    at internalConnectMultiple (node:net:1134:18)\n' +
    '    at afterConnectMultiple (node:net:1715:7)',
  timestamp: '2026-08-03T10:18:55.139Z'
}
{
  message: '[Redis] Đang thử kết nối lại lần 18... (delay: 900ms)',
  level: 'warn',
  timestamp: '2026-08-03T10:18:55.140Z'
}
{
  code: 'ECONNREFUSED',
  level: 'error',
  message: '[Redis] Lỗi kết nối Redis:',
  stack: 'AggregateError [ECONNREFUSED]: \n' +
    '    at internalConnectMultiple (node:net:1134:18)\n' +
    '    at afterConnectMultiple (node:net:1715:7)',
  timestamp: '2026-08-03T10:18:56.053Z'
}
{
  message: '[Redis] Đang thử kết nối lại lần 19... (delay: 950ms)',
  level: 'warn',
  timestamp: '2026-08-03T10:18:56.055Z'
}
{
  code: 'ECONNREFUSED',
  level: 'error',
  message: '[Redis] Lỗi kết nối Redis:',
  stack: 'AggregateError [ECONNREFUSED]: \n' +
    '    at internalConnectMultiple (node:net:1134:18)\n' +
    '    at afterConnectMultiple (node:net:1715:7)',
  timestamp: '2026-08-03T10:18:57.017Z'
}
{
  message: '[Redis] Đang thử kết nối lại lần 20... (delay: 1000ms)',
  level: 'warn',
  timestamp: '2026-08-03T10:18:57.017Z'
}
{
  code: 'ECONNREFUSED',
  level: 'error',
  message: '[Redis] Lỗi kết nối Redis:',
  stack: 'AggregateError [ECONNREFUSED]: \n' +
    '    at internalConnectMultiple (node:net:1134:18)\n' +
    '    at afterConnectMultiple (node:net:1715:7)',
  timestamp: '2026-08-03T10:18:58.031Z'
}
{
  message: '[Redis] Đang thử kết nối lại lần 21... (delay: 1050ms)',
  level: 'warn',
  timestamp: '2026-08-03T10:18:58.032Z'
}
{
  code: 'ECONNREFUSED',
  level: 'error',
  message: '[Redis] Lỗi kết nối Redis:',
  stack: 'AggregateError [ECONNREFUSED]: \n' +
    '    at internalConnectMultiple (node:net:1134:18)\n' +
    '    at afterConnectMultiple (node:net:1715:7)',
  timestamp: '2026-08-03T10:18:59.089Z'
}
{
  message: '[Redis] Đang thử kết nối lại lần 22... (delay: 1100ms)',
  level: 'warn',
  timestamp: '2026-08-03T10:18:59.089Z'
}
{
  message: '[SchedulerService] Khởi tạo các cron job...',
  level: 'info',
  timestamp: '2026-08-03T10:19:01.744Z'
}
{
  message: 'Booking API Service đang chạy tại port 3000 (Môi trường: development)',
  level: 'info',
  timestamp: '2026-08-03T10:19:01.778Z'
}
{
  code: 'ECONNREFUSED',
  level: 'error',
  message: '[Redis] Lỗi kết nối Redis:',
  stack: 'AggregateError [ECONNREFUSED]: \n' +
    '    at internalConnectMultiple (node:net:1134:18)\n' +
    '    at afterConnectMultiple (node:net:1715:7)',
  timestamp: '2026-08-03T10:19:01.795Z'
}
{
  message: '[Redis] Đang thử kết nối lại lần 1... (delay: 50ms)',
  level: 'warn',
  timestamp: '2026-08-03T10:19:01.796Z'
}
{
  code: 'ECONNREFUSED',
  level: 'error',
  message: '[Redis] Lỗi kết nối Redis:',
  stack: 'AggregateError [ECONNREFUSED]: \n' +
    '    at internalConnectMultiple (node:net:1134:18)\n' +
    '    at afterConnectMultiple (node:net:1715:7)',
  timestamp: '2026-08-03T10:19:01.862Z'
}
{
  message: '[Redis] Đang thử kết nối lại lần 2... (delay: 100ms)',
  level: 'warn',
  timestamp: '2026-08-03T10:19:01.863Z'
}
{
  code: 'ECONNREFUSED',
  level: 'error',
  message: '[Redis] Lỗi kết nối Redis:',
  stack: 'AggregateError [ECONNREFUSED]: \n' +
    '    at internalConnectMultiple (node:net:1134:18)\n' +
    '    at afterConnectMultiple (node:net:1715:7)',
  timestamp: '2026-08-03T10:19:01.973Z'
}
{
  message: '[Redis] Đang thử kết nối lại lần 3... (delay: 150ms)',
  level: 'warn',
  timestamp: '2026-08-03T10:19:01.974Z'
}
{
  code: 'ECONNREFUSED',
  level: 'error',
  message: '[Redis] Lỗi kết nối Redis:',
  stack: 'AggregateError [ECONNREFUSED]: \n' +
    '    at internalConnectMultiple (node:net:1134:18)\n' +
    '    at afterConnectMultiple (node:net:1715:7)',
  timestamp: '2026-08-03T10:19:02.128Z'
}
{
  message: '[Redis] Đang thử kết nối lại lần 4... (delay: 200ms)',
  level: 'warn',
  timestamp: '2026-08-03T10:19:02.128Z'
}
{
  code: 'ECONNREFUSED',
  level: 'error',
  message: '[Redis] Lỗi kết nối Redis:',
  stack: 'AggregateError [ECONNREFUSED]: \n' +
    '    at internalConnectMultiple (node:net:1134:18)\n' +
    '    at afterConnectMultiple (node:net:1715:7)',
  timestamp: '2026-08-03T10:19:02.331Z'
}
{
  message: '[Redis] Đang thử kết nối lại lần 5... (delay: 250ms)',
  level: 'warn',
  timestamp: '2026-08-03T10:19:02.331Z'
}
{
  code: 'ECONNREFUSED',
  level: 'error',
  message: '[Redis] Lỗi kết nối Redis:',
  stack: 'AggregateError [ECONNREFUSED]: \n' +
    '    at internalConnectMultiple (node:net:1134:18)\n' +
    '    at afterConnectMultiple (node:net:1715:7)',
  timestamp: '2026-08-03T10:19:02.597Z'
}
{
  message: '[Redis] Đang thử kết nối lại lần 6... (delay: 300ms)',
  level: 'warn',
  timestamp: '2026-08-03T10:19:02.597Z'
}
{
  code: 'ECONNREFUSED',
  level: 'error',
  message: '[Redis] Lỗi kết nối Redis:',
  stack: 'AggregateError [ECONNREFUSED]: \n' +
    '    at internalConnectMultiple (node:net:1134:18)\n' +
    '    at afterConnectMultiple (node:net:1715:7)',
  timestamp: '2026-08-03T10:19:02.909Z'
}
{
  message: '[Redis] Đang thử kết nối lại lần 7... (delay: 350ms)',
  level: 'warn',
  timestamp: '2026-08-03T10:19:02.910Z'
}
{
  code: 'ECONNREFUSED',
  level: 'error',
  message: '[Redis] Lỗi kết nối Redis:',
  stack: 'AggregateError [ECONNREFUSED]: \n' +
    '    at internalConnectMultiple (node:net:1134:18)\n' +
    '    at afterConnectMultiple (node:net:1715:7)',
  timestamp: '2026-08-03T10:19:03.267Z'
}
{
  message: '[Redis] Đang thử kết nối lại lần 8... (delay: 400ms)',
  level: 'warn',
  timestamp: '2026-08-03T10:19:03.267Z'
}
{
  code: 'ECONNREFUSED',
  level: 'error',
  message: '[Redis] Lỗi kết nối Redis:',
  stack: 'AggregateError [ECONNREFUSED]: \n' +
    '    at internalConnectMultiple (node:net:1134:18)\n' +
    '    at afterConnectMultiple (node:net:1715:7)',
  timestamp: '2026-08-03T10:19:03.672Z'
}
{
  message: '[Redis] Đang thử kết nối lại lần 9... (delay: 450ms)',
  level: 'warn',
  timestamp: '2026-08-03T10:19:03.672Z'
}
{
  code: 'ECONNREFUSED',
  level: 'error',
  message: '[Redis] Lỗi kết nối Redis:',
  stack: 'AggregateError [ECONNREFUSED]: \n' +
    '    at internalConnectMultiple (node:net:1134:18)\n' +
    '    at afterConnectMultiple (node:net:1715:7)',
  timestamp: '2026-08-03T10:19:04.138Z'
}
{
  message: '[Redis] Đang thử kết nối lại lần 10... (delay: 500ms)',
  level: 'warn',
  timestamp: '2026-08-03T10:19:04.139Z'
}
{
  code: 'ECONNREFUSED',
  level: 'error',
  message: '[Redis] Lỗi kết nối Redis:',
  stack: 'AggregateError [ECONNREFUSED]: \n' +
    '    at internalConnectMultiple (node:net:1134:18)\n' +
    '    at afterConnectMultiple (node:net:1715:7)',
  timestamp: '2026-08-03T10:19:04.655Z'
}
{
  message: '[Redis] Đang thử kết nối lại lần 11... (delay: 550ms)',
  level: 'warn',
  timestamp: '2026-08-03T10:19:04.655Z'
}
{
  code: 'ECONNREFUSED',
  level: 'error',
  message: '[Redis] Lỗi kết nối Redis:',
  stack: 'AggregateError [ECONNREFUSED]: \n' +
    '    at internalConnectMultiple (node:net:1134:18)\n' +
    '    at afterConnectMultiple (node:net:1715:7)',
  timestamp: '2026-08-03T10:19:05.216Z'
}
{
  message: '[Redis] Đang thử kết nối lại lần 12... (delay: 600ms)',
  level: 'warn',
  timestamp: '2026-08-03T10:19:05.217Z'
}
{
  message: '[SchedulerService] Khởi tạo các cron job...',
  level: 'info',
  timestamp: '2026-08-03T10:19:08.170Z'
}
{
  message: 'Booking API Service đang chạy tại port 3000 (Môi trường: development)',
  level: 'info',
  timestamp: '2026-08-03T10:19:08.203Z'
}
{
  code: 'ECONNREFUSED',
  level: 'error',
  message: '[Redis] Lỗi kết nối Redis:',
  stack: 'AggregateError [ECONNREFUSED]: \n' +
    '    at internalConnectMultiple (node:net:1134:18)\n' +
    '    at afterConnectMultiple (node:net:1715:7)',
  timestamp: '2026-08-03T10:19:08.220Z'
}
{
  message: '[Redis] Đang thử kết nối lại lần 1... (delay: 50ms)',
  level: 'warn',
  timestamp: '2026-08-03T10:19:08.222Z'
}
{
  code: 'ECONNREFUSED',
  level: 'error',
  message: '[Redis] Lỗi kết nối Redis:',
  stack: 'AggregateError [ECONNREFUSED]: \n' +
    '    at internalConnectMultiple (node:net:1134:18)\n' +
    '    at afterConnectMultiple (node:net:1715:7)',
  timestamp: '2026-08-03T10:19:08.287Z'
}
{
  message: '[Redis] Đang thử kết nối lại lần 2... (delay: 100ms)',
  level: 'warn',
  timestamp: '2026-08-03T10:19:08.288Z'
}
{
  code: 'ECONNREFUSED',
  level: 'error',
  message: '[Redis] Lỗi kết nối Redis:',
  stack: 'AggregateError [ECONNREFUSED]: \n' +
    '    at internalConnectMultiple (node:net:1134:18)\n' +
    '    at afterConnectMultiple (node:net:1715:7)',
  timestamp: '2026-08-03T10:19:08.402Z'
}
{
  message: '[Redis] Đang thử kết nối lại lần 3... (delay: 150ms)',
  level: 'warn',
  timestamp: '2026-08-03T10:19:08.402Z'
}
{
  code: 'ECONNREFUSED',
  level: 'error',
  message: '[Redis] Lỗi kết nối Redis:',
  stack: 'AggregateError [ECONNREFUSED]: \n' +
    '    at internalConnectMultiple (node:net:1134:18)\n' +
    '    at afterConnectMultiple (node:net:1715:7)',
  timestamp: '2026-08-03T10:19:08.572Z'
}
{
  message: '[Redis] Đang thử kết nối lại lần 4... (delay: 200ms)',
  level: 'warn',
  timestamp: '2026-08-03T10:19:08.573Z'
}
{
  code: 'ECONNREFUSED',
  level: 'error',
  message: '[Redis] Lỗi kết nối Redis:',
  stack: 'AggregateError [ECONNREFUSED]: \n' +
    '    at internalConnectMultiple (node:net:1134:18)\n' +
    '    at afterConnectMultiple (node:net:1715:7)',
  timestamp: '2026-08-03T10:19:08.788Z'
}
{
  message: '[Redis] Đang thử kết nối lại lần 5... (delay: 250ms)',
  level: 'warn',
  timestamp: '2026-08-03T10:19:08.788Z'
}
{
  code: 'ECONNREFUSED',
  level: 'error',
  message: '[Redis] Lỗi kết nối Redis:',
  stack: 'AggregateError [ECONNREFUSED]: \n' +
    '    at internalConnectMultiple (node:net:1134:18)\n' +
    '    at afterConnectMultiple (node:net:1715:7)',
  timestamp: '2026-08-03T10:19:09.057Z'
}
{
  message: '[Redis] Đang thử kết nối lại lần 6... (delay: 300ms)',
  level: 'warn',
  timestamp: '2026-08-03T10:19:09.060Z'
}
{
  code: 'ECONNREFUSED',
  level: 'error',
  message: '[Redis] Lỗi kết nối Redis:',
  stack: 'AggregateError [ECONNREFUSED]: \n' +
    '    at internalConnectMultiple (node:net:1134:18)\n' +
    '    at afterConnectMultiple (node:net:1715:7)',
  timestamp: '2026-08-03T10:19:09.365Z'
}
{
  message: '[Redis] Đang thử kết nối lại lần 7... (delay: 350ms)',
  level: 'warn',
  timestamp: '2026-08-03T10:19:09.366Z'
}
{
  code: 'ECONNREFUSED',
  level: 'error',
  message: '[Redis] Lỗi kết nối Redis:',
  stack: 'AggregateError [ECONNREFUSED]: \n' +
    '    at internalConnectMultiple (node:net:1134:18)\n' +
    '    at afterConnectMultiple (node:net:1715:7)',
  timestamp: '2026-08-03T10:19:09.722Z'
}
{
  message: '[Redis] Đang thử kết nối lại lần 8... (delay: 400ms)',
  level: 'warn',
  timestamp: '2026-08-03T10:19:09.722Z'
}
{
  code: 'ECONNREFUSED',
  level: 'error',
  message: '[Redis] Lỗi kết nối Redis:',
  stack: 'AggregateError [ECONNREFUSED]: \n' +
    '    at internalConnectMultiple (node:net:1134:18)\n' +
    '    at afterConnectMultiple (node:net:1715:7)',
  timestamp: '2026-08-03T10:19:10.130Z'
}
{
  message: '[Redis] Đang thử kết nối lại lần 9... (delay: 450ms)',
  level: 'warn',
  timestamp: '2026-08-03T10:19:10.131Z'
}
{
  code: 'ECONNREFUSED',
  level: 'error',
  message: '[Redis] Lỗi kết nối Redis:',
  stack: 'AggregateError [ECONNREFUSED]: \n' +
    '    at internalConnectMultiple (node:net:1134:18)\n' +
    '    at afterConnectMultiple (node:net:1715:7)',
  timestamp: '2026-08-03T10:19:10.588Z'
}
{
  message: '[Redis] Đang thử kết nối lại lần 10... (delay: 500ms)',
  level: 'warn',
  timestamp: '2026-08-03T10:19:10.589Z'
}
{
  code: 'ECONNREFUSED',
  level: 'error',
  message: '[Redis] Lỗi kết nối Redis:',
  stack: 'AggregateError [ECONNREFUSED]: \n' +
    '    at internalConnectMultiple (node:net:1134:18)\n' +
    '    at afterConnectMultiple (node:net:1715:7)',
  timestamp: '2026-08-03T10:19:11.097Z'
}
{
  message: '[Redis] Đang thử kết nối lại lần 11... (delay: 550ms)',
  level: 'warn',
  timestamp: '2026-08-03T10:19:11.098Z'
}
{
  code: 'ECONNREFUSED',
  level: 'error',
  message: '[Redis] Lỗi kết nối Redis:',
  stack: 'AggregateError [ECONNREFUSED]: \n' +
    '    at internalConnectMultiple (node:net:1134:18)\n' +
    '    at afterConnectMultiple (node:net:1715:7)',
  timestamp: '2026-08-03T10:19:11.657Z'
}
{
  message: '[Redis] Đang thử kết nối lại lần 12... (delay: 600ms)',
  level: 'warn',
  timestamp: '2026-08-03T10:19:11.658Z'
}
{
  code: 'ECONNREFUSED',
  level: 'error',
  message: '[Redis] Lỗi kết nối Redis:',
  stack: 'AggregateError [ECONNREFUSED]: \n' +
    '    at internalConnectMultiple (node:net:1134:18)\n' +
    '    at afterConnectMultiple (node:net:1715:7)',
  timestamp: '2026-08-03T10:19:12.263Z'
}
{
  message: '[Redis] Đang thử kết nối lại lần 13... (delay: 650ms)',
  level: 'warn',
  timestamp: '2026-08-03T10:19:12.263Z'
}
{
  code: 'ECONNREFUSED',
  level: 'error',
  message: '[Redis] Lỗi kết nối Redis:',
  stack: 'AggregateError [ECONNREFUSED]: \n' +
    '    at internalConnectMultiple (node:net:1134:18)\n' +
    '    at afterConnectMultiple (node:net:1715:7)',
  timestamp: '2026-08-03T10:19:12.918Z'
}
{
  message: '[Redis] Đang thử kết nối lại lần 14... (delay: 700ms)',
  level: 'warn',
  timestamp: '2026-08-03T10:19:12.918Z'
}
{
  code: 'ECONNREFUSED',
  level: 'error',
  message: '[Redis] Lỗi kết nối Redis:',
  stack: 'AggregateError [ECONNREFUSED]: \n' +
    '    at internalConnectMultiple (node:net:1134:18)\n' +
    '    at afterConnectMultiple (node:net:1715:7)',
  timestamp: '2026-08-03T10:19:13.634Z'
}
{
  message: '[Redis] Đang thử kết nối lại lần 15... (delay: 750ms)',
  level: 'warn',
  timestamp: '2026-08-03T10:19:13.635Z'
}
{
  code: 'ECONNREFUSED',
  level: 'error',
  message: '[Redis] Lỗi kết nối Redis:',
  stack: 'AggregateError [ECONNREFUSED]: \n' +
    '    at internalConnectMultiple (node:net:1134:18)\n' +
    '    at afterConnectMultiple (node:net:1715:7)',
  timestamp: '2026-08-03T10:19:14.395Z'
}
{
  message: '[Redis] Đang thử kết nối lại lần 16... (delay: 800ms)',
  level: 'warn',
  timestamp: '2026-08-03T10:19:14.396Z'
}
{
  code: 'ECONNREFUSED',
  level: 'error',
  message: '[Redis] Lỗi kết nối Redis:',
  stack: 'AggregateError [ECONNREFUSED]: \n' +
    '    at internalConnectMultiple (node:net:1134:18)\n' +
    '    at afterConnectMultiple (node:net:1715:7)',
  timestamp: '2026-08-03T10:19:15.205Z'
}
{
  message: '[Redis] Đang thử kết nối lại lần 17... (delay: 850ms)',
  level: 'warn',
  timestamp: '2026-08-03T10:19:15.206Z'
}
{
  code: 'ECONNREFUSED',
  level: 'error',
  message: '[Redis] Lỗi kết nối Redis:',
  stack: 'AggregateError [ECONNREFUSED]: \n' +
    '    at internalConnectMultiple (node:net:1134:18)\n' +
    '    at afterConnectMultiple (node:net:1715:7)',
  timestamp: '2026-08-03T10:19:16.073Z'
}
{
  message: '[Redis] Đang thử kết nối lại lần 18... (delay: 900ms)',
  level: 'warn',
  timestamp: '2026-08-03T10:19:16.074Z'
}
{
  code: 'ECONNREFUSED',
  level: 'error',
  message: '[Redis] Lỗi kết nối Redis:',
  stack: 'AggregateError [ECONNREFUSED]: \n' +
    '    at internalConnectMultiple (node:net:1134:18)\n' +
    '    at afterConnectMultiple (node:net:1715:7)',
  timestamp: '2026-08-03T10:19:16.976Z'
}
{
  message: '[Redis] Đang thử kết nối lại lần 19... (delay: 950ms)',
  level: 'warn',
  timestamp: '2026-08-03T10:19:16.976Z'
}
{
  code: 'ECONNREFUSED',
  level: 'error',
  message: '[Redis] Lỗi kết nối Redis:',
  stack: 'AggregateError [ECONNREFUSED]: \n' +
    '    at internalConnectMultiple (node:net:1134:18)\n' +
    '    at afterConnectMultiple (node:net:1715:7)',
  timestamp: '2026-08-03T10:19:17.940Z'
}
{
  message: '[Redis] Đang thử kết nối lại lần 20... (delay: 1000ms)',
  level: 'warn',
  timestamp: '2026-08-03T10:19:17.941Z'
}
{
  message: '[SchedulerService] Khởi tạo các cron job...',
  level: 'info',
  timestamp: '2026-08-03T10:19:22.069Z'
}
{
  message: 'Booking API Service đang chạy tại port 3000 (Môi trường: development)',
  level: 'info',
  timestamp: '2026-08-03T10:19:22.121Z'
}
{
  code: 'ECONNREFUSED',
  level: 'error',
  message: '[Redis] Lỗi kết nối Redis:',
  stack: 'AggregateError [ECONNREFUSED]: \n' +
    '    at internalConnectMultiple (node:net:1134:18)\n' +
    '    at afterConnectMultiple (node:net:1715:7)',
  timestamp: '2026-08-03T10:19:22.151Z'
}
{
  message: '[Redis] Đang thử kết nối lại lần 1... (delay: 50ms)',
  level: 'warn',
  timestamp: '2026-08-03T10:19:22.153Z'
}
{
  code: 'ECONNREFUSED',
  level: 'error',
  message: '[Redis] Lỗi kết nối Redis:',
  stack: 'AggregateError [ECONNREFUSED]: \n' +
    '    at internalConnectMultiple (node:net:1134:18)\n' +
    '    at afterConnectMultiple (node:net:1715:7)',
  timestamp: '2026-08-03T10:19:22.208Z'
}
{
  message: '[Redis] Đang thử kết nối lại lần 2... (delay: 100ms)',
  level: 'warn',
  timestamp: '2026-08-03T10:19:22.210Z'
}
{
  code: 'ECONNREFUSED',
  level: 'error',
  message: '[Redis] Lỗi kết nối Redis:',
  stack: 'AggregateError [ECONNREFUSED]: \n' +
    '    at internalConnectMultiple (node:net:1134:18)\n' +
    '    at afterConnectMultiple (node:net:1715:7)',
  timestamp: '2026-08-03T10:19:22.317Z'
}
{
  message: '[Redis] Đang thử kết nối lại lần 3... (delay: 150ms)',
  level: 'warn',
  timestamp: '2026-08-03T10:19:22.318Z'
}
{
  code: 'ECONNREFUSED',
  level: 'error',
  message: '[Redis] Lỗi kết nối Redis:',
  stack: 'AggregateError [ECONNREFUSED]: \n' +
    '    at internalConnectMultiple (node:net:1134:18)\n' +
    '    at afterConnectMultiple (node:net:1715:7)',
  timestamp: '2026-08-03T10:19:22.472Z'
}
{
  message: '[Redis] Đang thử kết nối lại lần 4... (delay: 200ms)',
  level: 'warn',
  timestamp: '2026-08-03T10:19:22.473Z'
}
{
  code: 'ECONNREFUSED',
  level: 'error',
  message: '[Redis] Lỗi kết nối Redis:',
  stack: 'AggregateError [ECONNREFUSED]: \n' +
    '    at internalConnectMultiple (node:net:1134:18)\n' +
    '    at afterConnectMultiple (node:net:1715:7)',
  timestamp: '2026-08-03T10:19:22.679Z'
}
{
  message: '[Redis] Đang thử kết nối lại lần 5... (delay: 250ms)',
  level: 'warn',
  timestamp: '2026-08-03T10:19:22.680Z'
}
{
  code: 'ECONNREFUSED',
  level: 'error',
  message: '[Redis] Lỗi kết nối Redis:',
  stack: 'AggregateError [ECONNREFUSED]: \n' +
    '    at internalConnectMultiple (node:net:1134:18)\n' +
    '    at afterConnectMultiple (node:net:1715:7)',
  timestamp: '2026-08-03T10:19:22.944Z'
}
{
  message: '[Redis] Đang thử kết nối lại lần 6... (delay: 300ms)',
  level: 'warn',
  timestamp: '2026-08-03T10:19:22.944Z'
}
{
  code: 'ECONNREFUSED',
  level: 'error',
  message: '[Redis] Lỗi kết nối Redis:',
  stack: 'AggregateError [ECONNREFUSED]: \n' +
    '    at internalConnectMultiple (node:net:1134:18)\n' +
    '    at afterConnectMultiple (node:net:1715:7)',
  timestamp: '2026-08-03T10:19:23.254Z'
}
{
  message: '[Redis] Đang thử kết nối lại lần 7... (delay: 350ms)',
  level: 'warn',
  timestamp: '2026-08-03T10:19:23.255Z'
}
{
  code: 'ECONNREFUSED',
  level: 'error',
  message: '[Redis] Lỗi kết nối Redis:',
  stack: 'AggregateError [ECONNREFUSED]: \n' +
    '    at internalConnectMultiple (node:net:1134:18)\n' +
    '    at afterConnectMultiple (node:net:1715:7)',
  timestamp: '2026-08-03T10:19:23.611Z'
}
{
  message: '[Redis] Đang thử kết nối lại lần 8... (delay: 400ms)',
  level: 'warn',
  timestamp: '2026-08-03T10:19:23.612Z'
}
{
  code: 'ECONNREFUSED',
  level: 'error',
  message: '[Redis] Lỗi kết nối Redis:',
  stack: 'AggregateError [ECONNREFUSED]: \n' +
    '    at internalConnectMultiple (node:net:1134:18)\n' +
    '    at afterConnectMultiple (node:net:1715:7)',
  timestamp: '2026-08-03T10:19:24.027Z'
}
{
  message: '[Redis] Đang thử kết nối lại lần 9... (delay: 450ms)',
  level: 'warn',
  timestamp: '2026-08-03T10:19:24.027Z'
}
{
  code: 'ECONNREFUSED',
  level: 'error',
  message: '[Redis] Lỗi kết nối Redis:',
  stack: 'AggregateError [ECONNREFUSED]: \n' +
    '    at internalConnectMultiple (node:net:1134:18)\n' +
    '    at afterConnectMultiple (node:net:1715:7)',
  timestamp: '2026-08-03T10:19:24.493Z'
}
{
  message: '[Redis] Đang thử kết nối lại lần 10... (delay: 500ms)',
  level: 'warn',
  timestamp: '2026-08-03T10:19:24.494Z'
}
{
  code: 'ECONNREFUSED',
  level: 'error',
  message: '[Redis] Lỗi kết nối Redis:',
  stack: 'AggregateError [ECONNREFUSED]: \n' +
    '    at internalConnectMultiple (node:net:1134:18)\n' +
    '    at afterConnectMultiple (node:net:1715:7)',
  timestamp: '2026-08-03T10:19:25.003Z'
}
{
  message: '[Redis] Đang thử kết nối lại lần 11... (delay: 550ms)',
  level: 'warn',
  timestamp: '2026-08-03T10:19:25.004Z'
}
{
  code: 'ECONNREFUSED',
  level: 'error',
  message: '[Redis] Lỗi kết nối Redis:',
  stack: 'AggregateError [ECONNREFUSED]: \n' +
    '    at internalConnectMultiple (node:net:1134:18)\n' +
    '    at afterConnectMultiple (node:net:1715:7)',
  timestamp: '2026-08-03T10:19:25.558Z'
}
{
  message: '[Redis] Đang thử kết nối lại lần 12... (delay: 600ms)',
  level: 'warn',
  timestamp: '2026-08-03T10:19:25.559Z'
}
{
  message: '[SchedulerService] Khởi tạo các cron job...',
  level: 'info',
  timestamp: '2026-08-03T10:19:28.891Z'
}
{
  message: 'Booking API Service đang chạy tại port 3000 (Môi trường: development)',
  level: 'info',
  timestamp: '2026-08-03T10:19:28.937Z'
}
{
  code: 'ECONNREFUSED',
  level: 'error',
  message: '[Redis] Lỗi kết nối Redis:',
  stack: 'AggregateError [ECONNREFUSED]: \n' +
    '    at internalConnectMultiple (node:net:1134:18)\n' +
    '    at afterConnectMultiple (node:net:1715:7)',
  timestamp: '2026-08-03T10:19:28.957Z'
}
{
  message: '[Redis] Đang thử kết nối lại lần 1... (delay: 50ms)',
  level: 'warn',
  timestamp: '2026-08-03T10:19:28.958Z'
}
{
  code: 'ECONNREFUSED',
  level: 'error',
  message: '[Redis] Lỗi kết nối Redis:',
  stack: 'AggregateError [ECONNREFUSED]: \n' +
    '    at internalConnectMultiple (node:net:1134:18)\n' +
    '    at afterConnectMultiple (node:net:1715:7)',
  timestamp: '2026-08-03T10:19:29.028Z'
}
{
  message: '[Redis] Đang thử kết nối lại lần 2... (delay: 100ms)',
  level: 'warn',
  timestamp: '2026-08-03T10:19:29.029Z'
}
{
  code: 'ECONNREFUSED',
  level: 'error',
  message: '[Redis] Lỗi kết nối Redis:',
  stack: 'AggregateError [ECONNREFUSED]: \n' +
    '    at internalConnectMultiple (node:net:1134:18)\n' +
    '    at afterConnectMultiple (node:net:1715:7)',
  timestamp: '2026-08-03T10:19:29.138Z'
}
{
  message: '[Redis] Đang thử kết nối lại lần 3... (delay: 150ms)',
  level: 'warn',
  timestamp: '2026-08-03T10:19:29.139Z'
}
{
  code: 'ECONNREFUSED',
  level: 'error',
  message: '[Redis] Lỗi kết nối Redis:',
  stack: 'AggregateError [ECONNREFUSED]: \n' +
    '    at internalConnectMultiple (node:net:1134:18)\n' +
    '    at afterConnectMultiple (node:net:1715:7)',
  timestamp: '2026-08-03T10:19:29.306Z'
}
{
  message: '[Redis] Đang thử kết nối lại lần 4... (delay: 200ms)',
  level: 'warn',
  timestamp: '2026-08-03T10:19:29.307Z'
}
{
  code: 'ECONNREFUSED',
  level: 'error',
  message: '[Redis] Lỗi kết nối Redis:',
  stack: 'AggregateError [ECONNREFUSED]: \n' +
    '    at internalConnectMultiple (node:net:1134:18)\n' +
    '    at afterConnectMultiple (node:net:1715:7)',
  timestamp: '2026-08-03T10:19:29.524Z'
}
{
  message: '[Redis] Đang thử kết nối lại lần 5... (delay: 250ms)',
  level: 'warn',
  timestamp: '2026-08-03T10:19:29.525Z'
}
{
  code: 'ECONNREFUSED',
  level: 'error',
  message: '[Redis] Lỗi kết nối Redis:',
  stack: 'AggregateError [ECONNREFUSED]: \n' +
    '    at internalConnectMultiple (node:net:1134:18)\n' +
    '    at afterConnectMultiple (node:net:1715:7)',
  timestamp: '2026-08-03T10:19:29.789Z'
}
{
  message: '[Redis] Đang thử kết nối lại lần 6... (delay: 300ms)',
  level: 'warn',
  timestamp: '2026-08-03T10:19:29.790Z'
}
{
  code: 'ECONNREFUSED',
  level: 'error',
  message: '[Redis] Lỗi kết nối Redis:',
  stack: 'AggregateError [ECONNREFUSED]: \n' +
    '    at internalConnectMultiple (node:net:1134:18)\n' +
    '    at afterConnectMultiple (node:net:1715:7)',
  timestamp: '2026-08-03T10:19:30.102Z'
}
{
  message: '[Redis] Đang thử kết nối lại lần 7... (delay: 350ms)',
  level: 'warn',
  timestamp: '2026-08-03T10:19:30.103Z'
}
{
  code: 'ECONNREFUSED',
  level: 'error',
  message: '[Redis] Lỗi kết nối Redis:',
  stack: 'AggregateError [ECONNREFUSED]: \n' +
    '    at internalConnectMultiple (node:net:1134:18)\n' +
    '    at afterConnectMultiple (node:net:1715:7)',
  timestamp: '2026-08-03T10:19:30.460Z'
}
{
  message: '[Redis] Đang thử kết nối lại lần 8... (delay: 400ms)',
  level: 'warn',
  timestamp: '2026-08-03T10:19:30.461Z'
}
{
  code: 'ECONNREFUSED',
  level: 'error',
  message: '[Redis] Lỗi kết nối Redis:',
  stack: 'AggregateError [ECONNREFUSED]: \n' +
    '    at internalConnectMultiple (node:net:1134:18)\n' +
    '    at afterConnectMultiple (node:net:1715:7)',
  timestamp: '2026-08-03T10:19:30.865Z'
}
{
  message: '[Redis] Đang thử kết nối lại lần 9... (delay: 450ms)',
  level: 'warn',
  timestamp: '2026-08-03T10:19:30.865Z'
}
{
  code: 'ECONNREFUSED',
  level: 'error',
  message: '[Redis] Lỗi kết nối Redis:',
  stack: 'AggregateError [ECONNREFUSED]: \n' +
    '    at internalConnectMultiple (node:net:1134:18)\n' +
    '    at afterConnectMultiple (node:net:1715:7)',
  timestamp: '2026-08-03T10:19:31.336Z'
}
{
  message: '[Redis] Đang thử kết nối lại lần 10... (delay: 500ms)',
  level: 'warn',
  timestamp: '2026-08-03T10:19:31.337Z'
}
{
  code: 'ECONNREFUSED',
  level: 'error',
  message: '[Redis] Lỗi kết nối Redis:',
  stack: 'AggregateError [ECONNREFUSED]: \n' +
    '    at internalConnectMultiple (node:net:1134:18)\n' +
    '    at afterConnectMultiple (node:net:1715:7)',
  timestamp: '2026-08-03T10:19:31.843Z'
}
{
  message: '[Redis] Đang thử kết nối lại lần 11... (delay: 550ms)',
  level: 'warn',
  timestamp: '2026-08-03T10:19:31.844Z'
}
{
  code: 'ECONNREFUSED',
  level: 'error',
  message: '[Redis] Lỗi kết nối Redis:',
  stack: 'AggregateError [ECONNREFUSED]: \n' +
    '    at internalConnectMultiple (node:net:1134:18)\n' +
    '    at afterConnectMultiple (node:net:1715:7)',
  timestamp: '2026-08-03T10:19:32.402Z'
}
{
  message: '[Redis] Đang thử kết nối lại lần 12... (delay: 600ms)',
  level: 'warn',
  timestamp: '2026-08-03T10:19:32.403Z'
}
{
  code: 'ECONNREFUSED',
  level: 'error',
  message: '[Redis] Lỗi kết nối Redis:',
  stack: 'AggregateError [ECONNREFUSED]: \n' +
    '    at internalConnectMultiple (node:net:1134:18)\n' +
    '    at afterConnectMultiple (node:net:1715:7)',
  timestamp: '2026-08-03T10:19:33.011Z'
}
{
  message: '[Redis] Đang thử kết nối lại lần 13... (delay: 650ms)',
  level: 'warn',
  timestamp: '2026-08-03T10:19:33.011Z'
}
{
  code: 'ECONNREFUSED',
  level: 'error',
  message: '[Redis] Lỗi kết nối Redis:',
  stack: 'AggregateError [ECONNREFUSED]: \n' +
    '    at internalConnectMultiple (node:net:1134:18)\n' +
    '    at afterConnectMultiple (node:net:1715:7)',
  timestamp: '2026-08-03T10:19:33.679Z'
}
{
  message: '[Redis] Đang thử kết nối lại lần 14... (delay: 700ms)',
  level: 'warn',
  timestamp: '2026-08-03T10:19:33.679Z'
}
{
  code: 'ECONNREFUSED',
  level: 'error',
  message: '[Redis] Lỗi kết nối Redis:',
  stack: 'AggregateError [ECONNREFUSED]: \n' +
    '    at internalConnectMultiple (node:net:1134:18)\n' +
    '    at afterConnectMultiple (node:net:1715:7)',
  timestamp: '2026-08-03T10:19:34.396Z'
}
{
  message: '[Redis] Đang thử kết nối lại lần 15... (delay: 750ms)',
  level: 'warn',
  timestamp: '2026-08-03T10:19:34.397Z'
}
{
  code: 'ECONNREFUSED',
  level: 'error',
  message: '[Redis] Lỗi kết nối Redis:',
  stack: 'AggregateError [ECONNREFUSED]: \n' +
    '    at internalConnectMultiple (node:net:1134:18)\n' +
    '    at afterConnectMultiple (node:net:1715:7)',
  timestamp: '2026-08-03T10:19:35.160Z'
}
{
  message: '[Redis] Đang thử kết nối lại lần 16... (delay: 800ms)',
  level: 'warn',
  timestamp: '2026-08-03T10:19:35.160Z'
}
{
  code: 'ECONNREFUSED',
  level: 'error',
  message: '[Redis] Lỗi kết nối Redis:',
  stack: 'AggregateError [ECONNREFUSED]: \n' +
    '    at internalConnectMultiple (node:net:1134:18)\n' +
    '    at afterConnectMultiple (node:net:1715:7)',
  timestamp: '2026-08-03T10:19:35.966Z'
}
{
  message: '[Redis] Đang thử kết nối lại lần 17... (delay: 850ms)',
  level: 'warn',
  timestamp: '2026-08-03T10:19:35.966Z'
}
{
  code: 'ECONNREFUSED',
  level: 'error',
  message: '[Redis] Lỗi kết nối Redis:',
  stack: 'AggregateError [ECONNREFUSED]: \n' +
    '    at internalConnectMultiple (node:net:1134:18)\n' +
    '    at afterConnectMultiple (node:net:1715:7)',
  timestamp: '2026-08-03T10:19:36.823Z'
}
{
  message: '[Redis] Đang thử kết nối lại lần 18... (delay: 900ms)',
  level: 'warn',
  timestamp: '2026-08-03T10:19:36.824Z'
}
{
  message: '[SchedulerService] Khởi tạo các cron job...',
  level: 'info',
  timestamp: '2026-08-03T10:19:40.829Z'
}
{
  message: 'Booking API Service đang chạy tại port 3000 (Môi trường: development)',
  level: 'info',
  timestamp: '2026-08-03T10:19:40.868Z'
}
{
  code: 'ECONNREFUSED',
  level: 'error',
  message: '[Redis] Lỗi kết nối Redis:',
  stack: 'AggregateError [ECONNREFUSED]: \n' +
    '    at internalConnectMultiple (node:net:1134:18)\n' +
    '    at afterConnectMultiple (node:net:1715:7)',
  timestamp: '2026-08-03T10:19:40.889Z'
}
{
  message: '[Redis] Đang thử kết nối lại lần 1... (delay: 50ms)',
  level: 'warn',
  timestamp: '2026-08-03T10:19:40.890Z'
}
{
  code: 'ECONNREFUSED',
  level: 'error',
  message: '[Redis] Lỗi kết nối Redis:',
  stack: 'AggregateError [ECONNREFUSED]: \n' +
    '    at internalConnectMultiple (node:net:1134:18)\n' +
    '    at afterConnectMultiple (node:net:1715:7)',
  timestamp: '2026-08-03T10:19:40.955Z'
}
{
  message: '[Redis] Đang thử kết nối lại lần 2... (delay: 100ms)',
  level: 'warn',
  timestamp: '2026-08-03T10:19:40.956Z'
}
{
  code: 'ECONNREFUSED',
  level: 'error',
  message: '[Redis] Lỗi kết nối Redis:',
  stack: 'AggregateError [ECONNREFUSED]: \n' +
    '    at internalConnectMultiple (node:net:1134:18)\n' +
    '    at afterConnectMultiple (node:net:1715:7)',
  timestamp: '2026-08-03T10:19:41.063Z'
}
{
  message: '[Redis] Đang thử kết nối lại lần 3... (delay: 150ms)',
  level: 'warn',
  timestamp: '2026-08-03T10:19:41.065Z'
}
{
  code: 'ECONNREFUSED',
  level: 'error',
  message: '[Redis] Lỗi kết nối Redis:',
  stack: 'AggregateError [ECONNREFUSED]: \n' +
    '    at internalConnectMultiple (node:net:1134:18)\n' +
    '    at afterConnectMultiple (node:net:1715:7)',
  timestamp: '2026-08-03T10:19:41.232Z'
}
{
  message: '[Redis] Đang thử kết nối lại lần 4... (delay: 200ms)',
  level: 'warn',
  timestamp: '2026-08-03T10:19:41.233Z'
}
{
  code: 'ECONNREFUSED',
  level: 'error',
  message: '[Redis] Lỗi kết nối Redis:',
  stack: 'AggregateError [ECONNREFUSED]: \n' +
    '    at internalConnectMultiple (node:net:1134:18)\n' +
    '    at afterConnectMultiple (node:net:1715:7)',
  timestamp: '2026-08-03T10:19:41.449Z'
}
{
  message: '[Redis] Đang thử kết nối lại lần 5... (delay: 250ms)',
  level: 'warn',
  timestamp: '2026-08-03T10:19:41.450Z'
}
{
  code: 'ECONNREFUSED',
  level: 'error',
  message: '[Redis] Lỗi kết nối Redis:',
  stack: 'AggregateError [ECONNREFUSED]: \n' +
    '    at internalConnectMultiple (node:net:1134:18)\n' +
    '    at afterConnectMultiple (node:net:1715:7)',
  timestamp: '2026-08-03T10:19:41.714Z'
}
{
  message: '[Redis] Đang thử kết nối lại lần 6... (delay: 300ms)',
  level: 'warn',
  timestamp: '2026-08-03T10:19:41.715Z'
}
{
  code: 'ECONNREFUSED',
  level: 'error',
  message: '[Redis] Lỗi kết nối Redis:',
  stack: 'AggregateError [ECONNREFUSED]: \n' +
    '    at internalConnectMultiple (node:net:1134:18)\n' +
    '    at afterConnectMultiple (node:net:1715:7)',
  timestamp: '2026-08-03T10:19:42.028Z'
}
{
  message: '[Redis] Đang thử kết nối lại lần 7... (delay: 350ms)',
  level: 'warn',
  timestamp: '2026-08-03T10:19:42.028Z'
}
{
  code: 'ECONNREFUSED',
  level: 'error',
  message: '[Redis] Lỗi kết nối Redis:',
  stack: 'AggregateError [ECONNREFUSED]: \n' +
    '    at internalConnectMultiple (node:net:1134:18)\n' +
    '    at afterConnectMultiple (node:net:1715:7)',
  timestamp: '2026-08-03T10:19:42.383Z'
}
{
  message: '[Redis] Đang thử kết nối lại lần 8... (delay: 400ms)',
  level: 'warn',
  timestamp: '2026-08-03T10:19:42.383Z'
}
{
  code: 'ECONNREFUSED',
  level: 'error',
  message: '[Redis] Lỗi kết nối Redis:',
  stack: 'AggregateError [ECONNREFUSED]: \n' +
    '    at internalConnectMultiple (node:net:1134:18)\n' +
    '    at afterConnectMultiple (node:net:1715:7)',
  timestamp: '2026-08-03T10:19:42.790Z'
}
{
  message: '[Redis] Đang thử kết nối lại lần 9... (delay: 450ms)',
  level: 'warn',
  timestamp: '2026-08-03T10:19:42.791Z'
}
{
  code: 'ECONNREFUSED',
  level: 'error',
  message: '[Redis] Lỗi kết nối Redis:',
  stack: 'AggregateError [ECONNREFUSED]: \n' +
    '    at internalConnectMultiple (node:net:1134:18)\n' +
    '    at afterConnectMultiple (node:net:1715:7)',
  timestamp: '2026-08-03T10:19:43.258Z'
}
{
  message: '[Redis] Đang thử kết nối lại lần 10... (delay: 500ms)',
  level: 'warn',
  timestamp: '2026-08-03T10:19:43.258Z'
}
{
  code: 'ECONNREFUSED',
  level: 'error',
  message: '[Redis] Lỗi kết nối Redis:',
  stack: 'AggregateError [ECONNREFUSED]: \n' +
    '    at internalConnectMultiple (node:net:1134:18)\n' +
    '    at afterConnectMultiple (node:net:1715:7)',
  timestamp: '2026-08-03T10:19:43.773Z'
}
{
  message: '[Redis] Đang thử kết nối lại lần 11... (delay: 550ms)',
  level: 'warn',
  timestamp: '2026-08-03T10:19:43.773Z'
}
{
  code: 'ECONNREFUSED',
  level: 'error',
  message: '[Redis] Lỗi kết nối Redis:',
  stack: 'AggregateError [ECONNREFUSED]: \n' +
    '    at internalConnectMultiple (node:net:1134:18)\n' +
    '    at afterConnectMultiple (node:net:1715:7)',
  timestamp: '2026-08-03T10:19:44.333Z'
}
{
  message: '[Redis] Đang thử kết nối lại lần 12... (delay: 600ms)',
  level: 'warn',
  timestamp: '2026-08-03T10:19:44.333Z'
}
{
  code: 'ECONNREFUSED',
  level: 'error',
  message: '[Redis] Lỗi kết nối Redis:',
  stack: 'AggregateError [ECONNREFUSED]: \n' +
    '    at internalConnectMultiple (node:net:1134:18)\n' +
    '    at afterConnectMultiple (node:net:1715:7)',
  timestamp: '2026-08-03T10:19:44.939Z'
}
{
  message: '[Redis] Đang thử kết nối lại lần 13... (delay: 650ms)',
  level: 'warn',
  timestamp: '2026-08-03T10:19:44.939Z'
}
{
  code: 'ECONNREFUSED',
  level: 'error',
  message: '[Redis] Lỗi kết nối Redis:',
  stack: 'AggregateError [ECONNREFUSED]: \n' +
    '    at internalConnectMultiple (node:net:1134:18)\n' +
    '    at afterConnectMultiple (node:net:1715:7)',
  timestamp: '2026-08-03T10:19:45.593Z'
}
{
  message: '[Redis] Đang thử kết nối lại lần 14... (delay: 700ms)',
  level: 'warn',
  timestamp: '2026-08-03T10:19:45.594Z'
}
{
  code: 'ECONNREFUSED',
  level: 'error',
  message: '[Redis] Lỗi kết nối Redis:',
  stack: 'AggregateError [ECONNREFUSED]: \n' +
    '    at internalConnectMultiple (node:net:1134:18)\n' +
    '    at afterConnectMultiple (node:net:1715:7)',
  timestamp: '2026-08-03T10:19:46.311Z'
}
{
  message: '[Redis] Đang thử kết nối lại lần 15... (delay: 750ms)',
  level: 'warn',
  timestamp: '2026-08-03T10:19:46.311Z'
}
{
  code: 'ECONNREFUSED',
  level: 'error',
  message: '[Redis] Lỗi kết nối Redis:',
  stack: 'AggregateError [ECONNREFUSED]: \n' +
    '    at internalConnectMultiple (node:net:1134:18)\n' +
    '    at afterConnectMultiple (node:net:1715:7)',
  timestamp: '2026-08-03T10:19:47.074Z'
}
{
  message: '[Redis] Đang thử kết nối lại lần 16... (delay: 800ms)',
  level: 'warn',
  timestamp: '2026-08-03T10:19:47.074Z'
}
{
  code: 'ECONNREFUSED',
  level: 'error',
  message: '[Redis] Lỗi kết nối Redis:',
  stack: 'AggregateError [ECONNREFUSED]: \n' +
    '    at internalConnectMultiple (node:net:1134:18)\n' +
    '    at afterConnectMultiple (node:net:1715:7)',
  timestamp: '2026-08-03T10:19:47.883Z'
}
{
  message: '[Redis] Đang thử kết nối lại lần 17... (delay: 850ms)',
  level: 'warn',
  timestamp: '2026-08-03T10:19:47.883Z'
}
{
  code: 'ECONNREFUSED',
  level: 'error',
  message: '[Redis] Lỗi kết nối Redis:',
  stack: 'AggregateError [ECONNREFUSED]: \n' +
    '    at internalConnectMultiple (node:net:1134:18)\n' +
    '    at afterConnectMultiple (node:net:1715:7)',
  timestamp: '2026-08-03T10:19:48.741Z'
}
{
  message: '[Redis] Đang thử kết nối lại lần 18... (delay: 900ms)',
  level: 'warn',
  timestamp: '2026-08-03T10:19:48.741Z'
}
{
  code: 'ECONNREFUSED',
  level: 'error',
  message: '[Redis] Lỗi kết nối Redis:',
  stack: 'AggregateError [ECONNREFUSED]: \n' +
    '    at internalConnectMultiple (node:net:1134:18)\n' +
    '    at afterConnectMultiple (node:net:1715:7)',
  timestamp: '2026-08-03T10:19:49.660Z'
}
{
  message: '[Redis] Đang thử kết nối lại lần 19... (delay: 950ms)',
  level: 'warn',
  timestamp: '2026-08-03T10:19:49.660Z'
}
{
  code: 'ECONNREFUSED',
  level: 'error',
  message: '[Redis] Lỗi kết nối Redis:',
  stack: 'AggregateError [ECONNREFUSED]: \n' +
    '    at internalConnectMultiple (node:net:1134:18)\n' +
    '    at afterConnectMultiple (node:net:1715:7)',
  timestamp: '2026-08-03T10:19:50.625Z'
}
{
  message: '[Redis] Đang thử kết nối lại lần 20... (delay: 1000ms)',
  level: 'warn',
  timestamp: '2026-08-03T10:19:50.626Z'
}
{
  code: 'ECONNREFUSED',
  level: 'error',
  message: '[Redis] Lỗi kết nối Redis:',
  stack: 'AggregateError [ECONNREFUSED]: \n' +
    '    at internalConnectMultiple (node:net:1134:18)\n' +
    '    at afterConnectMultiple (node:net:1715:7)',
  timestamp: '2026-08-03T10:19:51.640Z'
}
{
  message: '[Redis] Đang thử kết nối lại lần 21... (delay: 1050ms)',
  level: 'warn',
  timestamp: '2026-08-03T10:19:51.641Z'
}
{
  code: 'ECONNREFUSED',
  level: 'error',
  message: '[Redis] Lỗi kết nối Redis:',
  stack: 'AggregateError [ECONNREFUSED]: \n' +
    '    at internalConnectMultiple (node:net:1134:18)\n' +
    '    at afterConnectMultiple (node:net:1715:7)',
  timestamp: '2026-08-03T10:19:52.700Z'
}
{
  message: '[Redis] Đang thử kết nối lại lần 22... (delay: 1100ms)',
  level: 'warn',
  timestamp: '2026-08-03T10:19:52.700Z'
}
{
  code: 'ECONNREFUSED',
  level: 'error',
  message: '[Redis] Lỗi kết nối Redis:',
  stack: 'AggregateError [ECONNREFUSED]: \n' +
    '    at internalConnectMultiple (node:net:1134:18)\n' +
    '    at afterConnectMultiple (node:net:1715:7)',
  timestamp: '2026-08-03T10:19:53.806Z'
}
{
  message: '[Redis] Đang thử kết nối lại lần 23... (delay: 1150ms)',
  level: 'warn',
  timestamp: '2026-08-03T10:19:53.806Z'
}
{
  code: 'ECONNREFUSED',
  level: 'error',
  message: '[Redis] Lỗi kết nối Redis:',
  stack: 'AggregateError [ECONNREFUSED]: \n' +
    '    at internalConnectMultiple (node:net:1134:18)\n' +
    '    at afterConnectMultiple (node:net:1715:7)',
  timestamp: '2026-08-03T10:19:54.974Z'
}
{
  message: '[Redis] Đang thử kết nối lại lần 24... (delay: 1200ms)',
  level: 'warn',
  timestamp: '2026-08-03T10:19:54.974Z'
}
{
  code: 'ECONNREFUSED',
  level: 'error',
  message: '[Redis] Lỗi kết nối Redis:',
  stack: 'AggregateError [ECONNREFUSED]: \n' +
    '    at internalConnectMultiple (node:net:1134:18)\n' +
    '    at afterConnectMultiple (node:net:1715:7)',
  timestamp: '2026-08-03T10:19:56.188Z'
}
{
  message: '[Redis] Đang thử kết nối lại lần 25... (delay: 1250ms)',
  level: 'warn',
  timestamp: '2026-08-03T10:19:56.188Z'
}
{
  code: 'ECONNREFUSED',
  level: 'error',
  message: '[Redis] Lỗi kết nối Redis:',
  stack: 'AggregateError [ECONNREFUSED]: \n' +
    '    at internalConnectMultiple (node:net:1134:18)\n' +
    '    at afterConnectMultiple (node:net:1715:7)',
  timestamp: '2026-08-03T10:19:57.445Z'
}
{
  message: '[Redis] Đang thử kết nối lại lần 26... (delay: 1300ms)',
  level: 'warn',
  timestamp: '2026-08-03T10:19:57.446Z'
}
{
  code: 'ECONNREFUSED',
  level: 'error',
  message: '[Redis] Lỗi kết nối Redis:',
  stack: 'AggregateError [ECONNREFUSED]: \n' +
    '    at internalConnectMultiple (node:net:1134:18)\n' +
    '    at afterConnectMultiple (node:net:1715:7)',
  timestamp: '2026-08-03T10:19:58.755Z'
}
{
  message: '[Redis] Đang thử kết nối lại lần 27... (delay: 1350ms)',
  level: 'warn',
  timestamp: '2026-08-03T10:19:58.756Z'
}
{
  message: '[SchedulerService] Đang kiểm tra các booking hết hạn thanh toán...',
  level: 'info',
  timestamp: '2026-08-03T10:20:00.006Z'
}
{
  code: 'ECONNREFUSED',
  level: 'error',
  message: '[Redis] Lỗi kết nối Redis:',
  stack: 'AggregateError [ECONNREFUSED]: \n' +
    '    at internalConnectMultiple (node:net:1134:18)\n' +
    '    at afterConnectMultiple (node:net:1715:7)',
  timestamp: '2026-08-03T10:20:00.113Z'
}
{
  message: '[Redis] Đang thử kết nối lại lần 28... (delay: 1400ms)',
  level: 'warn',
  timestamp: '2026-08-03T10:20:00.114Z'
}
{
  message: '[SchedulerService] Đang kiểm tra các booking hết hạn thanh toán...',
  level: 'info',
  timestamp: '2026-08-03T10:20:00.005Z'
}
{
  code: 'ECONNREFUSED',
  level: 'error',
  message: '[Redis] Lỗi kết nối Redis:',
  stack: 'AggregateError [ECONNREFUSED]: \n' +
    '    at internalConnectMultiple (node:net:1134:18)\n' +
    '    at afterConnectMultiple (node:net:1715:7)',
  timestamp: '2026-08-03T10:20:01.527Z'
}
{
  message: '[Redis] Đang thử kết nối lại lần 29... (delay: 1450ms)',
  level: 'warn',
  timestamp: '2026-08-03T10:20:01.528Z'
}
{
  code: 'ECONNREFUSED',
  level: 'error',
  message: '[Redis] Lỗi kết nối Redis:',
  stack: 'AggregateError [ECONNREFUSED]: \n' +
    '    at internalConnectMultiple (node:net:1134:18)\n' +
    '    at afterConnectMultiple (node:net:1715:7)',
  timestamp: '2026-08-03T10:20:02.995Z'
}
{
  message: '[Redis] Đang thử kết nối lại lần 30... (delay: 1500ms)',
  level: 'warn',
  timestamp: '2026-08-03T10:20:02.995Z'
}
{
  code: 'ECONNREFUSED',
  level: 'error',
  message: '[Redis] Lỗi kết nối Redis:',
  stack: 'AggregateError [ECONNREFUSED]: \n' +
    '    at internalConnectMultiple (node:net:1134:18)\n' +
    '    at afterConnectMultiple (node:net:1715:7)',
  timestamp: '2026-08-03T10:20:04.507Z'
}
{
  message: '[Redis] Đang thử kết nối lại lần 31... (delay: 1550ms)',
  level: 'warn',
  timestamp: '2026-08-03T10:20:04.507Z'
}
{
  code: 'ECONNREFUSED',
  level: 'error',
  message: '[Redis] Lỗi kết nối Redis:',
  stack: 'AggregateError [ECONNREFUSED]: \n' +
    '    at internalConnectMultiple (node:net:1134:18)\n' +
    '    at afterConnectMultiple (node:net:1715:7)',
  timestamp: '2026-08-03T10:20:06.066Z'
}
{
  message: '[Redis] Đang thử kết nối lại lần 32... (delay: 1600ms)',
  level: 'warn',
  timestamp: '2026-08-03T10:20:06.066Z'
}
{
  code: 'ECONNREFUSED',
  level: 'error',
  message: '[Redis] Lỗi kết nối Redis:',
  stack: 'AggregateError [ECONNREFUSED]: \n' +
    '    at internalConnectMultiple (node:net:1134:18)\n' +
    '    at afterConnectMultiple (node:net:1715:7)',
  timestamp: '2026-08-03T10:20:07.669Z'
}
{
  message: '[Redis] Đang thử kết nối lại lần 33... (delay: 1650ms)',
  level: 'warn',
  timestamp: '2026-08-03T10:20:07.670Z'
}
{
  code: 'ECONNREFUSED',
  level: 'error',
  message: '[Redis] Lỗi kết nối Redis:',
  stack: 'AggregateError [ECONNREFUSED]: \n' +
    '    at internalConnectMultiple (node:net:1134:18)\n' +
    '    at afterConnectMultiple (node:net:1715:7)',
  timestamp: '2026-08-03T10:20:09.330Z'
}
{
  message: '[Redis] Đang thử kết nối lại lần 34... (delay: 1700ms)',
  level: 'warn',
  timestamp: '2026-08-03T10:20:09.331Z'
}
{
  code: 'ECONNREFUSED',
  level: 'error',
  message: '[Redis] Lỗi kết nối Redis:',
  stack: 'AggregateError [ECONNREFUSED]: \n' +
    '    at internalConnectMultiple (node:net:1134:18)\n' +
    '    at afterConnectMultiple (node:net:1715:7)',
  timestamp: '2026-08-03T10:20:11.043Z'
}
{
  message: '[Redis] Đang thử kết nối lại lần 35... (delay: 1750ms)',
  level: 'warn',
  timestamp: '2026-08-03T10:20:11.043Z'
}
{
  code: 'ECONNREFUSED',
  level: 'error',
  message: '[Redis] Lỗi kết nối Redis:',
  stack: 'AggregateError [ECONNREFUSED]: \n' +
    '    at internalConnectMultiple (node:net:1134:18)\n' +
    '    at afterConnectMultiple (node:net:1715:7)',
  timestamp: '2026-08-03T10:20:12.804Z'
}
{
  message: '[Redis] Đang thử kết nối lại lần 36... (delay: 1800ms)',
  level: 'warn',
  timestamp: '2026-08-03T10:20:12.805Z'
}
{
  code: 'ECONNREFUSED',
  level: 'error',
  message: '[Redis] Lỗi kết nối Redis:',
  stack: 'AggregateError [ECONNREFUSED]: \n' +
    '    at internalConnectMultiple (node:net:1134:18)\n' +
    '    at afterConnectMultiple (node:net:1715:7)',
  timestamp: '2026-08-03T10:20:14.613Z'
}
{
  message: '[Redis] Đang thử kết nối lại lần 37... (delay: 1850ms)',
  level: 'warn',
  timestamp: '2026-08-03T10:20:14.613Z'
}
{
  code: 'ECONNREFUSED',
  level: 'error',
  message: '[Redis] Lỗi kết nối Redis:',
  stack: 'AggregateError [ECONNREFUSED]: \n' +
    '    at internalConnectMultiple (node:net:1134:18)\n' +
    '    at afterConnectMultiple (node:net:1715:7)',
  timestamp: '2026-08-03T10:20:16.475Z'
}
{
  message: '[Redis] Đang thử kết nối lại lần 38... (delay: 1900ms)',
  level: 'warn',
  timestamp: '2026-08-03T10:20:16.475Z'
}
{
  code: 'ECONNREFUSED',
  level: 'error',
  message: '[Redis] Lỗi kết nối Redis:',
  stack: 'AggregateError [ECONNREFUSED]: \n' +
    '    at internalConnectMultiple (node:net:1134:18)\n' +
    '    at afterConnectMultiple (node:net:1715:7)',
  timestamp: '2026-08-03T10:20:18.391Z'
}
{
  message: '[Redis] Đang thử kết nối lại lần 39... (delay: 1950ms)',
  level: 'warn',
  timestamp: '2026-08-03T10:20:18.392Z'
}
{
  code: 'ECONNREFUSED',
  level: 'error',
  message: '[Redis] Lỗi kết nối Redis:',
  stack: 'AggregateError [ECONNREFUSED]: \n' +
    '    at internalConnectMultiple (node:net:1134:18)\n' +
    '    at afterConnectMultiple (node:net:1715:7)',
  timestamp: '2026-08-03T10:20:20.353Z'
}
{
  message: '[Redis] Đang thử kết nối lại lần 40... (delay: 2000ms)',
  level: 'warn',
  timestamp: '2026-08-03T10:20:20.353Z'
}
{
  code: 'ECONNREFUSED',
  level: 'error',
  message: '[Redis] Lỗi kết nối Redis:',
  stack: 'AggregateError [ECONNREFUSED]: \n' +
    '    at internalConnectMultiple (node:net:1134:18)\n' +
    '    at afterConnectMultiple (node:net:1715:7)',
  timestamp: '2026-08-03T10:20:22.361Z'
}
{
  message: '[Redis] Đang thử kết nối lại lần 41... (delay: 2000ms)',
  level: 'warn',
  timestamp: '2026-08-03T10:20:22.362Z'
}
{
  code: 'ECONNREFUSED',
  level: 'error',
  message: '[Redis] Lỗi kết nối Redis:',
  stack: 'AggregateError [ECONNREFUSED]: \n' +
    '    at internalConnectMultiple (node:net:1134:18)\n' +
    '    at afterConnectMultiple (node:net:1715:7)',
  timestamp: '2026-08-03T10:20:24.374Z'
}
{
  message: '[Redis] Đang thử kết nối lại lần 42... (delay: 2000ms)',
  level: 'warn',
  timestamp: '2026-08-03T10:20:24.374Z'
}
{
  code: 'ECONNREFUSED',
  level: 'error',
  message: '[Redis] Lỗi kết nối Redis:',
  stack: 'AggregateError [ECONNREFUSED]: \n' +
    '    at internalConnectMultiple (node:net:1134:18)\n' +
    '    at afterConnectMultiple (node:net:1715:7)',
  timestamp: '2026-08-03T10:20:26.387Z'
}
{
  message: '[Redis] Đang thử kết nối lại lần 43... (delay: 2000ms)',
  level: 'warn',
  timestamp: '2026-08-03T10:20:26.387Z'
}
{
  code: 'ECONNREFUSED',
  level: 'error',
  message: '[Redis] Lỗi kết nối Redis:',
  stack: 'AggregateError [ECONNREFUSED]: \n' +
    '    at internalConnectMultiple (node:net:1134:18)\n' +
    '    at afterConnectMultiple (node:net:1715:7)',
  timestamp: '2026-08-03T10:20:28.403Z'
}
{
  message: '[Redis] Đang thử kết nối lại lần 44... (delay: 2000ms)',
  level: 'warn',
  timestamp: '2026-08-03T10:20:28.404Z'
}
{
  code: 'ECONNREFUSED',
  level: 'error',
  message: '[Redis] Lỗi kết nối Redis:',
  stack: 'AggregateError [ECONNREFUSED]: \n' +
    '    at internalConnectMultiple (node:net:1134:18)\n' +
    '    at afterConnectMultiple (node:net:1715:7)',
  timestamp: '2026-08-03T10:20:30.416Z'
}
{
  message: '[Redis] Đang thử kết nối lại lần 45... (delay: 2000ms)',
  level: 'warn',
  timestamp: '2026-08-03T10:20:30.416Z'
}
{
  code: 'ECONNREFUSED',
  level: 'error',
  message: '[Redis] Lỗi kết nối Redis:',
  stack: 'AggregateError [ECONNREFUSED]: \n' +
    '    at internalConnectMultiple (node:net:1134:18)\n' +
    '    at afterConnectMultiple (node:net:1715:7)',
  timestamp: '2026-08-03T10:20:32.426Z'
}
{
  message: '[Redis] Đang thử kết nối lại lần 46... (delay: 2000ms)',
  level: 'warn',
  timestamp: '2026-08-03T10:20:32.426Z'
}
{
  code: 'ECONNREFUSED',
  level: 'error',
  message: '[Redis] Lỗi kết nối Redis:',
  stack: 'AggregateError [ECONNREFUSED]: \n' +
    '    at internalConnectMultiple (node:net:1134:18)\n' +
    '    at afterConnectMultiple (node:net:1715:7)',
  timestamp: '2026-08-03T10:20:34.436Z'
}
{
  message: '[Redis] Đang thử kết nối lại lần 47... (delay: 2000ms)',
  level: 'warn',
  timestamp: '2026-08-03T10:20:34.436Z'
}
{
  code: 'ECONNREFUSED',
  level: 'error',
  message: '[Redis] Lỗi kết nối Redis:',
  stack: 'AggregateError [ECONNREFUSED]: \n' +
    '    at internalConnectMultiple (node:net:1134:18)\n' +
    '    at afterConnectMultiple (node:net:1715:7)',
  timestamp: '2026-08-03T10:20:36.446Z'
}
{
  message: '[Redis] Đang thử kết nối lại lần 48... (delay: 2000ms)',
  level: 'warn',
  timestamp: '2026-08-03T10:20:36.447Z'
}
{
  code: 'ECONNREFUSED',
  level: 'error',
  message: '[Redis] Lỗi kết nối Redis:',
  stack: 'AggregateError [ECONNREFUSED]: \n' +
    '    at internalConnectMultiple (node:net:1134:18)\n' +
    '    at afterConnectMultiple (node:net:1715:7)',
  timestamp: '2026-08-03T10:20:38.456Z'
}
{
  message: '[Redis] Đang thử kết nối lại lần 49... (delay: 2000ms)',
  level: 'warn',
  timestamp: '2026-08-03T10:20:38.457Z'
}
{
  code: 'ECONNREFUSED',
  level: 'error',
  message: '[Redis] Lỗi kết nối Redis:',
  stack: 'AggregateError [ECONNREFUSED]: \n' +
    '    at internalConnectMultiple (node:net:1134:18)\n' +
    '    at afterConnectMultiple (node:net:1715:7)',
  timestamp: '2026-08-03T10:20:40.462Z'
}
{
  message: '[Redis] Đang thử kết nối lại lần 50... (delay: 2000ms)',
  level: 'warn',
  timestamp: '2026-08-03T10:20:40.462Z'
}
{
  code: 'ECONNREFUSED',
  level: 'error',
  message: '[Redis] Lỗi kết nối Redis:',
  stack: 'AggregateError [ECONNREFUSED]: \n' +
    '    at internalConnectMultiple (node:net:1134:18)\n' +
    '    at afterConnectMultiple (node:net:1715:7)',
  timestamp: '2026-08-03T10:20:42.479Z'
}
{
  message: '[Redis] Đang thử kết nối lại lần 51... (delay: 2000ms)',
  level: 'warn',
  timestamp: '2026-08-03T10:20:42.480Z'
}
{
  code: 'ECONNREFUSED',
  level: 'error',
  message: '[Redis] Lỗi kết nối Redis:',
  stack: 'AggregateError [ECONNREFUSED]: \n' +
    '    at internalConnectMultiple (node:net:1134:18)\n' +
    '    at afterConnectMultiple (node:net:1715:7)',
  timestamp: '2026-08-03T10:20:44.488Z'
}
{
  message: '[Redis] Đang thử kết nối lại lần 52... (delay: 2000ms)',
  level: 'warn',
  timestamp: '2026-08-03T10:20:44.488Z'
}
{
  code: 'ECONNREFUSED',
  level: 'error',
  message: '[Redis] Lỗi kết nối Redis:',
  stack: 'AggregateError [ECONNREFUSED]: \n' +
    '    at internalConnectMultiple (node:net:1134:18)\n' +
    '    at afterConnectMultiple (node:net:1715:7)',
  timestamp: '2026-08-03T10:20:46.506Z'
}
{
  message: '[Redis] Đang thử kết nối lại lần 53... (delay: 2000ms)',
  level: 'warn',
  timestamp: '2026-08-03T10:20:46.507Z'
}
{
  code: 'ECONNREFUSED',
  level: 'error',
  message: '[Redis] Lỗi kết nối Redis:',
  stack: 'AggregateError [ECONNREFUSED]: \n' +
    '    at internalConnectMultiple (node:net:1134:18)\n' +
    '    at afterConnectMultiple (node:net:1715:7)',
  timestamp: '2026-08-03T10:20:48.515Z'
}
{
  message: '[Redis] Đang thử kết nối lại lần 54... (delay: 2000ms)',
  level: 'warn',
  timestamp: '2026-08-03T10:20:48.515Z'
}
{
  code: 'ECONNREFUSED',
  level: 'error',
  message: '[Redis] Lỗi kết nối Redis:',
  stack: 'AggregateError [ECONNREFUSED]: \n' +
    '    at internalConnectMultiple (node:net:1134:18)\n' +
    '    at afterConnectMultiple (node:net:1715:7)',
  timestamp: '2026-08-03T10:20:50.528Z'
}
{
  message: '[Redis] Đang thử kết nối lại lần 55... (delay: 2000ms)',
  level: 'warn',
  timestamp: '2026-08-03T10:20:50.528Z'
}
{
  code: 'ECONNREFUSED',
  level: 'error',
  message: '[Redis] Lỗi kết nối Redis:',
  stack: 'AggregateError [ECONNREFUSED]: \n' +
    '    at internalConnectMultiple (node:net:1134:18)\n' +
    '    at afterConnectMultiple (node:net:1715:7)',
  timestamp: '2026-08-03T10:20:52.530Z'
}
{
  message: '[Redis] Đang thử kết nối lại lần 56... (delay: 2000ms)',
  level: 'warn',
  timestamp: '2026-08-03T10:20:52.531Z'
}
{
  code: 'ECONNREFUSED',
  level: 'error',
  message: '[Redis] Lỗi kết nối Redis:',
  stack: 'AggregateError [ECONNREFUSED]: \n' +
    '    at internalConnectMultiple (node:net:1134:18)\n' +
    '    at afterConnectMultiple (node:net:1715:7)',
  timestamp: '2026-08-03T10:20:54.539Z'
}
{
  message: '[Redis] Đang thử kết nối lại lần 57... (delay: 2000ms)',
  level: 'warn',
  timestamp: '2026-08-03T10:20:54.539Z'
}
{
  code: 'ECONNREFUSED',
  level: 'error',
  message: '[Redis] Lỗi kết nối Redis:',
  stack: 'AggregateError [ECONNREFUSED]: \n' +
    '    at internalConnectMultiple (node:net:1134:18)\n' +
    '    at afterConnectMultiple (node:net:1715:7)',
  timestamp: '2026-08-03T10:20:56.554Z'
}
{
  message: '[Redis] Đang thử kết nối lại lần 58... (delay: 2000ms)',
  level: 'warn',
  timestamp: '2026-08-03T10:20:56.554Z'
}
{
  code: 'ECONNREFUSED',
  level: 'error',
  message: '[Redis] Lỗi kết nối Redis:',
  stack: 'AggregateError [ECONNREFUSED]: \n' +
    '    at internalConnectMultiple (node:net:1134:18)\n' +
    '    at afterConnectMultiple (node:net:1715:7)',
  timestamp: '2026-08-03T10:20:58.561Z'
}
{
  message: '[Redis] Đang thử kết nối lại lần 59... (delay: 2000ms)',
  level: 'warn',
  timestamp: '2026-08-03T10:20:58.562Z'
}
{
  message: 'JWT Verification Error: jwt expired',
  level: 'error',
  timestamp: '2026-08-03T10:20:58.956Z'
}
{
  message: 'GLOBAL ERROR HANDLER CAUGHT: Error: Phiên đăng nhập đã hết hạn. Vui lòng lấy Token mới.\n' +
    '    at authMiddleware (/app/src/middlewares/authMiddleware.ts:80:9)\n' +
    '    at Layer.handleRequest (/app/node_modules/router/lib/layer.js:152:17)\n' +
    '    at next (/app/node_modules/router/lib/route.js:157:13)\n' +
    '    at Route.dispatch (/app/node_modules/router/lib/route.js:117:3)\n' +
    '    at handle (/app/node_modules/router/index.js:435:11)\n' +
    '    at Layer.handleRequest (/app/node_modules/router/lib/layer.js:152:17)\n' +
    '    at /app/node_modules/router/index.js:295:15\n' +
    '    at processParams (/app/node_modules/router/index.js:582:12)\n' +
    '    at next (/app/node_modules/router/index.js:291:5)\n' +
    '    at Function.handle (/app/node_modules/router/index.js:186:3)',
  level: 'error',
  timestamp: '2026-08-03T10:20:58.960Z'
}
{
  message: 'JWT Verification Error: jwt expired',
  level: 'error',
  timestamp: '2026-08-03T10:20:58.967Z'
}
{
  message: 'GLOBAL ERROR HANDLER CAUGHT: Error: Phiên đăng nhập đã hết hạn. Vui lòng lấy Token mới.\n' +
    '    at authMiddleware (/app/src/middlewares/authMiddleware.ts:80:9)\n' +
    '    at Layer.handleRequest (/app/node_modules/router/lib/layer.js:152:17)\n' +
    '    at next (/app/node_modules/router/lib/route.js:157:13)\n' +
    '    at Route.dispatch (/app/node_modules/router/lib/route.js:117:3)\n' +
    '    at handle (/app/node_modules/router/index.js:435:11)\n' +
    '    at Layer.handleRequest (/app/node_modules/router/lib/layer.js:152:17)\n' +
    '    at /app/node_modules/router/index.js:295:15\n' +
    '    at processParams (/app/node_modules/router/index.js:582:12)\n' +
    '    at next (/app/node_modules/router/index.js:291:5)\n' +
    '    at Function.handle (/app/node_modules/router/index.js:186:3)',
  level: 'error',
  timestamp: '2026-08-03T10:20:58.969Z'
}
{
  message: '[AuthController] Refresh Tokens',
  level: 'info',
  timestamp: '2026-08-03T10:20:59.018Z'
}
{
  message: 'Fetching user details for ID: b88403bb-85f1-4be4-ac3b-a7abcc4e9a10',
  level: 'debug',
  timestamp: '2026-08-03T10:20:59.047Z'
}
{
  message: '[Cache Miss] Tìm user ID: b88403bb-85f1-4be4-ac3b-a7abcc4e9a10 trong Database',
  level: 'debug',
  timestamp: '2026-08-03T10:20:59.049Z'
}
{
  message: '[AuthService] Tokens refreshed successfully for user: locdz8c@gmail.com',
  level: 'info',
  timestamp: '2026-08-03T10:20:59.112Z'
}
{
  userId: 'b88403bb-85f1-4be4-ac3b-a7abcc4e9a10',
  level: 'info',
  message: '[AuthController] Get Me',
  timestamp: '2026-08-03T10:20:59.136Z'
}
{
  message: 'Fetching user details for ID: b88403bb-85f1-4be4-ac3b-a7abcc4e9a10',
  level: 'debug',
  timestamp: '2026-08-03T10:20:59.137Z'
}
{
  message: '[Cache Hit] Lấy thông tin user ID: b88403bb-85f1-4be4-ac3b-a7abcc4e9a10 từ Redis',
  level: 'debug',
  timestamp: '2026-08-03T10:20:59.138Z'
}
{
  userId: 'b88403bb-85f1-4be4-ac3b-a7abcc4e9a10',
  level: 'info',
  message: '[AuthController] Get Me',
  timestamp: '2026-08-03T10:20:59.144Z'
}
{
  message: 'Fetching user details for ID: b88403bb-85f1-4be4-ac3b-a7abcc4e9a10',
  level: 'debug',
  timestamp: '2026-08-03T10:20:59.145Z'
}
{
  message: '[Cache Hit] Lấy thông tin user ID: b88403bb-85f1-4be4-ac3b-a7abcc4e9a10 từ Redis',
  level: 'debug',
  timestamp: '2026-08-03T10:20:59.146Z'
}
{
  message: '[Cache Hit] Lấy danh sách điểm đến hoạt động từ Redis',
  level: 'debug',
  timestamp: '2026-08-03T10:20:59.388Z'
}
{
  page: '1',
  limit: '10',
  status: 'ACTIVE',
  level: 'info',
  message: '[HotelController] Get all hotels with queries',
  timestamp: '2026-08-03T10:20:59.391Z'
}
{
  message: '[Cache Hit] Lấy danh sách điểm đến hoạt động từ Redis',
  level: 'debug',
  timestamp: '2026-08-03T10:20:59.408Z'
}
{
  message: '[Cache Hit] Lấy danh sách điểm đến hoạt động từ Redis',
  level: 'debug',
  timestamp: '2026-08-03T10:20:59.413Z'
}
{
  message: '[Cache Hit] Lấy danh sách điểm đến hoạt động từ Redis',
  level: 'debug',
  timestamp: '2026-08-03T10:20:59.418Z'
}
{
  page: '1',
  limit: '10',
  status: 'ACTIVE',
  level: 'info',
  message: '[HotelController] Get all hotels with queries',
  timestamp: '2026-08-03T10:20:59.442Z'
}
{
  code: 'ECONNREFUSED',
  level: 'error',
  message: '[Redis] Lỗi kết nối Redis:',
  stack: 'AggregateError [ECONNREFUSED]: \n' +
    '    at internalConnectMultiple (node:net:1134:18)\n' +
    '    at afterConnectMultiple (node:net:1715:7)',
  timestamp: '2026-08-03T10:21:00.568Z'
}
{
  message: '[Redis] Đang thử kết nối lại lần 60... (delay: 2000ms)',
  level: 'warn',
  timestamp: '2026-08-03T10:21:00.568Z'
}
{
  code: 'ECONNREFUSED',
  level: 'error',
  message: '[Redis] Lỗi kết nối Redis:',
  stack: 'AggregateError [ECONNREFUSED]: \n' +
    '    at internalConnectMultiple (node:net:1134:18)\n' +
    '    at afterConnectMultiple (node:net:1715:7)',
  timestamp: '2026-08-03T10:21:02.575Z'
}
{
  message: '[Redis] Đang thử kết nối lại lần 61... (delay: 2000ms)',
  level: 'warn',
  timestamp: '2026-08-03T10:21:02.575Z'
}
{
  code: 'ECONNREFUSED',
  level: 'error',
  message: '[Redis] Lỗi kết nối Redis:',
  stack: 'AggregateError [ECONNREFUSED]: \n' +
    '    at internalConnectMultiple (node:net:1134:18)\n' +
    '    at afterConnectMultiple (node:net:1715:7)',
  timestamp: '2026-08-03T10:21:04.589Z'
}
{
  message: '[Redis] Đang thử kết nối lại lần 62... (delay: 2000ms)',
  level: 'warn',
  timestamp: '2026-08-03T10:21:04.589Z'
}
{
  code: 'ECONNREFUSED',
  level: 'error',
  message: '[Redis] Lỗi kết nối Redis:',
  stack: 'AggregateError [ECONNREFUSED]: \n' +
    '    at internalConnectMultiple (node:net:1134:18)\n' +
    '    at afterConnectMultiple (node:net:1715:7)',
  timestamp: '2026-08-03T10:21:06.593Z'
}
{
  message: '[Redis] Đang thử kết nối lại lần 63... (delay: 2000ms)',
  level: 'warn',
  timestamp: '2026-08-03T10:21:06.594Z'
}
{
  code: 'ECONNREFUSED',
  level: 'error',
  message: '[Redis] Lỗi kết nối Redis:',
  stack: 'AggregateError [ECONNREFUSED]: \n' +
    '    at internalConnectMultiple (node:net:1134:18)\n' +
    '    at afterConnectMultiple (node:net:1715:7)',
  timestamp: '2026-08-03T10:21:08.611Z'
}
{
  message: '[Redis] Đang thử kết nối lại lần 64... (delay: 2000ms)',
  level: 'warn',
  timestamp: '2026-08-03T10:21:08.612Z'
}
{
  code: 'ECONNREFUSED',
  level: 'error',
  message: '[Redis] Lỗi kết nối Redis:',
  stack: 'AggregateError [ECONNREFUSED]: \n' +
    '    at internalConnectMultiple (node:net:1134:18)\n' +
    '    at afterConnectMultiple (node:net:1715:7)',
  timestamp: '2026-08-03T10:21:10.624Z'
}
{
  message: '[Redis] Đang thử kết nối lại lần 65... (delay: 2000ms)',
  level: 'warn',
  timestamp: '2026-08-03T10:21:10.625Z'
}
{
  code: 'ECONNREFUSED',
  level: 'error',
  message: '[Redis] Lỗi kết nối Redis:',
  stack: 'AggregateError [ECONNREFUSED]: \n' +
    '    at internalConnectMultiple (node:net:1134:18)\n' +
    '    at afterConnectMultiple (node:net:1715:7)',
  timestamp: '2026-08-03T10:21:12.637Z'
}
{
  message: '[Redis] Đang thử kết nối lại lần 66... (delay: 2000ms)',
  level: 'warn',
  timestamp: '2026-08-03T10:21:12.638Z'
}
{
  code: 'ECONNREFUSED',
  level: 'error',
  message: '[Redis] Lỗi kết nối Redis:',
  stack: 'AggregateError [ECONNREFUSED]: \n' +
    '    at internalConnectMultiple (node:net:1134:18)\n' +
    '    at afterConnectMultiple (node:net:1715:7)',
  timestamp: '2026-08-03T10:21:14.652Z'
}
{
  message: '[Redis] Đang thử kết nối lại lần 67... (delay: 2000ms)',
  level: 'warn',
  timestamp: '2026-08-03T10:21:14.653Z'
}
{
  query: [Object: null prototype] {
    location: 'Sa Pa',
    checkInDate: '2026-08-13',
    checkOutDate: '2026-08-15',
    adults: '2',
    children: '0',
    rooms: '1'
  },
  level: 'info',
  message: '[SearchController] Search hotels',
  timestamp: '2026-08-03T10:21:16.066Z'
}
{
  message: '[Cache Hit] Lấy danh sách điểm đến hoạt động từ Redis',
  level: 'debug',
  timestamp: '2026-08-03T10:21:16.074Z'
}
{
  message: '[Cache Hit] Lấy danh sách điểm đến hoạt động từ Redis',
  level: 'debug',
  timestamp: '2026-08-03T10:21:16.077Z'
}
{
  query: [Object: null prototype] {
    location: 'Sa Pa',
    checkInDate: '2026-08-13',
    checkOutDate: '2026-08-15',
    adults: '2',
    children: '0',
    rooms: '1'
  },
  level: 'info',
  message: '[SearchController] Search hotels',
  timestamp: '2026-08-03T10:21:16.111Z'
}
{
  code: 'ECONNREFUSED',
  level: 'error',
  message: '[Redis] Lỗi kết nối Redis:',
  stack: 'AggregateError [ECONNREFUSED]: \n' +
    '    at internalConnectMultiple (node:net:1134:18)\n' +
    '    at afterConnectMultiple (node:net:1715:7)',
  timestamp: '2026-08-03T10:21:16.658Z'
}
{
  message: '[Redis] Đang thử kết nối lại lần 68... (delay: 2000ms)',
  level: 'warn',
  timestamp: '2026-08-03T10:21:16.658Z'
}
{
  code: 'ECONNREFUSED',
  level: 'error',
  message: '[Redis] Lỗi kết nối Redis:',
  stack: 'AggregateError [ECONNREFUSED]: \n' +
    '    at internalConnectMultiple (node:net:1134:18)\n' +
    '    at afterConnectMultiple (node:net:1715:7)',
  timestamp: '2026-08-03T10:21:18.670Z'
}
{
  message: '[Redis] Đang thử kết nối lại lần 69... (delay: 2000ms)',
  level: 'warn',
  timestamp: '2026-08-03T10:21:18.671Z'
}
{
  hotelId: '45ea8129-6cde-4f0a-b8a5-701260e11966',
  level: 'info',
  message: '[HotelController] Get hotel by id',
  timestamp: '2026-08-03T10:21:20.149Z'
}
{
  message: '[Cache Miss] Tìm hotel ID: 45ea8129-6cde-4f0a-b8a5-701260e11966 trong Database',
  level: 'debug',
  timestamp: '2026-08-03T10:21:20.150Z'
}
{
  hotelId: '45ea8129-6cde-4f0a-b8a5-701260e11966',
  level: 'info',
  message: '[HotelController] Get hotel by id',
  timestamp: '2026-08-03T10:21:20.174Z'
}
{
  message: '[Cache Hit] Lấy thông tin hotel ID: 45ea8129-6cde-4f0a-b8a5-701260e11966 từ Redis',
  level: 'debug',
  timestamp: '2026-08-03T10:21:20.175Z'
}
{
  code: 'ECONNREFUSED',
  level: 'error',
  message: '[Redis] Lỗi kết nối Redis:',
  stack: 'AggregateError [ECONNREFUSED]: \n' +
    '    at internalConnectMultiple (node:net:1134:18)\n' +
    '    at afterConnectMultiple (node:net:1715:7)',
  timestamp: '2026-08-03T10:21:20.681Z'
}
{
  message: '[Redis] Đang thử kết nối lại lần 70... (delay: 2000ms)',
  level: 'warn',
  timestamp: '2026-08-03T10:21:20.681Z'
}
{
  code: 'ECONNREFUSED',
  level: 'error',
  message: '[Redis] Lỗi kết nối Redis:',
  stack: 'AggregateError [ECONNREFUSED]: \n' +
    '    at internalConnectMultiple (node:net:1134:18)\n' +
    '    at afterConnectMultiple (node:net:1715:7)',
  timestamp: '2026-08-03T10:21:22.691Z'
}
{
  message: '[Redis] Đang thử kết nối lại lần 71... (delay: 2000ms)',
  level: 'warn',
  timestamp: '2026-08-03T10:21:22.691Z'
}
{
  code: 'ECONNREFUSED',
  level: 'error',
  message: '[Redis] Lỗi kết nối Redis:',
  stack: 'AggregateError [ECONNREFUSED]: \n' +
    '    at internalConnectMultiple (node:net:1134:18)\n' +
    '    at afterConnectMultiple (node:net:1715:7)',
  timestamp: '2026-08-03T10:21:24.694Z'
}
{
  message: '[Redis] Đang thử kết nối lại lần 72... (delay: 2000ms)',
  level: 'warn',
  timestamp: '2026-08-03T10:21:24.694Z'
}
{
  code: 'ECONNREFUSED',
  level: 'error',
  message: '[Redis] Lỗi kết nối Redis:',
  stack: 'AggregateError [ECONNREFUSED]: \n' +
    '    at internalConnectMultiple (node:net:1134:18)\n' +
    '    at afterConnectMultiple (node:net:1715:7)',
  timestamp: '2026-08-03T10:21:26.709Z'
}
{
  message: '[Redis] Đang thử kết nối lại lần 73... (delay: 2000ms)',
  level: 'warn',
  timestamp: '2026-08-03T10:21:26.710Z'
}
{
  code: 'ECONNREFUSED',
  level: 'error',
  message: '[Redis] Lỗi kết nối Redis:',
  stack: 'AggregateError [ECONNREFUSED]: \n' +
    '    at internalConnectMultiple (node:net:1134:18)\n' +
    '    at afterConnectMultiple (node:net:1715:7)',
  timestamp: '2026-08-03T10:21:28.712Z'
}
{
  message: '[Redis] Đang thử kết nối lại lần 74... (delay: 2000ms)',
  level: 'warn',
  timestamp: '2026-08-03T10:21:28.712Z'
}
{
  code: 'ECONNREFUSED',
  level: 'error',
  message: '[Redis] Lỗi kết nối Redis:',
  stack: 'AggregateError [ECONNREFUSED]: \n' +
    '    at internalConnectMultiple (node:net:1134:18)\n' +
    '    at afterConnectMultiple (node:net:1715:7)',
  timestamp: '2026-08-03T10:21:30.729Z'
}
{
  message: '[Redis] Đang thử kết nối lại lần 75... (delay: 2000ms)',
  level: 'warn',
  timestamp: '2026-08-03T10:21:30.729Z'
}
{
  code: 'ECONNREFUSED',
  level: 'error',
  message: '[Redis] Lỗi kết nối Redis:',
  stack: 'AggregateError [ECONNREFUSED]: \n' +
    '    at internalConnectMultiple (node:net:1134:18)\n' +
    '    at afterConnectMultiple (node:net:1715:7)',
  timestamp: '2026-08-03T10:21:32.744Z'
}
{
  message: '[Redis] Đang thử kết nối lại lần 76... (delay: 2000ms)',
  level: 'warn',
  timestamp: '2026-08-03T10:21:32.744Z'
}
{
  code: 'ECONNREFUSED',
  level: 'error',
  message: '[Redis] Lỗi kết nối Redis:',
  stack: 'AggregateError [ECONNREFUSED]: \n' +
    '    at internalConnectMultiple (node:net:1134:18)\n' +
    '    at afterConnectMultiple (node:net:1715:7)',
  timestamp: '2026-08-03T10:21:34.751Z'
}
{
  message: '[Redis] Đang thử kết nối lại lần 77... (delay: 2000ms)',
  level: 'warn',
  timestamp: '2026-08-03T10:21:34.751Z'
}
{
  code: 'ECONNREFUSED',
  level: 'error',
  message: '[Redis] Lỗi kết nối Redis:',
  stack: 'AggregateError [ECONNREFUSED]: \n' +
    '    at internalConnectMultiple (node:net:1134:18)\n' +
    '    at afterConnectMultiple (node:net:1715:7)',
  timestamp: '2026-08-03T10:21:36.760Z'
}
{
  message: '[Redis] Đang thử kết nối lại lần 78... (delay: 2000ms)',
  level: 'warn',
  timestamp: '2026-08-03T10:21:36.760Z'
}
{
  code: 'ECONNREFUSED',
  level: 'error',
  message: '[Redis] Lỗi kết nối Redis:',
  stack: 'AggregateError [ECONNREFUSED]: \n' +
    '    at internalConnectMultiple (node:net:1134:18)\n' +
    '    at afterConnectMultiple (node:net:1715:7)',
  timestamp: '2026-08-03T10:21:38.772Z'
}
{
  message: '[Redis] Đang thử kết nối lại lần 79... (delay: 2000ms)',
  level: 'warn',
  timestamp: '2026-08-03T10:21:38.772Z'
}
{
  code: 'ECONNREFUSED',
  level: 'error',
  message: '[Redis] Lỗi kết nối Redis:',
  stack: 'AggregateError [ECONNREFUSED]: \n' +
    '    at internalConnectMultiple (node:net:1134:18)\n' +
    '    at afterConnectMultiple (node:net:1715:7)',
  timestamp: '2026-08-03T10:21:40.779Z'
}
{
  message: '[Redis] Đang thử kết nối lại lần 80... (delay: 2000ms)',
  level: 'warn',
  timestamp: '2026-08-03T10:21:40.779Z'
}
{
  code: 'ECONNREFUSED',
  level: 'error',
  message: '[Redis] Lỗi kết nối Redis:',
  stack: 'AggregateError [ECONNREFUSED]: \n' +
    '    at internalConnectMultiple (node:net:1134:18)\n' +
    '    at afterConnectMultiple (node:net:1715:7)',
  timestamp: '2026-08-03T10:21:42.793Z'
}
{
  message: '[Redis] Đang thử kết nối lại lần 81... (delay: 2000ms)',
  level: 'warn',
  timestamp: '2026-08-03T10:21:42.794Z'
}
{
  code: 'ECONNREFUSED',
  level: 'error',
  message: '[Redis] Lỗi kết nối Redis:',
  stack: 'AggregateError [ECONNREFUSED]: \n' +
    '    at internalConnectMultiple (node:net:1134:18)\n' +
    '    at afterConnectMultiple (node:net:1715:7)',
  timestamp: '2026-08-03T10:21:44.814Z'
}
{
  message: '[Redis] Đang thử kết nối lại lần 82... (delay: 2000ms)',
  level: 'warn',
  timestamp: '2026-08-03T10:21:44.814Z'
}
{
  code: 'ECONNREFUSED',
  level: 'error',
  message: '[Redis] Lỗi kết nối Redis:',
  stack: 'AggregateError [ECONNREFUSED]: \n' +
    '    at internalConnectMultiple (node:net:1134:18)\n' +
    '    at afterConnectMultiple (node:net:1715:7)',
  timestamp: '2026-08-03T10:21:46.820Z'
}
{
  message: '[Redis] Đang thử kết nối lại lần 83... (delay: 2000ms)',
  level: 'warn',
  timestamp: '2026-08-03T10:21:46.820Z'
}
{
  code: 'ECONNREFUSED',
  level: 'error',
  message: '[Redis] Lỗi kết nối Redis:',
  stack: 'AggregateError [ECONNREFUSED]: \n' +
    '    at internalConnectMultiple (node:net:1134:18)\n' +
    '    at afterConnectMultiple (node:net:1715:7)',
  timestamp: '2026-08-03T10:21:48.830Z'
}
{
  message: '[Redis] Đang thử kết nối lại lần 84... (delay: 2000ms)',
  level: 'warn',
  timestamp: '2026-08-03T10:21:48.830Z'
}
{
  code: 'ECONNREFUSED',
  level: 'error',
  message: '[Redis] Lỗi kết nối Redis:',
  stack: 'AggregateError [ECONNREFUSED]: \n' +
    '    at internalConnectMultiple (node:net:1134:18)\n' +
    '    at afterConnectMultiple (node:net:1715:7)',
  timestamp: '2026-08-03T10:21:50.839Z'
}
{
  message: '[Redis] Đang thử kết nối lại lần 85... (delay: 2000ms)',
  level: 'warn',
  timestamp: '2026-08-03T10:21:50.840Z'
}
{
  message: 'Nhận tín hiệu SIGTERM. Đang đóng API Server...',
  level: 'info',
  timestamp: '2026-08-03T10:21:50.645Z'
}
{
  message: 'Express HTTP server đã đóng.',
  level: 'info',
  timestamp: '2026-08-03T10:21:50.646Z'
}
{
  message: '[Redis] Đã đóng kết nối Redis',
  level: 'info',
  timestamp: '2026-08-03T10:21:50.646Z'
}
{
  code: 'ECONNREFUSED',
  level: 'error',
  message: '[Redis] Lỗi kết nối Redis:',
  stack: 'AggregateError [ECONNREFUSED]: \n' +
    '    at internalConnectMultiple (node:net:1134:18)\n' +
    '    at afterConnectMultiple (node:net:1715:7)',
  timestamp: '2026-08-03T10:21:52.852Z'
}
{
  message: '[Redis] Đang thử kết nối lại lần 86... (delay: 2000ms)',
  level: 'warn',
  timestamp: '2026-08-03T10:21:52.853Z'
}
{
  code: 'ECONNREFUSED',
  level: 'error',
  message: '[Redis] Lỗi kết nối Redis:',
  stack: 'AggregateError [ECONNREFUSED]: \n' +
    '    at internalConnectMultiple (node:net:1134:18)\n' +
    '    at afterConnectMultiple (node:net:1715:7)',
  timestamp: '2026-08-03T10:21:54.856Z'
}
{
  message: '[Redis] Đang thử kết nối lại lần 87... (delay: 2000ms)',
  level: 'warn',
  timestamp: '2026-08-03T10:21:54.857Z'
}
{
  code: 'ECONNREFUSED',
  level: 'error',
  message: '[Redis] Lỗi kết nối Redis:',
  stack: 'AggregateError [ECONNREFUSED]: \n' +
    '    at internalConnectMultiple (node:net:1134:18)\n' +
    '    at afterConnectMultiple (node:net:1715:7)',
  timestamp: '2026-08-03T10:21:56.865Z'
}
{
  message: '[Redis] Đang thử kết nối lại lần 88... (delay: 2000ms)',
  level: 'warn',
  timestamp: '2026-08-03T10:21:56.865Z'
}
{
  code: 'ECONNREFUSED',
  level: 'error',
  message: '[Redis] Lỗi kết nối Redis:',
  stack: 'AggregateError [ECONNREFUSED]: \n' +
    '    at internalConnectMultiple (node:net:1134:18)\n' +
    '    at afterConnectMultiple (node:net:1715:7)',
  timestamp: '2026-08-03T10:21:58.875Z'
}
{
  message: '[Redis] Đang thử kết nối lại lần 89... (delay: 2000ms)',
  level: 'warn',
  timestamp: '2026-08-03T10:21:58.875Z'
}
{
  code: 'ECONNREFUSED',
  level: 'error',
  message: '[Redis] Lỗi kết nối Redis:',
  stack: 'AggregateError [ECONNREFUSED]: \n' +
    '    at internalConnectMultiple (node:net:1134:18)\n' +
    '    at afterConnectMultiple (node:net:1715:7)',
  timestamp: '2026-08-03T10:22:00.890Z'
}
{
  message: '[Redis] Đang thử kết nối lại lần 90... (delay: 2000ms)',
  level: 'warn',
  timestamp: '2026-08-03T10:22:00.890Z'
}
{
  message: '[SchedulerService] Khởi tạo các cron job...',
  level: 'info',
  timestamp: '2026-08-03T12:08:49.857Z'
}
{
  message: 'Booking API Service đang chạy tại port 3000 (Môi trường: development)',
  level: 'info',
  timestamp: '2026-08-03T12:08:49.957Z'
}
{
  message: '[Redis] Kết nối thành công tới Redis server',
  level: 'info',
  timestamp: '2026-08-03T12:08:49.962Z'
}
{
  message: '[SchedulerService] Đang kiểm tra các booking hết hạn thanh toán...',
  level: 'info',
  timestamp: '2026-08-03T12:10:00.003Z'
}
{
  message: '[SchedulerService] Đang kiểm tra các booking hết hạn thanh toán...',
  level: 'info',
  timestamp: '2026-08-03T12:15:00.002Z'
}
{
  message: '[SchedulerService] Đang kiểm tra các booking hết hạn thanh toán...',
  level: 'info',
  timestamp: '2026-08-03T12:20:00.005Z'
}
{
  message: '[SchedulerService] Đang kiểm tra các booking hết hạn thanh toán...',
  level: 'info',
  timestamp: '2026-08-03T12:25:00.003Z'
}
{
  message: '[SchedulerService] Đang kiểm tra các booking hết hạn thanh toán...',
  level: 'info',
  timestamp: '2026-08-03T12:30:00.002Z'
}
{
  message: '[SchedulerService] Đang kiểm tra các booking hết hạn thanh toán...',
  level: 'info',
  timestamp: '2026-08-03T12:35:00.004Z'
}
{
  message: '[SchedulerService] Đang kiểm tra các booking hết hạn thanh toán...',
  level: 'info',
  timestamp: '2026-08-03T12:40:00.003Z'
}
{
  message: '[SchedulerService] Đang kiểm tra các booking hết hạn thanh toán...',
  level: 'info',
  timestamp: '2026-08-03T12:45:00.003Z'
}
{
  message: '[SchedulerService] Đang kiểm tra các booking hết hạn thanh toán...',
  level: 'info',
  timestamp: '2026-08-03T12:50:00.002Z'
}
{
  message: '[SchedulerService] Đang kiểm tra các booking hết hạn thanh toán...',
  level: 'info',
  timestamp: '2026-08-03T12:55:00.001Z'
}
{
  message: '[SchedulerService] Đang kiểm tra các booking hết hạn thanh toán...',
  level: 'info',
  timestamp: '2026-08-03T13:00:00.002Z'
}
{
  message: '[SchedulerService] Đang kiểm tra các booking hết hạn thanh toán...',
  level: 'info',
  timestamp: '2026-08-03T13:05:00.002Z'
}
{
  page: '1',
  limit: '10',
  status: 'ACTIVE',
  level: 'info',
  message: '[HotelController] Get all hotels with queries',
  timestamp: '2026-08-03T13:09:51.788Z'
}
{
  message: '[Cache Hit] Lấy danh sách điểm đến hoạt động từ Redis',
  level: 'debug',
  timestamp: '2026-08-03T13:09:51.802Z'
}
{
  message: '[Cache Hit] Lấy danh sách điểm đến hoạt động từ Redis',
  level: 'debug',
  timestamp: '2026-08-03T13:09:52.075Z'
}
{
  message: '[Cache Hit] Lấy danh sách điểm đến hoạt động từ Redis',
  level: 'debug',
  timestamp: '2026-08-03T13:09:52.102Z'
}
{
  message: '[Cache Hit] Lấy danh sách điểm đến hoạt động từ Redis',
  level: 'debug',
  timestamp: '2026-08-03T13:09:52.130Z'
}
{
  page: '1',
  limit: '10',
  status: 'ACTIVE',
  level: 'info',
  message: '[HotelController] Get all hotels with queries',
  timestamp: '2026-08-03T13:09:52.279Z'
}
{
  message: '[SchedulerService] Đang kiểm tra các booking hết hạn thanh toán...',
  level: 'info',
  timestamp: '2026-08-03T13:10:00.004Z'
}
{
  email: 'tranhieudz2024@gmail.com',
  level: 'info',
  message: '[AuthController] Register user',
  timestamp: '2026-08-03T13:10:35.439Z'
}
{
  message: 'Fetching user details for Email: tranhieudz2024@gmail.com',
  level: 'debug',
  timestamp: '2026-08-03T13:10:35.440Z'
}
{
  message: '[Cache Miss] Tìm email tranhieudz2024@gmail.com trong Database',
  level: 'debug',
  timestamp: '2026-08-03T13:10:35.441Z'
}
{
  message: 'User with Email tranhieudz2024@gmail.com not found',
  level: 'warn',
  timestamp: '2026-08-03T13:10:35.485Z'
}
{
  userId: '6173a954-cbea-43c4-bbf1-ace8f7b9bc1e',
  email: 'tranhieudz2024@gmail.com',
  level: 'info',
  message: 'User created successfully by admin',
  timestamp: '2026-08-03T13:10:35.655Z'
}
{
  message: '[AuthService] Password registration started for user: tranhieudz2024@gmail.com',
  level: 'info',
  timestamp: '2026-08-03T13:10:35.657Z'
}
{
  message: 'Đã gửi email tới tranhieudz2024@gmail.com',
  level: 'info',
  timestamp: '2026-08-03T13:10:38.979Z'
}
{
  message: '[AuthController] Verify Registration OTP',
  level: 'info',
  timestamp: '2026-08-03T13:11:02.664Z'
}
{
  message: 'Fetching user details for Email: tranhieudz2024@gmail.com',
  level: 'debug',
  timestamp: '2026-08-03T13:11:02.671Z'
}
{
  message: '[Cache Miss] Tìm email tranhieudz2024@gmail.com trong Database',
  level: 'debug',
  timestamp: '2026-08-03T13:11:02.672Z'
}
{
  message: 'Trạng thái của User 6173a954-cbea-43c4-bbf1-ace8f7b9bc1e đã đổi thành: ACTIVE',
  level: 'info',
  timestamp: '2026-08-03T13:11:02.737Z'
}
{
  message: '[AuthService] Registration OTP verified successfully for user: tranhieudz2024@gmail.com',
  level: 'info',
  timestamp: '2026-08-03T13:11:02.737Z'
}
{
  email: 'tranhieudz2024@gmail.com',
  level: 'info',
  message: '[AuthController] Login with Password',
  timestamp: '2026-08-03T13:11:20.000Z'
}
{
  message: 'User ID 6173a954-cbea-43c4-bbf1-ace8f7b9bc1e đăng nhập thành công. Đã làm sạch lịch sử đăng nhập sai.',
  level: 'info',
  timestamp: '2026-08-03T13:11:20.076Z'
}
{
  message: '[AuthService] Password login successful for user: tranhieudz2024@gmail.com',
  level: 'info',
  timestamp: '2026-08-03T13:11:20.097Z'
}
{
  userId: '6173a954-cbea-43c4-bbf1-ace8f7b9bc1e',
  level: 'info',
  message: '[AuthController] Get Me',
  timestamp: '2026-08-03T13:11:20.130Z'
}
{
  message: 'Fetching user details for ID: 6173a954-cbea-43c4-bbf1-ace8f7b9bc1e',
  level: 'debug',
  timestamp: '2026-08-03T13:11:20.132Z'
}
{
  message: '[Cache Miss] Tìm user ID: 6173a954-cbea-43c4-bbf1-ace8f7b9bc1e trong Database',
  level: 'debug',
  timestamp: '2026-08-03T13:11:20.138Z'
}
{
  message: '[Cache Hit] Lấy danh sách điểm đến hoạt động từ Redis',
  level: 'debug',
  timestamp: '2026-08-03T13:11:20.225Z'
}
{
  message: '[Cache Hit] Lấy danh sách điểm đến hoạt động từ Redis',
  level: 'debug',
  timestamp: '2026-08-03T13:11:20.253Z'
}
{
  page: '1',
  limit: '10',
  status: 'ACTIVE',
  level: 'info',
  message: '[HotelController] Get all hotels with queries',
  timestamp: '2026-08-03T13:11:20.261Z'
}
{
  message: '[Cache Hit] Lấy danh sách điểm đến hoạt động từ Redis',
  level: 'debug',
  timestamp: '2026-08-03T13:11:20.266Z'
}
{
  page: '1',
  limit: '10',
  status: 'ACTIVE',
  level: 'info',
  message: '[HotelController] Get all hotels with queries',
  timestamp: '2026-08-03T13:11:20.278Z'
}
{
  message: '[Cache Hit] Lấy danh sách điểm đến hoạt động từ Redis',
  level: 'debug',
  timestamp: '2026-08-03T13:11:20.281Z'
}
{
  message: 'GLOBAL ERROR HANDLER CAUGHT: Error: Dữ liệu gửi lên không hợp lệ.\n' +
    '    at <anonymous> (/app/src/middlewares/validationMiddleware.ts:41:11)\n' +
    '    at process.processTicksAndRejections (node:internal/process/task_queues:95:5)',
  level: 'error',
  timestamp: '2026-08-03T13:11:45.694Z'
}
{
  email: 'tranhieudz2024@gmail.com',
  level: 'info',
  message: '[AuthController] Login with Password',
  timestamp: '2026-08-03T13:11:48.995Z'
}
{
  message: 'User ID 6173a954-cbea-43c4-bbf1-ace8f7b9bc1e nhập sai thông tin đăng nhập.',
  level: 'warn',
  timestamp: '2026-08-03T13:11:49.073Z'
}
{
  message: 'GLOBAL ERROR HANDLER CAUGHT: Error: Email hoặc mật khẩu không chính xác.\n' +
    '    at <anonymous> (/app/src/modules/auth/services/authService.ts:151:15)\n' +
    '    at process.processTicksAndRejections (node:internal/process/task_queues:95:5)\n' +
    '    at async Proxy._transactionWithCallback (/app/generated/prisma/runtime/client.js:79:4800)\n' +
    '    at async loginWithPassword (/app/src/modules/auth/controllers/authController.ts:118:20)',
  level: 'error',
  timestamp: '2026-08-03T13:11:49.083Z'
}
{
  message: '[AuthController] Refresh Tokens',
  level: 'info',
  timestamp: '2026-08-03T13:11:49.091Z'
}
{
  message: 'Fetching user details for ID: 6173a954-cbea-43c4-bbf1-ace8f7b9bc1e',
  level: 'debug',
  timestamp: '2026-08-03T13:11:49.096Z'
}
{
  message: '[Cache Hit] Lấy thông tin user ID: 6173a954-cbea-43c4-bbf1-ace8f7b9bc1e từ Redis',
  level: 'debug',
  timestamp: '2026-08-03T13:11:49.097Z'
}
{
  message: '[AuthService] Tokens refreshed successfully for user: tranhieudz2024@gmail.com',
  level: 'info',
  timestamp: '2026-08-03T13:11:49.108Z'
}
{
  userId: '6173a954-cbea-43c4-bbf1-ace8f7b9bc1e',
  level: 'info',
  message: '[AuthController] Get Me',
  timestamp: '2026-08-03T13:11:49.131Z'
}
{
  message: 'Fetching user details for ID: 6173a954-cbea-43c4-bbf1-ace8f7b9bc1e',
  level: 'debug',
  timestamp: '2026-08-03T13:11:49.132Z'
}
{
  message: '[Cache Hit] Lấy thông tin user ID: 6173a954-cbea-43c4-bbf1-ace8f7b9bc1e từ Redis',
  level: 'debug',
  timestamp: '2026-08-03T13:11:49.133Z'
}
{
  email: 'tranhieudz2024@gmail.com',
  level: 'info',
  message: '[AuthController] Login with Password',
  timestamp: '2026-08-03T13:14:33.790Z'
}
{
  message: 'User ID 6173a954-cbea-43c4-bbf1-ace8f7b9bc1e nhập sai thông tin đăng nhập.',
  level: 'warn',
  timestamp: '2026-08-03T13:14:33.857Z'
}
{
  message: 'GLOBAL ERROR HANDLER CAUGHT: Error: Email hoặc mật khẩu không chính xác.\n' +
    '    at <anonymous> (/app/src/modules/auth/services/authService.ts:151:15)\n' +
    '    at process.processTicksAndRejections (node:internal/process/task_queues:95:5)\n' +
    '    at async Proxy._transactionWithCallback (/app/generated/prisma/runtime/client.js:79:4800)\n' +
    '    at async loginWithPassword (/app/src/modules/auth/controllers/authController.ts:118:20)',
  level: 'error',
  timestamp: '2026-08-03T13:14:33.861Z'
}
{
  message: '[AuthController] Refresh Tokens',
  level: 'info',
  timestamp: '2026-08-03T13:14:33.867Z'
}
{
  message: 'Fetching user details for ID: 6173a954-cbea-43c4-bbf1-ace8f7b9bc1e',
  level: 'debug',
  timestamp: '2026-08-03T13:14:33.871Z'
}
{
  message: '[Cache Hit] Lấy thông tin user ID: 6173a954-cbea-43c4-bbf1-ace8f7b9bc1e từ Redis',
  level: 'debug',
  timestamp: '2026-08-03T13:14:33.872Z'
}
{
  message: '[AuthService] Tokens refreshed successfully for user: tranhieudz2024@gmail.com',
  level: 'info',
  timestamp: '2026-08-03T13:14:33.880Z'
}
{
  email: 'tranhieudz2024@gmail.com',
  level: 'info',
  message: '[AuthController] Login with Password',
  timestamp: '2026-08-03T13:14:33.930Z'
}
{
  message: 'User ID 6173a954-cbea-43c4-bbf1-ace8f7b9bc1e nhập sai thông tin đăng nhập.',
  level: 'warn',
  timestamp: '2026-08-03T13:14:33.983Z'
}
{
  message: 'GLOBAL ERROR HANDLER CAUGHT: Error: Email hoặc mật khẩu không chính xác.\n' +
    '    at <anonymous> (/app/src/modules/auth/services/authService.ts:151:15)\n' +
    '    at process.processTicksAndRejections (node:internal/process/task_queues:95:5)\n' +
    '    at async Proxy._transactionWithCallback (/app/generated/prisma/runtime/client.js:79:4800)\n' +
    '    at async loginWithPassword (/app/src/modules/auth/controllers/authController.ts:118:20)',
  level: 'error',
  timestamp: '2026-08-03T13:14:33.987Z'
}
{
  email: 'tranhieudz2024@gmail.com',
  level: 'info',
  message: '[AuthController] Send OTP',
  timestamp: '2026-08-03T13:14:38.987Z'
}
{
  message: 'Đã gửi email tới tranhieudz2024@gmail.com',
  level: 'info',
  timestamp: '2026-08-03T13:14:42.238Z'
}
{
  message: '[SchedulerService] Đang kiểm tra các booking hết hạn thanh toán...',
  level: 'info',
  timestamp: '2026-08-03T13:15:00.002Z'
}
{
  email: undefined,
  level: 'info',
  message: '[AuthController] Reset Password',
  timestamp: '2026-08-03T13:15:01.412Z'
}
{
  message: 'Fetching user details for Email: tranhieudz2024@gmail.com',
  level: 'debug',
  timestamp: '2026-08-03T13:15:01.413Z'
}
{
  message: '[Cache Miss] Tìm email tranhieudz2024@gmail.com trong Database',
  level: 'debug',
  timestamp: '2026-08-03T13:15:01.414Z'
}
{
  message: 'User ID 6173a954-cbea-43c4-bbf1-ace8f7b9bc1e đã cập nhật mật khẩu thành công.',
  level: 'info',
  timestamp: '2026-08-03T13:15:01.483Z'
}
{
  message: '[AuthService] Password reset successful for user: tranhieudz2024@gmail.com',
  level: 'info',
  timestamp: '2026-08-03T13:15:01.489Z'
}
{
  email: 'tranhieudz2024@gmail.com',
  level: 'info',
  message: '[AuthController] Login with Password',
  timestamp: '2026-08-03T13:15:07.689Z'
}
{
  message: 'User ID 6173a954-cbea-43c4-bbf1-ace8f7b9bc1e nhập sai thông tin đăng nhập.',
  level: 'warn',
  timestamp: '2026-08-03T13:15:07.756Z'
}
{
  message: 'GLOBAL ERROR HANDLER CAUGHT: Error: Email hoặc mật khẩu không chính xác.\n' +
    '    at <anonymous> (/app/src/modules/auth/services/authService.ts:151:15)\n' +
    '    at process.processTicksAndRejections (node:internal/process/task_queues:95:5)\n' +
    '    at async Proxy._transactionWithCallback (/app/generated/prisma/runtime/client.js:79:4800)\n' +
    '    at async loginWithPassword (/app/src/modules/auth/controllers/authController.ts:118:20)',
  level: 'error',
  timestamp: '2026-08-03T13:15:07.758Z'
}
{
  message: '[AuthController] Refresh Tokens',
  level: 'info',
  timestamp: '2026-08-03T13:15:07.764Z'
}
{
  message: '[AuthService] Token reuse detected for user 6173a954-cbea-43c4-bbf1-ace8f7b9bc1e! Revoking all tokens.',
  level: 'warn',
  timestamp: '2026-08-03T13:15:07.766Z'
}
{
  message: 'GLOBAL ERROR HANDLER CAUGHT: Error: Refresh Token không hợp lệ hoặc đã bị đăng xuất.\n' +
    '    at AuthService.refreshTokens (/app/src/modules/auth/services/authService.ts:300:13)\n' +
    '    at process.processTicksAndRejections (node:internal/process/task_queues:95:5)\n' +
    '    at async refreshTokens (/app/src/modules/auth/controllers/authController.ts:177:20)',
  level: 'error',
  timestamp: '2026-08-03T13:15:07.768Z'
}
{
  message: '[SchedulerService] Đang kiểm tra các booking hết hạn thanh toán...',
  level: 'info',
  timestamp: '2026-08-03T13:20:00.003Z'
}
{
  message: '[SchedulerService] Đang kiểm tra các booking hết hạn thanh toán...',
  level: 'info',
  timestamp: '2026-08-03T13:25:00.007Z'
}
{
  email: 'tranhieudz2024@gmail.com',
  level: 'info',
  message: '[AuthController] Login with Password',
  timestamp: '2026-08-03T13:25:29.813Z'
}
{
  message: 'User ID 6173a954-cbea-43c4-bbf1-ace8f7b9bc1e đăng nhập thành công. Đã làm sạch lịch sử đăng nhập sai.',
  level: 'info',
  timestamp: '2026-08-03T13:25:29.886Z'
}
{
  message: '[AuthService] Password login successful for user: tranhieudz2024@gmail.com',
  level: 'info',
  timestamp: '2026-08-03T13:25:29.891Z'
}
{
  userId: '6173a954-cbea-43c4-bbf1-ace8f7b9bc1e',
  level: 'info',
  message: '[AuthController] Get Me',
  timestamp: '2026-08-03T13:25:29.910Z'
}
{
  message: 'Fetching user details for ID: 6173a954-cbea-43c4-bbf1-ace8f7b9bc1e',
  level: 'debug',
  timestamp: '2026-08-03T13:25:29.910Z'
}
{
  message: '[Cache Miss] Tìm user ID: 6173a954-cbea-43c4-bbf1-ace8f7b9bc1e trong Database',
  level: 'debug',
  timestamp: '2026-08-03T13:25:29.911Z'
}
{
  message: '[Cache Hit] Lấy danh sách điểm đến hoạt động từ Redis',
  level: 'debug',
  timestamp: '2026-08-03T13:25:30.044Z'
}
{
  page: '1',
  limit: '10',
  status: 'ACTIVE',
  level: 'info',
  message: '[HotelController] Get all hotels with queries',
  timestamp: '2026-08-03T13:25:30.062Z'
}
{
  message: '[Cache Hit] Lấy danh sách điểm đến hoạt động từ Redis',
  level: 'debug',
  timestamp: '2026-08-03T13:25:30.065Z'
}
{
  page: '1',
  limit: '10',
  status: 'ACTIVE',
  level: 'info',
  message: '[HotelController] Get all hotels with queries',
  timestamp: '2026-08-03T13:25:30.097Z'
}
{
  message: '[Cache Hit] Lấy danh sách điểm đến hoạt động từ Redis',
  level: 'debug',
  timestamp: '2026-08-03T13:25:30.099Z'
}
{
  message: '[Cache Hit] Lấy danh sách điểm đến hoạt động từ Redis',
  level: 'debug',
  timestamp: '2026-08-03T13:25:30.106Z'
}
{
  userId: '6173a954-cbea-43c4-bbf1-ace8f7b9bc1e',
  level: 'info',
  message: '[AuthController] Change Password',
  timestamp: '2026-08-03T13:26:34.189Z'
}
{
  message: 'Fetching user details for ID: 6173a954-cbea-43c4-bbf1-ace8f7b9bc1e',
  level: 'debug',
  timestamp: '2026-08-03T13:26:34.190Z'
}
{
  message: '[Cache Hit] Lấy thông tin user ID: 6173a954-cbea-43c4-bbf1-ace8f7b9bc1e từ Redis',
  level: 'debug',
  timestamp: '2026-08-03T13:26:34.190Z'
}
{
  message: 'GLOBAL ERROR HANDLER CAUGHT: Error: Vui lòng nhập mật khẩu cũ.\n' +
    '    at AuthService.changePassword (/app/src/modules/auth/services/authService.ts:397:15)\n' +
    '    at process.processTicksAndRejections (node:internal/process/task_queues:95:5)\n' +
    '    at async changePassword (/app/src/modules/auth/controllers/authController.ts:228:5)',
  level: 'error',
  timestamp: '2026-08-03T13:26:34.210Z'
}
{
  userId: '6173a954-cbea-43c4-bbf1-ace8f7b9bc1e',
  level: 'info',
  message: '[AuthController] Change Password',
  timestamp: '2026-08-03T13:26:49.750Z'
}
{
  message: 'Fetching user details for ID: 6173a954-cbea-43c4-bbf1-ace8f7b9bc1e',
  level: 'debug',
  timestamp: '2026-08-03T13:26:49.752Z'
}
{
  message: '[Cache Hit] Lấy thông tin user ID: 6173a954-cbea-43c4-bbf1-ace8f7b9bc1e từ Redis',
  level: 'debug',
  timestamp: '2026-08-03T13:26:49.754Z'
}
{
  message: 'GLOBAL ERROR HANDLER CAUGHT: Error: Vui lòng nhập mật khẩu cũ.\n' +
    '    at AuthService.changePassword (/app/src/modules/auth/services/authService.ts:397:15)\n' +
    '    at process.processTicksAndRejections (node:internal/process/task_queues:95:5)\n' +
    '    at async changePassword (/app/src/modules/auth/controllers/authController.ts:228:5)',
  level: 'error',
  timestamp: '2026-08-03T13:26:49.774Z'
}
{
  userId: '6173a954-cbea-43c4-bbf1-ace8f7b9bc1e',
  level: 'info',
  message: '[UserController] Update profile',
  timestamp: '2026-08-03T13:27:06.318Z'
}
{
  message: 'Cập nhật hồ sơ thành công cho User ID: 6173a954-cbea-43c4-bbf1-ace8f7b9bc1e',
  level: 'info',
  timestamp: '2026-08-03T13:27:06.358Z'
}
{
  userId: '6173a954-cbea-43c4-bbf1-ace8f7b9bc1e',
  level: 'info',
  message: '[UserController] Update profile',
  timestamp: '2026-08-03T13:27:12.383Z'
}
{
  message: 'Cập nhật hồ sơ thành công cho User ID: 6173a954-cbea-43c4-bbf1-ace8f7b9bc1e',
  level: 'info',
  timestamp: '2026-08-03T13:27:12.403Z'
}
{
  message: '[Cache Hit] Lấy danh sách điểm đến hoạt động từ Redis',
  level: 'debug',
  timestamp: '2026-08-03T13:27:23.814Z'
}
{
  page: '1',
  limit: '10',
  status: 'ACTIVE',
  level: 'info',
  message: '[HotelController] Get all hotels with queries',
  timestamp: '2026-08-03T13:27:23.817Z'
}
{
  message: '[Cache Hit] Lấy danh sách điểm đến hoạt động từ Redis',
  level: 'debug',
  timestamp: '2026-08-03T13:27:23.824Z'
}
{
  page: '1',
  limit: '10',
  status: 'ACTIVE',
  level: 'info',
  message: '[HotelController] Get all hotels with queries',
  timestamp: '2026-08-03T13:27:23.835Z'
}
{
  message: '[Cache Hit] Lấy danh sách điểm đến hoạt động từ Redis',
  level: 'debug',
  timestamp: '2026-08-03T13:27:23.840Z'
}
{
  message: '[Cache Hit] Lấy danh sách điểm đến hoạt động từ Redis',
  level: 'debug',
  timestamp: '2026-08-03T13:27:23.856Z'
}
{
  message: '[SchedulerService] Đang kiểm tra các booking hết hạn thanh toán...',
  level: 'info',
  timestamp: '2026-08-03T13:30:00.003Z'
}
{
  message: '[SchedulerService] Đang kiểm tra các booking hết hạn thanh toán...',
  level: 'info',
  timestamp: '2026-08-03T13:35:00.003Z'
}
{
  code: 'ECONNREFUSED',
  level: 'error',
  message: '[Redis] Lỗi kết nối Redis:',
  stack: 'AggregateError [ECONNREFUSED]: \n' +
    '    at internalConnectMultiple (node:net:1134:18)\n' +
    '    at afterConnectMultiple (node:net:1715:7)',
  timestamp: '2026-08-03T13:36:51.211Z'
}
{
  message: '[Redis] Đang thử kết nối lại lần 1... (delay: 50ms)',
  level: 'warn',
  timestamp: '2026-08-03T13:36:51.213Z'
}
{
  code: 'ECONNREFUSED',
  level: 'error',
  message: '[Redis] Lỗi kết nối Redis:',
  stack: 'AggregateError [ECONNREFUSED]: \n' +
    '    at internalConnectMultiple (node:net:1134:18)\n' +
    '    at afterConnectMultiple (node:net:1715:7)',
  timestamp: '2026-08-03T13:36:51.265Z'
}
{
  message: '[Redis] Đang thử kết nối lại lần 2... (delay: 100ms)',
  level: 'warn',
  timestamp: '2026-08-03T13:36:51.266Z'
}
{
  code: 'ECONNREFUSED',
  level: 'error',
  message: '[Redis] Lỗi kết nối Redis:',
  stack: 'AggregateError [ECONNREFUSED]: \n' +
    '    at internalConnectMultiple (node:net:1134:18)\n' +
    '    at afterConnectMultiple (node:net:1715:7)',
  timestamp: '2026-08-03T13:36:51.370Z'
}
{
  message: '[Redis] Đang thử kết nối lại lần 3... (delay: 150ms)',
  level: 'warn',
  timestamp: '2026-08-03T13:36:51.371Z'
}
{
  code: 'ECONNREFUSED',
  level: 'error',
  message: '[Redis] Lỗi kết nối Redis:',
  stack: 'AggregateError [ECONNREFUSED]: \n' +
    '    at internalConnectMultiple (node:net:1134:18)\n' +
    '    at afterConnectMultiple (node:net:1715:7)',
  timestamp: '2026-08-03T13:36:51.529Z'
}
{
  message: '[Redis] Đang thử kết nối lại lần 4... (delay: 200ms)',
  level: 'warn',
  timestamp: '2026-08-03T13:36:51.530Z'
}
{
  code: 'ECONNREFUSED',
  level: 'error',
  message: '[Redis] Lỗi kết nối Redis:',
  stack: 'AggregateError [ECONNREFUSED]: \n' +
    '    at internalConnectMultiple (node:net:1134:18)\n' +
    '    at afterConnectMultiple (node:net:1715:7)',
  timestamp: '2026-08-03T13:36:51.749Z'
}
{
  message: '[Redis] Đang thử kết nối lại lần 5... (delay: 250ms)',
  level: 'warn',
  timestamp: '2026-08-03T13:36:51.751Z'
}
{
  code: 'ECONNREFUSED',
  level: 'error',
  message: '[Redis] Lỗi kết nối Redis:',
  stack: 'AggregateError [ECONNREFUSED]: \n' +
    '    at internalConnectMultiple (node:net:1134:18)\n' +
    '    at afterConnectMultiple (node:net:1715:7)',
  timestamp: '2026-08-03T13:36:52.011Z'
}
{
  message: '[Redis] Đang thử kết nối lại lần 6... (delay: 300ms)',
  level: 'warn',
  timestamp: '2026-08-03T13:36:52.012Z'
}
{
  code: 'ECONNREFUSED',
  level: 'error',
  message: '[Redis] Lỗi kết nối Redis:',
  stack: 'AggregateError [ECONNREFUSED]: \n' +
    '    at internalConnectMultiple (node:net:1134:18)\n' +
    '    at afterConnectMultiple (node:net:1715:7)',
  timestamp: '2026-08-03T13:36:52.323Z'
}
{
  message: '[Redis] Đang thử kết nối lại lần 7... (delay: 350ms)',
  level: 'warn',
  timestamp: '2026-08-03T13:36:52.324Z'
}
{
  code: 'ECONNREFUSED',
  level: 'error',
  message: '[Redis] Lỗi kết nối Redis:',
  stack: 'AggregateError [ECONNREFUSED]: \n' +
    '    at internalConnectMultiple (node:net:1134:18)\n' +
    '    at afterConnectMultiple (node:net:1715:7)',
  timestamp: '2026-08-03T13:36:52.681Z'
}
{
  message: '[Redis] Đang thử kết nối lại lần 8... (delay: 400ms)',
  level: 'warn',
  timestamp: '2026-08-03T13:36:52.681Z'
}
{
  code: 'ECONNREFUSED',
  level: 'error',
  message: '[Redis] Lỗi kết nối Redis:',
  stack: 'AggregateError [ECONNREFUSED]: \n' +
    '    at internalConnectMultiple (node:net:1134:18)\n' +
    '    at afterConnectMultiple (node:net:1715:7)',
  timestamp: '2026-08-03T13:36:53.088Z'
}
{
  message: '[Redis] Đang thử kết nối lại lần 9... (delay: 450ms)',
  level: 'warn',
  timestamp: '2026-08-03T13:36:53.088Z'
}
{
  code: 'ECONNREFUSED',
  level: 'error',
  message: '[Redis] Lỗi kết nối Redis:',
  stack: 'AggregateError [ECONNREFUSED]: \n' +
    '    at internalConnectMultiple (node:net:1134:18)\n' +
    '    at afterConnectMultiple (node:net:1715:7)',
  timestamp: '2026-08-03T13:36:53.541Z'
}
{
  message: '[Redis] Đang thử kết nối lại lần 10... (delay: 500ms)',
  level: 'warn',
  timestamp: '2026-08-03T13:36:53.542Z'
}
{
  code: 'ECONNREFUSED',
  level: 'error',
  message: '[Redis] Lỗi kết nối Redis:',
  stack: 'AggregateError [ECONNREFUSED]: \n' +
    '    at internalConnectMultiple (node:net:1134:18)\n' +
    '    at afterConnectMultiple (node:net:1715:7)',
  timestamp: '2026-08-03T13:36:54.058Z'
}
{
  message: '[Redis] Đang thử kết nối lại lần 11... (delay: 550ms)',
  level: 'warn',
  timestamp: '2026-08-03T13:36:54.059Z'
}
{
  code: 'ECONNREFUSED',
  level: 'error',
  message: '[Redis] Lỗi kết nối Redis:',
  stack: 'AggregateError [ECONNREFUSED]: \n' +
    '    at internalConnectMultiple (node:net:1134:18)\n' +
    '    at afterConnectMultiple (node:net:1715:7)',
  timestamp: '2026-08-03T13:36:54.622Z'
}
{
  message: '[Redis] Đang thử kết nối lại lần 12... (delay: 600ms)',
  level: 'warn',
  timestamp: '2026-08-03T13:36:54.623Z'
}
{
  code: 'ECONNREFUSED',
  level: 'error',
  message: '[Redis] Lỗi kết nối Redis:',
  stack: 'AggregateError [ECONNREFUSED]: \n' +
    '    at internalConnectMultiple (node:net:1134:18)\n' +
    '    at afterConnectMultiple (node:net:1715:7)',
  timestamp: '2026-08-03T13:36:55.233Z'
}
{
  message: '[Redis] Đang thử kết nối lại lần 13... (delay: 650ms)',
  level: 'warn',
  timestamp: '2026-08-03T13:36:55.233Z'
}
{
  code: 'ECONNREFUSED',
  level: 'error',
  message: '[Redis] Lỗi kết nối Redis:',
  stack: 'AggregateError [ECONNREFUSED]: \n' +
    '    at internalConnectMultiple (node:net:1134:18)\n' +
    '    at afterConnectMultiple (node:net:1715:7)',
  timestamp: '2026-08-03T13:36:55.887Z'
}
{
  message: '[Redis] Đang thử kết nối lại lần 14... (delay: 700ms)',
  level: 'warn',
  timestamp: '2026-08-03T13:36:55.887Z'
}
{
  code: 'ECONNREFUSED',
  level: 'error',
  message: '[Redis] Lỗi kết nối Redis:',
  stack: 'AggregateError [ECONNREFUSED]: \n' +
    '    at internalConnectMultiple (node:net:1134:18)\n' +
    '    at afterConnectMultiple (node:net:1715:7)',
  timestamp: '2026-08-03T13:36:56.594Z'
}
{
  message: '[Redis] Đang thử kết nối lại lần 15... (delay: 750ms)',
  level: 'warn',
  timestamp: '2026-08-03T13:36:56.594Z'
}
{
  code: 'ECONNREFUSED',
  level: 'error',
  message: '[Redis] Lỗi kết nối Redis:',
  stack: 'AggregateError [ECONNREFUSED]: \n' +
    '    at internalConnectMultiple (node:net:1134:18)\n' +
    '    at afterConnectMultiple (node:net:1715:7)',
  timestamp: '2026-08-03T13:36:57.353Z'
}
{
  message: '[Redis] Đang thử kết nối lại lần 16... (delay: 800ms)',
  level: 'warn',
  timestamp: '2026-08-03T13:36:57.353Z'
}
{
  code: 'ECONNREFUSED',
  level: 'error',
  message: '[Redis] Lỗi kết nối Redis:',
  stack: 'AggregateError [ECONNREFUSED]: \n' +
    '    at internalConnectMultiple (node:net:1134:18)\n' +
    '    at afterConnectMultiple (node:net:1715:7)',
  timestamp: '2026-08-03T13:36:58.168Z'
}
{
  message: '[Redis] Đang thử kết nối lại lần 17... (delay: 850ms)',
  level: 'warn',
  timestamp: '2026-08-03T13:36:58.168Z'
}
{
  code: 'ECONNREFUSED',
  level: 'error',
  message: '[Redis] Lỗi kết nối Redis:',
  stack: 'AggregateError [ECONNREFUSED]: \n' +
    '    at internalConnectMultiple (node:net:1134:18)\n' +
    '    at afterConnectMultiple (node:net:1715:7)',
  timestamp: '2026-08-03T13:36:59.027Z'
}
{
  message: '[Redis] Đang thử kết nối lại lần 18... (delay: 900ms)',
  level: 'warn',
  timestamp: '2026-08-03T13:36:59.028Z'
}
{
  code: 'ECONNREFUSED',
  level: 'error',
  message: '[Redis] Lỗi kết nối Redis:',
  stack: 'AggregateError [ECONNREFUSED]: \n' +
    '    at internalConnectMultiple (node:net:1134:18)\n' +
    '    at afterConnectMultiple (node:net:1715:7)',
  timestamp: '2026-08-03T13:36:59.932Z'
}
{
  message: '[Redis] Đang thử kết nối lại lần 19... (delay: 950ms)',
  level: 'warn',
  timestamp: '2026-08-03T13:36:59.933Z'
}
{
  code: 'ECONNREFUSED',
  level: 'error',
  message: '[Redis] Lỗi kết nối Redis:',
  stack: 'AggregateError [ECONNREFUSED]: \n' +
    '    at internalConnectMultiple (node:net:1134:18)\n' +
    '    at afterConnectMultiple (node:net:1715:7)',
  timestamp: '2026-08-03T13:37:00.894Z'
}
{
  message: '[Redis] Đang thử kết nối lại lần 20... (delay: 1000ms)',
  level: 'warn',
  timestamp: '2026-08-03T13:37:00.896Z'
}
{
  code: 'ECONNREFUSED',
  level: 'error',
  message: '[Redis] Lỗi kết nối Redis:',
  stack: 'AggregateError [ECONNREFUSED]: \n' +
    '    at internalConnectMultiple (node:net:1134:18)\n' +
    '    at afterConnectMultiple (node:net:1715:7)',
  timestamp: '2026-08-03T13:37:01.907Z'
}
{
  message: '[Redis] Đang thử kết nối lại lần 21... (delay: 1050ms)',
  level: 'warn',
  timestamp: '2026-08-03T13:37:01.908Z'
}
{
  code: 'ECONNREFUSED',
  level: 'error',
  message: '[Redis] Lỗi kết nối Redis:',
  stack: 'AggregateError [ECONNREFUSED]: \n' +
    '    at internalConnectMultiple (node:net:1134:18)\n' +
    '    at afterConnectMultiple (node:net:1715:7)',
  timestamp: '2026-08-03T13:37:02.972Z'
}
{
  message: '[Redis] Đang thử kết nối lại lần 22... (delay: 1100ms)',
  level: 'warn',
  timestamp: '2026-08-03T13:37:02.974Z'
}
{
  code: 'ECONNREFUSED',
  level: 'error',
  message: '[Redis] Lỗi kết nối Redis:',
  stack: 'AggregateError [ECONNREFUSED]: \n' +
    '    at internalConnectMultiple (node:net:1134:18)\n' +
    '    at afterConnectMultiple (node:net:1715:7)',
  timestamp: '2026-08-03T13:37:04.089Z'
}
{
  message: '[Redis] Đang thử kết nối lại lần 23... (delay: 1150ms)',
  level: 'warn',
  timestamp: '2026-08-03T13:37:04.089Z'
}
{
  code: 'ECONNREFUSED',
  level: 'error',
  message: '[Redis] Lỗi kết nối Redis:',
  stack: 'AggregateError [ECONNREFUSED]: \n' +
    '    at internalConnectMultiple (node:net:1134:18)\n' +
    '    at afterConnectMultiple (node:net:1715:7)',
  timestamp: '2026-08-03T13:37:05.242Z'
}
{
  message: '[Redis] Đang thử kết nối lại lần 24... (delay: 1200ms)',
  level: 'warn',
  timestamp: '2026-08-03T13:37:05.242Z'
}
{
  code: 'ECONNREFUSED',
  level: 'error',
  message: '[Redis] Lỗi kết nối Redis:',
  stack: 'AggregateError [ECONNREFUSED]: \n' +
    '    at internalConnectMultiple (node:net:1134:18)\n' +
    '    at afterConnectMultiple (node:net:1715:7)',
  timestamp: '2026-08-03T13:37:06.448Z'
}
{
  message: '[Redis] Đang thử kết nối lại lần 25... (delay: 1250ms)',
  level: 'warn',
  timestamp: '2026-08-03T13:37:06.448Z'
}
{
  code: 'ECONNREFUSED',
  level: 'error',
  message: '[Redis] Lỗi kết nối Redis:',
  stack: 'AggregateError [ECONNREFUSED]: \n' +
    '    at internalConnectMultiple (node:net:1134:18)\n' +
    '    at afterConnectMultiple (node:net:1715:7)',
  timestamp: '2026-08-03T13:37:07.716Z'
}
{
  message: '[Redis] Đang thử kết nối lại lần 26... (delay: 1300ms)',
  level: 'warn',
  timestamp: '2026-08-03T13:37:07.717Z'
}
{
  code: 'ECONNREFUSED',
  level: 'error',
  message: '[Redis] Lỗi kết nối Redis:',
  stack: 'AggregateError [ECONNREFUSED]: \n' +
    '    at internalConnectMultiple (node:net:1134:18)\n' +
    '    at afterConnectMultiple (node:net:1715:7)',
  timestamp: '2026-08-03T13:37:09.025Z'
}
{
  message: '[Redis] Đang thử kết nối lại lần 27... (delay: 1350ms)',
  level: 'warn',
  timestamp: '2026-08-03T13:37:09.025Z'
}
{
  code: 'ECONNREFUSED',
  level: 'error',
  message: '[Redis] Lỗi kết nối Redis:',
  stack: 'AggregateError [ECONNREFUSED]: \n' +
    '    at internalConnectMultiple (node:net:1134:18)\n' +
    '    at afterConnectMultiple (node:net:1715:7)',
  timestamp: '2026-08-03T13:37:10.384Z'
}
{
  message: '[Redis] Đang thử kết nối lại lần 28... (delay: 1400ms)',
  level: 'warn',
  timestamp: '2026-08-03T13:37:10.384Z'
}
{
  code: 'ECONNREFUSED',
  level: 'error',
  message: '[Redis] Lỗi kết nối Redis:',
  stack: 'AggregateError [ECONNREFUSED]: \n' +
    '    at internalConnectMultiple (node:net:1134:18)\n' +
    '    at afterConnectMultiple (node:net:1715:7)',
  timestamp: '2026-08-03T13:37:11.794Z'
}
{
  message: '[Redis] Đang thử kết nối lại lần 29... (delay: 1450ms)',
  level: 'warn',
  timestamp: '2026-08-03T13:37:11.794Z'
}
{
  code: 'ECONNREFUSED',
  level: 'error',
  message: '[Redis] Lỗi kết nối Redis:',
  stack: 'AggregateError [ECONNREFUSED]: \n' +
    '    at internalConnectMultiple (node:net:1134:18)\n' +
    '    at afterConnectMultiple (node:net:1715:7)',
  timestamp: '2026-08-03T13:37:13.252Z'
}
{
  message: '[Redis] Đang thử kết nối lại lần 30... (delay: 1500ms)',
  level: 'warn',
  timestamp: '2026-08-03T13:37:13.253Z'
}
{
  code: 'ECONNREFUSED',
  level: 'error',
  message: '[Redis] Lỗi kết nối Redis:',
  stack: 'AggregateError [ECONNREFUSED]: \n' +
    '    at internalConnectMultiple (node:net:1134:18)\n' +
    '    at afterConnectMultiple (node:net:1715:7)',
  timestamp: '2026-08-03T13:37:14.765Z'
}
{
  message: '[Redis] Đang thử kết nối lại lần 31... (delay: 1550ms)',
  level: 'warn',
  timestamp: '2026-08-03T13:37:14.766Z'
}
{
  code: 'ECONNREFUSED',
  level: 'error',
  message: '[Redis] Lỗi kết nối Redis:',
  stack: 'AggregateError [ECONNREFUSED]: \n' +
    '    at internalConnectMultiple (node:net:1134:18)\n' +
    '    at afterConnectMultiple (node:net:1715:7)',
  timestamp: '2026-08-03T13:37:16.324Z'
}
{
  message: '[Redis] Đang thử kết nối lại lần 32... (delay: 1600ms)',
  level: 'warn',
  timestamp: '2026-08-03T13:37:16.324Z'
}
{
  code: 'ECONNREFUSED',
  level: 'error',
  message: '[Redis] Lỗi kết nối Redis:',
  stack: 'AggregateError [ECONNREFUSED]: \n' +
    '    at internalConnectMultiple (node:net:1134:18)\n' +
    '    at afterConnectMultiple (node:net:1715:7)',
  timestamp: '2026-08-03T13:37:17.942Z'
}
{
  message: '[Redis] Đang thử kết nối lại lần 33... (delay: 1650ms)',
  level: 'warn',
  timestamp: '2026-08-03T13:37:17.943Z'
}
{
  code: 'ECONNREFUSED',
  level: 'error',
  message: '[Redis] Lỗi kết nối Redis:',
  stack: 'AggregateError [ECONNREFUSED]: \n' +
    '    at internalConnectMultiple (node:net:1134:18)\n' +
    '    at afterConnectMultiple (node:net:1715:7)',
  timestamp: '2026-08-03T13:37:19.613Z'
}
{
  message: '[Redis] Đang thử kết nối lại lần 34... (delay: 1700ms)',
  level: 'warn',
  timestamp: '2026-08-03T13:37:19.613Z'
}
{
  message: '[SchedulerService] Đang kiểm tra các booking hết hạn thanh toán...',
  level: 'info',
  timestamp: '2026-08-03T13:40:00.008Z'
}
{
  message: '[SchedulerService] Đang kiểm tra các booking hết hạn thanh toán...',
  level: 'info',
  timestamp: '2026-08-03T13:45:00.009Z'
}
{
  message: 'JWT Verification Error: jwt expired',
  level: 'error',
  timestamp: '2026-08-03T14:08:08.004Z'
}
{
  message: 'GLOBAL ERROR HANDLER CAUGHT: Error: Phiên đăng nhập đã hết hạn. Vui lòng lấy Token mới.\n' +
    '    at authMiddleware (/app/src/middlewares/authMiddleware.ts:80:9)\n' +
    '    at Layer.handleRequest (/app/node_modules/router/lib/layer.js:152:17)\n' +
    '    at next (/app/node_modules/router/lib/route.js:157:13)\n' +
    '    at Route.dispatch (/app/node_modules/router/lib/route.js:117:3)\n' +
    '    at handle (/app/node_modules/router/index.js:435:11)\n' +
    '    at Layer.handleRequest (/app/node_modules/router/lib/layer.js:152:17)\n' +
    '    at /app/node_modules/router/index.js:295:15\n' +
    '    at processParams (/app/node_modules/router/index.js:582:12)\n' +
    '    at next (/app/node_modules/router/index.js:291:5)\n' +
    '    at Function.handle (/app/node_modules/router/index.js:186:3)',
  level: 'error',
  timestamp: '2026-08-03T14:08:08.016Z'
}
{
  message: 'JWT Verification Error: jwt expired',
  level: 'error',
  timestamp: '2026-08-03T14:08:08.033Z'
}
{
  message: 'GLOBAL ERROR HANDLER CAUGHT: Error: Phiên đăng nhập đã hết hạn. Vui lòng lấy Token mới.\n' +
    '    at authMiddleware (/app/src/middlewares/authMiddleware.ts:80:9)\n' +
    '    at Layer.handleRequest (/app/node_modules/router/lib/layer.js:152:17)\n' +
    '    at next (/app/node_modules/router/lib/route.js:157:13)\n' +
    '    at Route.dispatch (/app/node_modules/router/lib/route.js:117:3)\n' +
    '    at handle (/app/node_modules/router/index.js:435:11)\n' +
    '    at Layer.handleRequest (/app/node_modules/router/lib/layer.js:152:17)\n' +
    '    at /app/node_modules/router/index.js:295:15\n' +
    '    at processParams (/app/node_modules/router/index.js:582:12)\n' +
    '    at next (/app/node_modules/router/index.js:291:5)\n' +
    '    at Function.handle (/app/node_modules/router/index.js:186:3)',
  level: 'error',
  timestamp: '2026-08-03T14:08:08.034Z'
}
{
  message: '[AuthController] Refresh Tokens',
  level: 'info',
  timestamp: '2026-08-03T14:08:08.049Z'
}
{
  message: 'Fetching user details for ID: 6173a954-cbea-43c4-bbf1-ace8f7b9bc1e',
  level: 'debug',
  timestamp: '2026-08-03T14:08:08.080Z'
}
{
  message: '[Cache Miss] Tìm user ID: 6173a954-cbea-43c4-bbf1-ace8f7b9bc1e trong Database',
  level: 'debug',
  timestamp: '2026-08-03T14:08:08.085Z'
}
{
  message: '[AuthService] Tokens refreshed successfully for user: tranhieudz2024@gmail.com',
  level: 'info',
  timestamp: '2026-08-03T14:08:08.111Z'
}
{
  userId: '6173a954-cbea-43c4-bbf1-ace8f7b9bc1e',
  level: 'info',
  message: '[AuthController] Get Me',
  timestamp: '2026-08-03T14:08:08.153Z'
}
{
  message: 'Fetching user details for ID: 6173a954-cbea-43c4-bbf1-ace8f7b9bc1e',
  level: 'debug',
  timestamp: '2026-08-03T14:08:08.154Z'
}
{
  message: '[Cache Hit] Lấy thông tin user ID: 6173a954-cbea-43c4-bbf1-ace8f7b9bc1e từ Redis',
  level: 'debug',
  timestamp: '2026-08-03T14:08:08.164Z'
}
{
  userId: '6173a954-cbea-43c4-bbf1-ace8f7b9bc1e',
  level: 'info',
  message: '[AuthController] Get Me',
  timestamp: '2026-08-03T14:08:08.172Z'
}
{
  message: 'Fetching user details for ID: 6173a954-cbea-43c4-bbf1-ace8f7b9bc1e',
  level: 'debug',
  timestamp: '2026-08-03T14:08:08.172Z'
}
{
  message: '[Cache Hit] Lấy thông tin user ID: 6173a954-cbea-43c4-bbf1-ace8f7b9bc1e từ Redis',
  level: 'debug',
  timestamp: '2026-08-03T14:08:08.174Z'
}
{
  page: '1',
  limit: '10',
  status: 'ACTIVE',
  level: 'info',
  message: '[HotelController] Get all hotels with queries',
  timestamp: '2026-08-03T14:08:08.188Z'
}
{
  message: '[Cache Hit] Lấy danh sách điểm đến hoạt động từ Redis',
  level: 'debug',
  timestamp: '2026-08-03T14:08:08.190Z'
}
{
  message: '[Cache Hit] Lấy danh sách điểm đến hoạt động từ Redis',
  level: 'debug',
  timestamp: '2026-08-03T14:08:08.211Z'
}
{
  message: '[Cache Hit] Lấy danh sách điểm đến hoạt động từ Redis',
  level: 'debug',
  timestamp: '2026-08-03T14:08:08.224Z'
}
{
  message: '[Cache Hit] Lấy danh sách điểm đến hoạt động từ Redis',
  level: 'debug',
  timestamp: '2026-08-03T14:08:08.231Z'
}
{
  page: '1',
  limit: '10',
  status: 'ACTIVE',
  level: 'info',
  message: '[HotelController] Get all hotels with queries',
  timestamp: '2026-08-03T14:08:08.279Z'
}
{
  userId: '6173a954-cbea-43c4-bbf1-ace8f7b9bc1e',
  level: 'info',
  message: '[AuthController] Get Me',
  timestamp: '2026-08-03T14:08:08.817Z'
}
{
  message: 'Fetching user details for ID: 6173a954-cbea-43c4-bbf1-ace8f7b9bc1e',
  level: 'debug',
  timestamp: '2026-08-03T14:08:08.817Z'
}
{
  message: '[Cache Hit] Lấy thông tin user ID: 6173a954-cbea-43c4-bbf1-ace8f7b9bc1e từ Redis',
  level: 'debug',
  timestamp: '2026-08-03T14:08:08.819Z'
}
{
  userId: '6173a954-cbea-43c4-bbf1-ace8f7b9bc1e',
  level: 'info',
  message: '[AuthController] Get Me',
  timestamp: '2026-08-03T14:08:08.825Z'
}
{
  message: 'Fetching user details for ID: 6173a954-cbea-43c4-bbf1-ace8f7b9bc1e',
  level: 'debug',
  timestamp: '2026-08-03T14:08:08.826Z'
}
{
  message: '[Cache Hit] Lấy thông tin user ID: 6173a954-cbea-43c4-bbf1-ace8f7b9bc1e từ Redis',
  level: 'debug',
  timestamp: '2026-08-03T14:08:08.834Z'
}
{
  page: '1',
  limit: '10',
  status: 'ACTIVE',
  level: 'info',
  message: '[HotelController] Get all hotels with queries',
  timestamp: '2026-08-03T14:08:09.126Z'
}
{
  message: '[Cache Hit] Lấy danh sách điểm đến hoạt động từ Redis',
  level: 'debug',
  timestamp: '2026-08-03T14:08:09.128Z'
}
{
  page: '1',
  limit: '10',
  status: 'ACTIVE',
  level: 'info',
  message: '[HotelController] Get all hotels with queries',
  timestamp: '2026-08-03T14:08:09.152Z'
}
{
  message: '[Cache Hit] Lấy danh sách điểm đến hoạt động từ Redis',
  level: 'debug',
  timestamp: '2026-08-03T14:08:09.155Z'
}
{
  message: '[Cache Hit] Lấy danh sách điểm đến hoạt động từ Redis',
  level: 'debug',
  timestamp: '2026-08-03T14:08:09.169Z'
}
{
  message: '[Cache Hit] Lấy danh sách điểm đến hoạt động từ Redis',
  level: 'debug',
  timestamp: '2026-08-03T14:08:09.177Z'
}
{
  query: [Object: null prototype] {
    location: 'Test city',
    adults: '2',
    children: '0',
    rooms: '1'
  },
  level: 'info',
  message: '[SearchController] Search hotels',
  timestamp: '2026-08-03T14:08:21.144Z'
}
{
  message: '[Cache Hit] Lấy danh sách điểm đến hoạt động từ Redis',
  level: 'debug',
  timestamp: '2026-08-03T14:08:21.245Z'
}
{
  message: '[Cache Hit] Lấy danh sách điểm đến hoạt động từ Redis',
  level: 'debug',
  timestamp: '2026-08-03T14:08:21.251Z'
}
{
  query: [Object: null prototype] {
    location: 'Test city',
    adults: '2',
    children: '0',
    rooms: '1'
  },
  level: 'info',
  message: '[SearchController] Search hotels',
  timestamp: '2026-08-03T14:08:21.305Z'
}
{
  hotelId: 'd79e14bd-e09b-49c3-80d7-4442133e57d6',
  level: 'info',
  message: '[HotelController] Get hotel by id',
  timestamp: '2026-08-03T14:08:25.839Z'
}
{
  message: '[Cache Miss] Tìm hotel ID: d79e14bd-e09b-49c3-80d7-4442133e57d6 trong Database',
  level: 'debug',
  timestamp: '2026-08-03T14:08:25.841Z'
}
{
  hotelId: 'd79e14bd-e09b-49c3-80d7-4442133e57d6',
  level: 'info',
  message: '[HotelController] Get hotel by id',
  timestamp: '2026-08-03T14:08:25.875Z'
}
{
  message: '[Cache Hit] Lấy thông tin hotel ID: d79e14bd-e09b-49c3-80d7-4442133e57d6 từ Redis',
  level: 'debug',
  timestamp: '2026-08-03T14:08:25.878Z'
}
{
  hotelId: 'd79e14bd-e09b-49c3-80d7-4442133e57d6',
  level: 'info',
  message: '[HotelController] Get hotel by id',
  timestamp: '2026-08-03T14:08:39.911Z'
}
{
  message: '[Cache Hit] Lấy thông tin hotel ID: d79e14bd-e09b-49c3-80d7-4442133e57d6 từ Redis',
  level: 'debug',
  timestamp: '2026-08-03T14:08:39.913Z'
}
{
  hotelId: 'd79e14bd-e09b-49c3-80d7-4442133e57d6',
  level: 'info',
  message: '[HotelController] Get hotel by id',
  timestamp: '2026-08-03T14:08:39.920Z'
}
{
  message: '[Cache Hit] Lấy thông tin hotel ID: d79e14bd-e09b-49c3-80d7-4442133e57d6 từ Redis',
  level: 'debug',
  timestamp: '2026-08-03T14:08:39.922Z'
}
{
  message: '[Cache Hit] Lấy danh sách điểm đến hoạt động từ Redis',
  level: 'debug',
  timestamp: '2026-08-03T14:08:43.839Z'
}
{
  query: [Object: null prototype] {
    location: 'Test city',
    adults: '2',
    children: '0',
    rooms: '1'
  },
  level: 'info',
  message: '[SearchController] Search hotels',
  timestamp: '2026-08-03T14:08:43.854Z'
}
{
  message: '[Cache Hit] Lấy danh sách điểm đến hoạt động từ Redis',
  level: 'debug',
  timestamp: '2026-08-03T14:08:43.861Z'
}
{
  query: [Object: null prototype] {
    location: 'Test city',
    adults: '2',
    children: '0',
    rooms: '1'
  },
  level: 'info',
  message: '[SearchController] Search hotels',
  timestamp: '2026-08-03T14:08:43.908Z'
}
{
  message: '[Cache Hit] Lấy danh sách điểm đến hoạt động từ Redis',
  level: 'debug',
  timestamp: '2026-08-03T14:08:52.829Z'
}
{
  page: '1',
  limit: '10',
  status: 'ACTIVE',
  level: 'info',
  message: '[HotelController] Get all hotels with queries',
  timestamp: '2026-08-03T14:08:52.835Z'
}
{
  message: '[Cache Hit] Lấy danh sách điểm đến hoạt động từ Redis',
  level: 'debug',
  timestamp: '2026-08-03T14:08:52.840Z'
}
{
  page: '1',
  limit: '10',
  status: 'ACTIVE',
  level: 'info',
  message: '[HotelController] Get all hotels with queries',
  timestamp: '2026-08-03T14:08:52.855Z'
}
{
  message: '[Cache Hit] Lấy danh sách điểm đến hoạt động từ Redis',
  level: 'debug',
  timestamp: '2026-08-03T14:08:52.858Z'
}
{
  message: '[Cache Hit] Lấy danh sách điểm đến hoạt động từ Redis',
  level: 'debug',
  timestamp: '2026-08-03T14:08:52.867Z'
}
{
  query: [Object: null prototype] {
    location: 'TestCity',
    checkInDate: '2026-08-12',
    checkOutDate: '2026-08-21',
    adults: '2',
    children: '0',
    rooms: '4'
  },
  level: 'info',
  message: '[SearchController] Search hotels',
  timestamp: '2026-08-03T14:09:11.173Z'
}
{
  message: '[Cache Hit] Lấy danh sách điểm đến hoạt động từ Redis',
  level: 'debug',
  timestamp: '2026-08-03T14:09:11.214Z'
}
{
  message: '[Cache Hit] Lấy danh sách điểm đến hoạt động từ Redis',
  level: 'debug',
  timestamp: '2026-08-03T14:09:11.222Z'
}
{
  query: [Object: null prototype] {
    location: 'TestCity',
    checkInDate: '2026-08-12',
    checkOutDate: '2026-08-21',
    adults: '2',
    children: '0',
    rooms: '4'
  },
  level: 'info',
  message: '[SearchController] Search hotels',
  timestamp: '2026-08-03T14:09:11.266Z'
}
{
  page: '1',
  limit: '10',
  status: 'ACTIVE',
  level: 'info',
  message: '[HotelController] Get all hotels with queries',
  timestamp: '2026-08-03T14:09:25.930Z'
}
{
  message: '[Cache Hit] Lấy danh sách điểm đến hoạt động từ Redis',
  level: 'debug',
  timestamp: '2026-08-03T14:09:25.931Z'
}
{
  message: '[Cache Hit] Lấy danh sách điểm đến hoạt động từ Redis',
  level: 'debug',
  timestamp: '2026-08-03T14:09:25.936Z'
}
{
  page: '1',
  limit: '10',
  status: 'ACTIVE',
  level: 'info',
  message: '[HotelController] Get all hotels with queries',
  timestamp: '2026-08-03T14:09:25.939Z'
}
{
  message: '[Cache Hit] Lấy danh sách điểm đến hoạt động từ Redis',
  level: 'debug',
  timestamp: '2026-08-03T14:09:25.953Z'
}
{
  message: '[Cache Hit] Lấy danh sách điểm đến hoạt động từ Redis',
  level: 'debug',
  timestamp: '2026-08-03T14:09:25.960Z'
}
{
  message: '[Cache Hit] Lấy danh sách điểm đến hoạt động từ Redis',
  level: 'debug',
  timestamp: '2026-08-03T14:09:30.224Z'
}
{
  query: [Object: null prototype] {
    location: 'TestCity',
    adults: '2',
    children: '0',
    rooms: '1'
  },
  level: 'info',
  message: '[SearchController] Search hotels',
  timestamp: '2026-08-03T14:09:30.229Z'
}
{
  message: '[Cache Hit] Lấy danh sách điểm đến hoạt động từ Redis',
  level: 'debug',
  timestamp: '2026-08-03T14:09:30.236Z'
}
{
  query: [Object: null prototype] {
    location: 'TestCity',
    adults: '2',
    children: '0',
    rooms: '1'
  },
  level: 'info',
  message: '[SearchController] Search hotels',
  timestamp: '2026-08-03T14:09:30.268Z'
}
{
  query: [Object: null prototype] {
    location: 'Test',
    adults: '2',
    children: '0',
    rooms: '1'
  },
  level: 'info',
  message: '[SearchController] Search hotels',
  timestamp: '2026-08-03T14:09:36.141Z'
}
{
  hotelId: 'd79e14bd-e09b-49c3-80d7-4442133e57d6',
  level: 'info',
  message: '[HotelController] Get hotel by id',
  timestamp: '2026-08-03T14:09:41.230Z'
}
{
  message: '[Cache Hit] Lấy thông tin hotel ID: d79e14bd-e09b-49c3-80d7-4442133e57d6 từ Redis',
  level: 'debug',
  timestamp: '2026-08-03T14:09:41.231Z'
}
{
  hotelId: 'd79e14bd-e09b-49c3-80d7-4442133e57d6',
  level: 'info',
  message: '[HotelController] Get hotel by id',
  timestamp: '2026-08-03T14:09:41.237Z'
}
{
  message: '[Cache Hit] Lấy thông tin hotel ID: d79e14bd-e09b-49c3-80d7-4442133e57d6 từ Redis',
  level: 'debug',
  timestamp: '2026-08-03T14:09:41.241Z'
}
{
  hotelId: 'd79e14bd-e09b-49c3-80d7-4442133e57d6',
  level: 'info',
  message: '[HotelController] Get hotel by id',
  timestamp: '2026-08-03T14:09:53.460Z'
}
{
  message: '[Cache Hit] Lấy thông tin hotel ID: d79e14bd-e09b-49c3-80d7-4442133e57d6 từ Redis',
  level: 'debug',
  timestamp: '2026-08-03T14:09:53.462Z'
}
{
  hotelId: 'd79e14bd-e09b-49c3-80d7-4442133e57d6',
  level: 'info',
  message: '[HotelController] Get hotel by id',
  timestamp: '2026-08-03T14:09:53.469Z'
}
{
  message: '[Cache Hit] Lấy thông tin hotel ID: d79e14bd-e09b-49c3-80d7-4442133e57d6 từ Redis',
  level: 'debug',
  timestamp: '2026-08-03T14:09:53.470Z'
}
{
  message: '[SchedulerService] Đang kiểm tra các booking hết hạn thanh toán...',
  level: 'info',
  timestamp: '2026-08-03T14:10:00.002Z'
}
{
  message: '[SchedulerService] Đã hủy 1 booking do hết hạn thanh toán.',
  level: 'info',
  timestamp: '2026-08-03T14:10:00.044Z'
}
{
  message: '[Cache Hit] Lấy danh sách điểm đến hoạt động từ Redis',
  level: 'debug',
  timestamp: '2026-08-03T14:13:13.771Z'
}
{
  page: '1',
  limit: '10',
  status: 'ACTIVE',
  level: 'info',
  message: '[HotelController] Get all hotels with queries',
  timestamp: '2026-08-03T14:13:13.775Z'
}
{
  message: '[Cache Hit] Lấy danh sách điểm đến hoạt động từ Redis',
  level: 'debug',
  timestamp: '2026-08-03T14:13:13.781Z'
}
{
  page: '1',
  limit: '10',
  status: 'ACTIVE',
  level: 'info',
  message: '[HotelController] Get all hotels with queries',
  timestamp: '2026-08-03T14:13:13.792Z'
}
{
  message: '[Cache Hit] Lấy danh sách điểm đến hoạt động từ Redis',
  level: 'debug',
  timestamp: '2026-08-03T14:13:13.805Z'
}
{
  message: '[Cache Hit] Lấy danh sách điểm đến hoạt động từ Redis',
  level: 'debug',
  timestamp: '2026-08-03T14:13:13.814Z'
}
{
  message: 'JWT Verification Error: jwt expired',
  level: 'error',
  timestamp: '2026-08-03T14:13:14.535Z'
}
{
  message: 'GLOBAL ERROR HANDLER CAUGHT: Error: Phiên đăng nhập đã hết hạn. Vui lòng lấy Token mới.\n' +
    '    at authMiddleware (/app/src/middlewares/authMiddleware.ts:80:9)\n' +
    '    at Layer.handleRequest (/app/node_modules/router/lib/layer.js:152:17)\n' +
    '    at next (/app/node_modules/router/lib/route.js:157:13)\n' +
    '    at Route.dispatch (/app/node_modules/router/lib/route.js:117:3)\n' +
    '    at handle (/app/node_modules/router/index.js:435:11)\n' +
    '    at Layer.handleRequest (/app/node_modules/router/lib/layer.js:152:17)\n' +
    '    at /app/node_modules/router/index.js:295:15\n' +
    '    at processParams (/app/node_modules/router/index.js:582:12)\n' +
    '    at next (/app/node_modules/router/index.js:291:5)\n' +
    '    at Function.handle (/app/node_modules/router/index.js:186:3)',
  level: 'error',
  timestamp: '2026-08-03T14:13:14.537Z'
}
{
  message: 'JWT Verification Error: jwt expired',
  level: 'error',
  timestamp: '2026-08-03T14:13:14.545Z'
}
{
  message: 'GLOBAL ERROR HANDLER CAUGHT: Error: Phiên đăng nhập đã hết hạn. Vui lòng lấy Token mới.\n' +
    '    at authMiddleware (/app/src/middlewares/authMiddleware.ts:80:9)\n' +
    '    at Layer.handleRequest (/app/node_modules/router/lib/layer.js:152:17)\n' +
    '    at next (/app/node_modules/router/lib/route.js:157:13)\n' +
    '    at Route.dispatch (/app/node_modules/router/lib/route.js:117:3)\n' +
    '    at handle (/app/node_modules/router/index.js:435:11)\n' +
    '    at Layer.handleRequest (/app/node_modules/router/lib/layer.js:152:17)\n' +
    '    at /app/node_modules/router/index.js:295:15\n' +
    '    at processParams (/app/node_modules/router/index.js:582:12)\n' +
    '    at next (/app/node_modules/router/index.js:291:5)\n' +
    '    at Function.handle (/app/node_modules/router/index.js:186:3)',
  level: 'error',
  timestamp: '2026-08-03T14:13:14.546Z'
}
{
  message: '[AuthController] Refresh Tokens',
  level: 'info',
  timestamp: '2026-08-03T14:13:14.553Z'
}
{
  message: 'Fetching user details for ID: 6173a954-cbea-43c4-bbf1-ace8f7b9bc1e',
  level: 'debug',
  timestamp: '2026-08-03T14:13:14.578Z'
}
{
  message: '[Cache Hit] Lấy thông tin user ID: 6173a954-cbea-43c4-bbf1-ace8f7b9bc1e từ Redis',
  level: 'debug',
  timestamp: '2026-08-03T14:13:14.579Z'
}
{
  message: '[AuthService] Tokens refreshed successfully for user: tranhieudz2024@gmail.com',
  level: 'info',
  timestamp: '2026-08-03T14:13:14.599Z'
}
{
  userId: '6173a954-cbea-43c4-bbf1-ace8f7b9bc1e',
  level: 'info',
  message: '[AuthController] Get Me',
  timestamp: '2026-08-03T14:13:14.632Z'
}
{
  message: 'Fetching user details for ID: 6173a954-cbea-43c4-bbf1-ace8f7b9bc1e',
  level: 'debug',
  timestamp: '2026-08-03T14:13:14.633Z'
}
{
  message: '[Cache Hit] Lấy thông tin user ID: 6173a954-cbea-43c4-bbf1-ace8f7b9bc1e từ Redis',
  level: 'debug',
  timestamp: '2026-08-03T14:13:14.635Z'
}
{
  message: '[Cache Hit] Lấy danh sách điểm đến hoạt động từ Redis',
  level: 'debug',
  timestamp: '2026-08-03T14:13:14.635Z'
}
{
  page: '1',
  limit: '10',
  status: 'ACTIVE',
  level: 'info',
  message: '[HotelController] Get all hotels with queries',
  timestamp: '2026-08-03T14:13:14.639Z'
}
{
  userId: '6173a954-cbea-43c4-bbf1-ace8f7b9bc1e',
  level: 'info',
  message: '[AuthController] Get Me',
  timestamp: '2026-08-03T14:13:14.643Z'
}
{
  message: 'Fetching user details for ID: 6173a954-cbea-43c4-bbf1-ace8f7b9bc1e',
  level: 'debug',
  timestamp: '2026-08-03T14:13:14.644Z'
}
{
  message: '[Cache Hit] Lấy danh sách điểm đến hoạt động từ Redis',
  level: 'debug',
  timestamp: '2026-08-03T14:13:14.645Z'
}
{
  message: '[Cache Hit] Lấy thông tin user ID: 6173a954-cbea-43c4-bbf1-ace8f7b9bc1e từ Redis',
  level: 'debug',
  timestamp: '2026-08-03T14:13:14.646Z'
}
{
  page: '1',
  limit: '10',
  status: 'ACTIVE',
  level: 'info',
  message: '[HotelController] Get all hotels with queries',
  timestamp: '2026-08-03T14:13:14.685Z'
}
{
  message: '[Cache Hit] Lấy danh sách điểm đến hoạt động từ Redis',
  level: 'debug',
  timestamp: '2026-08-03T14:13:14.696Z'
}
{
  message: '[Cache Hit] Lấy danh sách điểm đến hoạt động từ Redis',
  level: 'debug',
  timestamp: '2026-08-03T14:13:14.709Z'
}
{
  message: '[Cache Hit] Lấy danh sách điểm đến hoạt động từ Redis',
  level: 'debug',
  timestamp: '2026-08-03T14:13:17.664Z'
}
{
  query: [Object: null prototype] {
    location: 'Test',
    adults: '2',
    children: '0',
    rooms: '1'
  },
  level: 'info',
  message: '[SearchController] Search hotels',
  timestamp: '2026-08-03T14:13:17.667Z'
}
{
  message: '[Cache Hit] Lấy danh sách điểm đến hoạt động từ Redis',
  level: 'debug',
  timestamp: '2026-08-03T14:13:17.673Z'
}
{
  query: [Object: null prototype] {
    location: 'Test',
    adults: '2',
    children: '0',
    rooms: '1'
  },
  level: 'info',
  message: '[SearchController] Search hotels',
  timestamp: '2026-08-03T14:13:17.707Z'
}
{
  query: [Object: null prototype] {
    location: 'Test',
    checkInDate: '2026-08-05',
    checkOutDate: '2026-08-08',
    adults: '2',
    children: '3',
    rooms: '4'
  },
  level: 'info',
  message: '[SearchController] Search hotels',
  timestamp: '2026-08-03T14:13:37.260Z'
}
{
  query: [Object: null prototype] {
    location: 'Test',
    checkInDate: '2026-08-05',
    checkOutDate: '2026-08-08',
    adults: '2',
    children: '3',
    rooms: '3'
  },
  level: 'info',
  message: '[SearchController] Search hotels',
  timestamp: '2026-08-03T14:13:41.030Z'
}
{
  hotelId: 'd79e14bd-e09b-49c3-80d7-4442133e57d6',
  level: 'info',
  message: '[HotelController] Get hotel by id',
  timestamp: '2026-08-03T14:13:45.063Z'
}
{
  message: '[Cache Hit] Lấy thông tin hotel ID: d79e14bd-e09b-49c3-80d7-4442133e57d6 từ Redis',
  level: 'debug',
  timestamp: '2026-08-03T14:13:45.066Z'
}
{
  hotelId: 'd79e14bd-e09b-49c3-80d7-4442133e57d6',
  level: 'info',
  message: '[HotelController] Get hotel by id',
  timestamp: '2026-08-03T14:13:45.070Z'
}
{
  message: '[Cache Hit] Lấy thông tin hotel ID: d79e14bd-e09b-49c3-80d7-4442133e57d6 từ Redis',
  level: 'debug',
  timestamp: '2026-08-03T14:13:45.072Z'
}
{
  message: '[Cache Hit] Lấy danh sách điểm đến hoạt động từ Redis',
  level: 'debug',
  timestamp: '2026-08-03T14:13:50.218Z'
}
{
  query: [Object: null prototype] {
    location: 'Test',
    checkInDate: '2026-08-05',
    checkOutDate: '2026-08-08',
    adults: '2',
    children: '3',
    rooms: '3'
  },
  level: 'info',
  message: '[SearchController] Search hotels',
  timestamp: '2026-08-03T14:13:50.223Z'
}
{
  message: '[Cache Hit] Lấy danh sách điểm đến hoạt động từ Redis',
  level: 'debug',
  timestamp: '2026-08-03T14:13:50.241Z'
}
{
  query: [Object: null prototype] {
    location: 'Test',
    checkInDate: '2026-08-05',
    checkOutDate: '2026-08-08',
    adults: '2',
    children: '3',
    rooms: '3'
  },
  level: 'info',
  message: '[SearchController] Search hotels',
  timestamp: '2026-08-03T14:13:50.250Z'
}
{
  hotelId: 'd79e14bd-e09b-49c3-80d7-4442133e57d6',
  level: 'info',
  message: '[HotelController] Get hotel by id',
  timestamp: '2026-08-03T14:13:52.005Z'
}
{
  message: '[Cache Hit] Lấy thông tin hotel ID: d79e14bd-e09b-49c3-80d7-4442133e57d6 từ Redis',
  level: 'debug',
  timestamp: '2026-08-03T14:13:52.006Z'
}
{
  hotelId: 'd79e14bd-e09b-49c3-80d7-4442133e57d6',
  level: 'info',
  message: '[HotelController] Get hotel by id',
  timestamp: '2026-08-03T14:13:52.009Z'
}
{
  message: '[Cache Hit] Lấy thông tin hotel ID: d79e14bd-e09b-49c3-80d7-4442133e57d6 từ Redis',
  level: 'debug',
  timestamp: '2026-08-03T14:13:52.011Z'
}
{
  message: '[SchedulerService] Đang kiểm tra các booking hết hạn thanh toán...',
  level: 'info',
  timestamp: '2026-08-03T14:15:00.003Z'
}
{
  message: '[SchedulerService] Đang kiểm tra các booking hết hạn thanh toán...',
  level: 'info',
  timestamp: '2026-08-03T14:20:00.003Z'
}
{
  hotelId: 'd79e14bd-e09b-49c3-80d7-4442133e57d6',
  level: 'info',
  message: '[HotelController] Get hotel by id',
  timestamp: '2026-08-03T14:22:43.940Z'
}
{
  message: '[Cache Hit] Lấy thông tin hotel ID: d79e14bd-e09b-49c3-80d7-4442133e57d6 từ Redis',
  level: 'debug',
  timestamp: '2026-08-03T14:22:43.943Z'
}
{
  hotelId: 'd79e14bd-e09b-49c3-80d7-4442133e57d6',
  level: 'info',
  message: '[HotelController] Get hotel by id',
  timestamp: '2026-08-03T14:22:53.032Z'
}
{
  message: '[Cache Hit] Lấy thông tin hotel ID: d79e14bd-e09b-49c3-80d7-4442133e57d6 từ Redis',
  level: 'debug',
  timestamp: '2026-08-03T14:22:53.033Z'
}
{
  hotelId: 'd79e14bd-e09b-49c3-80d7-4442133e57d6',
  level: 'info',
  message: '[HotelController] Get hotel by id',
  timestamp: '2026-08-03T14:23:21.069Z'
}
{
  message: '[Cache Hit] Lấy thông tin hotel ID: d79e14bd-e09b-49c3-80d7-4442133e57d6 từ Redis',
  level: 'debug',
  timestamp: '2026-08-03T14:23:21.071Z'
}
{
  message: '[SchedulerService] Đang kiểm tra các booking hết hạn thanh toán...',
  level: 'info',
  timestamp: '2026-08-03T14:25:00.011Z'
}
{
  message: 'JWT Verification Error: jwt expired',
  level: 'error',
  timestamp: '2026-08-03T14:25:01.718Z'
}
{
  message: 'GLOBAL ERROR HANDLER CAUGHT: Error: Phiên đăng nhập đã hết hạn. Vui lòng lấy Token mới.\n' +
    '    at authMiddleware (/app/src/middlewares/authMiddleware.ts:80:9)\n' +
    '    at Layer.handleRequest (/app/node_modules/router/lib/layer.js:152:17)\n' +
    '    at next (/app/node_modules/router/lib/route.js:157:13)\n' +
    '    at Route.dispatch (/app/node_modules/router/lib/route.js:117:3)\n' +
    '    at handle (/app/node_modules/router/index.js:435:11)\n' +
    '    at Layer.handleRequest (/app/node_modules/router/lib/layer.js:152:17)\n' +
    '    at /app/node_modules/router/index.js:295:15\n' +
    '    at processParams (/app/node_modules/router/index.js:582:12)\n' +
    '    at next (/app/node_modules/router/index.js:291:5)\n' +
    '    at Function.handle (/app/node_modules/router/index.js:186:3)',
  level: 'error',
  timestamp: '2026-08-03T14:25:01.722Z'
}
{
  message: 'JWT Verification Error: jwt expired',
  level: 'error',
  timestamp: '2026-08-03T14:25:01.729Z'
}
{
  message: 'GLOBAL ERROR HANDLER CAUGHT: Error: Phiên đăng nhập đã hết hạn. Vui lòng lấy Token mới.\n' +
    '    at authMiddleware (/app/src/middlewares/authMiddleware.ts:80:9)\n' +
    '    at Layer.handleRequest (/app/node_modules/router/lib/layer.js:152:17)\n' +
    '    at next (/app/node_modules/router/lib/route.js:157:13)\n' +
    '    at Route.dispatch (/app/node_modules/router/lib/route.js:117:3)\n' +
    '    at handle (/app/node_modules/router/index.js:435:11)\n' +
    '    at Layer.handleRequest (/app/node_modules/router/lib/layer.js:152:17)\n' +
    '    at /app/node_modules/router/index.js:295:15\n' +
    '    at processParams (/app/node_modules/router/index.js:582:12)\n' +
    '    at next (/app/node_modules/router/index.js:291:5)\n' +
    '    at Function.handle (/app/node_modules/router/index.js:186:3)',
  level: 'error',
  timestamp: '2026-08-03T14:25:01.730Z'
}
{
  message: '[AuthController] Refresh Tokens',
  level: 'info',
  timestamp: '2026-08-03T14:25:01.736Z'
}
{
  message: 'Fetching user details for ID: 6173a954-cbea-43c4-bbf1-ace8f7b9bc1e',
  level: 'debug',
  timestamp: '2026-08-03T14:25:01.749Z'
}
{
  message: '[Cache Hit] Lấy thông tin user ID: 6173a954-cbea-43c4-bbf1-ace8f7b9bc1e từ Redis',
  level: 'debug',
  timestamp: '2026-08-03T14:25:01.752Z'
}
{
  message: '[AuthService] Tokens refreshed successfully for user: tranhieudz2024@gmail.com',
  level: 'info',
  timestamp: '2026-08-03T14:25:01.776Z'
}
{
  userId: '6173a954-cbea-43c4-bbf1-ace8f7b9bc1e',
  level: 'info',
  message: '[AuthController] Get Me',
  timestamp: '2026-08-03T14:25:01.802Z'
}
{
  message: 'Fetching user details for ID: 6173a954-cbea-43c4-bbf1-ace8f7b9bc1e',
  level: 'debug',
  timestamp: '2026-08-03T14:25:01.802Z'
}
{
  message: '[Cache Hit] Lấy thông tin user ID: 6173a954-cbea-43c4-bbf1-ace8f7b9bc1e từ Redis',
  level: 'debug',
  timestamp: '2026-08-03T14:25:01.803Z'
}
{
  hotelId: 'd79e14bd-e09b-49c3-80d7-4442133e57d6',
  level: 'info',
  message: '[HotelController] Get hotel by id',
  timestamp: '2026-08-03T14:25:01.809Z'
}
{
  userId: '6173a954-cbea-43c4-bbf1-ace8f7b9bc1e',
  level: 'info',
  message: '[AuthController] Get Me',
  timestamp: '2026-08-03T14:25:01.811Z'
}
{
  message: 'Fetching user details for ID: 6173a954-cbea-43c4-bbf1-ace8f7b9bc1e',
  level: 'debug',
  timestamp: '2026-08-03T14:25:01.812Z'
}
{
  message: '[Cache Hit] Lấy thông tin hotel ID: d79e14bd-e09b-49c3-80d7-4442133e57d6 từ Redis',
  level: 'debug',
  timestamp: '2026-08-03T14:25:01.814Z'
}
{
  message: '[Cache Hit] Lấy thông tin user ID: 6173a954-cbea-43c4-bbf1-ace8f7b9bc1e từ Redis',
  level: 'debug',
  timestamp: '2026-08-03T14:25:01.815Z'
}
{
  hotelId: 'd79e14bd-e09b-49c3-80d7-4442133e57d6',
  level: 'info',
  message: '[HotelController] Get hotel by id',
  timestamp: '2026-08-03T14:25:01.820Z'
}
{
  message: '[Cache Hit] Lấy thông tin hotel ID: d79e14bd-e09b-49c3-80d7-4442133e57d6 từ Redis',
  level: 'debug',
  timestamp: '2026-08-03T14:25:01.821Z'
}
{
  page: '1',
  limit: '10',
  status: 'ACTIVE',
  level: 'info',
  message: '[HotelController] Get all hotels with queries',
  timestamp: '2026-08-03T14:25:05.171Z'
}
{
  message: '[Cache Hit] Lấy danh sách điểm đến hoạt động từ Redis',
  level: 'debug',
  timestamp: '2026-08-03T14:25:05.173Z'
}
{
  page: '1',
  limit: '10',
  status: 'ACTIVE',
  level: 'info',
  message: '[HotelController] Get all hotels with queries',
  timestamp: '2026-08-03T14:25:05.187Z'
}
{
  message: '[Cache Hit] Lấy danh sách điểm đến hoạt động từ Redis',
  level: 'debug',
  timestamp: '2026-08-03T14:25:05.188Z'
}
{
  message: '[Cache Hit] Lấy danh sách điểm đến hoạt động từ Redis',
  level: 'debug',
  timestamp: '2026-08-03T14:25:05.204Z'
}
{
  message: '[Cache Hit] Lấy danh sách điểm đến hoạt động từ Redis',
  level: 'debug',
  timestamp: '2026-08-03T14:25:05.212Z'
}
{
  userId: '6173a954-cbea-43c4-bbf1-ace8f7b9bc1e',
  level: 'info',
  message: '[AuthController] Get Me',
  timestamp: '2026-08-03T14:25:06.427Z'
}
{
  message: 'Fetching user details for ID: 6173a954-cbea-43c4-bbf1-ace8f7b9bc1e',
  level: 'debug',
  timestamp: '2026-08-03T14:25:06.427Z'
}
{
  message: '[Cache Hit] Lấy thông tin user ID: 6173a954-cbea-43c4-bbf1-ace8f7b9bc1e từ Redis',
  level: 'debug',
  timestamp: '2026-08-03T14:25:06.430Z'
}
{
  userId: '6173a954-cbea-43c4-bbf1-ace8f7b9bc1e',
  level: 'info',
  message: '[AuthController] Get Me',
  timestamp: '2026-08-03T14:25:06.441Z'
}
{
  message: 'Fetching user details for ID: 6173a954-cbea-43c4-bbf1-ace8f7b9bc1e',
  level: 'debug',
  timestamp: '2026-08-03T14:25:06.443Z'
}
{
  message: '[Cache Hit] Lấy thông tin user ID: 6173a954-cbea-43c4-bbf1-ace8f7b9bc1e từ Redis',
  level: 'debug',
  timestamp: '2026-08-03T14:25:06.444Z'
}
{
  page: '1',
  limit: '10',
  status: 'ACTIVE',
  level: 'info',
  message: '[HotelController] Get all hotels with queries',
  timestamp: '2026-08-03T14:25:06.737Z'
}
{
  message: '[Cache Hit] Lấy danh sách điểm đến hoạt động từ Redis',
  level: 'debug',
  timestamp: '2026-08-03T14:25:06.740Z'
}
{
  page: '1',
  limit: '10',
  status: 'ACTIVE',
  level: 'info',
  message: '[HotelController] Get all hotels with queries',
  timestamp: '2026-08-03T14:25:06.747Z'
}
{
  message: '[Cache Hit] Lấy danh sách điểm đến hoạt động từ Redis',
  level: 'debug',
  timestamp: '2026-08-03T14:25:06.750Z'
}
{
  message: '[Cache Hit] Lấy danh sách điểm đến hoạt động từ Redis',
  level: 'debug',
  timestamp: '2026-08-03T14:25:06.757Z'
}
{
  message: '[Cache Hit] Lấy danh sách điểm đến hoạt động từ Redis',
  level: 'debug',
  timestamp: '2026-08-03T14:25:06.765Z'
}
{
  query: [Object: null prototype] {
    location: 'Test',
    checkInDate: '2026-08-05',
    checkOutDate: '2026-08-08',
    adults: '2',
    children: '1',
    rooms: '3'
  },
  level: 'info',
  message: '[SearchController] Search hotels',
  timestamp: '2026-08-03T14:25:21.429Z'
}
{
  message: '[Cache Hit] Lấy danh sách điểm đến hoạt động từ Redis',
  level: 'debug',
  timestamp: '2026-08-03T14:25:21.454Z'
}
{
  message: '[Cache Hit] Lấy danh sách điểm đến hoạt động từ Redis',
  level: 'debug',
  timestamp: '2026-08-03T14:25:21.460Z'
}
{
  query: [Object: null prototype] {
    location: 'Test',
    checkInDate: '2026-08-05',
    checkOutDate: '2026-08-08',
    adults: '2',
    children: '1',
    rooms: '3'
  },
  level: 'info',
  message: '[SearchController] Search hotels',
  timestamp: '2026-08-03T14:25:21.494Z'
}
{
  hotelId: 'd79e14bd-e09b-49c3-80d7-4442133e57d6',
  level: 'info',
  message: '[HotelController] Get hotel by id',
  timestamp: '2026-08-03T14:25:25.789Z'
}
{
  message: '[Cache Hit] Lấy thông tin hotel ID: d79e14bd-e09b-49c3-80d7-4442133e57d6 từ Redis',
  level: 'debug',
  timestamp: '2026-08-03T14:25:25.790Z'
}
{
  hotelId: 'd79e14bd-e09b-49c3-80d7-4442133e57d6',
  level: 'info',
  message: '[HotelController] Get hotel by id',
  timestamp: '2026-08-03T14:25:25.795Z'
}
{
  message: '[Cache Hit] Lấy thông tin hotel ID: d79e14bd-e09b-49c3-80d7-4442133e57d6 từ Redis',
  level: 'debug',
  timestamp: '2026-08-03T14:25:25.796Z'
}
{
  message: '[Cache Hit] Lấy danh sách điểm đến hoạt động từ Redis',
  level: 'debug',
  timestamp: '2026-08-03T14:26:39.433Z'
}
{
  query: [Object: null prototype] {
    location: 'Test',
    checkInDate: '2026-08-05',
    checkOutDate: '2026-08-08',
    adults: '2',
    children: '1',
    rooms: '3'
  },
  level: 'info',
  message: '[SearchController] Search hotels',
  timestamp: '2026-08-03T14:26:39.437Z'
}
{
  message: '[Cache Hit] Lấy danh sách điểm đến hoạt động từ Redis',
  level: 'debug',
  timestamp: '2026-08-03T14:26:39.449Z'
}
{
  query: [Object: null prototype] {
    location: 'Test',
    checkInDate: '2026-08-05',
    checkOutDate: '2026-08-08',
    adults: '2',
    children: '1',
    rooms: '3'
  },
  level: 'info',
  message: '[SearchController] Search hotels',
  timestamp: '2026-08-03T14:26:39.490Z'
}
{
  message: '[Cache Hit] Lấy danh sách điểm đến hoạt động từ Redis',
  level: 'debug',
  timestamp: '2026-08-03T14:26:47.431Z'
}
{
  page: '1',
  limit: '10',
  status: 'ACTIVE',
  level: 'info',
  message: '[HotelController] Get all hotels with queries',
  timestamp: '2026-08-03T14:26:47.433Z'
}
{
  message: '[Cache Hit] Lấy danh sách điểm đến hoạt động từ Redis',
  level: 'debug',
  timestamp: '2026-08-03T14:26:47.436Z'
}
{
  page: '1',
  limit: '10',
  status: 'ACTIVE',
  level: 'info',
  message: '[HotelController] Get all hotels with queries',
  timestamp: '2026-08-03T14:26:47.445Z'
}
{
  message: '[Cache Hit] Lấy danh sách điểm đến hoạt động từ Redis',
  level: 'debug',
  timestamp: '2026-08-03T14:26:47.449Z'
}
{
  message: '[Cache Hit] Lấy danh sách điểm đến hoạt động từ Redis',
  level: 'debug',
  timestamp: '2026-08-03T14:26:47.457Z'
}
{
  message: '[Cache Hit] Lấy danh sách điểm đến hoạt động từ Redis',
  level: 'debug',
  timestamp: '2026-08-03T14:26:57.897Z'
}
{
  query: [Object: null prototype] {
    location: 'Hà Nội',
    adults: '2',
    children: '0',
    rooms: '1'
  },
  level: 'info',
  message: '[SearchController] Search hotels',
  timestamp: '2026-08-03T14:26:57.935Z'
}
{
  message: '[Cache Hit] Lấy danh sách điểm đến hoạt động từ Redis',
  level: 'debug',
  timestamp: '2026-08-03T14:26:57.940Z'
}
{
  query: [Object: null prototype] {
    location: 'Hà Nội',
    adults: '2',
    children: '0',
    rooms: '1'
  },
  level: 'info',
  message: '[SearchController] Search hotels',
  timestamp: '2026-08-03T14:26:57.970Z'
}
{
  message: '[SchedulerService] Đang kiểm tra các booking hết hạn thanh toán...',
  level: 'info',
  timestamp: '2026-08-03T14:30:00.003Z'
}
{
  message: '[SchedulerService] Đang kiểm tra các booking hết hạn thanh toán...',
  level: 'info',
  timestamp: '2026-08-03T14:35:00.003Z'
}
{
  message: '[SchedulerService] Đang kiểm tra các booking hết hạn thanh toán...',
  level: 'info',
  timestamp: '2026-08-03T14:40:00.002Z'
}
{
  message: '[SchedulerService] Đang kiểm tra các booking hết hạn thanh toán...',
  level: 'info',
  timestamp: '2026-08-03T16:20:00.002Z'
}
{
  message: '[SchedulerService] Đang kiểm tra các booking hết hạn thanh toán...',
  level: 'info',
  timestamp: '2026-08-03T16:25:00.003Z'
}
{
  message: 'JWT Verification Error: jwt expired',
  level: 'error',
  timestamp: '2026-08-03T16:31:30.121Z'
}
{
  message: 'GLOBAL ERROR HANDLER CAUGHT: Error: Phiên đăng nhập đã hết hạn. Vui lòng lấy Token mới.\n' +
    '    at authMiddleware (/app/src/middlewares/authMiddleware.ts:80:9)\n' +
    '    at Layer.handleRequest (/app/node_modules/router/lib/layer.js:152:17)\n' +
    '    at next (/app/node_modules/router/lib/route.js:157:13)\n' +
    '    at Route.dispatch (/app/node_modules/router/lib/route.js:117:3)\n' +
    '    at handle (/app/node_modules/router/index.js:435:11)\n' +
    '    at Layer.handleRequest (/app/node_modules/router/lib/layer.js:152:17)\n' +
    '    at /app/node_modules/router/index.js:295:15\n' +
    '    at processParams (/app/node_modules/router/index.js:582:12)\n' +
    '    at next (/app/node_modules/router/index.js:291:5)\n' +
    '    at Function.handle (/app/node_modules/router/index.js:186:3)',
  level: 'error',
  timestamp: '2026-08-03T16:31:30.122Z'
}
{
  message: 'JWT Verification Error: jwt expired',
  level: 'error',
  timestamp: '2026-08-03T16:31:30.130Z'
}
{
  message: 'GLOBAL ERROR HANDLER CAUGHT: Error: Phiên đăng nhập đã hết hạn. Vui lòng lấy Token mới.\n' +
    '    at authMiddleware (/app/src/middlewares/authMiddleware.ts:80:9)\n' +
    '    at Layer.handleRequest (/app/node_modules/router/lib/layer.js:152:17)\n' +
    '    at next (/app/node_modules/router/lib/route.js:157:13)\n' +
    '    at Route.dispatch (/app/node_modules/router/lib/route.js:117:3)\n' +
    '    at handle (/app/node_modules/router/index.js:435:11)\n' +
    '    at Layer.handleRequest (/app/node_modules/router/lib/layer.js:152:17)\n' +
    '    at /app/node_modules/router/index.js:295:15\n' +
    '    at processParams (/app/node_modules/router/index.js:582:12)\n' +
    '    at next (/app/node_modules/router/index.js:291:5)\n' +
    '    at Function.handle (/app/node_modules/router/index.js:186:3)',
  level: 'error',
  timestamp: '2026-08-03T16:31:30.131Z'
}
{
  message: '[AuthController] Refresh Tokens',
  level: 'info',
  timestamp: '2026-08-03T16:31:30.157Z'
}
{
  message: 'Fetching user details for ID: b88403bb-85f1-4be4-ac3b-a7abcc4e9a10',
  level: 'debug',
  timestamp: '2026-08-03T16:31:30.190Z'
}
{
  message: '[Cache Miss] Tìm user ID: b88403bb-85f1-4be4-ac3b-a7abcc4e9a10 trong Database',
  level: 'debug',
  timestamp: '2026-08-03T16:31:30.192Z'
}
{
  message: '[AuthService] Tokens refreshed successfully for user: locdz8c@gmail.com',
  level: 'info',
  timestamp: '2026-08-03T16:31:30.250Z'
}
{
  userId: 'b88403bb-85f1-4be4-ac3b-a7abcc4e9a10',
  level: 'info',
  message: '[AuthController] Get Me',
  timestamp: '2026-08-03T16:31:30.447Z'
}
{
  message: 'Fetching user details for ID: b88403bb-85f1-4be4-ac3b-a7abcc4e9a10',
  level: 'debug',
  timestamp: '2026-08-03T16:31:30.448Z'
}
{
  message: '[Cache Hit] Lấy thông tin user ID: b88403bb-85f1-4be4-ac3b-a7abcc4e9a10 từ Redis',
  level: 'debug',
  timestamp: '2026-08-03T16:31:30.450Z'
}
{
  page: '1',
  limit: '10',
  status: 'ACTIVE',
  level: 'info',
  message: '[HotelController] Get all hotels with queries',
  timestamp: '2026-08-03T16:31:30.463Z'
}
{
  userId: 'b88403bb-85f1-4be4-ac3b-a7abcc4e9a10',
  level: 'info',
  message: '[AuthController] Get Me',
  timestamp: '2026-08-03T16:31:30.504Z'
}
{
  message: 'Fetching user details for ID: b88403bb-85f1-4be4-ac3b-a7abcc4e9a10',
  level: 'debug',
  timestamp: '2026-08-03T16:31:30.505Z'
}
{
  message: '[Cache Hit] Lấy thông tin user ID: b88403bb-85f1-4be4-ac3b-a7abcc4e9a10 từ Redis',
  level: 'debug',
  timestamp: '2026-08-03T16:31:30.511Z'
}
{
  message: '[Cache Hit] Lấy danh sách điểm đến hoạt động từ Redis',
  level: 'debug',
  timestamp: '2026-08-03T16:31:30.529Z'
}
{
  message: '[Cache Hit] Lấy danh sách điểm đến hoạt động từ Redis',
  level: 'debug',
  timestamp: '2026-08-03T16:31:30.538Z'
}
{
  message: '[Cache Hit] Lấy danh sách điểm đến hoạt động từ Redis',
  level: 'debug',
  timestamp: '2026-08-03T16:31:30.552Z'
}
{
  message: '[Cache Hit] Lấy danh sách điểm đến hoạt động từ Redis',
  level: 'debug',
  timestamp: '2026-08-03T16:31:30.560Z'
}
{
  page: '1',
  limit: '10',
  status: 'ACTIVE',
  level: 'info',
  message: '[HotelController] Get all hotels with queries',
  timestamp: '2026-08-03T16:31:30.582Z'
}
{
  message: 'JWT Verification Error: jwt expired',
  level: 'error',
  timestamp: '2026-08-03T16:31:31.935Z'
}
{
  message: 'GLOBAL ERROR HANDLER CAUGHT: Error: Phiên đăng nhập đã hết hạn. Vui lòng lấy Token mới.\n' +
    '    at authMiddleware (/app/src/middlewares/authMiddleware.ts:80:9)\n' +
    '    at Layer.handleRequest (/app/node_modules/router/lib/layer.js:152:17)\n' +
    '    at next (/app/node_modules/router/lib/route.js:157:13)\n' +
    '    at Route.dispatch (/app/node_modules/router/lib/route.js:117:3)\n' +
    '    at handle (/app/node_modules/router/index.js:435:11)\n' +
    '    at Layer.handleRequest (/app/node_modules/router/lib/layer.js:152:17)\n' +
    '    at /app/node_modules/router/index.js:295:15\n' +
    '    at processParams (/app/node_modules/router/index.js:582:12)\n' +
    '    at next (/app/node_modules/router/index.js:291:5)\n' +
    '    at Function.handle (/app/node_modules/router/index.js:186:3)',
  level: 'error',
  timestamp: '2026-08-03T16:31:31.936Z'
}
{
  message: 'JWT Verification Error: jwt expired',
  level: 'error',
  timestamp: '2026-08-03T16:31:31.943Z'
}
{
  message: 'GLOBAL ERROR HANDLER CAUGHT: Error: Phiên đăng nhập đã hết hạn. Vui lòng lấy Token mới.\n' +
    '    at authMiddleware (/app/src/middlewares/authMiddleware.ts:80:9)\n' +
    '    at Layer.handleRequest (/app/node_modules/router/lib/layer.js:152:17)\n' +
    '    at next (/app/node_modules/router/lib/route.js:157:13)\n' +
    '    at Route.dispatch (/app/node_modules/router/lib/route.js:117:3)\n' +
    '    at handle (/app/node_modules/router/index.js:435:11)\n' +
    '    at Layer.handleRequest (/app/node_modules/router/lib/layer.js:152:17)\n' +
    '    at /app/node_modules/router/index.js:295:15\n' +
    '    at processParams (/app/node_modules/router/index.js:582:12)\n' +
    '    at next (/app/node_modules/router/index.js:291:5)\n' +
    '    at Function.handle (/app/node_modules/router/index.js:186:3)',
  level: 'error',
  timestamp: '2026-08-03T16:31:31.952Z'
}
{
  message: '[AuthController] Refresh Tokens',
  level: 'info',
  timestamp: '2026-08-03T16:31:31.965Z'
}
{
  message: 'Fetching user details for ID: 6173a954-cbea-43c4-bbf1-ace8f7b9bc1e',
  level: 'debug',
  timestamp: '2026-08-03T16:31:31.975Z'
}
{
  message: '[Cache Miss] Tìm user ID: 6173a954-cbea-43c4-bbf1-ace8f7b9bc1e trong Database',
  level: 'debug',
  timestamp: '2026-08-03T16:31:31.976Z'
}
{
  message: '[AuthService] Tokens refreshed successfully for user: tranhieudz2024@gmail.com',
  level: 'info',
  timestamp: '2026-08-03T16:31:32.019Z'
}
{
  userId: '6173a954-cbea-43c4-bbf1-ace8f7b9bc1e',
  level: 'info',
  message: '[AuthController] Get Me',
  timestamp: '2026-08-03T16:31:32.084Z'
}
{
  message: 'Fetching user details for ID: 6173a954-cbea-43c4-bbf1-ace8f7b9bc1e',
  level: 'debug',
  timestamp: '2026-08-03T16:31:32.085Z'
}
{
  message: '[Cache Hit] Lấy thông tin user ID: 6173a954-cbea-43c4-bbf1-ace8f7b9bc1e từ Redis',
  level: 'debug',
  timestamp: '2026-08-03T16:31:32.091Z'
}
{
  userId: '6173a954-cbea-43c4-bbf1-ace8f7b9bc1e',
  level: 'info',
  message: '[AuthController] Get Me',
  timestamp: '2026-08-03T16:31:32.101Z'
}
{
  message: 'Fetching user details for ID: 6173a954-cbea-43c4-bbf1-ace8f7b9bc1e',
  level: 'debug',
  timestamp: '2026-08-03T16:31:32.103Z'
}
{
  message: '[Cache Hit] Lấy thông tin user ID: 6173a954-cbea-43c4-bbf1-ace8f7b9bc1e từ Redis',
  level: 'debug',
  timestamp: '2026-08-03T16:31:32.106Z'
}
{
  page: '1',
  limit: '10',
  status: 'ACTIVE',
  level: 'info',
  message: '[HotelController] Get all hotels with queries',
  timestamp: '2026-08-03T16:31:32.119Z'
}
{
  message: '[Cache Hit] Lấy danh sách điểm đến hoạt động từ Redis',
  level: 'debug',
  timestamp: '2026-08-03T16:31:32.132Z'
}
{
  page: '1',
  limit: '10',
  status: 'ACTIVE',
  level: 'info',
  message: '[HotelController] Get all hotels with queries',
  timestamp: '2026-08-03T16:31:32.134Z'
}
{
  message: '[Cache Hit] Lấy danh sách điểm đến hoạt động từ Redis',
  level: 'debug',
  timestamp: '2026-08-03T16:31:32.140Z'
}
{
  message: '[Cache Hit] Lấy danh sách điểm đến hoạt động từ Redis',
  level: 'debug',
  timestamp: '2026-08-03T16:31:32.150Z'
}
{
  message: '[Cache Hit] Lấy danh sách điểm đến hoạt động từ Redis',
  level: 'debug',
  timestamp: '2026-08-03T16:31:32.154Z'
}
{
  message: '[Cache Hit] Lấy danh sách điểm đến hoạt động từ Redis',
  level: 'debug',
  timestamp: '2026-08-03T16:31:35.226Z'
}
{
  query: [Object: null prototype] {
    location: 'Hà Nội',
    adults: '2',
    children: '0',
    rooms: '1'
  },
  level: 'info',
  message: '[SearchController] Search hotels',
  timestamp: '2026-08-03T16:31:35.228Z'
}
{
  message: '[Cache Hit] Lấy danh sách điểm đến hoạt động từ Redis',
  level: 'debug',
  timestamp: '2026-08-03T16:31:35.234Z'
}
{
  query: [Object: null prototype] {
    location: 'Hà Nội',
    adults: '2',
    children: '0',
    rooms: '1'
  },
  level: 'info',
  message: '[SearchController] Search hotels',
  timestamp: '2026-08-03T16:31:35.247Z'
}
{
  message: '[Cache Hit] Lấy danh sách điểm đến hoạt động từ Redis',
  level: 'debug',
  timestamp: '2026-08-03T16:31:48.816Z'
}
{
  query: [Object: null prototype] {
    location: 'Hà Nội',
    checkInDate: '2026-08-04',
    checkOutDate: '2026-08-05',
    adults: '2',
    children: '0',
    rooms: '1'
  },
  level: 'info',
  message: '[SearchController] Search hotels',
  timestamp: '2026-08-03T16:31:48.819Z'
}
{
  message: '[Cache Hit] Lấy danh sách điểm đến hoạt động từ Redis',
  level: 'debug',
  timestamp: '2026-08-03T16:31:48.833Z'
}
{
  query: [Object: null prototype] {
    location: 'Hà Nội',
    checkInDate: '2026-08-04',
    checkOutDate: '2026-08-05',
    adults: '2',
    children: '0',
    rooms: '1'
  },
  level: 'info',
  message: '[SearchController] Search hotels',
  timestamp: '2026-08-03T16:31:48.875Z'
}
{
  query: [Object: null prototype] {
    location: 'Hà Nội',
    checkInDate: '2026-08-04',
    checkOutDate: '2026-08-05',
    adults: '2',
    children: '0',
    rooms: '1'
  },
  level: 'info',
  message: '[SearchController] Search hotels',
  timestamp: '2026-08-03T16:32:09.131Z'
}
{
  hotelId: '09928f48-b9bb-4700-85d2-51b072eef2c9',
  level: 'info',
  message: '[HotelController] Get hotel by id',
  timestamp: '2026-08-03T16:32:10.506Z'
}
{
  message: '[Cache Miss] Tìm hotel ID: 09928f48-b9bb-4700-85d2-51b072eef2c9 trong Database',
  level: 'debug',
  timestamp: '2026-08-03T16:32:10.510Z'
}
{
  hotelId: '09928f48-b9bb-4700-85d2-51b072eef2c9',
  level: 'info',
  message: '[HotelController] Get hotel by id',
  timestamp: '2026-08-03T16:32:10.532Z'
}
{
  message: '[Cache Hit] Lấy thông tin hotel ID: 09928f48-b9bb-4700-85d2-51b072eef2c9 từ Redis',
  level: 'debug',
  timestamp: '2026-08-03T16:32:10.535Z'
}
{
  hotelId: '09928f48-b9bb-4700-85d2-51b072eef2c9',
  level: 'info',
  message: '[HotelController] Get hotel by id',
  timestamp: '2026-08-03T16:32:13.704Z'
}
{
  message: '[Cache Hit] Lấy thông tin hotel ID: 09928f48-b9bb-4700-85d2-51b072eef2c9 từ Redis',
  level: 'debug',
  timestamp: '2026-08-03T16:32:13.705Z'
}
{
  hotelId: '09928f48-b9bb-4700-85d2-51b072eef2c9',
  level: 'info',
  message: '[HotelController] Get hotel by id',
  timestamp: '2026-08-03T16:32:13.709Z'
}
{
  message: '[Cache Hit] Lấy thông tin hotel ID: 09928f48-b9bb-4700-85d2-51b072eef2c9 từ Redis',
  level: 'debug',
  timestamp: '2026-08-03T16:32:13.710Z'
}
{
  hotelId: '09928f48-b9bb-4700-85d2-51b072eef2c9',
  level: 'info',
  message: '[HotelController] Get hotel by id',
  timestamp: '2026-08-03T16:32:29.868Z'
}
{
  message: '[Cache Hit] Lấy thông tin hotel ID: 09928f48-b9bb-4700-85d2-51b072eef2c9 từ Redis',
  level: 'debug',
  timestamp: '2026-08-03T16:32:29.869Z'
}
{
  hotelId: '09928f48-b9bb-4700-85d2-51b072eef2c9',
  level: 'info',
  message: '[HotelController] Get hotel by id',
  timestamp: '2026-08-03T16:32:29.871Z'
}
{
  message: '[Cache Hit] Lấy thông tin hotel ID: 09928f48-b9bb-4700-85d2-51b072eef2c9 từ Redis',
  level: 'debug',
  timestamp: '2026-08-03T16:32:29.873Z'
}
{
  message: '[BookingController] Create booking',
  level: 'info',
  timestamp: '2026-08-03T16:32:47.040Z'
}
{
  message: 'GLOBAL ERROR HANDLER CAUGHT: Error: Rất tiếc! Chỉ còn lại 3 phòng trống trong khoảng thời gian bạn chọn.\n' +
    '    at BookingAvailabilityService.validateAvailability (/app/src/modules/booking/services/bookingCreation/bookingAvailability.ts:48:13)\n' +
    '    at process.processTicksAndRejections (node:internal/process/task_queues:95:5)\n' +
    '    at async BookingCreationService.executeBookingTransaction (/app/src/modules/booking/services/bookingCreation/bookingCreationService.ts:68:43)\n' +
    '    at async Proxy._transactionWithCallback (/app/generated/prisma/runtime/client.js:79:4800)\n' +
    '    at async BookingCreationService.createBooking (/app/src/modules/booking/services/bookingCreation/bookingCreationService.ts:35:17)\n' +
    '    at async createBooking (/app/src/modules/booking/controllers/bookingController.ts:26:20)',
  level: 'error',
  timestamp: '2026-08-03T16:32:47.196Z'
}
{
  hotelId: '09928f48-b9bb-4700-85d2-51b072eef2c9',
  level: 'info',
  message: '[HotelController] Get hotel by id',
  timestamp: '2026-08-03T16:32:50.639Z'
}
{
  message: '[Cache Hit] Lấy thông tin hotel ID: 09928f48-b9bb-4700-85d2-51b072eef2c9 từ Redis',
  level: 'debug',
  timestamp: '2026-08-03T16:32:50.640Z'
}
{
  hotelId: '09928f48-b9bb-4700-85d2-51b072eef2c9',
  level: 'info',
  message: '[HotelController] Get hotel by id',
  timestamp: '2026-08-03T16:32:50.644Z'
}
{
  message: '[Cache Hit] Lấy thông tin hotel ID: 09928f48-b9bb-4700-85d2-51b072eef2c9 từ Redis',
  level: 'debug',
  timestamp: '2026-08-03T16:32:50.647Z'
}
{
  message: '[BookingController] Create booking',
  level: 'info',
  timestamp: '2026-08-03T16:34:07.943Z'
}
{
  message: '[BookingController] Get user bookings',
  level: 'info',
  timestamp: '2026-08-03T16:34:08.290Z'
}
{
  message: '[BookingController] Get user bookings',
  level: 'info',
  timestamp: '2026-08-03T16:34:08.382Z'
}
{
  page: '1',
  limit: '10',
  status: 'ACTIVE',
  level: 'info',
  message: '[HotelController] Get all hotels with queries',
  timestamp: '2026-08-03T16:34:22.316Z'
}
{
  message: '[Cache Hit] Lấy danh sách điểm đến hoạt động từ Redis',
  level: 'debug',
  timestamp: '2026-08-03T16:34:22.317Z'
}
{
  message: '[Cache Hit] Lấy danh sách điểm đến hoạt động từ Redis',
  level: 'debug',
  timestamp: '2026-08-03T16:34:22.322Z'
}
{
  page: '1',
  limit: '10',
  status: 'ACTIVE',
  level: 'info',
  message: '[HotelController] Get all hotels with queries',
  timestamp: '2026-08-03T16:34:22.325Z'
}
{
  message: '[Cache Hit] Lấy danh sách điểm đến hoạt động từ Redis',
  level: 'debug',
  timestamp: '2026-08-03T16:34:22.328Z'
}
{
  message: '[Cache Hit] Lấy danh sách điểm đến hoạt động từ Redis',
  level: 'debug',
  timestamp: '2026-08-03T16:34:22.337Z'
}
{
  email: 'agent1@booking.com',
  level: 'info',
  message: '[AuthController] Login with Password',
  timestamp: '2026-08-03T16:34:36.456Z'
}
{
  message: 'User ID 0cbc0c7f-fda6-4929-b479-ad9d83ace8ce đăng nhập thành công. Đã làm sạch lịch sử đăng nhập sai.',
  level: 'info',
  timestamp: '2026-08-03T16:34:36.528Z'
}
{
  message: '[AuthService] Password login successful for user: agent1@booking.com',
  level: 'info',
  timestamp: '2026-08-03T16:34:36.533Z'
}
{
  userId: '0cbc0c7f-fda6-4929-b479-ad9d83ace8ce',
  level: 'info',
  message: '[AuthController] Get Me',
  timestamp: '2026-08-03T16:34:36.558Z'
}
{
  message: 'Fetching user details for ID: 0cbc0c7f-fda6-4929-b479-ad9d83ace8ce',
  level: 'debug',
  timestamp: '2026-08-03T16:34:36.559Z'
}
{
  message: '[Cache Miss] Tìm user ID: 0cbc0c7f-fda6-4929-b479-ad9d83ace8ce trong Database',
  level: 'debug',
  timestamp: '2026-08-03T16:34:36.560Z'
}
{
  message: '[Cache Hit] Lấy danh sách điểm đến hoạt động từ Redis',
  level: 'debug',
  timestamp: '2026-08-03T16:34:36.614Z'
}
{
  page: '1',
  limit: '10',
  status: 'ACTIVE',
  level: 'info',
  message: '[HotelController] Get all hotels with queries',
  timestamp: '2026-08-03T16:34:36.628Z'
}
{
  message: '[Cache Hit] Lấy danh sách điểm đến hoạt động từ Redis',
  level: 'debug',
  timestamp: '2026-08-03T16:34:36.630Z'
}
{
  message: '[Cache Hit] Lấy danh sách điểm đến hoạt động từ Redis',
  level: 'debug',
  timestamp: '2026-08-03T16:34:36.638Z'
}
{
  page: '1',
  limit: '10',
  status: 'ACTIVE',
  level: 'info',
  message: '[HotelController] Get all hotels with queries',
  timestamp: '2026-08-03T16:34:36.651Z'
}
{
  message: '[Cache Hit] Lấy danh sách điểm đến hoạt động từ Redis',
  level: 'debug',
  timestamp: '2026-08-03T16:34:36.663Z'
}
{
  message: '[HotelController] Get my hotels',
  level: 'info',
  timestamp: '2026-08-03T16:34:40.775Z'
}
{
  message: '[HotelController] Get my hotels',
  level: 'info',
  timestamp: '2026-08-03T16:34:40.837Z'
}
{
  hotelId: '47451836-dfa0-4b5c-b770-43e87150fe10',
  level: 'info',
  message: '[BookingController] Get hotel bookings',
  timestamp: '2026-08-03T16:34:40.857Z'
}
{
  hotelId: '45ea8129-6cde-4f0a-b8a5-701260e11966',
  level: 'info',
  message: '[BookingController] Get hotel bookings',
  timestamp: '2026-08-03T16:34:40.862Z'
}
{
  message: '[Cache Miss] Tìm hotel ID: 47451836-dfa0-4b5c-b770-43e87150fe10 trong Database',
  level: 'debug',
  timestamp: '2026-08-03T16:34:40.876Z'
}
{
  message: '[Cache Miss] Tìm hotel ID: 45ea8129-6cde-4f0a-b8a5-701260e11966 trong Database',
  level: 'debug',
  timestamp: '2026-08-03T16:34:40.877Z'
}
{
  hotelId: '6476b4b4-c8ba-4f05-a3ae-9ba776ad4be3',
  level: 'info',
  message: '[BookingController] Get hotel bookings',
  timestamp: '2026-08-03T16:34:40.903Z'
}
{
  hotelId: 'fda0f2da-56b2-46ac-afa7-7bb4e6d06edc',
  level: 'info',
  message: '[BookingController] Get hotel bookings',
  timestamp: '2026-08-03T16:34:40.906Z'
}
{
  message: '[Cache Miss] Tìm hotel ID: 6476b4b4-c8ba-4f05-a3ae-9ba776ad4be3 trong Database',
  level: 'debug',
  timestamp: '2026-08-03T16:34:40.922Z'
}
{
  message: '[Cache Miss] Tìm hotel ID: fda0f2da-56b2-46ac-afa7-7bb4e6d06edc trong Database',
  level: 'debug',
  timestamp: '2026-08-03T16:34:40.923Z'
}
{
  hotelId: 'd79e14bd-e09b-49c3-80d7-4442133e57d6',
  level: 'info',
  message: '[BookingController] Get hotel bookings',
  timestamp: '2026-08-03T16:34:40.926Z'
}
{
  message: '[Cache Miss] Tìm hotel ID: d79e14bd-e09b-49c3-80d7-4442133e57d6 trong Database',
  level: 'debug',
  timestamp: '2026-08-03T16:34:40.940Z'
}
{
  hotelId: 'ae4ccd44-300e-4ca3-b16c-d3e71b6a0193',
  level: 'info',
  message: '[BookingController] Get hotel bookings',
  timestamp: '2026-08-03T16:34:40.951Z'
}
{
  message: '[Cache Miss] Tìm hotel ID: ae4ccd44-300e-4ca3-b16c-d3e71b6a0193 trong Database',
  level: 'debug',
  timestamp: '2026-08-03T16:34:40.962Z'
}
{
  hotelId: 'd29b2e2a-8af1-4273-8f2d-87053225f461',
  level: 'info',
  message: '[BookingController] Get hotel bookings',
  timestamp: '2026-08-03T16:34:41.014Z'
}
{
  message: '[Cache Miss] Tìm hotel ID: d29b2e2a-8af1-4273-8f2d-87053225f461 trong Database',
  level: 'debug',
  timestamp: '2026-08-03T16:34:41.017Z'
}
{
  hotelId: 'fdfc5eb7-97ff-450b-9edf-723739f36d56',
  level: 'info',
  message: '[BookingController] Get hotel bookings',
  timestamp: '2026-08-03T16:34:41.031Z'
}
{
  message: '[Cache Miss] Tìm hotel ID: fdfc5eb7-97ff-450b-9edf-723739f36d56 trong Database',
  level: 'debug',
  timestamp: '2026-08-03T16:34:41.039Z'
}
{
  hotelId: '52eb4a25-dcb7-4bea-81ac-9d12053bd2c0',
  level: 'info',
  message: '[BookingController] Get hotel bookings',
  timestamp: '2026-08-03T16:34:41.110Z'
}
{
  message: '[Cache Miss] Tìm hotel ID: 52eb4a25-dcb7-4bea-81ac-9d12053bd2c0 trong Database',
  level: 'debug',
  timestamp: '2026-08-03T16:34:41.117Z'
}
{
  hotelId: 'db71d087-b5a7-47be-b2a3-04e168e623b9',
  level: 'info',
  message: '[BookingController] Get hotel bookings',
  timestamp: '2026-08-03T16:34:41.129Z'
}
{
  message: '[Cache Miss] Tìm hotel ID: db71d087-b5a7-47be-b2a3-04e168e623b9 trong Database',
  level: 'debug',
  timestamp: '2026-08-03T16:34:41.135Z'
}
{
  hotelId: '3ff5cc53-9069-45bc-a39e-2295bebd3ea5',
  level: 'info',
  message: '[BookingController] Get hotel bookings',
  timestamp: '2026-08-03T16:34:41.151Z'
}
{
  message: '[Cache Miss] Tìm hotel ID: 3ff5cc53-9069-45bc-a39e-2295bebd3ea5 trong Database',
  level: 'debug',
  timestamp: '2026-08-03T16:34:41.154Z'
}
{
  hotelId: '61f3e4c1-cba1-48b1-851c-16bc9d413ec2',
  level: 'info',
  message: '[BookingController] Get hotel bookings',
  timestamp: '2026-08-03T16:34:41.174Z'
}
{
  hotelId: 'a9778731-bce8-4dbf-8b2f-ab2543bfdcdc',
  level: 'info',
  message: '[BookingController] Get hotel bookings',
  timestamp: '2026-08-03T16:34:41.179Z'
}
{
  message: '[Cache Miss] Tìm hotel ID: 61f3e4c1-cba1-48b1-851c-16bc9d413ec2 trong Database',
  level: 'debug',
  timestamp: '2026-08-03T16:34:41.181Z'
}
{
  message: '[Cache Miss] Tìm hotel ID: a9778731-bce8-4dbf-8b2f-ab2543bfdcdc trong Database',
  level: 'debug',
  timestamp: '2026-08-03T16:34:41.181Z'
}
{
  hotelId: '09928f48-b9bb-4700-85d2-51b072eef2c9',
  level: 'info',
  message: '[BookingController] Get hotel bookings',
  timestamp: '2026-08-03T16:34:41.242Z'
}
{
  hotelId: '1f63d07b-44ef-412e-8e8f-fc20853648c3',
  level: 'info',
  message: '[BookingController] Get hotel bookings',
  timestamp: '2026-08-03T16:34:41.249Z'
}
{
  message: '[Cache Hit] Lấy thông tin hotel ID: 09928f48-b9bb-4700-85d2-51b072eef2c9 từ Redis',
  level: 'debug',
  timestamp: '2026-08-03T16:34:41.251Z'
}
{
  hotelId: '47451836-dfa0-4b5c-b770-43e87150fe10',
  level: 'info',
  message: '[BookingController] Get hotel bookings',
  timestamp: '2026-08-03T16:34:41.255Z'
}
{
  hotelId: 'fda0f2da-56b2-46ac-afa7-7bb4e6d06edc',
  level: 'info',
  message: '[BookingController] Get hotel bookings',
  timestamp: '2026-08-03T16:34:41.260Z'
}
{
  message: '[Cache Miss] Tìm hotel ID: 1f63d07b-44ef-412e-8e8f-fc20853648c3 trong Database',
  level: 'debug',
  timestamp: '2026-08-03T16:34:41.262Z'
}
{
  message: '[Cache Hit] Lấy thông tin hotel ID: 47451836-dfa0-4b5c-b770-43e87150fe10 từ Redis',
  level: 'debug',
  timestamp: '2026-08-03T16:34:41.263Z'
}
{
  message: '[Cache Hit] Lấy thông tin hotel ID: fda0f2da-56b2-46ac-afa7-7bb4e6d06edc từ Redis',
  level: 'debug',
  timestamp: '2026-08-03T16:34:41.270Z'
}
{
  hotelId: 'd29b2e2a-8af1-4273-8f2d-87053225f461',
  level: 'info',
  message: '[BookingController] Get hotel bookings',
  timestamp: '2026-08-03T16:34:41.277Z'
}
{
  message: '[Cache Hit] Lấy thông tin hotel ID: d29b2e2a-8af1-4273-8f2d-87053225f461 từ Redis',
  level: 'debug',
  timestamp: '2026-08-03T16:34:41.281Z'
}
{
  hotelId: '6476b4b4-c8ba-4f05-a3ae-9ba776ad4be3',
  level: 'info',
  message: '[BookingController] Get hotel bookings',
  timestamp: '2026-08-03T16:34:41.288Z'
}
{
  hotelId: 'fdfc5eb7-97ff-450b-9edf-723739f36d56',
  level: 'info',
  message: '[BookingController] Get hotel bookings',
  timestamp: '2026-08-03T16:34:41.292Z'
}
{
  message: '[Cache Hit] Lấy thông tin hotel ID: 6476b4b4-c8ba-4f05-a3ae-9ba776ad4be3 từ Redis',
  level: 'debug',
  timestamp: '2026-08-03T16:34:41.293Z'
}
{
  message: '[Cache Hit] Lấy thông tin hotel ID: fdfc5eb7-97ff-450b-9edf-723739f36d56 từ Redis',
  level: 'debug',
  timestamp: '2026-08-03T16:34:41.294Z'
}
{
  hotelId: 'd79e14bd-e09b-49c3-80d7-4442133e57d6',
  level: 'info',
  message: '[BookingController] Get hotel bookings',
  timestamp: '2026-08-03T16:34:41.304Z'
}
{
  hotelId: 'ae4ccd44-300e-4ca3-b16c-d3e71b6a0193',
  level: 'info',
  message: '[BookingController] Get hotel bookings',
  timestamp: '2026-08-03T16:34:41.319Z'
}
{
  message: '[Cache Hit] Lấy thông tin hotel ID: d79e14bd-e09b-49c3-80d7-4442133e57d6 từ Redis',
  level: 'debug',
  timestamp: '2026-08-03T16:34:41.320Z'
}
{
  hotelId: '52eb4a25-dcb7-4bea-81ac-9d12053bd2c0',
  level: 'info',
  message: '[BookingController] Get hotel bookings',
  timestamp: '2026-08-03T16:34:41.327Z'
}
{
  hotelId: '45ea8129-6cde-4f0a-b8a5-701260e11966',
  level: 'info',
  message: '[BookingController] Get hotel bookings',
  timestamp: '2026-08-03T16:34:41.331Z'
}
{
  message: '[Cache Hit] Lấy thông tin hotel ID: ae4ccd44-300e-4ca3-b16c-d3e71b6a0193 từ Redis',
  level: 'debug',
  timestamp: '2026-08-03T16:34:41.333Z'
}
{
  message: '[Cache Hit] Lấy thông tin hotel ID: 52eb4a25-dcb7-4bea-81ac-9d12053bd2c0 từ Redis',
  level: 'debug',
  timestamp: '2026-08-03T16:34:41.333Z'
}
{
  message: '[Cache Hit] Lấy thông tin hotel ID: 45ea8129-6cde-4f0a-b8a5-701260e11966 từ Redis',
  level: 'debug',
  timestamp: '2026-08-03T16:34:41.334Z'
}
{
  hotelId: 'db71d087-b5a7-47be-b2a3-04e168e623b9',
  level: 'info',
  message: '[BookingController] Get hotel bookings',
  timestamp: '2026-08-03T16:34:41.347Z'
}
{
  message: '[Cache Hit] Lấy thông tin hotel ID: db71d087-b5a7-47be-b2a3-04e168e623b9 từ Redis',
  level: 'debug',
  timestamp: '2026-08-03T16:34:41.353Z'
}
{
  hotelId: '61f3e4c1-cba1-48b1-851c-16bc9d413ec2',
  level: 'info',
  message: '[BookingController] Get hotel bookings',
  timestamp: '2026-08-03T16:34:41.360Z'
}
{
  message: '[Cache Hit] Lấy thông tin hotel ID: 61f3e4c1-cba1-48b1-851c-16bc9d413ec2 từ Redis',
  level: 'debug',
  timestamp: '2026-08-03T16:34:41.362Z'
}
{
  hotelId: 'a9778731-bce8-4dbf-8b2f-ab2543bfdcdc',
  level: 'info',
  message: '[BookingController] Get hotel bookings',
  timestamp: '2026-08-03T16:34:41.373Z'
}
{
  hotelId: '3ff5cc53-9069-45bc-a39e-2295bebd3ea5',
  level: 'info',
  message: '[BookingController] Get hotel bookings',
  timestamp: '2026-08-03T16:34:41.375Z'
}
{
  hotelId: '09928f48-b9bb-4700-85d2-51b072eef2c9',
  level: 'info',
  message: '[BookingController] Get hotel bookings',
  timestamp: '2026-08-03T16:34:41.379Z'
}
{
  message: '[Cache Hit] Lấy thông tin hotel ID: a9778731-bce8-4dbf-8b2f-ab2543bfdcdc từ Redis',
  level: 'debug',
  timestamp: '2026-08-03T16:34:41.380Z'
}
{
  message: '[Cache Hit] Lấy thông tin hotel ID: 3ff5cc53-9069-45bc-a39e-2295bebd3ea5 từ Redis',
  level: 'debug',
  timestamp: '2026-08-03T16:34:41.380Z'
}
{
  message: '[Cache Hit] Lấy thông tin hotel ID: 09928f48-b9bb-4700-85d2-51b072eef2c9 từ Redis',
  level: 'debug',
  timestamp: '2026-08-03T16:34:41.383Z'
}
{
  hotelId: '1f63d07b-44ef-412e-8e8f-fc20853648c3',
  level: 'info',
  message: '[BookingController] Get hotel bookings',
  timestamp: '2026-08-03T16:34:41.406Z'
}
{
  message: '[Cache Hit] Lấy thông tin hotel ID: 1f63d07b-44ef-412e-8e8f-fc20853648c3 từ Redis',
  level: 'debug',
  timestamp: '2026-08-03T16:34:41.407Z'
}
{
  message: '[HotelController] Get my hotels',
  level: 'info',
  timestamp: '2026-08-03T16:34:44.126Z'
}
{
  message: '[HotelController] Get my hotels',
  level: 'info',
  timestamp: '2026-08-03T16:34:44.139Z'
}
{
  hotelId: 'd79e14bd-e09b-49c3-80d7-4442133e57d6',
  level: 'info',
  message: '[BookingController] Get hotel bookings',
  timestamp: '2026-08-03T16:34:44.149Z'
}
{
  hotelId: 'fda0f2da-56b2-46ac-afa7-7bb4e6d06edc',
  level: 'info',
  message: '[BookingController] Get hotel bookings',
  timestamp: '2026-08-03T16:34:44.152Z'
}
{
  hotelId: '47451836-dfa0-4b5c-b770-43e87150fe10',
  level: 'info',
  message: '[BookingController] Get hotel bookings',
  timestamp: '2026-08-03T16:34:44.155Z'
}
{
  hotelId: '45ea8129-6cde-4f0a-b8a5-701260e11966',
  level: 'info',
  message: '[BookingController] Get hotel bookings',
  timestamp: '2026-08-03T16:34:44.160Z'
}
{
  hotelId: 'db71d087-b5a7-47be-b2a3-04e168e623b9',
  level: 'info',
  message: '[BookingController] Get hotel bookings',
  timestamp: '2026-08-03T16:34:44.165Z'
}
{
  message: '[Cache Hit] Lấy thông tin hotel ID: d79e14bd-e09b-49c3-80d7-4442133e57d6 từ Redis',
  level: 'debug',
  timestamp: '2026-08-03T16:34:44.170Z'
}
{
  message: '[Cache Hit] Lấy thông tin hotel ID: fda0f2da-56b2-46ac-afa7-7bb4e6d06edc từ Redis',
  level: 'debug',
  timestamp: '2026-08-03T16:34:44.171Z'
}
{
  message: '[Cache Hit] Lấy thông tin hotel ID: 47451836-dfa0-4b5c-b770-43e87150fe10 từ Redis',
  level: 'debug',
  timestamp: '2026-08-03T16:34:44.171Z'
}
{
  message: '[Cache Hit] Lấy thông tin hotel ID: 45ea8129-6cde-4f0a-b8a5-701260e11966 từ Redis',
  level: 'debug',
  timestamp: '2026-08-03T16:34:44.172Z'
}
{
  message: '[Cache Hit] Lấy thông tin hotel ID: db71d087-b5a7-47be-b2a3-04e168e623b9 từ Redis',
  level: 'debug',
  timestamp: '2026-08-03T16:34:44.172Z'
}
{
  hotelId: '1f63d07b-44ef-412e-8e8f-fc20853648c3',
  level: 'info',
  message: '[BookingController] Get hotel bookings',
  timestamp: '2026-08-03T16:34:44.193Z'
}
{
  hotelId: 'ae4ccd44-300e-4ca3-b16c-d3e71b6a0193',
  level: 'info',
  message: '[BookingController] Get hotel bookings',
  timestamp: '2026-08-03T16:34:44.197Z'
}
{
  hotelId: 'd29b2e2a-8af1-4273-8f2d-87053225f461',
  level: 'info',
  message: '[BookingController] Get hotel bookings',
  timestamp: '2026-08-03T16:34:44.202Z'
}
{
  hotelId: 'fdfc5eb7-97ff-450b-9edf-723739f36d56',
  level: 'info',
  message: '[BookingController] Get hotel bookings',
  timestamp: '2026-08-03T16:34:44.206Z'
}
{
  hotelId: '52eb4a25-dcb7-4bea-81ac-9d12053bd2c0',
  level: 'info',
  message: '[BookingController] Get hotel bookings',
  timestamp: '2026-08-03T16:34:44.209Z'
}
{
  hotelId: '6476b4b4-c8ba-4f05-a3ae-9ba776ad4be3',
  level: 'info',
  message: '[BookingController] Get hotel bookings',
  timestamp: '2026-08-03T16:34:44.211Z'
}
{
  message: '[Cache Hit] Lấy thông tin hotel ID: 1f63d07b-44ef-412e-8e8f-fc20853648c3 từ Redis',
  level: 'debug',
  timestamp: '2026-08-03T16:34:44.211Z'
}
{
  message: '[Cache Hit] Lấy thông tin hotel ID: ae4ccd44-300e-4ca3-b16c-d3e71b6a0193 từ Redis',
  level: 'debug',
  timestamp: '2026-08-03T16:34:44.211Z'
}
{
  message: '[Cache Hit] Lấy thông tin hotel ID: d29b2e2a-8af1-4273-8f2d-87053225f461 từ Redis',
  level: 'debug',
  timestamp: '2026-08-03T16:34:44.212Z'
}
{
  message: '[Cache Hit] Lấy thông tin hotel ID: fdfc5eb7-97ff-450b-9edf-723739f36d56 từ Redis',
  level: 'debug',
  timestamp: '2026-08-03T16:34:44.212Z'
}
{
  message: '[Cache Hit] Lấy thông tin hotel ID: 52eb4a25-dcb7-4bea-81ac-9d12053bd2c0 từ Redis',
  level: 'debug',
  timestamp: '2026-08-03T16:34:44.212Z'
}
{
  message: '[Cache Hit] Lấy thông tin hotel ID: 6476b4b4-c8ba-4f05-a3ae-9ba776ad4be3 từ Redis',
  level: 'debug',
  timestamp: '2026-08-03T16:34:44.212Z'
}
{
  hotelId: '3ff5cc53-9069-45bc-a39e-2295bebd3ea5',
  level: 'info',
  message: '[BookingController] Get hotel bookings',
  timestamp: '2026-08-03T16:34:44.220Z'
}
{
  hotelId: '61f3e4c1-cba1-48b1-851c-16bc9d413ec2',
  level: 'info',
  message: '[BookingController] Get hotel bookings',
  timestamp: '2026-08-03T16:34:44.223Z'
}
{
  hotelId: 'a9778731-bce8-4dbf-8b2f-ab2543bfdcdc',
  level: 'info',
  message: '[BookingController] Get hotel bookings',
  timestamp: '2026-08-03T16:34:44.226Z'
}
{
  hotelId: '09928f48-b9bb-4700-85d2-51b072eef2c9',
  level: 'info',
  message: '[BookingController] Get hotel bookings',
  timestamp: '2026-08-03T16:34:44.236Z'
}
{
  hotelId: '47451836-dfa0-4b5c-b770-43e87150fe10',
  level: 'info',
  message: '[BookingController] Get hotel bookings',
  timestamp: '2026-08-03T16:34:44.239Z'
}
{
  hotelId: 'fda0f2da-56b2-46ac-afa7-7bb4e6d06edc',
  level: 'info',
  message: '[BookingController] Get hotel bookings',
  timestamp: '2026-08-03T16:34:44.243Z'
}
{
  message: '[Cache Hit] Lấy thông tin hotel ID: 3ff5cc53-9069-45bc-a39e-2295bebd3ea5 từ Redis',
  level: 'debug',
  timestamp: '2026-08-03T16:34:44.244Z'
}
{
  message: '[Cache Hit] Lấy thông tin hotel ID: 61f3e4c1-cba1-48b1-851c-16bc9d413ec2 từ Redis',
  level: 'debug',
  timestamp: '2026-08-03T16:34:44.245Z'
}
{
  message: '[Cache Hit] Lấy thông tin hotel ID: a9778731-bce8-4dbf-8b2f-ab2543bfdcdc từ Redis',
  level: 'debug',
  timestamp: '2026-08-03T16:34:44.245Z'
}
{
  message: '[Cache Hit] Lấy thông tin hotel ID: 09928f48-b9bb-4700-85d2-51b072eef2c9 từ Redis',
  level: 'debug',
  timestamp: '2026-08-03T16:34:44.246Z'
}
{
  message: '[Cache Hit] Lấy thông tin hotel ID: 47451836-dfa0-4b5c-b770-43e87150fe10 từ Redis',
  level: 'debug',
  timestamp: '2026-08-03T16:34:44.246Z'
}
{
  message: '[Cache Hit] Lấy thông tin hotel ID: fda0f2da-56b2-46ac-afa7-7bb4e6d06edc từ Redis',
  level: 'debug',
  timestamp: '2026-08-03T16:34:44.247Z'
}
{
  hotelId: 'd79e14bd-e09b-49c3-80d7-4442133e57d6',
  level: 'info',
  message: '[BookingController] Get hotel bookings',
  timestamp: '2026-08-03T16:34:44.260Z'
}
{
  hotelId: '45ea8129-6cde-4f0a-b8a5-701260e11966',
  level: 'info',
  message: '[BookingController] Get hotel bookings',
  timestamp: '2026-08-03T16:34:44.266Z'
}
{
  hotelId: 'db71d087-b5a7-47be-b2a3-04e168e623b9',
  level: 'info',
  message: '[BookingController] Get hotel bookings',
  timestamp: '2026-08-03T16:34:44.275Z'
}
{
  hotelId: '1f63d07b-44ef-412e-8e8f-fc20853648c3',
  level: 'info',
  message: '[BookingController] Get hotel bookings',
  timestamp: '2026-08-03T16:34:44.279Z'
}
{
  hotelId: 'ae4ccd44-300e-4ca3-b16c-d3e71b6a0193',
  level: 'info',
  message: '[BookingController] Get hotel bookings',
  timestamp: '2026-08-03T16:34:44.282Z'
}
{
  hotelId: 'd29b2e2a-8af1-4273-8f2d-87053225f461',
  level: 'info',
  message: '[BookingController] Get hotel bookings',
  timestamp: '2026-08-03T16:34:44.288Z'
}
{
  message: '[Cache Hit] Lấy thông tin hotel ID: d79e14bd-e09b-49c3-80d7-4442133e57d6 từ Redis',
  level: 'debug',
  timestamp: '2026-08-03T16:34:44.290Z'
}
{
  message: '[Cache Hit] Lấy thông tin hotel ID: 45ea8129-6cde-4f0a-b8a5-701260e11966 từ Redis',
  level: 'debug',
  timestamp: '2026-08-03T16:34:44.290Z'
}
{
  message: '[Cache Hit] Lấy thông tin hotel ID: db71d087-b5a7-47be-b2a3-04e168e623b9 từ Redis',
  level: 'debug',
  timestamp: '2026-08-03T16:34:44.291Z'
}
{
  message: '[Cache Hit] Lấy thông tin hotel ID: 1f63d07b-44ef-412e-8e8f-fc20853648c3 từ Redis',
  level: 'debug',
  timestamp: '2026-08-03T16:34:44.291Z'
}
{
  message: '[Cache Hit] Lấy thông tin hotel ID: ae4ccd44-300e-4ca3-b16c-d3e71b6a0193 từ Redis',
  level: 'debug',
  timestamp: '2026-08-03T16:34:44.292Z'
}
{
  message: '[Cache Hit] Lấy thông tin hotel ID: d29b2e2a-8af1-4273-8f2d-87053225f461 từ Redis',
  level: 'debug',
  timestamp: '2026-08-03T16:34:44.292Z'
}
{
  hotelId: 'fdfc5eb7-97ff-450b-9edf-723739f36d56',
  level: 'info',
  message: '[BookingController] Get hotel bookings',
  timestamp: '2026-08-03T16:34:44.300Z'
}
{
  hotelId: '52eb4a25-dcb7-4bea-81ac-9d12053bd2c0',
  level: 'info',
  message: '[BookingController] Get hotel bookings',
  timestamp: '2026-08-03T16:34:44.304Z'
}
{
  hotelId: '6476b4b4-c8ba-4f05-a3ae-9ba776ad4be3',
  level: 'info',
  message: '[BookingController] Get hotel bookings',
  timestamp: '2026-08-03T16:34:44.306Z'
}
{
  hotelId: '3ff5cc53-9069-45bc-a39e-2295bebd3ea5',
  level: 'info',
  message: '[BookingController] Get hotel bookings',
  timestamp: '2026-08-03T16:34:44.308Z'
}
{
  hotelId: '61f3e4c1-cba1-48b1-851c-16bc9d413ec2',
  level: 'info',
  message: '[BookingController] Get hotel bookings',
  timestamp: '2026-08-03T16:34:44.310Z'
}
{
  hotelId: 'a9778731-bce8-4dbf-8b2f-ab2543bfdcdc',
  level: 'info',
  message: '[BookingController] Get hotel bookings',
  timestamp: '2026-08-03T16:34:44.313Z'
}
{
  message: '[Cache Hit] Lấy thông tin hotel ID: fdfc5eb7-97ff-450b-9edf-723739f36d56 từ Redis',
  level: 'debug',
  timestamp: '2026-08-03T16:34:44.314Z'
}
{
  message: '[Cache Hit] Lấy thông tin hotel ID: 52eb4a25-dcb7-4bea-81ac-9d12053bd2c0 từ Redis',
  level: 'debug',
  timestamp: '2026-08-03T16:34:44.314Z'
}
{
  message: '[Cache Hit] Lấy thông tin hotel ID: 6476b4b4-c8ba-4f05-a3ae-9ba776ad4be3 từ Redis',
  level: 'debug',
  timestamp: '2026-08-03T16:34:44.314Z'
}
{
  message: '[Cache Hit] Lấy thông tin hotel ID: 3ff5cc53-9069-45bc-a39e-2295bebd3ea5 từ Redis',
  level: 'debug',
  timestamp: '2026-08-03T16:34:44.314Z'
}
{
  message: '[Cache Hit] Lấy thông tin hotel ID: 61f3e4c1-cba1-48b1-851c-16bc9d413ec2 từ Redis',
  level: 'debug',
  timestamp: '2026-08-03T16:34:44.314Z'
}
{
  message: '[Cache Hit] Lấy thông tin hotel ID: a9778731-bce8-4dbf-8b2f-ab2543bfdcdc từ Redis',
  level: 'debug',
  timestamp: '2026-08-03T16:34:44.315Z'
}
{
  hotelId: '09928f48-b9bb-4700-85d2-51b072eef2c9',
  level: 'info',
  message: '[BookingController] Get hotel bookings',
  timestamp: '2026-08-03T16:34:44.331Z'
}
{
  message: '[Cache Hit] Lấy thông tin hotel ID: 09928f48-b9bb-4700-85d2-51b072eef2c9 từ Redis',
  level: 'debug',
  timestamp: '2026-08-03T16:34:44.333Z'
}
{
  bookingId: '1eb9ae9f-1053-44b5-81b5-d018514add13',
  level: 'info',
  message: '[BookingController] Update booking status',
  timestamp: '2026-08-03T16:34:50.939Z'
}
{
  message: '[Cache Hit] Lấy thông tin hotel ID: 09928f48-b9bb-4700-85d2-51b072eef2c9 từ Redis',
  level: 'debug',
  timestamp: '2026-08-03T16:34:50.951Z'
}
{
  message: '[RoomController] Get rooms by roomType',
  level: 'info',
  timestamp: '2026-08-03T16:34:53.819Z'
}
{
  message: '[SchedulerService] Đang kiểm tra các booking hết hạn thanh toán...',
  level: 'info',
  timestamp: '2026-08-03T16:35:00.005Z'
}
{
  bookingId: '1eb9ae9f-1053-44b5-81b5-d018514add13',
  level: 'info',
  message: '[BookingController] Update booking status',
  timestamp: '2026-08-03T16:35:00.816Z'
}
{
  message: '[Cache Hit] Lấy thông tin hotel ID: 09928f48-b9bb-4700-85d2-51b072eef2c9 từ Redis',
  level: 'debug',
  timestamp: '2026-08-03T16:35:00.861Z'
}
{
  hotelId: '09928f48-b9bb-4700-85d2-51b072eef2c9',
  level: 'info',
  message: '[HotelController] Get hotel by id',
  timestamp: '2026-08-03T16:35:19.591Z'
}
{
  message: '[Cache Hit] Lấy thông tin hotel ID: 09928f48-b9bb-4700-85d2-51b072eef2c9 từ Redis',
  level: 'debug',
  timestamp: '2026-08-03T16:35:19.592Z'
}
{
  hotelId: '09928f48-b9bb-4700-85d2-51b072eef2c9',
  level: 'info',
  message: '[HotelController] Get hotel by id',
  timestamp: '2026-08-03T16:35:19.596Z'
}
{
  message: '[Cache Hit] Lấy thông tin hotel ID: 09928f48-b9bb-4700-85d2-51b072eef2c9 từ Redis',
  level: 'debug',
  timestamp: '2026-08-03T16:35:19.596Z'
}
{
  message: 'JWT Verification Error: jwt expired',
  level: 'error',
  timestamp: '2026-08-03T16:35:26.396Z'
}
{
  message: 'GLOBAL ERROR HANDLER CAUGHT: Error: Phiên đăng nhập đã hết hạn. Vui lòng lấy Token mới.\n' +
    '    at authMiddleware (/app/src/middlewares/authMiddleware.ts:80:9)\n' +
    '    at Layer.handleRequest (/app/node_modules/router/lib/layer.js:152:17)\n' +
    '    at next (/app/node_modules/router/lib/route.js:157:13)\n' +
    '    at Route.dispatch (/app/node_modules/router/lib/route.js:117:3)\n' +
    '    at handle (/app/node_modules/router/index.js:435:11)\n' +
    '    at Layer.handleRequest (/app/node_modules/router/lib/layer.js:152:17)\n' +
    '    at /app/node_modules/router/index.js:295:15\n' +
    '    at processParams (/app/node_modules/router/index.js:582:12)\n' +
    '    at next (/app/node_modules/router/index.js:291:5)\n' +
    '    at Function.handle (/app/node_modules/router/index.js:186:3)',
  level: 'error',
  timestamp: '2026-08-03T16:35:26.397Z'
}
{
  message: '[AuthController] Refresh Tokens',
  level: 'info',
  timestamp: '2026-08-03T16:35:26.408Z'
}
{
  message: 'Fetching user details for ID: 6173a954-cbea-43c4-bbf1-ace8f7b9bc1e',
  level: 'debug',
  timestamp: '2026-08-03T16:35:26.418Z'
}
{
  message: '[Cache Hit] Lấy thông tin user ID: 6173a954-cbea-43c4-bbf1-ace8f7b9bc1e từ Redis',
  level: 'debug',
  timestamp: '2026-08-03T16:35:26.419Z'
}
{
  message: '[AuthService] Tokens refreshed successfully for user: tranhieudz2024@gmail.com',
  level: 'info',
  timestamp: '2026-08-03T16:35:26.473Z'
}
{
  message: '[BookingController] Create booking',
  level: 'info',
  timestamp: '2026-08-03T16:35:26.495Z'
}
{
  message: 'GLOBAL ERROR HANDLER CAUGHT: Error: Rất tiếc! Chỉ còn lại 1 phòng trống trong khoảng thời gian bạn chọn.\n' +
    '    at BookingAvailabilityService.validateAvailability (/app/src/modules/booking/services/bookingCreation/bookingAvailability.ts:48:13)\n' +
    '    at process.processTicksAndRejections (node:internal/process/task_queues:95:5)\n' +
    '    at async BookingCreationService.executeBookingTransaction (/app/src/modules/booking/services/bookingCreation/bookingCreationService.ts:68:43)\n' +
    '    at async Proxy._transactionWithCallback (/app/generated/prisma/runtime/client.js:79:4800)\n' +
    '    at async BookingCreationService.createBooking (/app/src/modules/booking/services/bookingCreation/bookingCreationService.ts:35:17)\n' +
    '    at async createBooking (/app/src/modules/booking/controllers/bookingController.ts:26:20)',
  level: 'error',
  timestamp: '2026-08-03T16:35:26.510Z'
}
{
  hotelId: '09928f48-b9bb-4700-85d2-51b072eef2c9',
  level: 'info',
  message: '[HotelController] Get hotel by id',
  timestamp: '2026-08-03T16:35:37.177Z'
}
{
  message: '[Cache Hit] Lấy thông tin hotel ID: 09928f48-b9bb-4700-85d2-51b072eef2c9 từ Redis',
  level: 'debug',
  timestamp: '2026-08-03T16:35:37.178Z'
}
{
  hotelId: '09928f48-b9bb-4700-85d2-51b072eef2c9',
  level: 'info',
  message: '[HotelController] Get hotel by id',
  timestamp: '2026-08-03T16:35:37.183Z'
}
{
  message: '[Cache Hit] Lấy thông tin hotel ID: 09928f48-b9bb-4700-85d2-51b072eef2c9 từ Redis',
  level: 'debug',
  timestamp: '2026-08-03T16:35:37.184Z'
}
{
  message: '[BookingController] Create booking',
  level: 'info',
  timestamp: '2026-08-03T16:35:44.444Z'
}
{
  message: '[BookingController] Get user bookings',
  level: 'info',
  timestamp: '2026-08-03T16:35:44.568Z'
}
{
  message: '[BookingController] Get user bookings',
  level: 'info',
  timestamp: '2026-08-03T16:35:44.595Z'
}
{
  message: '[HotelController] Get my hotels',
  level: 'info',
  timestamp: '2026-08-03T16:36:11.674Z'
}
{
  hotelId: '47451836-dfa0-4b5c-b770-43e87150fe10',
  level: 'info',
  message: '[BookingController] Get hotel bookings',
  timestamp: '2026-08-03T16:36:11.713Z'
}
{
  message: '[Cache Hit] Lấy thông tin hotel ID: 47451836-dfa0-4b5c-b770-43e87150fe10 từ Redis',
  level: 'debug',
  timestamp: '2026-08-03T16:36:11.716Z'
}
{
  hotelId: '52eb4a25-dcb7-4bea-81ac-9d12053bd2c0',
  level: 'info',
  message: '[BookingController] Get hotel bookings',
  timestamp: '2026-08-03T16:36:11.734Z'
}
{
  message: '[Cache Hit] Lấy thông tin hotel ID: 52eb4a25-dcb7-4bea-81ac-9d12053bd2c0 từ Redis',
  level: 'debug',
  timestamp: '2026-08-03T16:36:11.739Z'
}
{
  hotelId: 'fda0f2da-56b2-46ac-afa7-7bb4e6d06edc',
  level: 'info',
  message: '[BookingController] Get hotel bookings',
  timestamp: '2026-08-03T16:36:11.741Z'
}
{
  message: '[Cache Hit] Lấy thông tin hotel ID: fda0f2da-56b2-46ac-afa7-7bb4e6d06edc từ Redis',
  level: 'debug',
  timestamp: '2026-08-03T16:36:11.742Z'
}
{
  hotelId: '45ea8129-6cde-4f0a-b8a5-701260e11966',
  level: 'info',
  message: '[BookingController] Get hotel bookings',
  timestamp: '2026-08-03T16:36:11.746Z'
}
{
  message: '[Cache Hit] Lấy thông tin hotel ID: 45ea8129-6cde-4f0a-b8a5-701260e11966 từ Redis',
  level: 'debug',
  timestamp: '2026-08-03T16:36:11.748Z'
}
{
  hotelId: 'd79e14bd-e09b-49c3-80d7-4442133e57d6',
  level: 'info',
  message: '[BookingController] Get hotel bookings',
  timestamp: '2026-08-03T16:36:11.754Z'
}
{
  message: '[Cache Hit] Lấy thông tin hotel ID: d79e14bd-e09b-49c3-80d7-4442133e57d6 từ Redis',
  level: 'debug',
  timestamp: '2026-08-03T16:36:11.756Z'
}
{
  hotelId: '3ff5cc53-9069-45bc-a39e-2295bebd3ea5',
  level: 'info',
  message: '[BookingController] Get hotel bookings',
  timestamp: '2026-08-03T16:36:11.759Z'
}
{
  hotelId: 'ae4ccd44-300e-4ca3-b16c-d3e71b6a0193',
  level: 'info',
  message: '[BookingController] Get hotel bookings',
  timestamp: '2026-08-03T16:36:11.761Z'
}
{
  message: '[Cache Hit] Lấy thông tin hotel ID: 3ff5cc53-9069-45bc-a39e-2295bebd3ea5 từ Redis',
  level: 'debug',
  timestamp: '2026-08-03T16:36:11.762Z'
}
{
  message: '[Cache Hit] Lấy thông tin hotel ID: ae4ccd44-300e-4ca3-b16c-d3e71b6a0193 từ Redis',
  level: 'debug',
  timestamp: '2026-08-03T16:36:11.762Z'
}
{
  hotelId: 'db71d087-b5a7-47be-b2a3-04e168e623b9',
  level: 'info',
  message: '[BookingController] Get hotel bookings',
  timestamp: '2026-08-03T16:36:11.766Z'
}
{
  hotelId: '1f63d07b-44ef-412e-8e8f-fc20853648c3',
  level: 'info',
  message: '[BookingController] Get hotel bookings',
  timestamp: '2026-08-03T16:36:11.767Z'
}
{
  message: '[Cache Hit] Lấy thông tin hotel ID: db71d087-b5a7-47be-b2a3-04e168e623b9 từ Redis',
  level: 'debug',
  timestamp: '2026-08-03T16:36:11.768Z'
}
{
  message: '[Cache Hit] Lấy thông tin hotel ID: 1f63d07b-44ef-412e-8e8f-fc20853648c3 từ Redis',
  level: 'debug',
  timestamp: '2026-08-03T16:36:11.768Z'
}
{
  hotelId: '09928f48-b9bb-4700-85d2-51b072eef2c9',
  level: 'info',
  message: '[BookingController] Get hotel bookings',
  timestamp: '2026-08-03T16:36:11.774Z'
}
{
  hotelId: '6476b4b4-c8ba-4f05-a3ae-9ba776ad4be3',
  level: 'info',
  message: '[BookingController] Get hotel bookings',
  timestamp: '2026-08-03T16:36:11.776Z'
}
{
  message: '[Cache Hit] Lấy thông tin hotel ID: 09928f48-b9bb-4700-85d2-51b072eef2c9 từ Redis',
  level: 'debug',
  timestamp: '2026-08-03T16:36:11.778Z'
}
{
  message: '[Cache Hit] Lấy thông tin hotel ID: 6476b4b4-c8ba-4f05-a3ae-9ba776ad4be3 từ Redis',
  level: 'debug',
  timestamp: '2026-08-03T16:36:11.778Z'
}
{
  hotelId: '61f3e4c1-cba1-48b1-851c-16bc9d413ec2',
  level: 'info',
  message: '[BookingController] Get hotel bookings',
  timestamp: '2026-08-03T16:36:11.784Z'
}
{
  hotelId: 'a9778731-bce8-4dbf-8b2f-ab2543bfdcdc',
  level: 'info',
  message: '[BookingController] Get hotel bookings',
  timestamp: '2026-08-03T16:36:11.788Z'
}
{
  message: '[Cache Hit] Lấy thông tin hotel ID: 61f3e4c1-cba1-48b1-851c-16bc9d413ec2 từ Redis',
  level: 'debug',
  timestamp: '2026-08-03T16:36:11.789Z'
}
{
  message: '[Cache Hit] Lấy thông tin hotel ID: a9778731-bce8-4dbf-8b2f-ab2543bfdcdc từ Redis',
  level: 'debug',
  timestamp: '2026-08-03T16:36:11.790Z'
}
{
  hotelId: 'd29b2e2a-8af1-4273-8f2d-87053225f461',
  level: 'info',
  message: '[BookingController] Get hotel bookings',
  timestamp: '2026-08-03T16:36:11.794Z'
}
{
  hotelId: 'fdfc5eb7-97ff-450b-9edf-723739f36d56',
  level: 'info',
  message: '[BookingController] Get hotel bookings',
  timestamp: '2026-08-03T16:36:11.796Z'
}
{
  message: '[Cache Hit] Lấy thông tin hotel ID: d29b2e2a-8af1-4273-8f2d-87053225f461 từ Redis',
  level: 'debug',
  timestamp: '2026-08-03T16:36:11.796Z'
}
{
  message: '[Cache Hit] Lấy thông tin hotel ID: fdfc5eb7-97ff-450b-9edf-723739f36d56 từ Redis',
  level: 'debug',
  timestamp: '2026-08-03T16:36:11.797Z'
}
{
  bookingId: '39db9129-92ce-4511-b50d-cb545f125184',
  level: 'info',
  message: '[BookingController] Update booking status',
  timestamp: '2026-08-03T16:36:14.884Z'
}
{
  message: '[Cache Hit] Lấy thông tin hotel ID: 09928f48-b9bb-4700-85d2-51b072eef2c9 từ Redis',
  level: 'debug',
  timestamp: '2026-08-03T16:36:14.908Z'
}
{
  message: '[RoomController] Get rooms by roomType',
  level: 'info',
  timestamp: '2026-08-03T16:36:16.403Z'
}
{
  bookingId: '39db9129-92ce-4511-b50d-cb545f125184',
  level: 'info',
  message: '[BookingController] Update booking status',
  timestamp: '2026-08-03T16:36:21.763Z'
}
{
  message: '[Cache Hit] Lấy thông tin hotel ID: 09928f48-b9bb-4700-85d2-51b072eef2c9 từ Redis',
  level: 'debug',
  timestamp: '2026-08-03T16:36:21.783Z'
}
{
  message: 'JWT Verification Error: jwt expired',
  level: 'error',
  timestamp: '2026-08-03T16:37:41.227Z'
}
{
  message: 'GLOBAL ERROR HANDLER CAUGHT: Error: Phiên đăng nhập đã hết hạn. Vui lòng lấy Token mới.\n' +
    '    at authMiddleware (/app/src/middlewares/authMiddleware.ts:80:9)\n' +
    '    at Layer.handleRequest (/app/node_modules/router/lib/layer.js:152:17)\n' +
    '    at trimPrefix (/app/node_modules/router/index.js:342:13)\n' +
    '    at /app/node_modules/router/index.js:297:9\n' +
    '    at processParams (/app/node_modules/router/index.js:582:12)\n' +
    '    at next (/app/node_modules/router/index.js:291:5)\n' +
    '    at Function.handle (/app/node_modules/router/index.js:186:3)\n' +
    '    at router (/app/node_modules/router/index.js:60:12)\n' +
    '    at Layer.handleRequest (/app/node_modules/router/lib/layer.js:152:17)\n' +
    '    at trimPrefix (/app/node_modules/router/index.js:342:13)',
  level: 'error',
  timestamp: '2026-08-03T16:37:41.231Z'
}
{
  message: '[AuthController] Refresh Tokens',
  level: 'info',
  timestamp: '2026-08-03T16:37:41.260Z'
}
{
  message: 'Fetching user details for ID: 0cbc0c7f-fda6-4929-b479-ad9d83ace8ce',
  level: 'debug',
  timestamp: '2026-08-03T16:37:41.284Z'
}
{
  message: '[Cache Hit] Lấy thông tin user ID: 0cbc0c7f-fda6-4929-b479-ad9d83ace8ce từ Redis',
  level: 'debug',
  timestamp: '2026-08-03T16:37:41.285Z'
}
{
  message: '[AuthService] Tokens refreshed successfully for user: agent1@booking.com',
  level: 'info',
  timestamp: '2026-08-03T16:37:41.294Z'
}
{
  message: '[SchedulerService] Đang kiểm tra các booking hết hạn thanh toán...',
  level: 'info',
  timestamp: '2026-08-03T16:40:00.048Z'
}
{
  message: 'JWT Verification Error: jwt expired',
  level: 'error',
  timestamp: '2026-08-03T16:41:30.282Z'
}
{
  message: 'GLOBAL ERROR HANDLER CAUGHT: Error: Phiên đăng nhập đã hết hạn. Vui lòng lấy Token mới.\n' +
    '    at authMiddleware (/app/src/middlewares/authMiddleware.ts:80:9)\n' +
    '    at Layer.handleRequest (/app/node_modules/router/lib/layer.js:152:17)\n' +
    '    at trimPrefix (/app/node_modules/router/index.js:342:13)\n' +
    '    at /app/node_modules/router/index.js:297:9\n' +
    '    at processParams (/app/node_modules/router/index.js:582:12)\n' +
    '    at next (/app/node_modules/router/index.js:291:5)\n' +
    '    at Function.handle (/app/node_modules/router/index.js:186:3)\n' +
    '    at router (/app/node_modules/router/index.js:60:12)\n' +
    '    at Layer.handleRequest (/app/node_modules/router/lib/layer.js:152:17)\n' +
    '    at trimPrefix (/app/node_modules/router/index.js:342:13)',
  level: 'error',
  timestamp: '2026-08-03T16:41:30.284Z'
}
{
  message: '[AuthController] Refresh Tokens',
  level: 'info',
  timestamp: '2026-08-03T16:41:30.303Z'
}
{
  message: 'Fetching user details for ID: 0cbc0c7f-fda6-4929-b479-ad9d83ace8ce',
  level: 'debug',
  timestamp: '2026-08-03T16:41:30.326Z'
}
{
  message: '[Cache Hit] Lấy thông tin user ID: 0cbc0c7f-fda6-4929-b479-ad9d83ace8ce từ Redis',
  level: 'debug',
  timestamp: '2026-08-03T16:41:30.327Z'
}
{
  message: '[AuthService] Tokens refreshed successfully for user: agent1@booking.com',
  level: 'info',
  timestamp: '2026-08-03T16:41:30.337Z'
}
{
  message: '[SchedulerService] Đang kiểm tra các booking hết hạn thanh toán...',
  level: 'info',
  timestamp: '2026-08-03T16:45:00.006Z'
}
{
  message: 'JWT Verification Error: jwt expired',
  level: 'error',
  timestamp: '2026-08-03T16:45:29.415Z'
}
{
  message: 'GLOBAL ERROR HANDLER CAUGHT: Error: Phiên đăng nhập đã hết hạn. Vui lòng lấy Token mới.\n' +
    '    at authMiddleware (/app/src/middlewares/authMiddleware.ts:80:9)\n' +
    '    at Layer.handleRequest (/app/node_modules/router/lib/layer.js:152:17)\n' +
    '    at trimPrefix (/app/node_modules/router/index.js:342:13)\n' +
    '    at /app/node_modules/router/index.js:297:9\n' +
    '    at processParams (/app/node_modules/router/index.js:582:12)\n' +
    '    at next (/app/node_modules/router/index.js:291:5)\n' +
    '    at Function.handle (/app/node_modules/router/index.js:186:3)\n' +
    '    at router (/app/node_modules/router/index.js:60:12)\n' +
    '    at Layer.handleRequest (/app/node_modules/router/lib/layer.js:152:17)\n' +
    '    at trimPrefix (/app/node_modules/router/index.js:342:13)',
  level: 'error',
  timestamp: '2026-08-03T16:45:29.416Z'
}
{
  message: '[AuthController] Refresh Tokens',
  level: 'info',
  timestamp: '2026-08-03T16:45:29.428Z'
}
{
  message: 'Fetching user details for ID: 0cbc0c7f-fda6-4929-b479-ad9d83ace8ce',
  level: 'debug',
  timestamp: '2026-08-03T16:45:29.448Z'
}
{
  message: '[Cache Hit] Lấy thông tin user ID: 0cbc0c7f-fda6-4929-b479-ad9d83ace8ce từ Redis',
  level: 'debug',
  timestamp: '2026-08-03T16:45:29.448Z'
}
{
  message: '[AuthService] Tokens refreshed successfully for user: agent1@booking.com',
  level: 'info',
  timestamp: '2026-08-03T16:45:29.459Z'
}
{
  message: 'JWT Verification Error: jwt expired',
  level: 'error',
  timestamp: '2026-08-03T16:45:45.274Z'
}
{
  message: 'GLOBAL ERROR HANDLER CAUGHT: Error: Phiên đăng nhập đã hết hạn. Vui lòng lấy Token mới.\n' +
    '    at authMiddleware (/app/src/middlewares/authMiddleware.ts:80:9)\n' +
    '    at Layer.handleRequest (/app/node_modules/router/lib/layer.js:152:17)\n' +
    '    at next (/app/node_modules/router/lib/route.js:157:13)\n' +
    '    at Route.dispatch (/app/node_modules/router/lib/route.js:117:3)\n' +
    '    at handle (/app/node_modules/router/index.js:435:11)\n' +
    '    at Layer.handleRequest (/app/node_modules/router/lib/layer.js:152:17)\n' +
    '    at /app/node_modules/router/index.js:295:15\n' +
    '    at processParams (/app/node_modules/router/index.js:582:12)\n' +
    '    at next (/app/node_modules/router/index.js:291:5)\n' +
    '    at Function.handle (/app/node_modules/router/index.js:186:3)',
  level: 'error',
  timestamp: '2026-08-03T16:45:45.275Z'
}
{
  message: 'JWT Verification Error: jwt expired',
  level: 'error',
  timestamp: '2026-08-03T16:45:45.284Z'
}
{
  message: 'GLOBAL ERROR HANDLER CAUGHT: Error: Phiên đăng nhập đã hết hạn. Vui lòng lấy Token mới.\n' +
    '    at authMiddleware (/app/src/middlewares/authMiddleware.ts:80:9)\n' +
    '    at Layer.handleRequest (/app/node_modules/router/lib/layer.js:152:17)\n' +
    '    at next (/app/node_modules/router/lib/route.js:157:13)\n' +
    '    at Route.dispatch (/app/node_modules/router/lib/route.js:117:3)\n' +
    '    at handle (/app/node_modules/router/index.js:435:11)\n' +
    '    at Layer.handleRequest (/app/node_modules/router/lib/layer.js:152:17)\n' +
    '    at /app/node_modules/router/index.js:295:15\n' +
    '    at processParams (/app/node_modules/router/index.js:582:12)\n' +
    '    at next (/app/node_modules/router/index.js:291:5)\n' +
    '    at Function.handle (/app/node_modules/router/index.js:186:3)',
  level: 'error',
  timestamp: '2026-08-03T16:45:45.285Z'
}
{
  message: '[AuthController] Refresh Tokens',
  level: 'info',
  timestamp: '2026-08-03T16:45:45.307Z'
}
{
  message: 'Fetching user details for ID: b88403bb-85f1-4be4-ac3b-a7abcc4e9a10',
  level: 'debug',
  timestamp: '2026-08-03T16:45:45.338Z'
}
{
  message: '[Cache Hit] Lấy thông tin user ID: b88403bb-85f1-4be4-ac3b-a7abcc4e9a10 từ Redis',
  level: 'debug',
  timestamp: '2026-08-03T16:45:45.339Z'
}
{
  message: '[AuthService] Tokens refreshed successfully for user: locdz8c@gmail.com',
  level: 'info',
  timestamp: '2026-08-03T16:45:45.367Z'
}
{
  userId: 'b88403bb-85f1-4be4-ac3b-a7abcc4e9a10',
  level: 'info',
  message: '[AuthController] Get Me',
  timestamp: '2026-08-03T16:45:45.460Z'
}
{
  message: 'Fetching user details for ID: b88403bb-85f1-4be4-ac3b-a7abcc4e9a10',
  level: 'debug',
  timestamp: '2026-08-03T16:45:45.461Z'
}
{
  message: '[Cache Hit] Lấy thông tin user ID: b88403bb-85f1-4be4-ac3b-a7abcc4e9a10 từ Redis',
  level: 'debug',
  timestamp: '2026-08-03T16:45:45.462Z'
}
{
  message: '[BookingController] Get user bookings',
  level: 'info',
  timestamp: '2026-08-03T16:45:45.470Z'
}
{
  userId: 'b88403bb-85f1-4be4-ac3b-a7abcc4e9a10',
  level: 'info',
  message: '[AuthController] Get Me',
  timestamp: '2026-08-03T16:45:45.476Z'
}
{
  message: 'Fetching user details for ID: b88403bb-85f1-4be4-ac3b-a7abcc4e9a10',
  level: 'debug',
  timestamp: '2026-08-03T16:45:45.476Z'
}
{
  message: '[Cache Hit] Lấy thông tin user ID: b88403bb-85f1-4be4-ac3b-a7abcc4e9a10 từ Redis',
  level: 'debug',
  timestamp: '2026-08-03T16:45:45.478Z'
}
{
  message: '[BookingController] Get user bookings',
  level: 'info',
  timestamp: '2026-08-03T16:45:45.527Z'
}
{
  message: '[Cache Hit] Lấy danh sách điểm đến hoạt động từ Redis',
  level: 'debug',
  timestamp: '2026-08-03T16:45:45.734Z'
}
{
  page: '1',
  limit: '10',
  status: 'ACTIVE',
  level: 'info',
  message: '[HotelController] Get all hotels with queries',
  timestamp: '2026-08-03T16:45:45.743Z'
}
{
  message: '[Cache Hit] Lấy danh sách điểm đến hoạt động từ Redis',
  level: 'debug',
  timestamp: '2026-08-03T16:45:45.751Z'
}
{
  page: '1',
  limit: '10',
  status: 'ACTIVE',
  level: 'info',
  message: '[HotelController] Get all hotels with queries',
  timestamp: '2026-08-03T16:45:45.755Z'
}
{
  message: '[Cache Hit] Lấy danh sách điểm đến hoạt động từ Redis',
  level: 'debug',
  timestamp: '2026-08-03T16:45:45.762Z'
}
{
  message: '[Cache Hit] Lấy danh sách điểm đến hoạt động từ Redis',
  level: 'debug',
  timestamp: '2026-08-03T16:45:45.770Z'
}
{
  userId: 'b88403bb-85f1-4be4-ac3b-a7abcc4e9a10',
  level: 'info',
  message: '[AuthController] Get Me',
  timestamp: '2026-08-03T16:45:47.853Z'
}
{
  message: 'Fetching user details for ID: b88403bb-85f1-4be4-ac3b-a7abcc4e9a10',
  level: 'debug',
  timestamp: '2026-08-03T16:45:47.853Z'
}
{
  message: '[Cache Hit] Lấy thông tin user ID: b88403bb-85f1-4be4-ac3b-a7abcc4e9a10 từ Redis',
  level: 'debug',
  timestamp: '2026-08-03T16:45:47.854Z'
}
{
  userId: 'b88403bb-85f1-4be4-ac3b-a7abcc4e9a10',
  level: 'info',
  message: '[AuthController] Get Me',
  timestamp: '2026-08-03T16:45:47.858Z'
}
{
  message: 'Fetching user details for ID: b88403bb-85f1-4be4-ac3b-a7abcc4e9a10',
  level: 'debug',
  timestamp: '2026-08-03T16:45:47.858Z'
}
{
  message: '[Cache Hit] Lấy thông tin user ID: b88403bb-85f1-4be4-ac3b-a7abcc4e9a10 từ Redis',
  level: 'debug',
  timestamp: '2026-08-03T16:45:47.859Z'
}
{
  page: '1',
  limit: '10',
  status: 'ACTIVE',
  level: 'info',
  message: '[HotelController] Get all hotels with queries',
  timestamp: '2026-08-03T16:45:48.184Z'
}
{
  message: '[Cache Hit] Lấy danh sách điểm đến hoạt động từ Redis',
  level: 'debug',
  timestamp: '2026-08-03T16:45:48.185Z'
}
{
  page: '1',
  limit: '10',
  status: 'ACTIVE',
  level: 'info',
  message: '[HotelController] Get all hotels with queries',
  timestamp: '2026-08-03T16:45:48.192Z'
}
{
  message: '[Cache Hit] Lấy danh sách điểm đến hoạt động từ Redis',
  level: 'debug',
  timestamp: '2026-08-03T16:45:48.194Z'
}
{
  message: '[Cache Hit] Lấy danh sách điểm đến hoạt động từ Redis',
  level: 'debug',
  timestamp: '2026-08-03T16:45:48.206Z'
}
{
  message: '[Cache Hit] Lấy danh sách điểm đến hoạt động từ Redis',
  level: 'debug',
  timestamp: '2026-08-03T16:45:48.211Z'
}
{
  userId: '0cbc0c7f-fda6-4929-b479-ad9d83ace8ce',
  level: 'info',
  message: '[AuthController] Get Me',
  timestamp: '2026-08-03T16:45:49.374Z'
}
{
  message: 'Fetching user details for ID: 0cbc0c7f-fda6-4929-b479-ad9d83ace8ce',
  level: 'debug',
  timestamp: '2026-08-03T16:45:49.375Z'
}
{
  message: '[Cache Hit] Lấy thông tin user ID: 0cbc0c7f-fda6-4929-b479-ad9d83ace8ce từ Redis',
  level: 'debug',
  timestamp: '2026-08-03T16:45:49.377Z'
}
{
  userId: '0cbc0c7f-fda6-4929-b479-ad9d83ace8ce',
  level: 'info',
  message: '[AuthController] Get Me',
  timestamp: '2026-08-03T16:45:49.393Z'
}
{
  message: 'Fetching user details for ID: 0cbc0c7f-fda6-4929-b479-ad9d83ace8ce',
  level: 'debug',
  timestamp: '2026-08-03T16:45:49.393Z'
}
{
  message: '[Cache Hit] Lấy thông tin user ID: 0cbc0c7f-fda6-4929-b479-ad9d83ace8ce từ Redis',
  level: 'debug',
  timestamp: '2026-08-03T16:45:49.394Z'
}
{
  message: '[HotelController] Get my hotels',
  level: 'info',
  timestamp: '2026-08-03T16:45:49.729Z'
}
{
  message: '[HotelController] Get my hotels',
  level: 'info',
  timestamp: '2026-08-03T16:45:49.754Z'
}
{
  hotelId: '47451836-dfa0-4b5c-b770-43e87150fe10',
  level: 'info',
  message: '[BookingController] Get hotel bookings',
  timestamp: '2026-08-03T16:45:49.776Z'
}
{
  message: '[Cache Hit] Lấy thông tin hotel ID: 47451836-dfa0-4b5c-b770-43e87150fe10 từ Redis',
  level: 'debug',
  timestamp: '2026-08-03T16:45:49.789Z'
}
{
  hotelId: '52eb4a25-dcb7-4bea-81ac-9d12053bd2c0',
  level: 'info',
  message: '[BookingController] Get hotel bookings',
  timestamp: '2026-08-03T16:45:49.798Z'
}
{
  message: '[Cache Hit] Lấy thông tin hotel ID: 52eb4a25-dcb7-4bea-81ac-9d12053bd2c0 từ Redis',
  level: 'debug',
  timestamp: '2026-08-03T16:45:49.806Z'
}
{
  hotelId: 'fda0f2da-56b2-46ac-afa7-7bb4e6d06edc',
  level: 'info',
  message: '[BookingController] Get hotel bookings',
  timestamp: '2026-08-03T16:45:49.814Z'
}
{
  message: '[Cache Hit] Lấy thông tin hotel ID: fda0f2da-56b2-46ac-afa7-7bb4e6d06edc từ Redis',
  level: 'debug',
  timestamp: '2026-08-03T16:45:49.816Z'
}
{
  hotelId: 'd79e14bd-e09b-49c3-80d7-4442133e57d6',
  level: 'info',
  message: '[BookingController] Get hotel bookings',
  timestamp: '2026-08-03T16:45:49.826Z'
}
{
  message: '[Cache Hit] Lấy thông tin hotel ID: d79e14bd-e09b-49c3-80d7-4442133e57d6 từ Redis',
  level: 'debug',
  timestamp: '2026-08-03T16:45:49.828Z'
}
{
  hotelId: 'db71d087-b5a7-47be-b2a3-04e168e623b9',
  level: 'info',
  message: '[BookingController] Get hotel bookings',
  timestamp: '2026-08-03T16:45:49.843Z'
}
{
  hotelId: '45ea8129-6cde-4f0a-b8a5-701260e11966',
  level: 'info',
  message: '[BookingController] Get hotel bookings',
  timestamp: '2026-08-03T16:45:49.854Z'
}
{
  message: '[Cache Hit] Lấy thông tin hotel ID: db71d087-b5a7-47be-b2a3-04e168e623b9 từ Redis',
  level: 'debug',
  timestamp: '2026-08-03T16:45:49.858Z'
}
{
  message: '[Cache Hit] Lấy thông tin hotel ID: 45ea8129-6cde-4f0a-b8a5-701260e11966 từ Redis',
  level: 'debug',
  timestamp: '2026-08-03T16:45:49.859Z'
}
{
  hotelId: 'ae4ccd44-300e-4ca3-b16c-d3e71b6a0193',
  level: 'info',
  message: '[BookingController] Get hotel bookings',
  timestamp: '2026-08-03T16:45:49.866Z'
}
{
  message: '[Cache Hit] Lấy thông tin hotel ID: ae4ccd44-300e-4ca3-b16c-d3e71b6a0193 từ Redis',
  level: 'debug',
  timestamp: '2026-08-03T16:45:49.869Z'
}
{
  hotelId: '6476b4b4-c8ba-4f05-a3ae-9ba776ad4be3',
  level: 'info',
  message: '[BookingController] Get hotel bookings',
  timestamp: '2026-08-03T16:45:49.914Z'
}
{
  message: '[Cache Hit] Lấy thông tin hotel ID: 6476b4b4-c8ba-4f05-a3ae-9ba776ad4be3 từ Redis',
  level: 'debug',
  timestamp: '2026-08-03T16:45:49.919Z'
}
{
  hotelId: '3ff5cc53-9069-45bc-a39e-2295bebd3ea5',
  level: 'info',
  message: '[BookingController] Get hotel bookings',
  timestamp: '2026-08-03T16:45:49.938Z'
}
{
  message: '[Cache Hit] Lấy thông tin hotel ID: 3ff5cc53-9069-45bc-a39e-2295bebd3ea5 từ Redis',
  level: 'debug',
  timestamp: '2026-08-03T16:45:49.939Z'
}
{
  hotelId: '1f63d07b-44ef-412e-8e8f-fc20853648c3',
  level: 'info',
  message: '[BookingController] Get hotel bookings',
  timestamp: '2026-08-03T16:45:49.944Z'
}
{
  message: '[Cache Hit] Lấy thông tin hotel ID: 1f63d07b-44ef-412e-8e8f-fc20853648c3 từ Redis',
  level: 'debug',
  timestamp: '2026-08-03T16:45:49.946Z'
}
{
  hotelId: 'a9778731-bce8-4dbf-8b2f-ab2543bfdcdc',
  level: 'info',
  message: '[BookingController] Get hotel bookings',
  timestamp: '2026-08-03T16:45:49.950Z'
}
{
  hotelId: '09928f48-b9bb-4700-85d2-51b072eef2c9',
  level: 'info',
  message: '[BookingController] Get hotel bookings',
  timestamp: '2026-08-03T16:45:49.953Z'
}
{
  hotelId: '61f3e4c1-cba1-48b1-851c-16bc9d413ec2',
  level: 'info',
  message: '[BookingController] Get hotel bookings',
  timestamp: '2026-08-03T16:45:49.955Z'
}
{
  message: '[Cache Hit] Lấy thông tin hotel ID: a9778731-bce8-4dbf-8b2f-ab2543bfdcdc từ Redis',
  level: 'debug',
  timestamp: '2026-08-03T16:45:49.957Z'
}
{
  message: '[Cache Hit] Lấy thông tin hotel ID: 09928f48-b9bb-4700-85d2-51b072eef2c9 từ Redis',
  level: 'debug',
  timestamp: '2026-08-03T16:45:49.957Z'
}
{
  message: '[Cache Hit] Lấy thông tin hotel ID: 61f3e4c1-cba1-48b1-851c-16bc9d413ec2 từ Redis',
  level: 'debug',
  timestamp: '2026-08-03T16:45:49.958Z'
}
{
  hotelId: 'd29b2e2a-8af1-4273-8f2d-87053225f461',
  level: 'info',
  message: '[BookingController] Get hotel bookings',
  timestamp: '2026-08-03T16:45:49.968Z'
}
{
  message: '[Cache Hit] Lấy thông tin hotel ID: d29b2e2a-8af1-4273-8f2d-87053225f461 từ Redis',
  level: 'debug',
  timestamp: '2026-08-03T16:45:49.974Z'
}
{
  hotelId: 'fdfc5eb7-97ff-450b-9edf-723739f36d56',
  level: 'info',
  message: '[BookingController] Get hotel bookings',
  timestamp: '2026-08-03T16:45:49.986Z'
}
{
  message: '[Cache Hit] Lấy thông tin hotel ID: fdfc5eb7-97ff-450b-9edf-723739f36d56 từ Redis',
  level: 'debug',
  timestamp: '2026-08-03T16:45:49.988Z'
}
{
  hotelId: '47451836-dfa0-4b5c-b770-43e87150fe10',
  level: 'info',
  message: '[BookingController] Get hotel bookings',
  timestamp: '2026-08-03T16:45:49.992Z'
}
{
  hotelId: 'ae4ccd44-300e-4ca3-b16c-d3e71b6a0193',
  level: 'info',
  message: '[BookingController] Get hotel bookings',
  timestamp: '2026-08-03T16:45:49.996Z'
}
{
  hotelId: '52eb4a25-dcb7-4bea-81ac-9d12053bd2c0',
  level: 'info',
  message: '[BookingController] Get hotel bookings',
  timestamp: '2026-08-03T16:45:49.998Z'
}
{
  message: '[Cache Hit] Lấy thông tin hotel ID: 47451836-dfa0-4b5c-b770-43e87150fe10 từ Redis',
  level: 'debug',
  timestamp: '2026-08-03T16:45:50.000Z'
}
{
  message: '[Cache Hit] Lấy thông tin hotel ID: ae4ccd44-300e-4ca3-b16c-d3e71b6a0193 từ Redis',
  level: 'debug',
  timestamp: '2026-08-03T16:45:50.000Z'
}
{
  message: '[Cache Hit] Lấy thông tin hotel ID: 52eb4a25-dcb7-4bea-81ac-9d12053bd2c0 từ Redis',
  level: 'debug',
  timestamp: '2026-08-03T16:45:50.001Z'
}
{
  hotelId: 'fda0f2da-56b2-46ac-afa7-7bb4e6d06edc',
  level: 'info',
  message: '[BookingController] Get hotel bookings',
  timestamp: '2026-08-03T16:45:50.006Z'
}
{
  message: '[Cache Hit] Lấy thông tin hotel ID: fda0f2da-56b2-46ac-afa7-7bb4e6d06edc từ Redis',
  level: 'debug',
  timestamp: '2026-08-03T16:45:50.009Z'
}
{
  hotelId: 'd79e14bd-e09b-49c3-80d7-4442133e57d6',
  level: 'info',
  message: '[BookingController] Get hotel bookings',
  timestamp: '2026-08-03T16:45:50.024Z'
}
{
  hotelId: '6476b4b4-c8ba-4f05-a3ae-9ba776ad4be3',
  level: 'info',
  message: '[BookingController] Get hotel bookings',
  timestamp: '2026-08-03T16:45:50.027Z'
}
{
  hotelId: '45ea8129-6cde-4f0a-b8a5-701260e11966',
  level: 'info',
  message: '[BookingController] Get hotel bookings',
  timestamp: '2026-08-03T16:45:50.029Z'
}
{
  message: '[Cache Hit] Lấy thông tin hotel ID: d79e14bd-e09b-49c3-80d7-4442133e57d6 từ Redis',
  level: 'debug',
  timestamp: '2026-08-03T16:45:50.031Z'
}
{
  message: '[Cache Hit] Lấy thông tin hotel ID: 6476b4b4-c8ba-4f05-a3ae-9ba776ad4be3 từ Redis',
  level: 'debug',
  timestamp: '2026-08-03T16:45:50.032Z'
}
{
  message: '[Cache Hit] Lấy thông tin hotel ID: 45ea8129-6cde-4f0a-b8a5-701260e11966 từ Redis',
  level: 'debug',
  timestamp: '2026-08-03T16:45:50.032Z'
}
{
  hotelId: 'db71d087-b5a7-47be-b2a3-04e168e623b9',
  level: 'info',
  message: '[BookingController] Get hotel bookings',
  timestamp: '2026-08-03T16:45:50.043Z'
}
{
  message: '[Cache Hit] Lấy thông tin hotel ID: db71d087-b5a7-47be-b2a3-04e168e623b9 từ Redis',
  level: 'debug',
  timestamp: '2026-08-03T16:45:50.043Z'
}
{
  hotelId: '3ff5cc53-9069-45bc-a39e-2295bebd3ea5',
  level: 'info',
  message: '[BookingController] Get hotel bookings',
  timestamp: '2026-08-03T16:45:50.048Z'
}
{
  message: '[Cache Hit] Lấy thông tin hotel ID: 3ff5cc53-9069-45bc-a39e-2295bebd3ea5 từ Redis',
  level: 'debug',
  timestamp: '2026-08-03T16:45:50.049Z'
}
{
  hotelId: '1f63d07b-44ef-412e-8e8f-fc20853648c3',
  level: 'info',
  message: '[BookingController] Get hotel bookings',
  timestamp: '2026-08-03T16:45:50.054Z'
}
{
  hotelId: '61f3e4c1-cba1-48b1-851c-16bc9d413ec2',
  level: 'info',
  message: '[BookingController] Get hotel bookings',
  timestamp: '2026-08-03T16:45:50.057Z'
}
{
  hotelId: '09928f48-b9bb-4700-85d2-51b072eef2c9',
  level: 'info',
  message: '[BookingController] Get hotel bookings',
  timestamp: '2026-08-03T16:45:50.059Z'
}
{
  message: '[Cache Hit] Lấy thông tin hotel ID: 1f63d07b-44ef-412e-8e8f-fc20853648c3 từ Redis',
  level: 'debug',
  timestamp: '2026-08-03T16:45:50.060Z'
}
{
  message: '[Cache Hit] Lấy thông tin hotel ID: 61f3e4c1-cba1-48b1-851c-16bc9d413ec2 từ Redis',
  level: 'debug',
  timestamp: '2026-08-03T16:45:50.060Z'
}
{
  message: '[Cache Hit] Lấy thông tin hotel ID: 09928f48-b9bb-4700-85d2-51b072eef2c9 từ Redis',
  level: 'debug',
  timestamp: '2026-08-03T16:45:50.060Z'
}
{
  hotelId: 'a9778731-bce8-4dbf-8b2f-ab2543bfdcdc',
  level: 'info',
  message: '[BookingController] Get hotel bookings',
  timestamp: '2026-08-03T16:45:50.063Z'
}
{
  hotelId: 'd29b2e2a-8af1-4273-8f2d-87053225f461',
  level: 'info',
  message: '[BookingController] Get hotel bookings',
  timestamp: '2026-08-03T16:45:50.066Z'
}
{
  message: '[Cache Hit] Lấy thông tin hotel ID: a9778731-bce8-4dbf-8b2f-ab2543bfdcdc từ Redis',
  level: 'debug',
  timestamp: '2026-08-03T16:45:50.066Z'
}
{
  message: '[Cache Hit] Lấy thông tin hotel ID: d29b2e2a-8af1-4273-8f2d-87053225f461 từ Redis',
  level: 'debug',
  timestamp: '2026-08-03T16:45:50.067Z'
}
{
  hotelId: 'fdfc5eb7-97ff-450b-9edf-723739f36d56',
  level: 'info',
  message: '[BookingController] Get hotel bookings',
  timestamp: '2026-08-03T16:45:50.071Z'
}
{
  message: '[Cache Hit] Lấy thông tin hotel ID: fdfc5eb7-97ff-450b-9edf-723739f36d56 từ Redis',
  level: 'debug',
  timestamp: '2026-08-03T16:45:50.074Z'
}
{
  message: 'JWT Verification Error: jwt expired',
  level: 'error',
  timestamp: '2026-08-03T16:45:51.539Z'
}
{
  message: 'GLOBAL ERROR HANDLER CAUGHT: Error: Phiên đăng nhập đã hết hạn. Vui lòng lấy Token mới.\n' +
    '    at authMiddleware (/app/src/middlewares/authMiddleware.ts:80:9)\n' +
    '    at Layer.handleRequest (/app/node_modules/router/lib/layer.js:152:17)\n' +
    '    at next (/app/node_modules/router/lib/route.js:157:13)\n' +
    '    at Route.dispatch (/app/node_modules/router/lib/route.js:117:3)\n' +
    '    at handle (/app/node_modules/router/index.js:435:11)\n' +
    '    at Layer.handleRequest (/app/node_modules/router/lib/layer.js:152:17)\n' +
    '    at /app/node_modules/router/index.js:295:15\n' +
    '    at processParams (/app/node_modules/router/index.js:582:12)\n' +
    '    at next (/app/node_modules/router/index.js:291:5)\n' +
    '    at Function.handle (/app/node_modules/router/index.js:186:3)',
  level: 'error',
  timestamp: '2026-08-03T16:45:51.541Z'
}
{
  message: 'JWT Verification Error: jwt expired',
  level: 'error',
  timestamp: '2026-08-03T16:45:51.552Z'
}
{
  message: 'GLOBAL ERROR HANDLER CAUGHT: Error: Phiên đăng nhập đã hết hạn. Vui lòng lấy Token mới.\n' +
    '    at authMiddleware (/app/src/middlewares/authMiddleware.ts:80:9)\n' +
    '    at Layer.handleRequest (/app/node_modules/router/lib/layer.js:152:17)\n' +
    '    at next (/app/node_modules/router/lib/route.js:157:13)\n' +
    '    at Route.dispatch (/app/node_modules/router/lib/route.js:117:3)\n' +
    '    at handle (/app/node_modules/router/index.js:435:11)\n' +
    '    at Layer.handleRequest (/app/node_modules/router/lib/layer.js:152:17)\n' +
    '    at /app/node_modules/router/index.js:295:15\n' +
    '    at processParams (/app/node_modules/router/index.js:582:12)\n' +
    '    at next (/app/node_modules/router/index.js:291:5)\n' +
    '    at Function.handle (/app/node_modules/router/index.js:186:3)',
  level: 'error',
  timestamp: '2026-08-03T16:45:51.553Z'
}
{
  message: '[AuthController] Refresh Tokens',
  level: 'info',
  timestamp: '2026-08-03T16:45:51.562Z'
}
{
  message: 'Fetching user details for ID: 6173a954-cbea-43c4-bbf1-ace8f7b9bc1e',
  level: 'debug',
  timestamp: '2026-08-03T16:45:51.571Z'
}
{
  message: '[Cache Hit] Lấy thông tin user ID: 6173a954-cbea-43c4-bbf1-ace8f7b9bc1e từ Redis',
  level: 'debug',
  timestamp: '2026-08-03T16:45:51.572Z'
}
{
  message: '[AuthService] Tokens refreshed successfully for user: tranhieudz2024@gmail.com',
  level: 'info',
  timestamp: '2026-08-03T16:45:51.585Z'
}
{
  userId: '6173a954-cbea-43c4-bbf1-ace8f7b9bc1e',
  level: 'info',
  message: '[AuthController] Get Me',
  timestamp: '2026-08-03T16:45:51.648Z'
}
{
  message: 'Fetching user details for ID: 6173a954-cbea-43c4-bbf1-ace8f7b9bc1e',
  level: 'debug',
  timestamp: '2026-08-03T16:45:51.649Z'
}
{
  message: '[Cache Hit] Lấy thông tin user ID: 6173a954-cbea-43c4-bbf1-ace8f7b9bc1e từ Redis',
  level: 'debug',
  timestamp: '2026-08-03T16:45:51.650Z'
}
{
  message: '[BookingController] Get user bookings',
  level: 'info',
  timestamp: '2026-08-03T16:45:51.655Z'
}
{
  userId: '6173a954-cbea-43c4-bbf1-ace8f7b9bc1e',
  level: 'info',
  message: '[AuthController] Get Me',
  timestamp: '2026-08-03T16:45:51.665Z'
}
{
  message: 'Fetching user details for ID: 6173a954-cbea-43c4-bbf1-ace8f7b9bc1e',
  level: 'debug',
  timestamp: '2026-08-03T16:45:51.665Z'
}
{
  message: '[Cache Hit] Lấy thông tin user ID: 6173a954-cbea-43c4-bbf1-ace8f7b9bc1e từ Redis',
  level: 'debug',
  timestamp: '2026-08-03T16:45:51.667Z'
}
{
  message: '[BookingController] Get user bookings',
  level: 'info',
  timestamp: '2026-08-03T16:45:51.687Z'
}
{
  bookingId: '39db9129-92ce-4511-b50d-cb545f125184',
  level: 'info',
  message: '[BookingController] Update payment status',
  timestamp: '2026-08-03T16:46:04.331Z'
}
{
  message: '[Cache Hit] Lấy thông tin hotel ID: 09928f48-b9bb-4700-85d2-51b072eef2c9 từ Redis',
  level: 'debug',
  timestamp: '2026-08-03T16:46:04.361Z'
}
{
  bookingId: '1eb9ae9f-1053-44b5-81b5-d018514add13',
  level: 'info',
  message: '[BookingController] Update payment status',
  timestamp: '2026-08-03T16:46:04.947Z'
}
{
  message: '[Cache Hit] Lấy thông tin hotel ID: 09928f48-b9bb-4700-85d2-51b072eef2c9 từ Redis',
  level: 'debug',
  timestamp: '2026-08-03T16:46:04.956Z'
}
{
  message: '[RoomController] Get rooms by roomType',
  level: 'info',
  timestamp: '2026-08-03T16:46:06.288Z'
}
{
  message: '[RoomController] Get rooms by roomType',
  level: 'info',
  timestamp: '2026-08-03T16:46:12.696Z'
}
{
  bookingId: '39db9129-92ce-4511-b50d-cb545f125184',
  level: 'info',
  message: '[BookingController] Update booking status',
  timestamp: '2026-08-03T16:46:14.059Z'
}
{
  message: '[Cache Hit] Lấy thông tin hotel ID: 09928f48-b9bb-4700-85d2-51b072eef2c9 từ Redis',
  level: 'debug',
  timestamp: '2026-08-03T16:46:14.066Z'
}
{
  bookingId: '39db9129-92ce-4511-b50d-cb545f125184',
  level: 'info',
  message: '[BookingController] Update booking status',
  timestamp: '2026-08-03T16:46:15.545Z'
}
{
  message: '[Cache Hit] Lấy thông tin hotel ID: 09928f48-b9bb-4700-85d2-51b072eef2c9 từ Redis',
  level: 'debug',
  timestamp: '2026-08-03T16:46:15.555Z'
}
{
  message: '[RoomController] Get rooms by roomType',
  level: 'info',
  timestamp: '2026-08-03T16:46:19.138Z'
}
{
  bookingId: '1eb9ae9f-1053-44b5-81b5-d018514add13',
  level: 'info',
  message: '[BookingController] Update booking status',
  timestamp: '2026-08-03T16:46:21.953Z'
}
{
  message: '[Cache Hit] Lấy thông tin hotel ID: 09928f48-b9bb-4700-85d2-51b072eef2c9 từ Redis',
  level: 'debug',
  timestamp: '2026-08-03T16:46:21.958Z'
}
{
  bookingId: '1eb9ae9f-1053-44b5-81b5-d018514add13',
  level: 'info',
  message: '[BookingController] Update booking status',
  timestamp: '2026-08-03T16:46:24.118Z'
}
{
  message: '[Cache Hit] Lấy thông tin hotel ID: 09928f48-b9bb-4700-85d2-51b072eef2c9 từ Redis',
  level: 'debug',
  timestamp: '2026-08-03T16:46:24.125Z'
}
{
  bookingId: 'f2b82b76-6010-401a-ad35-ec9420b78130',
  level: 'info',
  message: '[BookingController] Update booking status',
  timestamp: '2026-08-03T16:46:30.657Z'
}
{
  message: '[Cache Hit] Lấy thông tin hotel ID: 09928f48-b9bb-4700-85d2-51b072eef2c9 từ Redis',
  level: 'debug',
  timestamp: '2026-08-03T16:46:30.664Z'
}
{
  message: '[Cache Hit] Lấy danh sách điểm đến hoạt động từ Redis',
  level: 'debug',
  timestamp: '2026-08-03T16:46:35.483Z'
}
{
  query: [Object: null prototype] {
    location: 'Hà Nội',
    adults: '2',
    children: '0',
    rooms: '1'
  },
  level: 'info',
  message: '[SearchController] Search hotels',
  timestamp: '2026-08-03T16:46:35.487Z'
}
{
  message: '[Cache Hit] Lấy danh sách điểm đến hoạt động từ Redis',
  level: 'debug',
  timestamp: '2026-08-03T16:46:35.492Z'
}
{
  query: [Object: null prototype] {
    location: 'Hà Nội',
    adults: '2',
    children: '0',
    rooms: '1'
  },
  level: 'info',
  message: '[SearchController] Search hotels',
  timestamp: '2026-08-03T16:46:35.503Z'
}
{
  hotelId: '09928f48-b9bb-4700-85d2-51b072eef2c9',
  level: 'info',
  message: '[HotelController] Get hotel by id',
  timestamp: '2026-08-03T16:46:37.905Z'
}
{
  message: '[Cache Hit] Lấy thông tin hotel ID: 09928f48-b9bb-4700-85d2-51b072eef2c9 từ Redis',
  level: 'debug',
  timestamp: '2026-08-03T16:46:37.907Z'
}
{
  hotelId: '09928f48-b9bb-4700-85d2-51b072eef2c9',
  level: 'info',
  message: '[HotelController] Get hotel by id',
  timestamp: '2026-08-03T16:46:37.911Z'
}
{
  message: '[Cache Hit] Lấy thông tin hotel ID: 09928f48-b9bb-4700-85d2-51b072eef2c9 từ Redis',
  level: 'debug',
  timestamp: '2026-08-03T16:46:37.912Z'
}
{
  query: [Object: null prototype] {
    location: 'Hà Nội',
    adults: '2',
    children: '0',
    rooms: '1'
  },
  level: 'info',
  message: '[SearchController] Search hotels',
  timestamp: '2026-08-03T16:46:44.381Z'
}
{
  message: '[Cache Hit] Lấy danh sách điểm đến hoạt động từ Redis',
  level: 'debug',
  timestamp: '2026-08-03T16:46:44.385Z'
}
{
  message: '[Cache Hit] Lấy danh sách điểm đến hoạt động từ Redis',
  level: 'debug',
  timestamp: '2026-08-03T16:46:44.397Z'
}
{
  query: [Object: null prototype] {
    location: 'Hà Nội',
    adults: '2',
    children: '0',
    rooms: '1'
  },
  level: 'info',
  message: '[SearchController] Search hotels',
  timestamp: '2026-08-03T16:46:44.403Z'
}
{
  query: [Object: null prototype] {
    location: 'Hà Nội',
    checkInDate: '2026-08-04',
    checkOutDate: '2026-08-06',
    adults: '2',
    children: '0',
    rooms: '1'
  },
  level: 'info',
  message: '[SearchController] Search hotels',
  timestamp: '2026-08-03T16:46:51.315Z'
}
{
  hotelId: '09928f48-b9bb-4700-85d2-51b072eef2c9',
  level: 'info',
  message: '[HotelController] Get hotel by id',
  timestamp: '2026-08-03T16:46:58.501Z'
}
{
  message: '[Cache Hit] Lấy thông tin hotel ID: 09928f48-b9bb-4700-85d2-51b072eef2c9 từ Redis',
  level: 'debug',
  timestamp: '2026-08-03T16:46:58.502Z'
}
{
  hotelId: '09928f48-b9bb-4700-85d2-51b072eef2c9',
  level: 'info',
  message: '[HotelController] Get hotel by id',
  timestamp: '2026-08-03T16:46:58.504Z'
}
{
  message: '[Cache Hit] Lấy thông tin hotel ID: 09928f48-b9bb-4700-85d2-51b072eef2c9 từ Redis',
  level: 'debug',
  timestamp: '2026-08-03T16:46:58.506Z'
}
{
  message: 'GLOBAL ERROR HANDLER CAUGHT: Error: Dữ liệu gửi lên không hợp lệ.\n' +
    '    at <anonymous> (/app/src/middlewares/validationMiddleware.ts:41:11)\n' +
    '    at process.processTicksAndRejections (node:internal/process/task_queues:95:5)',
  level: 'error',
  timestamp: '2026-08-03T16:47:23.076Z'
}
{
  message: '[BookingController] Create booking',
  level: 'info',
  timestamp: '2026-08-03T16:47:26.906Z'
}
{
  message: '[BookingController] Get user bookings',
  level: 'info',
  timestamp: '2026-08-03T16:47:27.148Z'
}
{
  message: '[BookingController] Get user bookings',
  level: 'info',
  timestamp: '2026-08-03T16:47:27.180Z'
}
{
  message: '[HotelController] Get my hotels',
  level: 'info',
  timestamp: '2026-08-03T16:47:39.051Z'
}
{
  hotelId: '47451836-dfa0-4b5c-b770-43e87150fe10',
  level: 'info',
  message: '[BookingController] Get hotel bookings',
  timestamp: '2026-08-03T16:47:39.089Z'
}
{
  message: '[Cache Hit] Lấy thông tin hotel ID: 47451836-dfa0-4b5c-b770-43e87150fe10 từ Redis',
  level: 'debug',
  timestamp: '2026-08-03T16:47:39.101Z'
}
{
  hotelId: '6476b4b4-c8ba-4f05-a3ae-9ba776ad4be3',
  level: 'info',
  message: '[BookingController] Get hotel bookings',
  timestamp: '2026-08-03T16:47:39.118Z'
}
{
  message: '[Cache Hit] Lấy thông tin hotel ID: 6476b4b4-c8ba-4f05-a3ae-9ba776ad4be3 từ Redis',
  level: 'debug',
  timestamp: '2026-08-03T16:47:39.120Z'
}
{
  hotelId: 'fda0f2da-56b2-46ac-afa7-7bb4e6d06edc',
  level: 'info',
  message: '[BookingController] Get hotel bookings',
  timestamp: '2026-08-03T16:47:39.122Z'
}
{
  message: '[Cache Hit] Lấy thông tin hotel ID: fda0f2da-56b2-46ac-afa7-7bb4e6d06edc từ Redis',
  level: 'debug',
  timestamp: '2026-08-03T16:47:39.124Z'
}
{
  hotelId: 'd79e14bd-e09b-49c3-80d7-4442133e57d6',
  level: 'info',
  message: '[BookingController] Get hotel bookings',
  timestamp: '2026-08-03T16:47:39.126Z'
}
{
  message: '[Cache Hit] Lấy thông tin hotel ID: d79e14bd-e09b-49c3-80d7-4442133e57d6 từ Redis',
  level: 'debug',
  timestamp: '2026-08-03T16:47:39.127Z'
}
{
  hotelId: '3ff5cc53-9069-45bc-a39e-2295bebd3ea5',
  level: 'info',
  message: '[BookingController] Get hotel bookings',
  timestamp: '2026-08-03T16:47:39.131Z'
}
{
  hotelId: '45ea8129-6cde-4f0a-b8a5-701260e11966',
  level: 'info',
  message: '[BookingController] Get hotel bookings',
  timestamp: '2026-08-03T16:47:39.133Z'
}
{
  message: '[Cache Hit] Lấy thông tin hotel ID: 3ff5cc53-9069-45bc-a39e-2295bebd3ea5 từ Redis',
  level: 'debug',
  timestamp: '2026-08-03T16:47:39.134Z'
}
{
  message: '[Cache Hit] Lấy thông tin hotel ID: 45ea8129-6cde-4f0a-b8a5-701260e11966 từ Redis',
  level: 'debug',
  timestamp: '2026-08-03T16:47:39.134Z'
}
{
  hotelId: '52eb4a25-dcb7-4bea-81ac-9d12053bd2c0',
  level: 'info',
  message: '[BookingController] Get hotel bookings',
  timestamp: '2026-08-03T16:47:39.138Z'
}
{
  hotelId: 'd29b2e2a-8af1-4273-8f2d-87053225f461',
  level: 'info',
  message: '[BookingController] Get hotel bookings',
  timestamp: '2026-08-03T16:47:39.140Z'
}
{
  message: '[Cache Hit] Lấy thông tin hotel ID: 52eb4a25-dcb7-4bea-81ac-9d12053bd2c0 từ Redis',
  level: 'debug',
  timestamp: '2026-08-03T16:47:39.141Z'
}
{
  message: '[Cache Hit] Lấy thông tin hotel ID: d29b2e2a-8af1-4273-8f2d-87053225f461 từ Redis',
  level: 'debug',
  timestamp: '2026-08-03T16:47:39.141Z'
}
{
  hotelId: 'db71d087-b5a7-47be-b2a3-04e168e623b9',
  level: 'info',
  message: '[BookingController] Get hotel bookings',
  timestamp: '2026-08-03T16:47:39.145Z'
}
{
  hotelId: 'ae4ccd44-300e-4ca3-b16c-d3e71b6a0193',
  level: 'info',
  message: '[BookingController] Get hotel bookings',
  timestamp: '2026-08-03T16:47:39.148Z'
}
{
  message: '[Cache Hit] Lấy thông tin hotel ID: db71d087-b5a7-47be-b2a3-04e168e623b9 từ Redis',
  level: 'debug',
  timestamp: '2026-08-03T16:47:39.149Z'
}
{
  message: '[Cache Hit] Lấy thông tin hotel ID: ae4ccd44-300e-4ca3-b16c-d3e71b6a0193 từ Redis',
  level: 'debug',
  timestamp: '2026-08-03T16:47:39.149Z'
}
{
  hotelId: '61f3e4c1-cba1-48b1-851c-16bc9d413ec2',
  level: 'info',
  message: '[BookingController] Get hotel bookings',
  timestamp: '2026-08-03T16:47:39.155Z'
}
{
  hotelId: 'a9778731-bce8-4dbf-8b2f-ab2543bfdcdc',
  level: 'info',
  message: '[BookingController] Get hotel bookings',
  timestamp: '2026-08-03T16:47:39.157Z'
}
{
  message: '[Cache Hit] Lấy thông tin hotel ID: 61f3e4c1-cba1-48b1-851c-16bc9d413ec2 từ Redis',
  level: 'debug',
  timestamp: '2026-08-03T16:47:39.158Z'
}
{
  message: '[Cache Hit] Lấy thông tin hotel ID: a9778731-bce8-4dbf-8b2f-ab2543bfdcdc từ Redis',
  level: 'debug',
  timestamp: '2026-08-03T16:47:39.158Z'
}
{
  hotelId: '09928f48-b9bb-4700-85d2-51b072eef2c9',
  level: 'info',
  message: '[BookingController] Get hotel bookings',
  timestamp: '2026-08-03T16:47:39.164Z'
}
{
  hotelId: '1f63d07b-44ef-412e-8e8f-fc20853648c3',
  level: 'info',
  message: '[BookingController] Get hotel bookings',
  timestamp: '2026-08-03T16:47:39.166Z'
}
{
  message: '[Cache Hit] Lấy thông tin hotel ID: 09928f48-b9bb-4700-85d2-51b072eef2c9 từ Redis',
  level: 'debug',
  timestamp: '2026-08-03T16:47:39.166Z'
}
{
  message: '[Cache Hit] Lấy thông tin hotel ID: 1f63d07b-44ef-412e-8e8f-fc20853648c3 từ Redis',
  level: 'debug',
  timestamp: '2026-08-03T16:47:39.166Z'
}
{
  hotelId: 'fdfc5eb7-97ff-450b-9edf-723739f36d56',
  level: 'info',
  message: '[BookingController] Get hotel bookings',
  timestamp: '2026-08-03T16:47:39.170Z'
}
{
  message: '[Cache Hit] Lấy thông tin hotel ID: fdfc5eb7-97ff-450b-9edf-723739f36d56 từ Redis',
  level: 'debug',
  timestamp: '2026-08-03T16:47:39.170Z'
}
{
  bookingId: 'bc03ae6d-c82f-4a66-bc2f-ae430a924359',
  level: 'info',
  message: '[BookingController] Update booking status',
  timestamp: '2026-08-03T16:47:47.511Z'
}
{
  message: '[Cache Hit] Lấy thông tin hotel ID: 09928f48-b9bb-4700-85d2-51b072eef2c9 từ Redis',
  level: 'debug',
  timestamp: '2026-08-03T16:47:47.531Z'
}
{
  message: '[RoomController] Get rooms by roomType',
  level: 'info',
  timestamp: '2026-08-03T16:47:50.959Z'
}
{
  bookingId: 'bc03ae6d-c82f-4a66-bc2f-ae430a924359',
  level: 'info',
  message: '[BookingController] Update booking status',
  timestamp: '2026-08-03T16:47:55.451Z'
}
{
  message: '[Cache Hit] Lấy thông tin hotel ID: 09928f48-b9bb-4700-85d2-51b072eef2c9 từ Redis',
  level: 'debug',
  timestamp: '2026-08-03T16:47:55.458Z'
}
{
  message: '[Cache Hit] Lấy danh sách điểm đến hoạt động từ Redis',
  level: 'debug',
  timestamp: '2026-08-03T16:48:12.659Z'
}
{
  page: '1',
  limit: '10',
  status: 'ACTIVE',
  level: 'info',
  message: '[HotelController] Get all hotels with queries',
  timestamp: '2026-08-03T16:48:12.661Z'
}
{
  message: '[Cache Hit] Lấy danh sách điểm đến hoạt động từ Redis',
  level: 'debug',
  timestamp: '2026-08-03T16:48:12.666Z'
}
{
  page: '1',
  limit: '10',
  status: 'ACTIVE',
  level: 'info',
  message: '[HotelController] Get all hotels with queries',
  timestamp: '2026-08-03T16:48:12.681Z'
}
{
  message: '[Cache Hit] Lấy danh sách điểm đến hoạt động từ Redis',
  level: 'debug',
  timestamp: '2026-08-03T16:48:12.688Z'
}
{
  message: '[Cache Hit] Lấy danh sách điểm đến hoạt động từ Redis',
  level: 'debug',
  timestamp: '2026-08-03T16:48:12.706Z'
}
{
  message: '[Cache Hit] Lấy danh sách điểm đến hoạt động từ Redis',
  level: 'debug',
  timestamp: '2026-08-03T16:48:17.833Z'
}
{
  query: [Object: null prototype] {
    location: 'Hà Nội',
    adults: '2',
    children: '0',
    rooms: '1'
  },
  level: 'info',
  message: '[SearchController] Search hotels',
  timestamp: '2026-08-03T16:48:17.835Z'
}
{
  message: '[Cache Hit] Lấy danh sách điểm đến hoạt động từ Redis',
  level: 'debug',
  timestamp: '2026-08-03T16:48:17.838Z'
}
{
  query: [Object: null prototype] {
    location: 'Hà Nội',
    adults: '2',
    children: '0',
    rooms: '1'
  },
  level: 'info',
  message: '[SearchController] Search hotels',
  timestamp: '2026-08-03T16:48:17.870Z'
}
{
  hotelId: '09928f48-b9bb-4700-85d2-51b072eef2c9',
  level: 'info',
  message: '[HotelController] Get hotel by id',
  timestamp: '2026-08-03T16:48:18.882Z'
}
{
  message: '[Cache Hit] Lấy thông tin hotel ID: 09928f48-b9bb-4700-85d2-51b072eef2c9 từ Redis',
  level: 'debug',
  timestamp: '2026-08-03T16:48:18.883Z'
}
{
  hotelId: '09928f48-b9bb-4700-85d2-51b072eef2c9',
  level: 'info',
  message: '[HotelController] Get hotel by id',
  timestamp: '2026-08-03T16:48:18.887Z'
}
{
  message: '[Cache Hit] Lấy thông tin hotel ID: 09928f48-b9bb-4700-85d2-51b072eef2c9 từ Redis',
  level: 'debug',
  timestamp: '2026-08-03T16:48:18.888Z'
}
{
  message: '[BookingController] Create booking',
  level: 'info',
  timestamp: '2026-08-03T16:48:26.176Z'
}
{
  message: 'GLOBAL ERROR HANDLER CAUGHT: Error: Rất tiếc! Chỉ còn lại 1 phòng trống trong khoảng thời gian bạn chọn.\n' +
    '    at BookingAvailabilityService.validateAvailability (/app/src/modules/booking/services/bookingCreation/bookingAvailability.ts:48:13)\n' +
    '    at process.processTicksAndRejections (node:internal/process/task_queues:95:5)\n' +
    '    at async BookingCreationService.executeBookingTransaction (/app/src/modules/booking/services/bookingCreation/bookingCreationService.ts:68:43)\n' +
    '    at async Proxy._transactionWithCallback (/app/generated/prisma/runtime/client.js:79:4800)\n' +
    '    at async BookingCreationService.createBooking (/app/src/modules/booking/services/bookingCreation/bookingCreationService.ts:35:17)\n' +
    '    at async createBooking (/app/src/modules/booking/controllers/bookingController.ts:26:20)',
  level: 'error',
  timestamp: '2026-08-03T16:48:26.206Z'
}
{
  hotelId: '09928f48-b9bb-4700-85d2-51b072eef2c9',
  level: 'info',
  message: '[HotelController] Get hotel by id',
  timestamp: '2026-08-03T16:48:27.771Z'
}
{
  message: '[Cache Hit] Lấy thông tin hotel ID: 09928f48-b9bb-4700-85d2-51b072eef2c9 từ Redis',
  level: 'debug',
  timestamp: '2026-08-03T16:48:27.773Z'
}
{
  hotelId: '09928f48-b9bb-4700-85d2-51b072eef2c9',
  level: 'info',
  message: '[HotelController] Get hotel by id',
  timestamp: '2026-08-03T16:48:27.779Z'
}
{
  message: '[Cache Hit] Lấy thông tin hotel ID: 09928f48-b9bb-4700-85d2-51b072eef2c9 từ Redis',
  level: 'debug',
  timestamp: '2026-08-03T16:48:27.780Z'
}
{
  message: '[BookingController] Create booking',
  level: 'info',
  timestamp: '2026-08-03T16:48:35.777Z'
}
{
  message: '[BookingController] Get user bookings',
  level: 'info',
  timestamp: '2026-08-03T16:48:35.961Z'
}
{
  message: '[BookingController] Get user bookings',
  level: 'info',
  timestamp: '2026-08-03T16:48:35.997Z'
}
{
  message: 'JWT Verification Error: jwt expired',
  level: 'error',
  timestamp: '2026-08-03T16:48:36.309Z'
}
{
  message: 'GLOBAL ERROR HANDLER CAUGHT: Error: Phiên đăng nhập đã hết hạn. Vui lòng lấy Token mới.\n' +
    '    at authMiddleware (/app/src/middlewares/authMiddleware.ts:80:9)\n' +
    '    at Layer.handleRequest (/app/node_modules/router/lib/layer.js:152:17)\n' +
    '    at trimPrefix (/app/node_modules/router/index.js:342:13)\n' +
    '    at /app/node_modules/router/index.js:297:9\n' +
    '    at processParams (/app/node_modules/router/index.js:582:12)\n' +
    '    at next (/app/node_modules/router/index.js:291:5)\n' +
    '    at Function.handle (/app/node_modules/router/index.js:186:3)\n' +
    '    at router (/app/node_modules/router/index.js:60:12)\n' +
    '    at Layer.handleRequest (/app/node_modules/router/lib/layer.js:152:17)\n' +
    '    at trimPrefix (/app/node_modules/router/index.js:342:13)',
  level: 'error',
  timestamp: '2026-08-03T16:48:36.309Z'
}
{
  message: '[AuthController] Refresh Tokens',
  level: 'info',
  timestamp: '2026-08-03T16:48:36.317Z'
}
{
  message: 'Fetching user details for ID: 0cbc0c7f-fda6-4929-b479-ad9d83ace8ce',
  level: 'debug',
  timestamp: '2026-08-03T16:48:36.322Z'
}
{
  message: '[Cache Hit] Lấy thông tin user ID: 0cbc0c7f-fda6-4929-b479-ad9d83ace8ce từ Redis',
  level: 'debug',
  timestamp: '2026-08-03T16:48:36.323Z'
}
{
  message: '[AuthService] Tokens refreshed successfully for user: agent1@booking.com',
  level: 'info',
  timestamp: '2026-08-03T16:48:36.370Z'
}
{
  message: '[HotelController] Get my hotels',
  level: 'info',
  timestamp: '2026-08-03T16:48:56.442Z'
}
{
  hotelId: '47451836-dfa0-4b5c-b770-43e87150fe10',
  level: 'info',
  message: '[BookingController] Get hotel bookings',
  timestamp: '2026-08-03T16:48:56.482Z'
}
{
  message: '[Cache Hit] Lấy thông tin hotel ID: 47451836-dfa0-4b5c-b770-43e87150fe10 từ Redis',
  level: 'debug',
  timestamp: '2026-08-03T16:48:56.485Z'
}
{
  hotelId: 'd29b2e2a-8af1-4273-8f2d-87053225f461',
  level: 'info',
  message: '[BookingController] Get hotel bookings',
  timestamp: '2026-08-03T16:48:56.500Z'
}
{
  hotelId: 'fda0f2da-56b2-46ac-afa7-7bb4e6d06edc',
  level: 'info',
  message: '[BookingController] Get hotel bookings',
  timestamp: '2026-08-03T16:48:56.502Z'
}
{
  message: '[Cache Hit] Lấy thông tin hotel ID: d29b2e2a-8af1-4273-8f2d-87053225f461 từ Redis',
  level: 'debug',
  timestamp: '2026-08-03T16:48:56.502Z'
}
{
  message: '[Cache Hit] Lấy thông tin hotel ID: fda0f2da-56b2-46ac-afa7-7bb4e6d06edc từ Redis',
  level: 'debug',
  timestamp: '2026-08-03T16:48:56.503Z'
}
{
  hotelId: 'd79e14bd-e09b-49c3-80d7-4442133e57d6',
  level: 'info',
  message: '[BookingController] Get hotel bookings',
  timestamp: '2026-08-03T16:48:56.508Z'
}
{
  message: '[Cache Hit] Lấy thông tin hotel ID: d79e14bd-e09b-49c3-80d7-4442133e57d6 từ Redis',
  level: 'debug',
  timestamp: '2026-08-03T16:48:56.510Z'
}
{
  hotelId: '52eb4a25-dcb7-4bea-81ac-9d12053bd2c0',
  level: 'info',
  message: '[BookingController] Get hotel bookings',
  timestamp: '2026-08-03T16:48:56.512Z'
}
{
  hotelId: '6476b4b4-c8ba-4f05-a3ae-9ba776ad4be3',
  level: 'info',
  message: '[BookingController] Get hotel bookings',
  timestamp: '2026-08-03T16:48:56.516Z'
}
{
  hotelId: '1f63d07b-44ef-412e-8e8f-fc20853648c3',
  level: 'info',
  message: '[BookingController] Get hotel bookings',
  timestamp: '2026-08-03T16:48:56.519Z'
}
{
  message: '[Cache Hit] Lấy thông tin hotel ID: 52eb4a25-dcb7-4bea-81ac-9d12053bd2c0 từ Redis',
  level: 'debug',
  timestamp: '2026-08-03T16:48:56.520Z'
}
{
  message: '[Cache Hit] Lấy thông tin hotel ID: 6476b4b4-c8ba-4f05-a3ae-9ba776ad4be3 từ Redis',
  level: 'debug',
  timestamp: '2026-08-03T16:48:56.521Z'
}
{
  message: '[Cache Hit] Lấy thông tin hotel ID: 1f63d07b-44ef-412e-8e8f-fc20853648c3 từ Redis',
  level: 'debug',
  timestamp: '2026-08-03T16:48:56.521Z'
}
{
  hotelId: '45ea8129-6cde-4f0a-b8a5-701260e11966',
  level: 'info',
  message: '[BookingController] Get hotel bookings',
  timestamp: '2026-08-03T16:48:56.523Z'
}
{
  message: '[Cache Hit] Lấy thông tin hotel ID: 45ea8129-6cde-4f0a-b8a5-701260e11966 từ Redis',
  level: 'debug',
  timestamp: '2026-08-03T16:48:56.524Z'
}
{
  hotelId: 'ae4ccd44-300e-4ca3-b16c-d3e71b6a0193',
  level: 'info',
  message: '[BookingController] Get hotel bookings',
  timestamp: '2026-08-03T16:48:56.529Z'
}
{
  hotelId: 'db71d087-b5a7-47be-b2a3-04e168e623b9',
  level: 'info',
  message: '[BookingController] Get hotel bookings',
  timestamp: '2026-08-03T16:48:56.531Z'
}
{
  message: '[Cache Hit] Lấy thông tin hotel ID: ae4ccd44-300e-4ca3-b16c-d3e71b6a0193 từ Redis',
  level: 'debug',
  timestamp: '2026-08-03T16:48:56.532Z'
}
{
  message: '[Cache Hit] Lấy thông tin hotel ID: db71d087-b5a7-47be-b2a3-04e168e623b9 từ Redis',
  level: 'debug',
  timestamp: '2026-08-03T16:48:56.532Z'
}
{
  hotelId: 'a9778731-bce8-4dbf-8b2f-ab2543bfdcdc',
  level: 'info',
  message: '[BookingController] Get hotel bookings',
  timestamp: '2026-08-03T16:48:56.536Z'
}
{
  hotelId: '09928f48-b9bb-4700-85d2-51b072eef2c9',
  level: 'info',
  message: '[BookingController] Get hotel bookings',
  timestamp: '2026-08-03T16:48:56.538Z'
}
{
  hotelId: '3ff5cc53-9069-45bc-a39e-2295bebd3ea5',
  level: 'info',
  message: '[BookingController] Get hotel bookings',
  timestamp: '2026-08-03T16:48:56.540Z'
}
{
  message: '[Cache Hit] Lấy thông tin hotel ID: a9778731-bce8-4dbf-8b2f-ab2543bfdcdc từ Redis',
  level: 'debug',
  timestamp: '2026-08-03T16:48:56.542Z'
}
{
  message: '[Cache Hit] Lấy thông tin hotel ID: 09928f48-b9bb-4700-85d2-51b072eef2c9 từ Redis',
  level: 'debug',
  timestamp: '2026-08-03T16:48:56.542Z'
}
{
  message: '[Cache Hit] Lấy thông tin hotel ID: 3ff5cc53-9069-45bc-a39e-2295bebd3ea5 từ Redis',
  level: 'debug',
  timestamp: '2026-08-03T16:48:56.542Z'
}
{
  hotelId: '61f3e4c1-cba1-48b1-851c-16bc9d413ec2',
  level: 'info',
  message: '[BookingController] Get hotel bookings',
  timestamp: '2026-08-03T16:48:56.547Z'
}
{
  message: '[Cache Hit] Lấy thông tin hotel ID: 61f3e4c1-cba1-48b1-851c-16bc9d413ec2 từ Redis',
  level: 'debug',
  timestamp: '2026-08-03T16:48:56.588Z'
}
{
  hotelId: 'fdfc5eb7-97ff-450b-9edf-723739f36d56',
  level: 'info',
  message: '[BookingController] Get hotel bookings',
  timestamp: '2026-08-03T16:48:56.596Z'
}
{
  message: '[Cache Hit] Lấy thông tin hotel ID: fdfc5eb7-97ff-450b-9edf-723739f36d56 từ Redis',
  level: 'debug',
  timestamp: '2026-08-03T16:48:56.596Z'
}
{
  bookingId: 'c48cf15e-3f84-477e-8692-6e417a6a0745',
  level: 'info',
  message: '[BookingController] Update booking status',
  timestamp: '2026-08-03T16:49:01.148Z'
}
{
  message: '[Cache Hit] Lấy thông tin hotel ID: 09928f48-b9bb-4700-85d2-51b072eef2c9 từ Redis',
  level: 'debug',
  timestamp: '2026-08-03T16:49:01.167Z'
}
{
  message: '[RoomController] Get rooms by roomType',
  level: 'info',
  timestamp: '2026-08-03T16:49:01.979Z'
}
{
  bookingId: 'c48cf15e-3f84-477e-8692-6e417a6a0745',
  level: 'info',
  message: '[BookingController] Update booking status',
  timestamp: '2026-08-03T16:49:03.772Z'
}
{
  message: '[Cache Hit] Lấy thông tin hotel ID: 09928f48-b9bb-4700-85d2-51b072eef2c9 từ Redis',
  level: 'debug',
  timestamp: '2026-08-03T16:49:03.783Z'
}
{
  bookingId: 'c48cf15e-3f84-477e-8692-6e417a6a0745',
  level: 'info',
  message: '[BookingController] Update payment status',
  timestamp: '2026-08-03T16:49:07.117Z'
}
{
  message: '[Cache Hit] Lấy thông tin hotel ID: 09928f48-b9bb-4700-85d2-51b072eef2c9 từ Redis',
  level: 'debug',
  timestamp: '2026-08-03T16:49:07.127Z'
}
{
  bookingId: 'bc03ae6d-c82f-4a66-bc2f-ae430a924359',
  level: 'info',
  message: '[BookingController] Update payment status',
  timestamp: '2026-08-03T16:49:08.141Z'
}
{
  message: '[Cache Hit] Lấy thông tin hotel ID: 09928f48-b9bb-4700-85d2-51b072eef2c9 từ Redis',
  level: 'debug',
  timestamp: '2026-08-03T16:49:08.154Z'
}
{
  message: '[RoomController] Get rooms by roomType',
  level: 'info',
  timestamp: '2026-08-03T16:49:09.292Z'
}
{
  bookingId: 'bc03ae6d-c82f-4a66-bc2f-ae430a924359',
  level: 'info',
  message: '[BookingController] Update booking status',
  timestamp: '2026-08-03T16:49:16.264Z'
}
{
  message: '[Cache Hit] Lấy thông tin hotel ID: 09928f48-b9bb-4700-85d2-51b072eef2c9 từ Redis',
  level: 'debug',
  timestamp: '2026-08-03T16:49:16.273Z'
}
{
  message: '[RoomController] Get rooms by roomType',
  level: 'info',
  timestamp: '2026-08-03T16:49:17.625Z'
}
{
  bookingId: 'c48cf15e-3f84-477e-8692-6e417a6a0745',
  level: 'info',
  message: '[BookingController] Update booking status',
  timestamp: '2026-08-03T16:49:19.988Z'
}
{
  message: '[Cache Hit] Lấy thông tin hotel ID: 09928f48-b9bb-4700-85d2-51b072eef2c9 từ Redis',
  level: 'debug',
  timestamp: '2026-08-03T16:49:19.995Z'
}
{
  bookingId: 'c48cf15e-3f84-477e-8692-6e417a6a0745',
  level: 'info',
  message: '[BookingController] Update booking status',
  timestamp: '2026-08-03T16:49:22.935Z'
}
{
  message: '[Cache Hit] Lấy thông tin hotel ID: 09928f48-b9bb-4700-85d2-51b072eef2c9 từ Redis',
  level: 'debug',
  timestamp: '2026-08-03T16:49:22.941Z'
}
{
  bookingId: 'bc03ae6d-c82f-4a66-bc2f-ae430a924359',
  level: 'info',
  message: '[BookingController] Update booking status',
  timestamp: '2026-08-03T16:49:25.139Z'
}
{
  message: '[Cache Hit] Lấy thông tin hotel ID: 09928f48-b9bb-4700-85d2-51b072eef2c9 từ Redis',
  level: 'debug',
  timestamp: '2026-08-03T16:49:25.166Z'
}
{
  message: '[HotelController] Get my hotels',
  level: 'info',
  timestamp: '2026-08-03T16:49:29.514Z'
}
{
  hotelId: '47451836-dfa0-4b5c-b770-43e87150fe10',
  level: 'info',
  message: '[BookingController] Get hotel bookings',
  timestamp: '2026-08-03T16:49:29.542Z'
}
{
  message: '[Cache Hit] Lấy thông tin hotel ID: 47451836-dfa0-4b5c-b770-43e87150fe10 từ Redis',
  level: 'debug',
  timestamp: '2026-08-03T16:49:29.545Z'
}
{
  hotelId: '45ea8129-6cde-4f0a-b8a5-701260e11966',
  level: 'info',
  message: '[BookingController] Get hotel bookings',
  timestamp: '2026-08-03T16:49:29.566Z'
}
{
  hotelId: 'd79e14bd-e09b-49c3-80d7-4442133e57d6',
  level: 'info',
  message: '[BookingController] Get hotel bookings',
  timestamp: '2026-08-03T16:49:29.568Z'
}
{
  message: '[Cache Hit] Lấy thông tin hotel ID: 45ea8129-6cde-4f0a-b8a5-701260e11966 từ Redis',
  level: 'debug',
  timestamp: '2026-08-03T16:49:29.569Z'
}
{
  message: '[Cache Hit] Lấy thông tin hotel ID: d79e14bd-e09b-49c3-80d7-4442133e57d6 từ Redis',
  level: 'debug',
  timestamp: '2026-08-03T16:49:29.570Z'
}
{
  hotelId: '52eb4a25-dcb7-4bea-81ac-9d12053bd2c0',
  level: 'info',
  message: '[BookingController] Get hotel bookings',
  timestamp: '2026-08-03T16:49:29.575Z'
}
{
  hotelId: '1f63d07b-44ef-412e-8e8f-fc20853648c3',
  level: 'info',
  message: '[BookingController] Get hotel bookings',
  timestamp: '2026-08-03T16:49:29.578Z'
}
{
  hotelId: 'db71d087-b5a7-47be-b2a3-04e168e623b9',
  level: 'info',
  message: '[BookingController] Get hotel bookings',
  timestamp: '2026-08-03T16:49:29.581Z'
}
{
  message: '[Cache Hit] Lấy thông tin hotel ID: 52eb4a25-dcb7-4bea-81ac-9d12053bd2c0 từ Redis',
  level: 'debug',
  timestamp: '2026-08-03T16:49:29.582Z'
}
{
  message: '[Cache Hit] Lấy thông tin hotel ID: 1f63d07b-44ef-412e-8e8f-fc20853648c3 từ Redis',
  level: 'debug',
  timestamp: '2026-08-03T16:49:29.582Z'
}
{
  message: '[Cache Hit] Lấy thông tin hotel ID: db71d087-b5a7-47be-b2a3-04e168e623b9 từ Redis',
  level: 'debug',
  timestamp: '2026-08-03T16:49:29.583Z'
}
{
  hotelId: 'fda0f2da-56b2-46ac-afa7-7bb4e6d06edc',
  level: 'info',
  message: '[BookingController] Get hotel bookings',
  timestamp: '2026-08-03T16:49:29.585Z'
}
{
  message: '[Cache Hit] Lấy thông tin hotel ID: fda0f2da-56b2-46ac-afa7-7bb4e6d06edc từ Redis',
  level: 'debug',
  timestamp: '2026-08-03T16:49:29.586Z'
}
{
  hotelId: 'fdfc5eb7-97ff-450b-9edf-723739f36d56',
  level: 'info',
  message: '[BookingController] Get hotel bookings',
  timestamp: '2026-08-03T16:49:29.591Z'
}
{
  message: '[Cache Hit] Lấy thông tin hotel ID: fdfc5eb7-97ff-450b-9edf-723739f36d56 từ Redis',
  level: 'debug',
  timestamp: '2026-08-03T16:49:29.592Z'
}
{
  hotelId: '61f3e4c1-cba1-48b1-851c-16bc9d413ec2',
  level: 'info',
  message: '[BookingController] Get hotel bookings',
  timestamp: '2026-08-03T16:49:29.594Z'
}
{
  hotelId: '3ff5cc53-9069-45bc-a39e-2295bebd3ea5',
  level: 'info',
  message: '[BookingController] Get hotel bookings',
  timestamp: '2026-08-03T16:49:29.596Z'
}
{
  hotelId: 'a9778731-bce8-4dbf-8b2f-ab2543bfdcdc',
  level: 'info',
  message: '[BookingController] Get hotel bookings',
  timestamp: '2026-08-03T16:49:29.598Z'
}
{
  hotelId: '6476b4b4-c8ba-4f05-a3ae-9ba776ad4be3',
  level: 'info',
  message: '[BookingController] Get hotel bookings',
  timestamp: '2026-08-03T16:49:29.600Z'
}
{
  message: '[Cache Hit] Lấy thông tin hotel ID: 61f3e4c1-cba1-48b1-851c-16bc9d413ec2 từ Redis',
  level: 'debug',
  timestamp: '2026-08-03T16:49:29.601Z'
}
{
  message: '[Cache Hit] Lấy thông tin hotel ID: 3ff5cc53-9069-45bc-a39e-2295bebd3ea5 từ Redis',
  level: 'debug',
  timestamp: '2026-08-03T16:49:29.601Z'
}
{
  message: '[Cache Hit] Lấy thông tin hotel ID: a9778731-bce8-4dbf-8b2f-ab2543bfdcdc từ Redis',
  level: 'debug',
  timestamp: '2026-08-03T16:49:29.601Z'
}
{
  message: '[Cache Hit] Lấy thông tin hotel ID: 6476b4b4-c8ba-4f05-a3ae-9ba776ad4be3 từ Redis',
  level: 'debug',
  timestamp: '2026-08-03T16:49:29.602Z'
}
{
  hotelId: '09928f48-b9bb-4700-85d2-51b072eef2c9',
  level: 'info',
  message: '[BookingController] Get hotel bookings',
  timestamp: '2026-08-03T16:49:29.606Z'
}
{
  message: '[Cache Hit] Lấy thông tin hotel ID: 09928f48-b9bb-4700-85d2-51b072eef2c9 từ Redis',
  level: 'debug',
  timestamp: '2026-08-03T16:49:29.608Z'
}
{
  hotelId: 'ae4ccd44-300e-4ca3-b16c-d3e71b6a0193',
  level: 'info',
  message: '[BookingController] Get hotel bookings',
  timestamp: '2026-08-03T16:49:29.612Z'
}
{
  message: '[Cache Hit] Lấy thông tin hotel ID: ae4ccd44-300e-4ca3-b16c-d3e71b6a0193 từ Redis',
  level: 'debug',
  timestamp: '2026-08-03T16:49:29.613Z'
}
{
  hotelId: 'd29b2e2a-8af1-4273-8f2d-87053225f461',
  level: 'info',
  message: '[BookingController] Get hotel bookings',
  timestamp: '2026-08-03T16:49:29.616Z'
}
{
  message: '[Cache Hit] Lấy thông tin hotel ID: d29b2e2a-8af1-4273-8f2d-87053225f461 từ Redis',
  level: 'debug',
  timestamp: '2026-08-03T16:49:29.616Z'
}
{
  message: '[HotelController] Get my hotels',
  level: 'info',
  timestamp: '2026-08-03T16:49:34.349Z'
}
{
  message: '[HotelController] Get my hotels',
  level: 'info',
  timestamp: '2026-08-03T16:49:34.364Z'
}
{
  hotelId: 'db71d087-b5a7-47be-b2a3-04e168e623b9',
  level: 'info',
  message: '[BookingController] Get hotel bookings',
  timestamp: '2026-08-03T16:49:34.391Z'
}
{
  message: '[Cache Hit] Lấy thông tin hotel ID: db71d087-b5a7-47be-b2a3-04e168e623b9 từ Redis',
  level: 'debug',
  timestamp: '2026-08-03T16:49:34.404Z'
}
{
  hotelId: '45ea8129-6cde-4f0a-b8a5-701260e11966',
  level: 'info',
  message: '[BookingController] Get hotel bookings',
  timestamp: '2026-08-03T16:49:34.429Z'
}
{
  hotelId: '47451836-dfa0-4b5c-b770-43e87150fe10',
  level: 'info',
  message: '[BookingController] Get hotel bookings',
  timestamp: '2026-08-03T16:49:34.433Z'
}
{
  message: '[Cache Hit] Lấy thông tin hotel ID: 45ea8129-6cde-4f0a-b8a5-701260e11966 từ Redis',
  level: 'debug',
  timestamp: '2026-08-03T16:49:34.442Z'
}
{
  message: '[Cache Hit] Lấy thông tin hotel ID: 47451836-dfa0-4b5c-b770-43e87150fe10 từ Redis',
  level: 'debug',
  timestamp: '2026-08-03T16:49:34.443Z'
}
{
  hotelId: 'fda0f2da-56b2-46ac-afa7-7bb4e6d06edc',
  level: 'info',
  message: '[BookingController] Get hotel bookings',
  timestamp: '2026-08-03T16:49:34.450Z'
}
{
  message: '[Cache Hit] Lấy thông tin hotel ID: fda0f2da-56b2-46ac-afa7-7bb4e6d06edc từ Redis',
  level: 'debug',
  timestamp: '2026-08-03T16:49:34.451Z'
}
{
  hotelId: 'd79e14bd-e09b-49c3-80d7-4442133e57d6',
  level: 'info',
  message: '[BookingController] Get hotel bookings',
  timestamp: '2026-08-03T16:49:34.455Z'
}
{
  message: '[Cache Hit] Lấy thông tin hotel ID: d79e14bd-e09b-49c3-80d7-4442133e57d6 từ Redis',
  level: 'debug',
  timestamp: '2026-08-03T16:49:34.457Z'
}
{
  hotelId: '52eb4a25-dcb7-4bea-81ac-9d12053bd2c0',
  level: 'info',
  message: '[BookingController] Get hotel bookings',
  timestamp: '2026-08-03T16:49:34.460Z'
}
{
  hotelId: '6476b4b4-c8ba-4f05-a3ae-9ba776ad4be3',
  level: 'info',
  message: '[BookingController] Get hotel bookings',
  timestamp: '2026-08-03T16:49:34.461Z'
}
{
  hotelId: 'd29b2e2a-8af1-4273-8f2d-87053225f461',
  level: 'info',
  message: '[BookingController] Get hotel bookings',
  timestamp: '2026-08-03T16:49:34.464Z'
}
{
  message: '[Cache Hit] Lấy thông tin hotel ID: 52eb4a25-dcb7-4bea-81ac-9d12053bd2c0 từ Redis',
  level: 'debug',
  timestamp: '2026-08-03T16:49:34.466Z'
}
{
  message: '[Cache Hit] Lấy thông tin hotel ID: 6476b4b4-c8ba-4f05-a3ae-9ba776ad4be3 từ Redis',
  level: 'debug',
  timestamp: '2026-08-03T16:49:34.466Z'
}
{
  message: '[Cache Hit] Lấy thông tin hotel ID: d29b2e2a-8af1-4273-8f2d-87053225f461 từ Redis',
  level: 'debug',
  timestamp: '2026-08-03T16:49:34.467Z'
}
{
  hotelId: '1f63d07b-44ef-412e-8e8f-fc20853648c3',
  level: 'info',
  message: '[BookingController] Get hotel bookings',
  timestamp: '2026-08-03T16:49:34.472Z'
}
{
  hotelId: 'fdfc5eb7-97ff-450b-9edf-723739f36d56',
  level: 'info',
  message: '[BookingController] Get hotel bookings',
  timestamp: '2026-08-03T16:49:34.474Z'
}
{
  message: '[Cache Hit] Lấy thông tin hotel ID: 1f63d07b-44ef-412e-8e8f-fc20853648c3 từ Redis',
  level: 'debug',
  timestamp: '2026-08-03T16:49:34.475Z'
}
{
  message: '[Cache Hit] Lấy thông tin hotel ID: fdfc5eb7-97ff-450b-9edf-723739f36d56 từ Redis',
  level: 'debug',
  timestamp: '2026-08-03T16:49:34.475Z'
}
{
  hotelId: 'a9778731-bce8-4dbf-8b2f-ab2543bfdcdc',
  level: 'info',
  message: '[BookingController] Get hotel bookings',
  timestamp: '2026-08-03T16:49:34.479Z'
}
{
  message: '[Cache Hit] Lấy thông tin hotel ID: a9778731-bce8-4dbf-8b2f-ab2543bfdcdc từ Redis',
  level: 'debug',
  timestamp: '2026-08-03T16:49:34.480Z'
}
{
  hotelId: '09928f48-b9bb-4700-85d2-51b072eef2c9',
  level: 'info',
  message: '[BookingController] Get hotel bookings',
  timestamp: '2026-08-03T16:49:34.485Z'
}
{
  hotelId: 'db71d087-b5a7-47be-b2a3-04e168e623b9',
  level: 'info',
  message: '[BookingController] Get hotel bookings',
  timestamp: '2026-08-03T16:49:34.489Z'
}
{
  hotelId: '61f3e4c1-cba1-48b1-851c-16bc9d413ec2',
  level: 'info',
  message: '[BookingController] Get hotel bookings',
  timestamp: '2026-08-03T16:49:34.492Z'
}
{
  message: '[Cache Hit] Lấy thông tin hotel ID: 09928f48-b9bb-4700-85d2-51b072eef2c9 từ Redis',
  level: 'debug',
  timestamp: '2026-08-03T16:49:34.493Z'
}
{
  message: '[Cache Hit] Lấy thông tin hotel ID: db71d087-b5a7-47be-b2a3-04e168e623b9 từ Redis',
  level: 'debug',
  timestamp: '2026-08-03T16:49:34.493Z'
}
{
  message: '[Cache Hit] Lấy thông tin hotel ID: 61f3e4c1-cba1-48b1-851c-16bc9d413ec2 từ Redis',
  level: 'debug',
  timestamp: '2026-08-03T16:49:34.494Z'
}
{
  hotelId: '3ff5cc53-9069-45bc-a39e-2295bebd3ea5',
  level: 'info',
  message: '[BookingController] Get hotel bookings',
  timestamp: '2026-08-03T16:49:34.498Z'
}
{
  hotelId: 'ae4ccd44-300e-4ca3-b16c-d3e71b6a0193',
  level: 'info',
  message: '[BookingController] Get hotel bookings',
  timestamp: '2026-08-03T16:49:34.501Z'
}
{
  message: '[Cache Hit] Lấy thông tin hotel ID: 3ff5cc53-9069-45bc-a39e-2295bebd3ea5 từ Redis',
  level: 'debug',
  timestamp: '2026-08-03T16:49:34.502Z'
}
{
  message: '[Cache Hit] Lấy thông tin hotel ID: ae4ccd44-300e-4ca3-b16c-d3e71b6a0193 từ Redis',
  level: 'debug',
  timestamp: '2026-08-03T16:49:34.502Z'
}
{
  hotelId: '45ea8129-6cde-4f0a-b8a5-701260e11966',
  level: 'info',
  message: '[BookingController] Get hotel bookings',
  timestamp: '2026-08-03T16:49:34.508Z'
}
{
  message: '[Cache Hit] Lấy thông tin hotel ID: 45ea8129-6cde-4f0a-b8a5-701260e11966 từ Redis',
  level: 'debug',
  timestamp: '2026-08-03T16:49:34.510Z'
}
{
  hotelId: '47451836-dfa0-4b5c-b770-43e87150fe10',
  level: 'info',
  message: '[BookingController] Get hotel bookings',
  timestamp: '2026-08-03T16:49:34.515Z'
}
{
  hotelId: 'fda0f2da-56b2-46ac-afa7-7bb4e6d06edc',
  level: 'info',
  message: '[BookingController] Get hotel bookings',
  timestamp: '2026-08-03T16:49:34.518Z'
}
{
  hotelId: 'd79e14bd-e09b-49c3-80d7-4442133e57d6',
  level: 'info',
  message: '[BookingController] Get hotel bookings',
  timestamp: '2026-08-03T16:49:34.520Z'
}
{
  message: '[Cache Hit] Lấy thông tin hotel ID: 47451836-dfa0-4b5c-b770-43e87150fe10 từ Redis',
  level: 'debug',
  timestamp: '2026-08-03T16:49:34.521Z'
}
{
  message: '[Cache Hit] Lấy thông tin hotel ID: fda0f2da-56b2-46ac-afa7-7bb4e6d06edc từ Redis',
  level: 'debug',
  timestamp: '2026-08-03T16:49:34.522Z'
}
{
  message: '[Cache Hit] Lấy thông tin hotel ID: d79e14bd-e09b-49c3-80d7-4442133e57d6 từ Redis',
  level: 'debug',
  timestamp: '2026-08-03T16:49:34.522Z'
}
{
  hotelId: '52eb4a25-dcb7-4bea-81ac-9d12053bd2c0',
  level: 'info',
  message: '[BookingController] Get hotel bookings',
  timestamp: '2026-08-03T16:49:34.526Z'
}
{
  hotelId: '6476b4b4-c8ba-4f05-a3ae-9ba776ad4be3',
  level: 'info',
  message: '[BookingController] Get hotel bookings',
  timestamp: '2026-08-03T16:49:34.528Z'
}
{
  message: '[Cache Hit] Lấy thông tin hotel ID: 52eb4a25-dcb7-4bea-81ac-9d12053bd2c0 từ Redis',
  level: 'debug',
  timestamp: '2026-08-03T16:49:34.528Z'
}
{
  message: '[Cache Hit] Lấy thông tin hotel ID: 6476b4b4-c8ba-4f05-a3ae-9ba776ad4be3 từ Redis',
  level: 'debug',
  timestamp: '2026-08-03T16:49:34.529Z'
}
{
  hotelId: 'd29b2e2a-8af1-4273-8f2d-87053225f461',
  level: 'info',
  message: '[BookingController] Get hotel bookings',
  timestamp: '2026-08-03T16:49:34.532Z'
}
{
  message: '[Cache Hit] Lấy thông tin hotel ID: d29b2e2a-8af1-4273-8f2d-87053225f461 từ Redis',
  level: 'debug',
  timestamp: '2026-08-03T16:49:34.533Z'
}
{
  hotelId: '1f63d07b-44ef-412e-8e8f-fc20853648c3',
  level: 'info',
  message: '[BookingController] Get hotel bookings',
  timestamp: '2026-08-03T16:49:34.536Z'
}
{
  hotelId: 'fdfc5eb7-97ff-450b-9edf-723739f36d56',
  level: 'info',
  message: '[BookingController] Get hotel bookings',
  timestamp: '2026-08-03T16:49:34.538Z'
}
{
  hotelId: 'a9778731-bce8-4dbf-8b2f-ab2543bfdcdc',
  level: 'info',
  message: '[BookingController] Get hotel bookings',
  timestamp: '2026-08-03T16:49:34.539Z'
}
{
  message: '[Cache Hit] Lấy thông tin hotel ID: 1f63d07b-44ef-412e-8e8f-fc20853648c3 từ Redis',
  level: 'debug',
  timestamp: '2026-08-03T16:49:34.540Z'
}
{
  message: '[Cache Hit] Lấy thông tin hotel ID: fdfc5eb7-97ff-450b-9edf-723739f36d56 từ Redis',
  level: 'debug',
  timestamp: '2026-08-03T16:49:34.541Z'
}
{
  message: '[Cache Hit] Lấy thông tin hotel ID: a9778731-bce8-4dbf-8b2f-ab2543bfdcdc từ Redis',
  level: 'debug',
  timestamp: '2026-08-03T16:49:34.541Z'
}
{
  hotelId: '09928f48-b9bb-4700-85d2-51b072eef2c9',
  level: 'info',
  message: '[BookingController] Get hotel bookings',
  timestamp: '2026-08-03T16:49:34.544Z'
}
{
  hotelId: '61f3e4c1-cba1-48b1-851c-16bc9d413ec2',
  level: 'info',
  message: '[BookingController] Get hotel bookings',
  timestamp: '2026-08-03T16:49:34.546Z'
}
{
  message: '[Cache Hit] Lấy thông tin hotel ID: 09928f48-b9bb-4700-85d2-51b072eef2c9 từ Redis',
  level: 'debug',
  timestamp: '2026-08-03T16:49:34.547Z'
}
{
  message: '[Cache Hit] Lấy thông tin hotel ID: 61f3e4c1-cba1-48b1-851c-16bc9d413ec2 từ Redis',
  level: 'debug',
  timestamp: '2026-08-03T16:49:34.548Z'
}
{
  hotelId: '3ff5cc53-9069-45bc-a39e-2295bebd3ea5',
  level: 'info',
  message: '[BookingController] Get hotel bookings',
  timestamp: '2026-08-03T16:49:34.554Z'
}
{
  message: '[Cache Hit] Lấy thông tin hotel ID: 3ff5cc53-9069-45bc-a39e-2295bebd3ea5 từ Redis',
  level: 'debug',
  timestamp: '2026-08-03T16:49:34.555Z'
}
{
  hotelId: 'ae4ccd44-300e-4ca3-b16c-d3e71b6a0193',
  level: 'info',
  message: '[BookingController] Get hotel bookings',
  timestamp: '2026-08-03T16:49:34.558Z'
}
{
  message: '[Cache Hit] Lấy thông tin hotel ID: ae4ccd44-300e-4ca3-b16c-d3e71b6a0193 từ Redis',
  level: 'debug',
  timestamp: '2026-08-03T16:49:34.559Z'
}
{
  message: '[AiController] Analyzing ALL hotels for agent 0cbc0c7f-fda6-4929-b479-ad9d83ace8ce',
  level: 'info',
  timestamp: '2026-08-03T16:49:35.712Z'
}
{
  message: '[SchedulerService] Đang kiểm tra các booking hết hạn thanh toán...',
  level: 'info',
  timestamp: '2026-08-03T16:50:00.002Z'
}
{
  message: 'JWT Verification Error: jwt expired',
  level: 'error',
  timestamp: '2026-08-03T16:51:50.852Z'
}
{
  message: 'GLOBAL ERROR HANDLER CAUGHT: Error: Phiên đăng nhập đã hết hạn. Vui lòng lấy Token mới.\n' +
    '    at authMiddleware (/app/src/middlewares/authMiddleware.ts:80:9)\n' +
    '    at Layer.handleRequest (/app/node_modules/router/lib/layer.js:152:17)\n' +
    '    at trimPrefix (/app/node_modules/router/index.js:342:13)\n' +
    '    at /app/node_modules/router/index.js:297:9\n' +
    '    at processParams (/app/node_modules/router/index.js:582:12)\n' +
    '    at next (/app/node_modules/router/index.js:291:5)\n' +
    '    at Function.handle (/app/node_modules/router/index.js:186:3)\n' +
    '    at router (/app/node_modules/router/index.js:60:12)\n' +
    '    at Layer.handleRequest (/app/node_modules/router/lib/layer.js:152:17)\n' +
    '    at trimPrefix (/app/node_modules/router/index.js:342:13)',
  level: 'error',
  timestamp: '2026-08-03T16:51:50.853Z'
}
{
  message: '[AuthController] Refresh Tokens',
  level: 'info',
  timestamp: '2026-08-03T16:51:50.861Z'
}
{
  message: 'Fetching user details for ID: 0cbc0c7f-fda6-4929-b479-ad9d83ace8ce',
  level: 'debug',
  timestamp: '2026-08-03T16:51:50.878Z'
}
{
  message: '[Cache Hit] Lấy thông tin user ID: 0cbc0c7f-fda6-4929-b479-ad9d83ace8ce từ Redis',
  level: 'debug',
  timestamp: '2026-08-03T16:51:50.879Z'
}
{
  message: '[AuthService] Tokens refreshed successfully for user: agent1@booking.com',
  level: 'info',
  timestamp: '2026-08-03T16:51:50.927Z'
}
{
  message: '[SchedulerService] Đang kiểm tra các booking hết hạn thanh toán...',
  level: 'info',
  timestamp: '2026-08-03T16:55:00.007Z'
}
{
  message: 'JWT Verification Error: jwt expired',
  level: 'error',
  timestamp: '2026-08-03T16:55:29.738Z'
}
{
  message: 'GLOBAL ERROR HANDLER CAUGHT: Error: Phiên đăng nhập đã hết hạn. Vui lòng lấy Token mới.\n' +
    '    at authMiddleware (/app/src/middlewares/authMiddleware.ts:80:9)\n' +
    '    at Layer.handleRequest (/app/node_modules/router/lib/layer.js:152:17)\n' +
    '    at trimPrefix (/app/node_modules/router/index.js:342:13)\n' +
    '    at /app/node_modules/router/index.js:297:9\n' +
    '    at processParams (/app/node_modules/router/index.js:582:12)\n' +
    '    at next (/app/node_modules/router/index.js:291:5)\n' +
    '    at Function.handle (/app/node_modules/router/index.js:186:3)\n' +
    '    at router (/app/node_modules/router/index.js:60:12)\n' +
    '    at Layer.handleRequest (/app/node_modules/router/lib/layer.js:152:17)\n' +
    '    at trimPrefix (/app/node_modules/router/index.js:342:13)',
  level: 'error',
  timestamp: '2026-08-03T16:55:29.740Z'
}
{
  message: '[AuthController] Refresh Tokens',
  level: 'info',
  timestamp: '2026-08-03T16:55:29.755Z'
}
{
  message: 'Fetching user details for ID: 0cbc0c7f-fda6-4929-b479-ad9d83ace8ce',
  level: 'debug',
  timestamp: '2026-08-03T16:55:29.780Z'
}
{
  message: '[Cache Hit] Lấy thông tin user ID: 0cbc0c7f-fda6-4929-b479-ad9d83ace8ce từ Redis',
  level: 'debug',
  timestamp: '2026-08-03T16:55:29.781Z'
}
{
  message: '[AuthService] Tokens refreshed successfully for user: agent1@booking.com',
  level: 'info',
  timestamp: '2026-08-03T16:55:29.804Z'
}
