{
  message: '[SchedulerService] Đang kiểm tra các booking hết hạn thanh toán...',
  level: 'info',
  timestamp: '2026-08-03T17:00:00.016Z'
}
{
  message: '[SchedulerService] Đang kiểm tra các booking hết hạn thanh toán...',
  level: 'info',
  timestamp: '2026-08-03T17:05:00.016Z'
}
{
  message: '[SchedulerService] Đang kiểm tra các booking hết hạn thanh toán...',
  level: 'info',
  timestamp: '2026-08-03T17:10:00.005Z'
}
{
  message: 'JWT Verification Error: jwt expired',
  level: 'error',
  timestamp: '2026-08-03T17:13:48.591Z'
}
{
  message: 'GLOBAL ERROR HANDLER CAUGHT: Error: Phiên đăng nhập đã hết hạn. Vui lòng lấy Token mới.\n' +
    '    at authMiddleware (/app/src/middlewares/authMiddleware.ts:80:9)\n' +
    '    at Layer.handleRequest (/app/node_modules/router/lib/layer.js:152:17)\n' +
    '    at next (/app/node_modules/router/lib/route.js:157:13)\n' +
    '    at Route.dispatch (/app/node_modules/router/lib/route.js:117:3)\n' +
    '    at handle (/app/node_modules/router/index.js:435:11)\n' +
    '    at Layer.handleRequest (/app/node_modules/router/lib/layer.js:152:17)\n' +
    '    at /app/node_modules/router/index.js:295:15\n' +
    '    at processParams (/app/node_modules/router/index.js:582:12)\n' +
    '    at next (/app/node_modules/router/index.js:291:5)\n' +
    '    at Function.handle (/app/node_modules/router/index.js:186:3)',
  level: 'error',
  timestamp: '2026-08-03T17:13:48.592Z'
}
{
  message: 'JWT Verification Error: jwt expired',
  level: 'error',
  timestamp: '2026-08-03T17:13:48.597Z'
}
{
  message: 'GLOBAL ERROR HANDLER CAUGHT: Error: Phiên đăng nhập đã hết hạn. Vui lòng lấy Token mới.\n' +
    '    at authMiddleware (/app/src/middlewares/authMiddleware.ts:80:9)\n' +
    '    at Layer.handleRequest (/app/node_modules/router/lib/layer.js:152:17)\n' +
    '    at next (/app/node_modules/router/lib/route.js:157:13)\n' +
    '    at Route.dispatch (/app/node_modules/router/lib/route.js:117:3)\n' +
    '    at handle (/app/node_modules/router/index.js:435:11)\n' +
    '    at Layer.handleRequest (/app/node_modules/router/lib/layer.js:152:17)\n' +
    '    at /app/node_modules/router/index.js:295:15\n' +
    '    at processParams (/app/node_modules/router/index.js:582:12)\n' +
    '    at next (/app/node_modules/router/index.js:291:5)\n' +
    '    at Function.handle (/app/node_modules/router/index.js:186:3)',
  level: 'error',
  timestamp: '2026-08-03T17:13:48.601Z'
}
{
  message: '[AuthController] Refresh Tokens',
  level: 'info',
  timestamp: '2026-08-03T17:13:48.616Z'
}
{
  message: 'Fetching user details for ID: b88403bb-85f1-4be4-ac3b-a7abcc4e9a10',
  level: 'debug',
  timestamp: '2026-08-03T17:13:48.643Z'
}
{
  message: '[Cache Hit] Lấy thông tin user ID: b88403bb-85f1-4be4-ac3b-a7abcc4e9a10 từ Redis',
  level: 'debug',
  timestamp: '2026-08-03T17:13:48.645Z'
}
{
  message: '[AuthService] Tokens refreshed successfully for user: locdz8c@gmail.com',
  level: 'info',
  timestamp: '2026-08-03T17:13:48.661Z'
}
{
  userId: 'b88403bb-85f1-4be4-ac3b-a7abcc4e9a10',
  level: 'info',
  message: '[AuthController] Get Me',
  timestamp: '2026-08-03T17:13:48.728Z'
}
{
  message: 'Fetching user details for ID: b88403bb-85f1-4be4-ac3b-a7abcc4e9a10',
  level: 'debug',
  timestamp: '2026-08-03T17:13:48.729Z'
}
{
  message: '[Cache Hit] Lấy thông tin user ID: b88403bb-85f1-4be4-ac3b-a7abcc4e9a10 từ Redis',
  level: 'debug',
  timestamp: '2026-08-03T17:13:48.732Z'
}
{
  message: '[BookingController] Get user bookings',
  level: 'info',
  timestamp: '2026-08-03T17:13:48.739Z'
}
{
  userId: 'b88403bb-85f1-4be4-ac3b-a7abcc4e9a10',
  level: 'info',
  message: '[AuthController] Get Me',
  timestamp: '2026-08-03T17:13:48.746Z'
}
{
  message: 'Fetching user details for ID: b88403bb-85f1-4be4-ac3b-a7abcc4e9a10',
  level: 'debug',
  timestamp: '2026-08-03T17:13:48.746Z'
}
{
  message: '[Cache Hit] Lấy thông tin user ID: b88403bb-85f1-4be4-ac3b-a7abcc4e9a10 từ Redis',
  level: 'debug',
  timestamp: '2026-08-03T17:13:48.754Z'
}
{
  message: '[BookingController] Get user bookings',
  level: 'info',
  timestamp: '2026-08-03T17:13:48.786Z'
}
{
  message: 'JWT Verification Error: jwt expired',
  level: 'error',
  timestamp: '2026-08-03T17:13:57.354Z'
}
{
  message: 'GLOBAL ERROR HANDLER CAUGHT: Error: Phiên đăng nhập đã hết hạn. Vui lòng lấy Token mới.\n' +
    '    at authMiddleware (/app/src/middlewares/authMiddleware.ts:80:9)\n' +
    '    at Layer.handleRequest (/app/node_modules/router/lib/layer.js:152:17)\n' +
    '    at next (/app/node_modules/router/lib/route.js:157:13)\n' +
    '    at Route.dispatch (/app/node_modules/router/lib/route.js:117:3)\n' +
    '    at handle (/app/node_modules/router/index.js:435:11)\n' +
    '    at Layer.handleRequest (/app/node_modules/router/lib/layer.js:152:17)\n' +
    '    at /app/node_modules/router/index.js:295:15\n' +
    '    at processParams (/app/node_modules/router/index.js:582:12)\n' +
    '    at next (/app/node_modules/router/index.js:291:5)\n' +
    '    at Function.handle (/app/node_modules/router/index.js:186:3)',
  level: 'error',
  timestamp: '2026-08-03T17:13:57.355Z'
}
{
  message: 'JWT Verification Error: jwt expired',
  level: 'error',
  timestamp: '2026-08-03T17:13:57.362Z'
}
{
  message: 'GLOBAL ERROR HANDLER CAUGHT: Error: Phiên đăng nhập đã hết hạn. Vui lòng lấy Token mới.\n' +
    '    at authMiddleware (/app/src/middlewares/authMiddleware.ts:80:9)\n' +
    '    at Layer.handleRequest (/app/node_modules/router/lib/layer.js:152:17)\n' +
    '    at next (/app/node_modules/router/lib/route.js:157:13)\n' +
    '    at Route.dispatch (/app/node_modules/router/lib/route.js:117:3)\n' +
    '    at handle (/app/node_modules/router/index.js:435:11)\n' +
    '    at Layer.handleRequest (/app/node_modules/router/lib/layer.js:152:17)\n' +
    '    at /app/node_modules/router/index.js:295:15\n' +
    '    at processParams (/app/node_modules/router/index.js:582:12)\n' +
    '    at next (/app/node_modules/router/index.js:291:5)\n' +
    '    at Function.handle (/app/node_modules/router/index.js:186:3)',
  level: 'error',
  timestamp: '2026-08-03T17:13:57.364Z'
}
{
  message: '[AuthController] Refresh Tokens',
  level: 'info',
  timestamp: '2026-08-03T17:13:57.373Z'
}
{
  message: 'Fetching user details for ID: 6173a954-cbea-43c4-bbf1-ace8f7b9bc1e',
  level: 'debug',
  timestamp: '2026-08-03T17:13:57.379Z'
}
{
  message: '[Cache Hit] Lấy thông tin user ID: 6173a954-cbea-43c4-bbf1-ace8f7b9bc1e từ Redis',
  level: 'debug',
  timestamp: '2026-08-03T17:13:57.380Z'
}
{
  message: '[AuthService] Tokens refreshed successfully for user: tranhieudz2024@gmail.com',
  level: 'info',
  timestamp: '2026-08-03T17:13:57.394Z'
}
{
  userId: '6173a954-cbea-43c4-bbf1-ace8f7b9bc1e',
  level: 'info',
  message: '[AuthController] Get Me',
  timestamp: '2026-08-03T17:13:57.467Z'
}
{
  message: 'Fetching user details for ID: 6173a954-cbea-43c4-bbf1-ace8f7b9bc1e',
  level: 'debug',
  timestamp: '2026-08-03T17:13:57.467Z'
}
{
  message: '[Cache Hit] Lấy thông tin user ID: 6173a954-cbea-43c4-bbf1-ace8f7b9bc1e từ Redis',
  level: 'debug',
  timestamp: '2026-08-03T17:13:57.472Z'
}
{
  userId: '6173a954-cbea-43c4-bbf1-ace8f7b9bc1e',
  level: 'info',
  message: '[AuthController] Get Me',
  timestamp: '2026-08-03T17:13:57.481Z'
}
{
  message: 'Fetching user details for ID: 6173a954-cbea-43c4-bbf1-ace8f7b9bc1e',
  level: 'debug',
  timestamp: '2026-08-03T17:13:57.486Z'
}
{
  message: '[BookingController] Get user bookings',
  level: 'info',
  timestamp: '2026-08-03T17:13:57.490Z'
}
{
  message: '[Cache Hit] Lấy thông tin user ID: 6173a954-cbea-43c4-bbf1-ace8f7b9bc1e từ Redis',
  level: 'debug',
  timestamp: '2026-08-03T17:13:57.491Z'
}
{
  message: '[BookingController] Get user bookings',
  level: 'info',
  timestamp: '2026-08-03T17:13:57.517Z'
}
{
  message: 'JWT Verification Error: jwt expired',
  level: 'error',
  timestamp: '2026-08-03T17:14:02.354Z'
}
{
  message: 'GLOBAL ERROR HANDLER CAUGHT: Error: Phiên đăng nhập đã hết hạn. Vui lòng lấy Token mới.\n' +
    '    at authMiddleware (/app/src/middlewares/authMiddleware.ts:80:9)\n' +
    '    at Layer.handleRequest (/app/node_modules/router/lib/layer.js:152:17)\n' +
    '    at next (/app/node_modules/router/lib/route.js:157:13)\n' +
    '    at Route.dispatch (/app/node_modules/router/lib/route.js:117:3)\n' +
    '    at handle (/app/node_modules/router/index.js:435:11)\n' +
    '    at Layer.handleRequest (/app/node_modules/router/lib/layer.js:152:17)\n' +
    '    at /app/node_modules/router/index.js:295:15\n' +
    '    at processParams (/app/node_modules/router/index.js:582:12)\n' +
    '    at next (/app/node_modules/router/index.js:291:5)\n' +
    '    at Function.handle (/app/node_modules/router/index.js:186:3)',
  level: 'error',
  timestamp: '2026-08-03T17:14:02.355Z'
}
{
  message: 'JWT Verification Error: jwt expired',
  level: 'error',
  timestamp: '2026-08-03T17:14:02.360Z'
}
{
  message: 'GLOBAL ERROR HANDLER CAUGHT: Error: Phiên đăng nhập đã hết hạn. Vui lòng lấy Token mới.\n' +
    '    at authMiddleware (/app/src/middlewares/authMiddleware.ts:80:9)\n' +
    '    at Layer.handleRequest (/app/node_modules/router/lib/layer.js:152:17)\n' +
    '    at next (/app/node_modules/router/lib/route.js:157:13)\n' +
    '    at Route.dispatch (/app/node_modules/router/lib/route.js:117:3)\n' +
    '    at handle (/app/node_modules/router/index.js:435:11)\n' +
    '    at Layer.handleRequest (/app/node_modules/router/lib/layer.js:152:17)\n' +
    '    at /app/node_modules/router/index.js:295:15\n' +
    '    at processParams (/app/node_modules/router/index.js:582:12)\n' +
    '    at next (/app/node_modules/router/index.js:291:5)\n' +
    '    at Function.handle (/app/node_modules/router/index.js:186:3)',
  level: 'error',
  timestamp: '2026-08-03T17:14:02.361Z'
}
{
  message: '[AuthController] Refresh Tokens',
  level: 'info',
  timestamp: '2026-08-03T17:14:02.374Z'
}
{
  message: 'Fetching user details for ID: 0cbc0c7f-fda6-4929-b479-ad9d83ace8ce',
  level: 'debug',
  timestamp: '2026-08-03T17:14:02.379Z'
}
{
  message: '[Cache Hit] Lấy thông tin user ID: 0cbc0c7f-fda6-4929-b479-ad9d83ace8ce từ Redis',
  level: 'debug',
  timestamp: '2026-08-03T17:14:02.380Z'
}
{
  message: '[AuthService] Tokens refreshed successfully for user: agent1@booking.com',
  level: 'info',
  timestamp: '2026-08-03T17:14:02.396Z'
}
{
  userId: '0cbc0c7f-fda6-4929-b479-ad9d83ace8ce',
  level: 'info',
  message: '[AuthController] Get Me',
  timestamp: '2026-08-03T17:14:02.440Z'
}
{
  message: 'Fetching user details for ID: 0cbc0c7f-fda6-4929-b479-ad9d83ace8ce',
  level: 'debug',
  timestamp: '2026-08-03T17:14:02.441Z'
}
{
  message: '[Cache Hit] Lấy thông tin user ID: 0cbc0c7f-fda6-4929-b479-ad9d83ace8ce từ Redis',
  level: 'debug',
  timestamp: '2026-08-03T17:14:02.443Z'
}
{
  userId: '0cbc0c7f-fda6-4929-b479-ad9d83ace8ce',
  level: 'info',
  message: '[AuthController] Get Me',
  timestamp: '2026-08-03T17:14:02.458Z'
}
{
  message: 'Fetching user details for ID: 0cbc0c7f-fda6-4929-b479-ad9d83ace8ce',
  level: 'debug',
  timestamp: '2026-08-03T17:14:02.459Z'
}
{
  message: '[Cache Hit] Lấy thông tin user ID: 0cbc0c7f-fda6-4929-b479-ad9d83ace8ce từ Redis',
  level: 'debug',
  timestamp: '2026-08-03T17:14:02.460Z'
}
{
  page: '1',
  limit: '10',
  status: 'ACTIVE',
  level: 'info',
  message: '[HotelController] Get all hotels with queries',
  timestamp: '2026-08-03T17:14:02.463Z'
}
{
  message: '[Cache Hit] Lấy danh sách điểm đến hoạt động từ Redis',
  level: 'debug',
  timestamp: '2026-08-03T17:14:02.466Z'
}
{
  message: '[Cache Hit] Lấy danh sách điểm đến hoạt động từ Redis',
  level: 'debug',
  timestamp: '2026-08-03T17:14:02.478Z'
}
{
  message: '[Cache Hit] Lấy danh sách điểm đến hoạt động từ Redis',
  level: 'debug',
  timestamp: '2026-08-03T17:14:02.485Z'
}
{
  page: '1',
  limit: '10',
  status: 'ACTIVE',
  level: 'info',
  message: '[HotelController] Get all hotels with queries',
  timestamp: '2026-08-03T17:14:02.490Z'
}
{
  message: '[Cache Hit] Lấy danh sách điểm đến hoạt động từ Redis',
  level: 'debug',
  timestamp: '2026-08-03T17:14:02.493Z'
}
{
  message: '[Cache Hit] Lấy danh sách điểm đến hoạt động từ Redis',
  level: 'debug',
  timestamp: '2026-08-03T17:14:08.465Z'
}
{
  page: '1',
  limit: '10',
  status: 'ACTIVE',
  level: 'info',
  message: '[HotelController] Get all hotels with queries',
  timestamp: '2026-08-03T17:14:08.467Z'
}
{
  message: '[Cache Hit] Lấy danh sách điểm đến hoạt động từ Redis',
  level: 'debug',
  timestamp: '2026-08-03T17:14:08.469Z'
}
{
  page: '1',
  limit: '10',
  status: 'ACTIVE',
  level: 'info',
  message: '[HotelController] Get all hotels with queries',
  timestamp: '2026-08-03T17:14:08.474Z'
}
{
  message: '[Cache Hit] Lấy danh sách điểm đến hoạt động từ Redis',
  level: 'debug',
  timestamp: '2026-08-03T17:14:08.477Z'
}
{
  message: '[Cache Hit] Lấy danh sách điểm đến hoạt động từ Redis',
  level: 'debug',
  timestamp: '2026-08-03T17:14:08.484Z'
}
{
  message: '[HotelController] Get my hotels',
  level: 'info',
  timestamp: '2026-08-03T17:14:10.242Z'
}
{
  message: '[HotelController] Get my hotels',
  level: 'info',
  timestamp: '2026-08-03T17:14:10.264Z'
}
{
  hotelId: 'd79e14bd-e09b-49c3-80d7-4442133e57d6',
  level: 'info',
  message: '[BookingController] Get hotel bookings',
  timestamp: '2026-08-03T17:14:10.297Z'
}
{
  message: '[Cache Hit] Lấy thông tin hotel ID: d79e14bd-e09b-49c3-80d7-4442133e57d6 từ Redis',
  level: 'debug',
  timestamp: '2026-08-03T17:14:10.305Z'
}
{
  hotelId: '52eb4a25-dcb7-4bea-81ac-9d12053bd2c0',
  level: 'info',
  message: '[BookingController] Get hotel bookings',
  timestamp: '2026-08-03T17:14:10.316Z'
}
{
  hotelId: '47451836-dfa0-4b5c-b770-43e87150fe10',
  level: 'info',
  message: '[BookingController] Get hotel bookings',
  timestamp: '2026-08-03T17:14:10.318Z'
}
{
  message: '[Cache Hit] Lấy thông tin hotel ID: 52eb4a25-dcb7-4bea-81ac-9d12053bd2c0 từ Redis',
  level: 'debug',
  timestamp: '2026-08-03T17:14:10.319Z'
}
{
  message: '[Cache Hit] Lấy thông tin hotel ID: 47451836-dfa0-4b5c-b770-43e87150fe10 từ Redis',
  level: 'debug',
  timestamp: '2026-08-03T17:14:10.320Z'
}
{
  hotelId: 'fda0f2da-56b2-46ac-afa7-7bb4e6d06edc',
  level: 'info',
  message: '[BookingController] Get hotel bookings',
  timestamp: '2026-08-03T17:14:10.323Z'
}
{
  message: '[Cache Hit] Lấy thông tin hotel ID: fda0f2da-56b2-46ac-afa7-7bb4e6d06edc từ Redis',
  level: 'debug',
  timestamp: '2026-08-03T17:14:10.323Z'
}
{
  hotelId: '45ea8129-6cde-4f0a-b8a5-701260e11966',
  level: 'info',
  message: '[BookingController] Get hotel bookings',
  timestamp: '2026-08-03T17:14:10.327Z'
}
{
  message: '[Cache Hit] Lấy thông tin hotel ID: 45ea8129-6cde-4f0a-b8a5-701260e11966 từ Redis',
  level: 'debug',
  timestamp: '2026-08-03T17:14:10.331Z'
}
{
  hotelId: 'fdfc5eb7-97ff-450b-9edf-723739f36d56',
  level: 'info',
  message: '[BookingController] Get hotel bookings',
  timestamp: '2026-08-03T17:14:10.334Z'
}
{
  message: '[Cache Hit] Lấy thông tin hotel ID: fdfc5eb7-97ff-450b-9edf-723739f36d56 từ Redis',
  level: 'debug',
  timestamp: '2026-08-03T17:14:10.336Z'
}
{
  hotelId: 'ae4ccd44-300e-4ca3-b16c-d3e71b6a0193',
  level: 'info',
  message: '[BookingController] Get hotel bookings',
  timestamp: '2026-08-03T17:14:10.342Z'
}
{
  message: '[Cache Hit] Lấy thông tin hotel ID: ae4ccd44-300e-4ca3-b16c-d3e71b6a0193 từ Redis',
  level: 'debug',
  timestamp: '2026-08-03T17:14:10.347Z'
}
{
  hotelId: 'd29b2e2a-8af1-4273-8f2d-87053225f461',
  level: 'info',
  message: '[BookingController] Get hotel bookings',
  timestamp: '2026-08-03T17:14:10.369Z'
}
{
  message: '[Cache Hit] Lấy thông tin hotel ID: d29b2e2a-8af1-4273-8f2d-87053225f461 từ Redis',
  level: 'debug',
  timestamp: '2026-08-03T17:14:10.370Z'
}
{
  hotelId: 'db71d087-b5a7-47be-b2a3-04e168e623b9',
  level: 'info',
  message: '[BookingController] Get hotel bookings',
  timestamp: '2026-08-03T17:14:10.394Z'
}
{
  message: '[Cache Hit] Lấy thông tin hotel ID: db71d087-b5a7-47be-b2a3-04e168e623b9 từ Redis',
  level: 'debug',
  timestamp: '2026-08-03T17:14:10.396Z'
}
{
  hotelId: '6476b4b4-c8ba-4f05-a3ae-9ba776ad4be3',
  level: 'info',
  message: '[BookingController] Get hotel bookings',
  timestamp: '2026-08-03T17:14:10.407Z'
}
{
  message: '[Cache Hit] Lấy thông tin hotel ID: 6476b4b4-c8ba-4f05-a3ae-9ba776ad4be3 từ Redis',
  level: 'debug',
  timestamp: '2026-08-03T17:14:10.408Z'
}
{
  hotelId: '3ff5cc53-9069-45bc-a39e-2295bebd3ea5',
  level: 'info',
  message: '[BookingController] Get hotel bookings',
  timestamp: '2026-08-03T17:14:10.412Z'
}
{
  message: '[Cache Hit] Lấy thông tin hotel ID: 3ff5cc53-9069-45bc-a39e-2295bebd3ea5 từ Redis',
  level: 'debug',
  timestamp: '2026-08-03T17:14:10.413Z'
}
{
  hotelId: '61f3e4c1-cba1-48b1-851c-16bc9d413ec2',
  level: 'info',
  message: '[BookingController] Get hotel bookings',
  timestamp: '2026-08-03T17:14:10.416Z'
}
{
  message: '[Cache Hit] Lấy thông tin hotel ID: 61f3e4c1-cba1-48b1-851c-16bc9d413ec2 từ Redis',
  level: 'debug',
  timestamp: '2026-08-03T17:14:10.418Z'
}
{
  hotelId: 'a9778731-bce8-4dbf-8b2f-ab2543bfdcdc',
  level: 'info',
  message: '[BookingController] Get hotel bookings',
  timestamp: '2026-08-03T17:14:10.431Z'
}
{
  hotelId: '1f63d07b-44ef-412e-8e8f-fc20853648c3',
  level: 'info',
  message: '[BookingController] Get hotel bookings',
  timestamp: '2026-08-03T17:14:10.434Z'
}
{
  hotelId: '09928f48-b9bb-4700-85d2-51b072eef2c9',
  level: 'info',
  message: '[BookingController] Get hotel bookings',
  timestamp: '2026-08-03T17:14:10.437Z'
}
{
  message: '[Cache Hit] Lấy thông tin hotel ID: a9778731-bce8-4dbf-8b2f-ab2543bfdcdc từ Redis',
  level: 'debug',
  timestamp: '2026-08-03T17:14:10.439Z'
}
{
  message: '[Cache Hit] Lấy thông tin hotel ID: 1f63d07b-44ef-412e-8e8f-fc20853648c3 từ Redis',
  level: 'debug',
  timestamp: '2026-08-03T17:14:10.440Z'
}
{
  message: '[Cache Hit] Lấy thông tin hotel ID: 09928f48-b9bb-4700-85d2-51b072eef2c9 từ Redis',
  level: 'debug',
  timestamp: '2026-08-03T17:14:10.440Z'
}
{
  hotelId: 'd79e14bd-e09b-49c3-80d7-4442133e57d6',
  level: 'info',
  message: '[BookingController] Get hotel bookings',
  timestamp: '2026-08-03T17:14:10.448Z'
}
{
  message: '[Cache Hit] Lấy thông tin hotel ID: d79e14bd-e09b-49c3-80d7-4442133e57d6 từ Redis',
  level: 'debug',
  timestamp: '2026-08-03T17:14:10.449Z'
}
{
  hotelId: 'ae4ccd44-300e-4ca3-b16c-d3e71b6a0193',
  level: 'info',
  message: '[BookingController] Get hotel bookings',
  timestamp: '2026-08-03T17:14:10.452Z'
}
{
  message: '[Cache Hit] Lấy thông tin hotel ID: ae4ccd44-300e-4ca3-b16c-d3e71b6a0193 từ Redis',
  level: 'debug',
  timestamp: '2026-08-03T17:14:10.454Z'
}
{
  hotelId: 'd29b2e2a-8af1-4273-8f2d-87053225f461',
  level: 'info',
  message: '[BookingController] Get hotel bookings',
  timestamp: '2026-08-03T17:14:10.461Z'
}
{
  message: '[Cache Hit] Lấy thông tin hotel ID: d29b2e2a-8af1-4273-8f2d-87053225f461 từ Redis',
  level: 'debug',
  timestamp: '2026-08-03T17:14:10.463Z'
}
{
  hotelId: '47451836-dfa0-4b5c-b770-43e87150fe10',
  level: 'info',
  message: '[BookingController] Get hotel bookings',
  timestamp: '2026-08-03T17:14:10.469Z'
}
{
  message: '[Cache Hit] Lấy thông tin hotel ID: 47451836-dfa0-4b5c-b770-43e87150fe10 từ Redis',
  level: 'debug',
  timestamp: '2026-08-03T17:14:10.470Z'
}
{
  hotelId: 'fda0f2da-56b2-46ac-afa7-7bb4e6d06edc',
  level: 'info',
  message: '[BookingController] Get hotel bookings',
  timestamp: '2026-08-03T17:14:10.475Z'
}
{
  message: '[Cache Hit] Lấy thông tin hotel ID: fda0f2da-56b2-46ac-afa7-7bb4e6d06edc từ Redis',
  level: 'debug',
  timestamp: '2026-08-03T17:14:10.476Z'
}
{
  hotelId: '45ea8129-6cde-4f0a-b8a5-701260e11966',
  level: 'info',
  message: '[BookingController] Get hotel bookings',
  timestamp: '2026-08-03T17:14:10.484Z'
}
{
  message: '[Cache Hit] Lấy thông tin hotel ID: 45ea8129-6cde-4f0a-b8a5-701260e11966 từ Redis',
  level: 'debug',
  timestamp: '2026-08-03T17:14:10.485Z'
}
{
  hotelId: 'db71d087-b5a7-47be-b2a3-04e168e623b9',
  level: 'info',
  message: '[BookingController] Get hotel bookings',
  timestamp: '2026-08-03T17:14:10.488Z'
}
{
  hotelId: 'fdfc5eb7-97ff-450b-9edf-723739f36d56',
  level: 'info',
  message: '[BookingController] Get hotel bookings',
  timestamp: '2026-08-03T17:14:10.490Z'
}
{
  hotelId: '6476b4b4-c8ba-4f05-a3ae-9ba776ad4be3',
  level: 'info',
  message: '[BookingController] Get hotel bookings',
  timestamp: '2026-08-03T17:14:10.491Z'
}
{
  message: '[Cache Hit] Lấy thông tin hotel ID: db71d087-b5a7-47be-b2a3-04e168e623b9 từ Redis',
  level: 'debug',
  timestamp: '2026-08-03T17:14:10.492Z'
}
{
  message: '[Cache Hit] Lấy thông tin hotel ID: fdfc5eb7-97ff-450b-9edf-723739f36d56 từ Redis',
  level: 'debug',
  timestamp: '2026-08-03T17:14:10.492Z'
}
{
  message: '[Cache Hit] Lấy thông tin hotel ID: 6476b4b4-c8ba-4f05-a3ae-9ba776ad4be3 từ Redis',
  level: 'debug',
  timestamp: '2026-08-03T17:14:10.492Z'
}
{
  hotelId: '61f3e4c1-cba1-48b1-851c-16bc9d413ec2',
  level: 'info',
  message: '[BookingController] Get hotel bookings',
  timestamp: '2026-08-03T17:14:10.496Z'
}
{
  hotelId: '3ff5cc53-9069-45bc-a39e-2295bebd3ea5',
  level: 'info',
  message: '[BookingController] Get hotel bookings',
  timestamp: '2026-08-03T17:14:10.498Z'
}
{
  message: '[Cache Hit] Lấy thông tin hotel ID: 61f3e4c1-cba1-48b1-851c-16bc9d413ec2 từ Redis',
  level: 'debug',
  timestamp: '2026-08-03T17:14:10.499Z'
}
{
  message: '[Cache Hit] Lấy thông tin hotel ID: 3ff5cc53-9069-45bc-a39e-2295bebd3ea5 từ Redis',
  level: 'debug',
  timestamp: '2026-08-03T17:14:10.499Z'
}
{
  hotelId: '52eb4a25-dcb7-4bea-81ac-9d12053bd2c0',
  level: 'info',
  message: '[BookingController] Get hotel bookings',
  timestamp: '2026-08-03T17:14:10.503Z'
}
{
  message: '[Cache Hit] Lấy thông tin hotel ID: 52eb4a25-dcb7-4bea-81ac-9d12053bd2c0 từ Redis',
  level: 'debug',
  timestamp: '2026-08-03T17:14:10.504Z'
}
{
  hotelId: '1f63d07b-44ef-412e-8e8f-fc20853648c3',
  level: 'info',
  message: '[BookingController] Get hotel bookings',
  timestamp: '2026-08-03T17:14:10.508Z'
}
{
  hotelId: '09928f48-b9bb-4700-85d2-51b072eef2c9',
  level: 'info',
  message: '[BookingController] Get hotel bookings',
  timestamp: '2026-08-03T17:14:10.510Z'
}
{
  hotelId: 'a9778731-bce8-4dbf-8b2f-ab2543bfdcdc',
  level: 'info',
  message: '[BookingController] Get hotel bookings',
  timestamp: '2026-08-03T17:14:10.512Z'
}
{
  message: '[Cache Hit] Lấy thông tin hotel ID: 1f63d07b-44ef-412e-8e8f-fc20853648c3 từ Redis',
  level: 'debug',
  timestamp: '2026-08-03T17:14:10.513Z'
}
{
  message: '[Cache Hit] Lấy thông tin hotel ID: 09928f48-b9bb-4700-85d2-51b072eef2c9 từ Redis',
  level: 'debug',
  timestamp: '2026-08-03T17:14:10.513Z'
}
{
  message: '[Cache Hit] Lấy thông tin hotel ID: a9778731-bce8-4dbf-8b2f-ab2543bfdcdc từ Redis',
  level: 'debug',
  timestamp: '2026-08-03T17:14:10.514Z'
}
{
  message: '[HotelController] Get my hotels',
  level: 'info',
  timestamp: '2026-08-03T17:14:13.116Z'
}
{
  message: '[HotelController] Get my hotels',
  level: 'info',
  timestamp: '2026-08-03T17:14:13.128Z'
}
{
  message: '[HotelController] Get my hotels',
  level: 'info',
  timestamp: '2026-08-03T17:14:16.380Z'
}
{
  message: '[HotelController] Get my hotels',
  level: 'info',
  timestamp: '2026-08-03T17:14:16.396Z'
}
{
  hotelId: '47451836-dfa0-4b5c-b770-43e87150fe10',
  level: 'info',
  message: '[BookingController] Get hotel bookings',
  timestamp: '2026-08-03T17:14:16.412Z'
}
{
  hotelId: 'fda0f2da-56b2-46ac-afa7-7bb4e6d06edc',
  level: 'info',
  message: '[BookingController] Get hotel bookings',
  timestamp: '2026-08-03T17:14:16.416Z'
}
{
  hotelId: 'ae4ccd44-300e-4ca3-b16c-d3e71b6a0193',
  level: 'info',
  message: '[BookingController] Get hotel bookings',
  timestamp: '2026-08-03T17:14:16.428Z'
}
{
  message: '[Cache Hit] Lấy thông tin hotel ID: 47451836-dfa0-4b5c-b770-43e87150fe10 từ Redis',
  level: 'debug',
  timestamp: '2026-08-03T17:14:16.429Z'
}
{
  message: '[Cache Hit] Lấy thông tin hotel ID: fda0f2da-56b2-46ac-afa7-7bb4e6d06edc từ Redis',
  level: 'debug',
  timestamp: '2026-08-03T17:14:16.429Z'
}
{
  message: '[Cache Hit] Lấy thông tin hotel ID: ae4ccd44-300e-4ca3-b16c-d3e71b6a0193 từ Redis',
  level: 'debug',
  timestamp: '2026-08-03T17:14:16.429Z'
}
{
  hotelId: 'd29b2e2a-8af1-4273-8f2d-87053225f461',
  level: 'info',
  message: '[BookingController] Get hotel bookings',
  timestamp: '2026-08-03T17:14:16.433Z'
}
{
  message: '[Cache Hit] Lấy thông tin hotel ID: d29b2e2a-8af1-4273-8f2d-87053225f461 từ Redis',
  level: 'debug',
  timestamp: '2026-08-03T17:14:16.437Z'
}
{
  hotelId: 'd79e14bd-e09b-49c3-80d7-4442133e57d6',
  level: 'info',
  message: '[BookingController] Get hotel bookings',
  timestamp: '2026-08-03T17:14:16.445Z'
}
{
  hotelId: 'fdfc5eb7-97ff-450b-9edf-723739f36d56',
  level: 'info',
  message: '[BookingController] Get hotel bookings',
  timestamp: '2026-08-03T17:14:16.448Z'
}
{
  message: '[Cache Hit] Lấy thông tin hotel ID: d79e14bd-e09b-49c3-80d7-4442133e57d6 từ Redis',
  level: 'debug',
  timestamp: '2026-08-03T17:14:16.454Z'
}
{
  message: '[Cache Hit] Lấy thông tin hotel ID: fdfc5eb7-97ff-450b-9edf-723739f36d56 từ Redis',
  level: 'debug',
  timestamp: '2026-08-03T17:14:16.454Z'
}
{
  hotelId: '52eb4a25-dcb7-4bea-81ac-9d12053bd2c0',
  level: 'info',
  message: '[BookingController] Get hotel bookings',
  timestamp: '2026-08-03T17:14:16.460Z'
}
{
  hotelId: '45ea8129-6cde-4f0a-b8a5-701260e11966',
  level: 'info',
  message: '[BookingController] Get hotel bookings',
  timestamp: '2026-08-03T17:14:16.463Z'
}
{
  hotelId: '3ff5cc53-9069-45bc-a39e-2295bebd3ea5',
  level: 'info',
  message: '[BookingController] Get hotel bookings',
  timestamp: '2026-08-03T17:14:16.465Z'
}
{
  message: '[Cache Hit] Lấy thông tin hotel ID: 52eb4a25-dcb7-4bea-81ac-9d12053bd2c0 từ Redis',
  level: 'debug',
  timestamp: '2026-08-03T17:14:16.468Z'
}
{
  message: '[Cache Hit] Lấy thông tin hotel ID: 45ea8129-6cde-4f0a-b8a5-701260e11966 từ Redis',
  level: 'debug',
  timestamp: '2026-08-03T17:14:16.469Z'
}
{
  message: '[Cache Hit] Lấy thông tin hotel ID: 3ff5cc53-9069-45bc-a39e-2295bebd3ea5 từ Redis',
  level: 'debug',
  timestamp: '2026-08-03T17:14:16.469Z'
}
{
  hotelId: '61f3e4c1-cba1-48b1-851c-16bc9d413ec2',
  level: 'info',
  message: '[BookingController] Get hotel bookings',
  timestamp: '2026-08-03T17:14:16.476Z'
}
{
  hotelId: '6476b4b4-c8ba-4f05-a3ae-9ba776ad4be3',
  level: 'info',
  message: '[BookingController] Get hotel bookings',
  timestamp: '2026-08-03T17:14:16.482Z'
}
{
  hotelId: 'db71d087-b5a7-47be-b2a3-04e168e623b9',
  level: 'info',
  message: '[BookingController] Get hotel bookings',
  timestamp: '2026-08-03T17:14:16.487Z'
}
{
  message: '[Cache Hit] Lấy thông tin hotel ID: 61f3e4c1-cba1-48b1-851c-16bc9d413ec2 từ Redis',
  level: 'debug',
  timestamp: '2026-08-03T17:14:16.489Z'
}
{
  message: '[Cache Hit] Lấy thông tin hotel ID: 6476b4b4-c8ba-4f05-a3ae-9ba776ad4be3 từ Redis',
  level: 'debug',
  timestamp: '2026-08-03T17:14:16.489Z'
}
{
  message: '[Cache Hit] Lấy thông tin hotel ID: db71d087-b5a7-47be-b2a3-04e168e623b9 từ Redis',
  level: 'debug',
  timestamp: '2026-08-03T17:14:16.490Z'
}
{
  hotelId: '09928f48-b9bb-4700-85d2-51b072eef2c9',
  level: 'info',
  message: '[BookingController] Get hotel bookings',
  timestamp: '2026-08-03T17:14:16.492Z'
}
{
  hotelId: 'a9778731-bce8-4dbf-8b2f-ab2543bfdcdc',
  level: 'info',
  message: '[BookingController] Get hotel bookings',
  timestamp: '2026-08-03T17:14:16.495Z'
}
{
  hotelId: '47451836-dfa0-4b5c-b770-43e87150fe10',
  level: 'info',
  message: '[BookingController] Get hotel bookings',
  timestamp: '2026-08-03T17:14:16.497Z'
}
{
  message: '[Cache Hit] Lấy thông tin hotel ID: 09928f48-b9bb-4700-85d2-51b072eef2c9 từ Redis',
  level: 'debug',
  timestamp: '2026-08-03T17:14:16.498Z'
}
{
  message: '[Cache Hit] Lấy thông tin hotel ID: a9778731-bce8-4dbf-8b2f-ab2543bfdcdc từ Redis',
  level: 'debug',
  timestamp: '2026-08-03T17:14:16.499Z'
}
{
  message: '[Cache Hit] Lấy thông tin hotel ID: 47451836-dfa0-4b5c-b770-43e87150fe10 từ Redis',
  level: 'debug',
  timestamp: '2026-08-03T17:14:16.500Z'
}
{
  hotelId: 'fda0f2da-56b2-46ac-afa7-7bb4e6d06edc',
  level: 'info',
  message: '[BookingController] Get hotel bookings',
  timestamp: '2026-08-03T17:14:16.506Z'
}
{
  hotelId: 'ae4ccd44-300e-4ca3-b16c-d3e71b6a0193',
  level: 'info',
  message: '[BookingController] Get hotel bookings',
  timestamp: '2026-08-03T17:14:16.509Z'
}
{
  hotelId: 'd29b2e2a-8af1-4273-8f2d-87053225f461',
  level: 'info',
  message: '[BookingController] Get hotel bookings',
  timestamp: '2026-08-03T17:14:16.512Z'
}
{
  hotelId: '1f63d07b-44ef-412e-8e8f-fc20853648c3',
  level: 'info',
  message: '[BookingController] Get hotel bookings',
  timestamp: '2026-08-03T17:14:16.516Z'
}
{
  hotelId: 'd79e14bd-e09b-49c3-80d7-4442133e57d6',
  level: 'info',
  message: '[BookingController] Get hotel bookings',
  timestamp: '2026-08-03T17:14:16.519Z'
}
{
  hotelId: 'fdfc5eb7-97ff-450b-9edf-723739f36d56',
  level: 'info',
  message: '[BookingController] Get hotel bookings',
  timestamp: '2026-08-03T17:14:16.522Z'
}
{
  message: '[Cache Hit] Lấy thông tin hotel ID: fda0f2da-56b2-46ac-afa7-7bb4e6d06edc từ Redis',
  level: 'debug',
  timestamp: '2026-08-03T17:14:16.523Z'
}
{
  message: '[Cache Hit] Lấy thông tin hotel ID: ae4ccd44-300e-4ca3-b16c-d3e71b6a0193 từ Redis',
  level: 'debug',
  timestamp: '2026-08-03T17:14:16.524Z'
}
{
  message: '[Cache Hit] Lấy thông tin hotel ID: d29b2e2a-8af1-4273-8f2d-87053225f461 từ Redis',
  level: 'debug',
  timestamp: '2026-08-03T17:14:16.524Z'
}
{
  message: '[Cache Hit] Lấy thông tin hotel ID: 1f63d07b-44ef-412e-8e8f-fc20853648c3 từ Redis',
  level: 'debug',
  timestamp: '2026-08-03T17:14:16.524Z'
}
{
  message: '[Cache Hit] Lấy thông tin hotel ID: d79e14bd-e09b-49c3-80d7-4442133e57d6 từ Redis',
  level: 'debug',
  timestamp: '2026-08-03T17:14:16.524Z'
}
{
  message: '[Cache Hit] Lấy thông tin hotel ID: fdfc5eb7-97ff-450b-9edf-723739f36d56 từ Redis',
  level: 'debug',
  timestamp: '2026-08-03T17:14:16.524Z'
}
{
  hotelId: '52eb4a25-dcb7-4bea-81ac-9d12053bd2c0',
  level: 'info',
  message: '[BookingController] Get hotel bookings',
  timestamp: '2026-08-03T17:14:16.529Z'
}
{
  hotelId: '45ea8129-6cde-4f0a-b8a5-701260e11966',
  level: 'info',
  message: '[BookingController] Get hotel bookings',
  timestamp: '2026-08-03T17:14:16.535Z'
}
{
  hotelId: '3ff5cc53-9069-45bc-a39e-2295bebd3ea5',
  level: 'info',
  message: '[BookingController] Get hotel bookings',
  timestamp: '2026-08-03T17:14:16.538Z'
}
{
  hotelId: '61f3e4c1-cba1-48b1-851c-16bc9d413ec2',
  level: 'info',
  message: '[BookingController] Get hotel bookings',
  timestamp: '2026-08-03T17:14:16.541Z'
}
{
  hotelId: '6476b4b4-c8ba-4f05-a3ae-9ba776ad4be3',
  level: 'info',
  message: '[BookingController] Get hotel bookings',
  timestamp: '2026-08-03T17:14:16.542Z'
}
{
  hotelId: 'db71d087-b5a7-47be-b2a3-04e168e623b9',
  level: 'info',
  message: '[BookingController] Get hotel bookings',
  timestamp: '2026-08-03T17:14:16.544Z'
}
{
  message: '[Cache Hit] Lấy thông tin hotel ID: 52eb4a25-dcb7-4bea-81ac-9d12053bd2c0 từ Redis',
  level: 'debug',
  timestamp: '2026-08-03T17:14:16.544Z'
}
{
  message: '[Cache Hit] Lấy thông tin hotel ID: 45ea8129-6cde-4f0a-b8a5-701260e11966 từ Redis',
  level: 'debug',
  timestamp: '2026-08-03T17:14:16.545Z'
}
{
  message: '[Cache Hit] Lấy thông tin hotel ID: 3ff5cc53-9069-45bc-a39e-2295bebd3ea5 từ Redis',
  level: 'debug',
  timestamp: '2026-08-03T17:14:16.545Z'
}
{
  message: '[Cache Hit] Lấy thông tin hotel ID: 61f3e4c1-cba1-48b1-851c-16bc9d413ec2 từ Redis',
  level: 'debug',
  timestamp: '2026-08-03T17:14:16.545Z'
}
{
  message: '[Cache Hit] Lấy thông tin hotel ID: 6476b4b4-c8ba-4f05-a3ae-9ba776ad4be3 từ Redis',
  level: 'debug',
  timestamp: '2026-08-03T17:14:16.545Z'
}
{
  message: '[Cache Hit] Lấy thông tin hotel ID: db71d087-b5a7-47be-b2a3-04e168e623b9 từ Redis',
  level: 'debug',
  timestamp: '2026-08-03T17:14:16.545Z'
}
{
  hotelId: '09928f48-b9bb-4700-85d2-51b072eef2c9',
  level: 'info',
  message: '[BookingController] Get hotel bookings',
  timestamp: '2026-08-03T17:14:16.561Z'
}
{
  hotelId: 'a9778731-bce8-4dbf-8b2f-ab2543bfdcdc',
  level: 'info',
  message: '[BookingController] Get hotel bookings',
  timestamp: '2026-08-03T17:14:16.564Z'
}
{
  hotelId: '1f63d07b-44ef-412e-8e8f-fc20853648c3',
  level: 'info',
  message: '[BookingController] Get hotel bookings',
  timestamp: '2026-08-03T17:14:16.567Z'
}
{
  message: '[Cache Hit] Lấy thông tin hotel ID: 09928f48-b9bb-4700-85d2-51b072eef2c9 từ Redis',
  level: 'debug',
  timestamp: '2026-08-03T17:14:16.569Z'
}
{
  message: '[Cache Hit] Lấy thông tin hotel ID: a9778731-bce8-4dbf-8b2f-ab2543bfdcdc từ Redis',
  level: 'debug',
  timestamp: '2026-08-03T17:14:16.569Z'
}
{
  message: '[Cache Hit] Lấy thông tin hotel ID: 1f63d07b-44ef-412e-8e8f-fc20853648c3 từ Redis',
  level: 'debug',
  timestamp: '2026-08-03T17:14:16.569Z'
}
{
  message: '[Cache Hit] Lấy danh sách điểm đến hoạt động từ Redis',
  level: 'debug',
  timestamp: '2026-08-03T17:14:27.133Z'
}
{
  page: '1',
  limit: '10',
  status: 'ACTIVE',
  level: 'info',
  message: '[HotelController] Get all hotels with queries',
  timestamp: '2026-08-03T17:14:27.136Z'
}
{
  message: '[Cache Hit] Lấy danh sách điểm đến hoạt động từ Redis',
  level: 'debug',
  timestamp: '2026-08-03T17:14:27.139Z'
}
{
  page: '1',
  limit: '10',
  status: 'ACTIVE',
  level: 'info',
  message: '[HotelController] Get all hotels with queries',
  timestamp: '2026-08-03T17:14:27.142Z'
}
{
  message: '[Cache Hit] Lấy danh sách điểm đến hoạt động từ Redis',
  level: 'debug',
  timestamp: '2026-08-03T17:14:27.145Z'
}
{
  message: '[Cache Hit] Lấy danh sách điểm đến hoạt động từ Redis',
  level: 'debug',
  timestamp: '2026-08-03T17:14:27.155Z'
}
{
  query: [Object: null prototype] {
    location: 'Hà Nội',
    checkInDate: '2026-08-05',
    checkOutDate: '2026-08-07',
    adults: '2',
    children: '0',
    rooms: '1'
  },
  level: 'info',
  message: '[SearchController] Search hotels',
  timestamp: '2026-08-03T17:14:34.549Z'
}
{
  message: '[Cache Hit] Lấy danh sách điểm đến hoạt động từ Redis',
  level: 'debug',
  timestamp: '2026-08-03T17:14:34.556Z'
}
{
  message: '[Cache Hit] Lấy danh sách điểm đến hoạt động từ Redis',
  level: 'debug',
  timestamp: '2026-08-03T17:14:34.561Z'
}
{
  query: [Object: null prototype] {
    location: 'Hà Nội',
    checkInDate: '2026-08-05',
    checkOutDate: '2026-08-07',
    adults: '2',
    children: '0',
    rooms: '1'
  },
  level: 'info',
  message: '[SearchController] Search hotels',
  timestamp: '2026-08-03T17:14:34.591Z'
}
{
  hotelId: '09928f48-b9bb-4700-85d2-51b072eef2c9',
  level: 'info',
  message: '[HotelController] Get hotel by id',
  timestamp: '2026-08-03T17:14:35.749Z'
}
{
  message: '[Cache Hit] Lấy thông tin hotel ID: 09928f48-b9bb-4700-85d2-51b072eef2c9 từ Redis',
  level: 'debug',
  timestamp: '2026-08-03T17:14:35.751Z'
}
{
  hotelId: '09928f48-b9bb-4700-85d2-51b072eef2c9',
  level: 'info',
  message: '[HotelController] Get hotel by id',
  timestamp: '2026-08-03T17:14:35.754Z'
}
{
  message: '[Cache Hit] Lấy thông tin hotel ID: 09928f48-b9bb-4700-85d2-51b072eef2c9 từ Redis',
  level: 'debug',
  timestamp: '2026-08-03T17:14:35.755Z'
}
{
  message: '[BookingController] Create booking',
  level: 'info',
  timestamp: '2026-08-03T17:14:44.100Z'
}
{
  message: '[BookingController] Get user bookings',
  level: 'info',
  timestamp: '2026-08-03T17:14:44.190Z'
}
{
  message: '[BookingController] Get user bookings',
  level: 'info',
  timestamp: '2026-08-03T17:14:44.220Z'
}
{
  userId: '0cbc0c7f-fda6-4929-b479-ad9d83ace8ce',
  level: 'info',
  message: '[AuthController] Get Me',
  timestamp: '2026-08-03T17:14:51.782Z'
}
{
  message: 'Fetching user details for ID: 0cbc0c7f-fda6-4929-b479-ad9d83ace8ce',
  level: 'debug',
  timestamp: '2026-08-03T17:14:51.782Z'
}
{
  message: '[Cache Hit] Lấy thông tin user ID: 0cbc0c7f-fda6-4929-b479-ad9d83ace8ce từ Redis',
  level: 'debug',
  timestamp: '2026-08-03T17:14:51.785Z'
}
{
  userId: '0cbc0c7f-fda6-4929-b479-ad9d83ace8ce',
  level: 'info',
  message: '[AuthController] Get Me',
  timestamp: '2026-08-03T17:14:51.794Z'
}
{
  message: 'Fetching user details for ID: 0cbc0c7f-fda6-4929-b479-ad9d83ace8ce',
  level: 'debug',
  timestamp: '2026-08-03T17:14:51.795Z'
}
{
  message: '[Cache Hit] Lấy thông tin user ID: 0cbc0c7f-fda6-4929-b479-ad9d83ace8ce từ Redis',
  level: 'debug',
  timestamp: '2026-08-03T17:14:51.797Z'
}
{
  message: '[HotelController] Get my hotels',
  level: 'info',
  timestamp: '2026-08-03T17:14:52.130Z'
}
{
  message: '[HotelController] Get my hotels',
  level: 'info',
  timestamp: '2026-08-03T17:14:52.166Z'
}
{
  hotelId: '47451836-dfa0-4b5c-b770-43e87150fe10',
  level: 'info',
  message: '[BookingController] Get hotel bookings',
  timestamp: '2026-08-03T17:14:52.196Z'
}
{
  hotelId: 'ae4ccd44-300e-4ca3-b16c-d3e71b6a0193',
  level: 'info',
  message: '[BookingController] Get hotel bookings',
  timestamp: '2026-08-03T17:14:52.205Z'
}
{
  message: '[Cache Hit] Lấy thông tin hotel ID: 47451836-dfa0-4b5c-b770-43e87150fe10 từ Redis',
  level: 'debug',
  timestamp: '2026-08-03T17:14:52.206Z'
}
{
  message: '[Cache Hit] Lấy thông tin hotel ID: ae4ccd44-300e-4ca3-b16c-d3e71b6a0193 từ Redis',
  level: 'debug',
  timestamp: '2026-08-03T17:14:52.208Z'
}
{
  hotelId: '52eb4a25-dcb7-4bea-81ac-9d12053bd2c0',
  level: 'info',
  message: '[BookingController] Get hotel bookings',
  timestamp: '2026-08-03T17:14:52.224Z'
}
{
  hotelId: '6476b4b4-c8ba-4f05-a3ae-9ba776ad4be3',
  level: 'info',
  message: '[BookingController] Get hotel bookings',
  timestamp: '2026-08-03T17:14:52.228Z'
}
{
  hotelId: 'fda0f2da-56b2-46ac-afa7-7bb4e6d06edc',
  level: 'info',
  message: '[BookingController] Get hotel bookings',
  timestamp: '2026-08-03T17:14:52.231Z'
}
{
  message: '[Cache Hit] Lấy thông tin hotel ID: 52eb4a25-dcb7-4bea-81ac-9d12053bd2c0 từ Redis',
  level: 'debug',
  timestamp: '2026-08-03T17:14:52.232Z'
}
{
  message: '[Cache Hit] Lấy thông tin hotel ID: 6476b4b4-c8ba-4f05-a3ae-9ba776ad4be3 từ Redis',
  level: 'debug',
  timestamp: '2026-08-03T17:14:52.233Z'
}
{
  message: '[Cache Hit] Lấy thông tin hotel ID: fda0f2da-56b2-46ac-afa7-7bb4e6d06edc từ Redis',
  level: 'debug',
  timestamp: '2026-08-03T17:14:52.233Z'
}
{
  hotelId: 'd79e14bd-e09b-49c3-80d7-4442133e57d6',
  level: 'info',
  message: '[BookingController] Get hotel bookings',
  timestamp: '2026-08-03T17:14:52.238Z'
}
{
  message: '[Cache Hit] Lấy thông tin hotel ID: d79e14bd-e09b-49c3-80d7-4442133e57d6 từ Redis',
  level: 'debug',
  timestamp: '2026-08-03T17:14:52.239Z'
}
{
  hotelId: 'd29b2e2a-8af1-4273-8f2d-87053225f461',
  level: 'info',
  message: '[BookingController] Get hotel bookings',
  timestamp: '2026-08-03T17:14:52.243Z'
}
{
  message: '[Cache Hit] Lấy thông tin hotel ID: d29b2e2a-8af1-4273-8f2d-87053225f461 từ Redis',
  level: 'debug',
  timestamp: '2026-08-03T17:14:52.244Z'
}
{
  hotelId: 'fdfc5eb7-97ff-450b-9edf-723739f36d56',
  level: 'info',
  message: '[BookingController] Get hotel bookings',
  timestamp: '2026-08-03T17:14:52.248Z'
}
{
  hotelId: 'db71d087-b5a7-47be-b2a3-04e168e623b9',
  level: 'info',
  message: '[BookingController] Get hotel bookings',
  timestamp: '2026-08-03T17:14:52.251Z'
}
{
  hotelId: '61f3e4c1-cba1-48b1-851c-16bc9d413ec2',
  level: 'info',
  message: '[BookingController] Get hotel bookings',
  timestamp: '2026-08-03T17:14:52.257Z'
}
{
  hotelId: '45ea8129-6cde-4f0a-b8a5-701260e11966',
  level: 'info',
  message: '[BookingController] Get hotel bookings',
  timestamp: '2026-08-03T17:14:52.261Z'
}
{
  message: '[Cache Hit] Lấy thông tin hotel ID: fdfc5eb7-97ff-450b-9edf-723739f36d56 từ Redis',
  level: 'debug',
  timestamp: '2026-08-03T17:14:52.262Z'
}
{
  message: '[Cache Hit] Lấy thông tin hotel ID: db71d087-b5a7-47be-b2a3-04e168e623b9 từ Redis',
  level: 'debug',
  timestamp: '2026-08-03T17:14:52.262Z'
}
{
  message: '[Cache Hit] Lấy thông tin hotel ID: 61f3e4c1-cba1-48b1-851c-16bc9d413ec2 từ Redis',
  level: 'debug',
  timestamp: '2026-08-03T17:14:52.262Z'
}
{
  message: '[Cache Hit] Lấy thông tin hotel ID: 45ea8129-6cde-4f0a-b8a5-701260e11966 từ Redis',
  level: 'debug',
  timestamp: '2026-08-03T17:14:52.262Z'
}
{
  hotelId: 'a9778731-bce8-4dbf-8b2f-ab2543bfdcdc',
  level: 'info',
  message: '[BookingController] Get hotel bookings',
  timestamp: '2026-08-03T17:14:52.267Z'
}
{
  hotelId: '09928f48-b9bb-4700-85d2-51b072eef2c9',
  level: 'info',
  message: '[BookingController] Get hotel bookings',
  timestamp: '2026-08-03T17:14:52.284Z'
}
{
  message: '[Cache Hit] Lấy thông tin hotel ID: a9778731-bce8-4dbf-8b2f-ab2543bfdcdc từ Redis',
  level: 'debug',
  timestamp: '2026-08-03T17:14:52.286Z'
}
{
  message: '[Cache Hit] Lấy thông tin hotel ID: 09928f48-b9bb-4700-85d2-51b072eef2c9 từ Redis',
  level: 'debug',
  timestamp: '2026-08-03T17:14:52.286Z'
}
{
  hotelId: '3ff5cc53-9069-45bc-a39e-2295bebd3ea5',
  level: 'info',
  message: '[BookingController] Get hotel bookings',
  timestamp: '2026-08-03T17:14:52.290Z'
}
{
  hotelId: '1f63d07b-44ef-412e-8e8f-fc20853648c3',
  level: 'info',
  message: '[BookingController] Get hotel bookings',
  timestamp: '2026-08-03T17:14:52.296Z'
}
{
  hotelId: '47451836-dfa0-4b5c-b770-43e87150fe10',
  level: 'info',
  message: '[BookingController] Get hotel bookings',
  timestamp: '2026-08-03T17:14:52.299Z'
}
{
  hotelId: 'ae4ccd44-300e-4ca3-b16c-d3e71b6a0193',
  level: 'info',
  message: '[BookingController] Get hotel bookings',
  timestamp: '2026-08-03T17:14:52.301Z'
}
{
  message: '[Cache Hit] Lấy thông tin hotel ID: 3ff5cc53-9069-45bc-a39e-2295bebd3ea5 từ Redis',
  level: 'debug',
  timestamp: '2026-08-03T17:14:52.302Z'
}
{
  message: '[Cache Hit] Lấy thông tin hotel ID: 1f63d07b-44ef-412e-8e8f-fc20853648c3 từ Redis',
  level: 'debug',
  timestamp: '2026-08-03T17:14:52.302Z'
}
{
  message: '[Cache Hit] Lấy thông tin hotel ID: 47451836-dfa0-4b5c-b770-43e87150fe10 từ Redis',
  level: 'debug',
  timestamp: '2026-08-03T17:14:52.302Z'
}
{
  message: '[Cache Hit] Lấy thông tin hotel ID: ae4ccd44-300e-4ca3-b16c-d3e71b6a0193 từ Redis',
  level: 'debug',
  timestamp: '2026-08-03T17:14:52.302Z'
}
{
  hotelId: '52eb4a25-dcb7-4bea-81ac-9d12053bd2c0',
  level: 'info',
  message: '[BookingController] Get hotel bookings',
  timestamp: '2026-08-03T17:14:52.310Z'
}
{
  message: '[Cache Hit] Lấy thông tin hotel ID: 52eb4a25-dcb7-4bea-81ac-9d12053bd2c0 từ Redis',
  level: 'debug',
  timestamp: '2026-08-03T17:14:52.311Z'
}
{
  hotelId: '6476b4b4-c8ba-4f05-a3ae-9ba776ad4be3',
  level: 'info',
  message: '[BookingController] Get hotel bookings',
  timestamp: '2026-08-03T17:14:52.314Z'
}
{
  hotelId: 'fda0f2da-56b2-46ac-afa7-7bb4e6d06edc',
  level: 'info',
  message: '[BookingController] Get hotel bookings',
  timestamp: '2026-08-03T17:14:52.315Z'
}
{
  hotelId: 'd79e14bd-e09b-49c3-80d7-4442133e57d6',
  level: 'info',
  message: '[BookingController] Get hotel bookings',
  timestamp: '2026-08-03T17:14:52.318Z'
}
{
  hotelId: 'd29b2e2a-8af1-4273-8f2d-87053225f461',
  level: 'info',
  message: '[BookingController] Get hotel bookings',
  timestamp: '2026-08-03T17:14:52.319Z'
}
{
  message: '[Cache Hit] Lấy thông tin hotel ID: 6476b4b4-c8ba-4f05-a3ae-9ba776ad4be3 từ Redis',
  level: 'debug',
  timestamp: '2026-08-03T17:14:52.320Z'
}
{
  message: '[Cache Hit] Lấy thông tin hotel ID: fda0f2da-56b2-46ac-afa7-7bb4e6d06edc từ Redis',
  level: 'debug',
  timestamp: '2026-08-03T17:14:52.320Z'
}
{
  message: '[Cache Hit] Lấy thông tin hotel ID: d79e14bd-e09b-49c3-80d7-4442133e57d6 từ Redis',
  level: 'debug',
  timestamp: '2026-08-03T17:14:52.320Z'
}
{
  message: '[Cache Hit] Lấy thông tin hotel ID: d29b2e2a-8af1-4273-8f2d-87053225f461 từ Redis',
  level: 'debug',
  timestamp: '2026-08-03T17:14:52.320Z'
}
{
  hotelId: 'fdfc5eb7-97ff-450b-9edf-723739f36d56',
  level: 'info',
  message: '[BookingController] Get hotel bookings',
  timestamp: '2026-08-03T17:14:52.327Z'
}
{
  message: '[Cache Hit] Lấy thông tin hotel ID: fdfc5eb7-97ff-450b-9edf-723739f36d56 từ Redis',
  level: 'debug',
  timestamp: '2026-08-03T17:14:52.328Z'
}
{
  hotelId: 'db71d087-b5a7-47be-b2a3-04e168e623b9',
  level: 'info',
  message: '[BookingController] Get hotel bookings',
  timestamp: '2026-08-03T17:14:52.331Z'
}
{
  hotelId: '61f3e4c1-cba1-48b1-851c-16bc9d413ec2',
  level: 'info',
  message: '[BookingController] Get hotel bookings',
  timestamp: '2026-08-03T17:14:52.334Z'
}
{
  hotelId: '45ea8129-6cde-4f0a-b8a5-701260e11966',
  level: 'info',
  message: '[BookingController] Get hotel bookings',
  timestamp: '2026-08-03T17:14:52.338Z'
}
{
  hotelId: 'a9778731-bce8-4dbf-8b2f-ab2543bfdcdc',
  level: 'info',
  message: '[BookingController] Get hotel bookings',
  timestamp: '2026-08-03T17:14:52.341Z'
}
{
  message: '[Cache Hit] Lấy thông tin hotel ID: db71d087-b5a7-47be-b2a3-04e168e623b9 từ Redis',
  level: 'debug',
  timestamp: '2026-08-03T17:14:52.341Z'
}
{
  message: '[Cache Hit] Lấy thông tin hotel ID: 61f3e4c1-cba1-48b1-851c-16bc9d413ec2 từ Redis',
  level: 'debug',
  timestamp: '2026-08-03T17:14:52.342Z'
}
{
  message: '[Cache Hit] Lấy thông tin hotel ID: 45ea8129-6cde-4f0a-b8a5-701260e11966 từ Redis',
  level: 'debug',
  timestamp: '2026-08-03T17:14:52.342Z'
}
{
  message: '[Cache Hit] Lấy thông tin hotel ID: a9778731-bce8-4dbf-8b2f-ab2543bfdcdc từ Redis',
  level: 'debug',
  timestamp: '2026-08-03T17:14:52.343Z'
}
{
  hotelId: '3ff5cc53-9069-45bc-a39e-2295bebd3ea5',
  level: 'info',
  message: '[BookingController] Get hotel bookings',
  timestamp: '2026-08-03T17:14:52.349Z'
}
{
  hotelId: '1f63d07b-44ef-412e-8e8f-fc20853648c3',
  level: 'info',
  message: '[BookingController] Get hotel bookings',
  timestamp: '2026-08-03T17:14:52.352Z'
}
{
  hotelId: '09928f48-b9bb-4700-85d2-51b072eef2c9',
  level: 'info',
  message: '[BookingController] Get hotel bookings',
  timestamp: '2026-08-03T17:14:52.355Z'
}
{
  message: '[Cache Hit] Lấy thông tin hotel ID: 3ff5cc53-9069-45bc-a39e-2295bebd3ea5 từ Redis',
  level: 'debug',
  timestamp: '2026-08-03T17:14:52.355Z'
}
{
  message: '[Cache Hit] Lấy thông tin hotel ID: 1f63d07b-44ef-412e-8e8f-fc20853648c3 từ Redis',
  level: 'debug',
  timestamp: '2026-08-03T17:14:52.355Z'
}
{
  message: '[Cache Hit] Lấy thông tin hotel ID: 09928f48-b9bb-4700-85d2-51b072eef2c9 từ Redis',
  level: 'debug',
  timestamp: '2026-08-03T17:14:52.356Z'
}
{
  message: '[HotelController] Get my hotels',
  level: 'info',
  timestamp: '2026-08-03T17:14:53.831Z'
}
{
  hotelId: 'd79e14bd-e09b-49c3-80d7-4442133e57d6',
  level: 'info',
  message: '[BookingController] Get hotel bookings',
  timestamp: '2026-08-03T17:14:53.848Z'
}
{
  hotelId: 'fda0f2da-56b2-46ac-afa7-7bb4e6d06edc',
  level: 'info',
  message: '[BookingController] Get hotel bookings',
  timestamp: '2026-08-03T17:14:53.850Z'
}
{
  hotelId: '47451836-dfa0-4b5c-b770-43e87150fe10',
  level: 'info',
  message: '[BookingController] Get hotel bookings',
  timestamp: '2026-08-03T17:14:53.852Z'
}
{
  hotelId: '45ea8129-6cde-4f0a-b8a5-701260e11966',
  level: 'info',
  message: '[BookingController] Get hotel bookings',
  timestamp: '2026-08-03T17:14:53.854Z'
}
{
  hotelId: 'db71d087-b5a7-47be-b2a3-04e168e623b9',
  level: 'info',
  message: '[BookingController] Get hotel bookings',
  timestamp: '2026-08-03T17:14:53.856Z'
}
{
  hotelId: '1f63d07b-44ef-412e-8e8f-fc20853648c3',
  level: 'info',
  message: '[BookingController] Get hotel bookings',
  timestamp: '2026-08-03T17:14:53.859Z'
}
{
  message: '[Cache Hit] Lấy thông tin hotel ID: d79e14bd-e09b-49c3-80d7-4442133e57d6 từ Redis',
  level: 'debug',
  timestamp: '2026-08-03T17:14:53.860Z'
}
{
  message: '[Cache Hit] Lấy thông tin hotel ID: fda0f2da-56b2-46ac-afa7-7bb4e6d06edc từ Redis',
  level: 'debug',
  timestamp: '2026-08-03T17:14:53.860Z'
}
{
  message: '[Cache Hit] Lấy thông tin hotel ID: 47451836-dfa0-4b5c-b770-43e87150fe10 từ Redis',
  level: 'debug',
  timestamp: '2026-08-03T17:14:53.860Z'
}
{
  message: '[Cache Hit] Lấy thông tin hotel ID: 45ea8129-6cde-4f0a-b8a5-701260e11966 từ Redis',
  level: 'debug',
  timestamp: '2026-08-03T17:14:53.861Z'
}
{
  message: '[Cache Hit] Lấy thông tin hotel ID: db71d087-b5a7-47be-b2a3-04e168e623b9 từ Redis',
  level: 'debug',
  timestamp: '2026-08-03T17:14:53.861Z'
}
{
  message: '[Cache Hit] Lấy thông tin hotel ID: 1f63d07b-44ef-412e-8e8f-fc20853648c3 từ Redis',
  level: 'debug',
  timestamp: '2026-08-03T17:14:53.861Z'
}
{
  hotelId: 'ae4ccd44-300e-4ca3-b16c-d3e71b6a0193',
  level: 'info',
  message: '[BookingController] Get hotel bookings',
  timestamp: '2026-08-03T17:14:53.871Z'
}
{
  hotelId: 'd29b2e2a-8af1-4273-8f2d-87053225f461',
  level: 'info',
  message: '[BookingController] Get hotel bookings',
  timestamp: '2026-08-03T17:14:53.874Z'
}
{
  hotelId: 'fdfc5eb7-97ff-450b-9edf-723739f36d56',
  level: 'info',
  message: '[BookingController] Get hotel bookings',
  timestamp: '2026-08-03T17:14:53.877Z'
}
{
  hotelId: '52eb4a25-dcb7-4bea-81ac-9d12053bd2c0',
  level: 'info',
  message: '[BookingController] Get hotel bookings',
  timestamp: '2026-08-03T17:14:53.879Z'
}
{
  hotelId: '6476b4b4-c8ba-4f05-a3ae-9ba776ad4be3',
  level: 'info',
  message: '[BookingController] Get hotel bookings',
  timestamp: '2026-08-03T17:14:53.881Z'
}
{
  hotelId: '3ff5cc53-9069-45bc-a39e-2295bebd3ea5',
  level: 'info',
  message: '[BookingController] Get hotel bookings',
  timestamp: '2026-08-03T17:14:53.884Z'
}
{
  message: '[Cache Hit] Lấy thông tin hotel ID: ae4ccd44-300e-4ca3-b16c-d3e71b6a0193 từ Redis',
  level: 'debug',
  timestamp: '2026-08-03T17:14:53.886Z'
}
{
  message: '[Cache Hit] Lấy thông tin hotel ID: d29b2e2a-8af1-4273-8f2d-87053225f461 từ Redis',
  level: 'debug',
  timestamp: '2026-08-03T17:14:53.886Z'
}
{
  message: '[Cache Hit] Lấy thông tin hotel ID: fdfc5eb7-97ff-450b-9edf-723739f36d56 từ Redis',
  level: 'debug',
  timestamp: '2026-08-03T17:14:53.886Z'
}
{
  message: '[Cache Hit] Lấy thông tin hotel ID: 52eb4a25-dcb7-4bea-81ac-9d12053bd2c0 từ Redis',
  level: 'debug',
  timestamp: '2026-08-03T17:14:53.887Z'
}
{
  message: '[Cache Hit] Lấy thông tin hotel ID: 6476b4b4-c8ba-4f05-a3ae-9ba776ad4be3 từ Redis',
  level: 'debug',
  timestamp: '2026-08-03T17:14:53.887Z'
}
{
  message: '[Cache Hit] Lấy thông tin hotel ID: 3ff5cc53-9069-45bc-a39e-2295bebd3ea5 từ Redis',
  level: 'debug',
  timestamp: '2026-08-03T17:14:53.887Z'
}
{
  hotelId: '61f3e4c1-cba1-48b1-851c-16bc9d413ec2',
  level: 'info',
  message: '[BookingController] Get hotel bookings',
  timestamp: '2026-08-03T17:14:53.896Z'
}
{
  hotelId: 'a9778731-bce8-4dbf-8b2f-ab2543bfdcdc',
  level: 'info',
  message: '[BookingController] Get hotel bookings',
  timestamp: '2026-08-03T17:14:53.900Z'
}
{
  hotelId: '09928f48-b9bb-4700-85d2-51b072eef2c9',
  level: 'info',
  message: '[BookingController] Get hotel bookings',
  timestamp: '2026-08-03T17:14:53.905Z'
}
{
  message: '[Cache Hit] Lấy thông tin hotel ID: 61f3e4c1-cba1-48b1-851c-16bc9d413ec2 từ Redis',
  level: 'debug',
  timestamp: '2026-08-03T17:14:53.906Z'
}
{
  message: '[Cache Hit] Lấy thông tin hotel ID: a9778731-bce8-4dbf-8b2f-ab2543bfdcdc từ Redis',
  level: 'debug',
  timestamp: '2026-08-03T17:14:53.906Z'
}
{
  message: '[Cache Hit] Lấy thông tin hotel ID: 09928f48-b9bb-4700-85d2-51b072eef2c9 từ Redis',
  level: 'debug',
  timestamp: '2026-08-03T17:14:53.906Z'
}
{
  bookingId: 'e7307469-cfd7-4c64-8897-c0b124ee35d1',
  level: 'info',
  message: '[BookingController] Update booking status',
  timestamp: '2026-08-03T17:14:58.666Z'
}
{
  message: '[Cache Hit] Lấy thông tin hotel ID: 09928f48-b9bb-4700-85d2-51b072eef2c9 từ Redis',
  level: 'debug',
  timestamp: '2026-08-03T17:14:58.679Z'
}
{
  message: '[SchedulerService] Đang kiểm tra các booking hết hạn thanh toán...',
  level: 'info',
  timestamp: '2026-08-03T17:15:00.002Z'
}
{
  hotelId: '09928f48-b9bb-4700-85d2-51b072eef2c9',
  level: 'info',
  message: '[HotelController] Get hotel by id',
  timestamp: '2026-08-03T17:16:24.962Z'
}
{
  message: '[Cache Hit] Lấy thông tin hotel ID: 09928f48-b9bb-4700-85d2-51b072eef2c9 từ Redis',
  level: 'debug',
  timestamp: '2026-08-03T17:16:24.964Z'
}
{
  hotelId: '09928f48-b9bb-4700-85d2-51b072eef2c9',
  level: 'info',
  message: '[HotelController] Get hotel by id',
  timestamp: '2026-08-03T17:16:24.972Z'
}
{
  message: '[Cache Hit] Lấy thông tin hotel ID: 09928f48-b9bb-4700-85d2-51b072eef2c9 từ Redis',
  level: 'debug',
  timestamp: '2026-08-03T17:16:24.973Z'
}
{
  message: '[BookingController] Get user bookings',
  level: 'info',
  timestamp: '2026-08-03T17:16:27.786Z'
}
{
  message: '[BookingController] Get user bookings',
  level: 'info',
  timestamp: '2026-08-03T17:16:27.826Z'
}
{
  bookingId: 'e7307469-cfd7-4c64-8897-c0b124ee35d1',
  level: 'info',
  message: '[BookingController] Cancel booking',
  timestamp: '2026-08-03T17:16:39.582Z'
}
{
  message: '[Cache Hit] Lấy danh sách điểm đến hoạt động từ Redis',
  level: 'debug',
  timestamp: '2026-08-03T17:16:49.370Z'
}
{
  page: '1',
  limit: '10',
  status: 'ACTIVE',
  level: 'info',
  message: '[HotelController] Get all hotels with queries',
  timestamp: '2026-08-03T17:16:49.372Z'
}
{
  message: '[Cache Hit] Lấy danh sách điểm đến hoạt động từ Redis',
  level: 'debug',
  timestamp: '2026-08-03T17:16:49.374Z'
}
{
  page: '1',
  limit: '10',
  status: 'ACTIVE',
  level: 'info',
  message: '[HotelController] Get all hotels with queries',
  timestamp: '2026-08-03T17:16:49.378Z'
}
{
  message: '[Cache Hit] Lấy danh sách điểm đến hoạt động từ Redis',
  level: 'debug',
  timestamp: '2026-08-03T17:16:49.384Z'
}
{
  message: '[Cache Hit] Lấy danh sách điểm đến hoạt động từ Redis',
  level: 'debug',
  timestamp: '2026-08-03T17:16:49.390Z'
}
{
  query: [Object: null prototype] {
    location: 'Hội An',
    checkInDate: '2026-08-06',
    checkOutDate: '2026-08-07',
    adults: '2',
    children: '0',
    rooms: '1'
  },
  level: 'info',
  message: '[SearchController] Search hotels',
  timestamp: '2026-08-03T17:16:59.994Z'
}
{
  message: '[Cache Hit] Lấy danh sách điểm đến hoạt động từ Redis',
  level: 'debug',
  timestamp: '2026-08-03T17:17:00.001Z'
}
{
  message: '[Cache Hit] Lấy danh sách điểm đến hoạt động từ Redis',
  level: 'debug',
  timestamp: '2026-08-03T17:17:00.009Z'
}
{
  query: [Object: null prototype] {
    location: 'Hội An',
    checkInDate: '2026-08-06',
    checkOutDate: '2026-08-07',
    adults: '2',
    children: '0',
    rooms: '1'
  },
  level: 'info',
  message: '[SearchController] Search hotels',
  timestamp: '2026-08-03T17:17:00.051Z'
}
{
  hotelId: '1f63d07b-44ef-412e-8e8f-fc20853648c3',
  level: 'info',
  message: '[HotelController] Get hotel by id',
  timestamp: '2026-08-03T17:17:02.553Z'
}
{
  message: '[Cache Hit] Lấy thông tin hotel ID: 1f63d07b-44ef-412e-8e8f-fc20853648c3 từ Redis',
  level: 'debug',
  timestamp: '2026-08-03T17:17:02.559Z'
}
{
  hotelId: '1f63d07b-44ef-412e-8e8f-fc20853648c3',
  level: 'info',
  message: '[HotelController] Get hotel by id',
  timestamp: '2026-08-03T17:17:02.568Z'
}
{
  message: '[Cache Hit] Lấy thông tin hotel ID: 1f63d07b-44ef-412e-8e8f-fc20853648c3 từ Redis',
  level: 'debug',
  timestamp: '2026-08-03T17:17:02.569Z'
}
{
  message: 'JWT Verification Error: jwt expired',
  level: 'error',
  timestamp: '2026-08-03T17:17:12.898Z'
}
{
  message: 'GLOBAL ERROR HANDLER CAUGHT: Error: Phiên đăng nhập đã hết hạn. Vui lòng lấy Token mới.\n' +
    '    at authMiddleware (/app/src/middlewares/authMiddleware.ts:80:9)\n' +
    '    at Layer.handleRequest (/app/node_modules/router/lib/layer.js:152:17)\n' +
    '    at next (/app/node_modules/router/lib/route.js:157:13)\n' +
    '    at Route.dispatch (/app/node_modules/router/lib/route.js:117:3)\n' +
    '    at handle (/app/node_modules/router/index.js:435:11)\n' +
    '    at Layer.handleRequest (/app/node_modules/router/lib/layer.js:152:17)\n' +
    '    at /app/node_modules/router/index.js:295:15\n' +
    '    at processParams (/app/node_modules/router/index.js:582:12)\n' +
    '    at next (/app/node_modules/router/index.js:291:5)\n' +
    '    at Function.handle (/app/node_modules/router/index.js:186:3)',
  level: 'error',
  timestamp: '2026-08-03T17:17:12.899Z'
}
{
  message: '[AuthController] Refresh Tokens',
  level: 'info',
  timestamp: '2026-08-03T17:17:12.910Z'
}
{
  message: 'Fetching user details for ID: b88403bb-85f1-4be4-ac3b-a7abcc4e9a10',
  level: 'debug',
  timestamp: '2026-08-03T17:17:12.926Z'
}
{
  message: '[Cache Hit] Lấy thông tin user ID: b88403bb-85f1-4be4-ac3b-a7abcc4e9a10 từ Redis',
  level: 'debug',
  timestamp: '2026-08-03T17:17:12.927Z'
}
{
  message: '[AuthService] Tokens refreshed successfully for user: locdz8c@gmail.com',
  level: 'info',
  timestamp: '2026-08-03T17:17:12.936Z'
}
{
  message: '[BookingController] Create booking',
  level: 'info',
  timestamp: '2026-08-03T17:17:12.996Z'
}
{
  message: '[BookingController] Get user bookings',
  level: 'info',
  timestamp: '2026-08-03T17:17:13.140Z'
}
{
  message: '[BookingController] Get user bookings',
  level: 'info',
  timestamp: '2026-08-03T17:17:13.197Z'
}
{
  message: 'JWT Verification Error: jwt expired',
  level: 'error',
  timestamp: '2026-08-03T17:17:24.568Z'
}
{
  message: 'GLOBAL ERROR HANDLER CAUGHT: Error: Phiên đăng nhập đã hết hạn. Vui lòng lấy Token mới.\n' +
    '    at authMiddleware (/app/src/middlewares/authMiddleware.ts:80:9)\n' +
    '    at Layer.handleRequest (/app/node_modules/router/lib/layer.js:152:17)\n' +
    '    at trimPrefix (/app/node_modules/router/index.js:342:13)\n' +
    '    at /app/node_modules/router/index.js:297:9\n' +
    '    at processParams (/app/node_modules/router/index.js:582:12)\n' +
    '    at next (/app/node_modules/router/index.js:291:5)\n' +
    '    at Function.handle (/app/node_modules/router/index.js:186:3)\n' +
    '    at router (/app/node_modules/router/index.js:60:12)\n' +
    '    at Layer.handleRequest (/app/node_modules/router/lib/layer.js:152:17)\n' +
    '    at trimPrefix (/app/node_modules/router/index.js:342:13)',
  level: 'error',
  timestamp: '2026-08-03T17:17:24.571Z'
}
{
  message: '[AuthController] Refresh Tokens',
  level: 'info',
  timestamp: '2026-08-03T17:17:24.583Z'
}
{
  message: 'Fetching user details for ID: 0cbc0c7f-fda6-4929-b479-ad9d83ace8ce',
  level: 'debug',
  timestamp: '2026-08-03T17:17:24.608Z'
}
{
  message: '[Cache Hit] Lấy thông tin user ID: 0cbc0c7f-fda6-4929-b479-ad9d83ace8ce từ Redis',
  level: 'debug',
  timestamp: '2026-08-03T17:17:24.609Z'
}
{
  message: '[AuthService] Tokens refreshed successfully for user: agent1@booking.com',
  level: 'info',
  timestamp: '2026-08-03T17:17:24.641Z'
}
{
  message: '[SchedulerService] Đang kiểm tra các booking hết hạn thanh toán...',
  level: 'info',
  timestamp: '2026-08-03T17:20:00.004Z'
}
{
  message: 'JWT Verification Error: jwt expired',
  level: 'error',
  timestamp: '2026-08-03T17:20:24.506Z'
}
{
  message: 'GLOBAL ERROR HANDLER CAUGHT: Error: Phiên đăng nhập đã hết hạn. Vui lòng lấy Token mới.\n' +
    '    at authMiddleware (/app/src/middlewares/authMiddleware.ts:80:9)\n' +
    '    at Layer.handleRequest (/app/node_modules/router/lib/layer.js:152:17)\n' +
    '    at trimPrefix (/app/node_modules/router/index.js:342:13)\n' +
    '    at /app/node_modules/router/index.js:297:9\n' +
    '    at processParams (/app/node_modules/router/index.js:582:12)\n' +
    '    at next (/app/node_modules/router/index.js:291:5)\n' +
    '    at Function.handle (/app/node_modules/router/index.js:186:3)\n' +
    '    at router (/app/node_modules/router/index.js:60:12)\n' +
    '    at Layer.handleRequest (/app/node_modules/router/lib/layer.js:152:17)\n' +
    '    at trimPrefix (/app/node_modules/router/index.js:342:13)',
  level: 'error',
  timestamp: '2026-08-03T17:20:24.507Z'
}
{
  message: '[AuthController] Refresh Tokens',
  level: 'info',
  timestamp: '2026-08-03T17:20:24.517Z'
}
{
  message: 'Fetching user details for ID: 0cbc0c7f-fda6-4929-b479-ad9d83ace8ce',
  level: 'debug',
  timestamp: '2026-08-03T17:20:24.535Z'
}
{
  message: '[Cache Hit] Lấy thông tin user ID: 0cbc0c7f-fda6-4929-b479-ad9d83ace8ce từ Redis',
  level: 'debug',
  timestamp: '2026-08-03T17:20:24.535Z'
}
{
  message: '[AuthService] Tokens refreshed successfully for user: agent1@booking.com',
  level: 'info',
  timestamp: '2026-08-03T17:20:24.575Z'
}
{
  message: 'JWT Verification Error: jwt expired',
  level: 'error',
  timestamp: '2026-08-03T17:23:28.378Z'
}
{
  message: 'GLOBAL ERROR HANDLER CAUGHT: Error: Phiên đăng nhập đã hết hạn. Vui lòng lấy Token mới.\n' +
    '    at authMiddleware (/app/src/middlewares/authMiddleware.ts:80:9)\n' +
    '    at Layer.handleRequest (/app/node_modules/router/lib/layer.js:152:17)\n' +
    '    at trimPrefix (/app/node_modules/router/index.js:342:13)\n' +
    '    at /app/node_modules/router/index.js:297:9\n' +
    '    at processParams (/app/node_modules/router/index.js:582:12)\n' +
    '    at next (/app/node_modules/router/index.js:291:5)\n' +
    '    at Function.handle (/app/node_modules/router/index.js:186:3)\n' +
    '    at router (/app/node_modules/router/index.js:60:12)\n' +
    '    at Layer.handleRequest (/app/node_modules/router/lib/layer.js:152:17)\n' +
    '    at trimPrefix (/app/node_modules/router/index.js:342:13)',
  level: 'error',
  timestamp: '2026-08-03T17:23:28.380Z'
}
{
  message: '[AuthController] Refresh Tokens',
  level: 'info',
  timestamp: '2026-08-03T17:23:28.402Z'
}
{
  message: 'Fetching user details for ID: 0cbc0c7f-fda6-4929-b479-ad9d83ace8ce',
  level: 'debug',
  timestamp: '2026-08-03T17:23:28.430Z'
}
{
  message: '[Cache Hit] Lấy thông tin user ID: 0cbc0c7f-fda6-4929-b479-ad9d83ace8ce từ Redis',
  level: 'debug',
  timestamp: '2026-08-03T17:23:28.432Z'
}
{
  message: '[AuthService] Tokens refreshed successfully for user: agent1@booking.com',
  level: 'info',
  timestamp: '2026-08-03T17:23:28.471Z'
}
{
  message: '[SchedulerService] Đang kiểm tra các booking hết hạn thanh toán...',
  level: 'info',
  timestamp: '2026-08-03T17:25:00.002Z'
}
{
  message: 'JWT Verification Error: jwt expired',
  level: 'error',
  timestamp: '2026-08-03T17:26:29.379Z'
}
{
  message: 'GLOBAL ERROR HANDLER CAUGHT: Error: Phiên đăng nhập đã hết hạn. Vui lòng lấy Token mới.\n' +
    '    at authMiddleware (/app/src/middlewares/authMiddleware.ts:80:9)\n' +
    '    at Layer.handleRequest (/app/node_modules/router/lib/layer.js:152:17)\n' +
    '    at trimPrefix (/app/node_modules/router/index.js:342:13)\n' +
    '    at /app/node_modules/router/index.js:297:9\n' +
    '    at processParams (/app/node_modules/router/index.js:582:12)\n' +
    '    at next (/app/node_modules/router/index.js:291:5)\n' +
    '    at Function.handle (/app/node_modules/router/index.js:186:3)\n' +
    '    at router (/app/node_modules/router/index.js:60:12)\n' +
    '    at Layer.handleRequest (/app/node_modules/router/lib/layer.js:152:17)\n' +
    '    at trimPrefix (/app/node_modules/router/index.js:342:13)',
  level: 'error',
  timestamp: '2026-08-03T17:26:29.381Z'
}
{
  message: '[AuthController] Refresh Tokens',
  level: 'info',
  timestamp: '2026-08-03T17:26:29.390Z'
}
{
  message: 'Fetching user details for ID: 0cbc0c7f-fda6-4929-b479-ad9d83ace8ce',
  level: 'debug',
  timestamp: '2026-08-03T17:26:29.406Z'
}
{
  message: '[Cache Hit] Lấy thông tin user ID: 0cbc0c7f-fda6-4929-b479-ad9d83ace8ce từ Redis',
  level: 'debug',
  timestamp: '2026-08-03T17:26:29.407Z'
}
{
  message: '[AuthService] Tokens refreshed successfully for user: agent1@booking.com',
  level: 'info',
  timestamp: '2026-08-03T17:26:29.458Z'
}
{
  message: 'JWT Verification Error: jwt expired',
  level: 'error',
  timestamp: '2026-08-03T17:28:13.139Z'
}
{
  message: 'GLOBAL ERROR HANDLER CAUGHT: Error: Phiên đăng nhập đã hết hạn. Vui lòng lấy Token mới.\n' +
    '    at authMiddleware (/app/src/middlewares/authMiddleware.ts:80:9)\n' +
    '    at Layer.handleRequest (/app/node_modules/router/lib/layer.js:152:17)\n' +
    '    at next (/app/node_modules/router/lib/route.js:157:13)\n' +
    '    at Route.dispatch (/app/node_modules/router/lib/route.js:117:3)\n' +
    '    at handle (/app/node_modules/router/index.js:435:11)\n' +
    '    at Layer.handleRequest (/app/node_modules/router/lib/layer.js:152:17)\n' +
    '    at /app/node_modules/router/index.js:295:15\n' +
    '    at processParams (/app/node_modules/router/index.js:582:12)\n' +
    '    at next (/app/node_modules/router/index.js:291:5)\n' +
    '    at Function.handle (/app/node_modules/router/index.js:186:3)',
  level: 'error',
  timestamp: '2026-08-03T17:28:13.141Z'
}
{
  message: 'JWT Verification Error: jwt expired',
  level: 'error',
  timestamp: '2026-08-03T17:28:13.151Z'
}
{
  message: 'GLOBAL ERROR HANDLER CAUGHT: Error: Phiên đăng nhập đã hết hạn. Vui lòng lấy Token mới.\n' +
    '    at authMiddleware (/app/src/middlewares/authMiddleware.ts:80:9)\n' +
    '    at Layer.handleRequest (/app/node_modules/router/lib/layer.js:152:17)\n' +
    '    at next (/app/node_modules/router/lib/route.js:157:13)\n' +
    '    at Route.dispatch (/app/node_modules/router/lib/route.js:117:3)\n' +
    '    at handle (/app/node_modules/router/index.js:435:11)\n' +
    '    at Layer.handleRequest (/app/node_modules/router/lib/layer.js:152:17)\n' +
    '    at /app/node_modules/router/index.js:295:15\n' +
    '    at processParams (/app/node_modules/router/index.js:582:12)\n' +
    '    at next (/app/node_modules/router/index.js:291:5)\n' +
    '    at Function.handle (/app/node_modules/router/index.js:186:3)',
  level: 'error',
  timestamp: '2026-08-03T17:28:13.152Z'
}
{
  message: '[AuthController] Refresh Tokens',
  level: 'info',
  timestamp: '2026-08-03T17:28:13.170Z'
}
{
  message: 'Fetching user details for ID: b88403bb-85f1-4be4-ac3b-a7abcc4e9a10',
  level: 'debug',
  timestamp: '2026-08-03T17:28:13.207Z'
}
{
  message: '[Cache Hit] Lấy thông tin user ID: b88403bb-85f1-4be4-ac3b-a7abcc4e9a10 từ Redis',
  level: 'debug',
  timestamp: '2026-08-03T17:28:13.209Z'
}
{
  message: '[AuthService] Tokens refreshed successfully for user: locdz8c@gmail.com',
  level: 'info',
  timestamp: '2026-08-03T17:28:13.227Z'
}
{
  userId: 'b88403bb-85f1-4be4-ac3b-a7abcc4e9a10',
  level: 'info',
  message: '[AuthController] Get Me',
  timestamp: '2026-08-03T17:28:13.304Z'
}
{
  message: 'Fetching user details for ID: b88403bb-85f1-4be4-ac3b-a7abcc4e9a10',
  level: 'debug',
  timestamp: '2026-08-03T17:28:13.305Z'
}
{
  message: '[Cache Hit] Lấy thông tin user ID: b88403bb-85f1-4be4-ac3b-a7abcc4e9a10 từ Redis',
  level: 'debug',
  timestamp: '2026-08-03T17:28:13.310Z'
}
{
  userId: 'b88403bb-85f1-4be4-ac3b-a7abcc4e9a10',
  level: 'info',
  message: '[AuthController] Get Me',
  timestamp: '2026-08-03T17:28:13.318Z'
}
{
  message: 'Fetching user details for ID: b88403bb-85f1-4be4-ac3b-a7abcc4e9a10',
  level: 'debug',
  timestamp: '2026-08-03T17:28:13.319Z'
}
{
  message: '[Cache Hit] Lấy thông tin user ID: b88403bb-85f1-4be4-ac3b-a7abcc4e9a10 từ Redis',
  level: 'debug',
  timestamp: '2026-08-03T17:28:13.320Z'
}
{
  message: '[BookingController] Get user bookings',
  level: 'info',
  timestamp: '2026-08-03T17:28:13.326Z'
}
{
  message: '[BookingController] Get user bookings',
  level: 'info',
  timestamp: '2026-08-03T17:28:13.368Z'
}
{
  bookingId: '0a1f2c66-b583-4b89-9f22-df6a07c94893',
  level: 'info',
  message: '[BookingController] Cancel booking',
  timestamp: '2026-08-03T17:28:15.398Z'
}
{
  userId: 'b88403bb-85f1-4be4-ac3b-a7abcc4e9a10',
  level: 'info',
  message: '[AuthController] Get Me',
  timestamp: '2026-08-03T17:28:16.087Z'
}
{
  message: 'Fetching user details for ID: b88403bb-85f1-4be4-ac3b-a7abcc4e9a10',
  level: 'debug',
  timestamp: '2026-08-03T17:28:16.088Z'
}
{
  message: '[Cache Hit] Lấy thông tin user ID: b88403bb-85f1-4be4-ac3b-a7abcc4e9a10 từ Redis',
  level: 'debug',
  timestamp: '2026-08-03T17:28:16.089Z'
}
{
  userId: 'b88403bb-85f1-4be4-ac3b-a7abcc4e9a10',
  level: 'info',
  message: '[AuthController] Get Me',
  timestamp: '2026-08-03T17:28:16.093Z'
}
{
  message: 'Fetching user details for ID: b88403bb-85f1-4be4-ac3b-a7abcc4e9a10',
  level: 'debug',
  timestamp: '2026-08-03T17:28:16.094Z'
}
{
  message: '[Cache Hit] Lấy thông tin user ID: b88403bb-85f1-4be4-ac3b-a7abcc4e9a10 từ Redis',
  level: 'debug',
  timestamp: '2026-08-03T17:28:16.095Z'
}
{
  message: '[BookingController] Get user bookings',
  level: 'info',
  timestamp: '2026-08-03T17:28:16.458Z'
}
{
  message: '[BookingController] Get user bookings',
  level: 'info',
  timestamp: '2026-08-03T17:28:16.481Z'
}
{
  message: '[Cache Hit] Lấy danh sách điểm đến hoạt động từ Redis',
  level: 'debug',
  timestamp: '2026-08-03T17:28:17.046Z'
}
{
  page: '1',
  limit: '10',
  status: 'ACTIVE',
  level: 'info',
  message: '[HotelController] Get all hotels with queries',
  timestamp: '2026-08-03T17:28:17.050Z'
}
{
  message: '[Cache Hit] Lấy danh sách điểm đến hoạt động từ Redis',
  level: 'debug',
  timestamp: '2026-08-03T17:28:17.053Z'
}
{
  page: '1',
  limit: '10',
  status: 'ACTIVE',
  level: 'info',
  message: '[HotelController] Get all hotels with queries',
  timestamp: '2026-08-03T17:28:17.060Z'
}
{
  message: '[Cache Hit] Lấy danh sách điểm đến hoạt động từ Redis',
  level: 'debug',
  timestamp: '2026-08-03T17:28:17.062Z'
}
{
  message: '[Cache Hit] Lấy danh sách điểm đến hoạt động từ Redis',
  level: 'debug',
  timestamp: '2026-08-03T17:28:17.066Z'
}
{
  userId: 'b88403bb-85f1-4be4-ac3b-a7abcc4e9a10',
  level: 'info',
  message: '[AuthController] Get Me',
  timestamp: '2026-08-03T17:28:17.872Z'
}
{
  message: 'Fetching user details for ID: b88403bb-85f1-4be4-ac3b-a7abcc4e9a10',
  level: 'debug',
  timestamp: '2026-08-03T17:28:17.873Z'
}
{
  message: '[Cache Hit] Lấy thông tin user ID: b88403bb-85f1-4be4-ac3b-a7abcc4e9a10 từ Redis',
  level: 'debug',
  timestamp: '2026-08-03T17:28:17.874Z'
}
{
  userId: 'b88403bb-85f1-4be4-ac3b-a7abcc4e9a10',
  level: 'info',
  message: '[AuthController] Get Me',
  timestamp: '2026-08-03T17:28:17.880Z'
}
{
  message: 'Fetching user details for ID: b88403bb-85f1-4be4-ac3b-a7abcc4e9a10',
  level: 'debug',
  timestamp: '2026-08-03T17:28:17.881Z'
}
{
  message: '[Cache Hit] Lấy thông tin user ID: b88403bb-85f1-4be4-ac3b-a7abcc4e9a10 từ Redis',
  level: 'debug',
  timestamp: '2026-08-03T17:28:17.882Z'
}
{
  page: '1',
  limit: '10',
  status: 'ACTIVE',
  level: 'info',
  message: '[HotelController] Get all hotels with queries',
  timestamp: '2026-08-03T17:28:18.207Z'
}
{
  message: '[Cache Hit] Lấy danh sách điểm đến hoạt động từ Redis',
  level: 'debug',
  timestamp: '2026-08-03T17:28:18.208Z'
}
{
  message: '[Cache Hit] Lấy danh sách điểm đến hoạt động từ Redis',
  level: 'debug',
  timestamp: '2026-08-03T17:28:18.213Z'
}
{
  page: '1',
  limit: '10',
  status: 'ACTIVE',
  level: 'info',
  message: '[HotelController] Get all hotels with queries',
  timestamp: '2026-08-03T17:28:18.215Z'
}
{
  message: '[Cache Hit] Lấy danh sách điểm đến hoạt động từ Redis',
  level: 'debug',
  timestamp: '2026-08-03T17:28:18.228Z'
}
{
  message: '[Cache Hit] Lấy danh sách điểm đến hoạt động từ Redis',
  level: 'debug',
  timestamp: '2026-08-03T17:28:18.231Z'
}
{
  userId: 'b88403bb-85f1-4be4-ac3b-a7abcc4e9a10',
  level: 'info',
  message: '[AuthController] Get Me',
  timestamp: '2026-08-03T17:28:19.099Z'
}
{
  message: 'Fetching user details for ID: b88403bb-85f1-4be4-ac3b-a7abcc4e9a10',
  level: 'debug',
  timestamp: '2026-08-03T17:28:19.100Z'
}
{
  message: '[Cache Hit] Lấy thông tin user ID: b88403bb-85f1-4be4-ac3b-a7abcc4e9a10 từ Redis',
  level: 'debug',
  timestamp: '2026-08-03T17:28:19.101Z'
}
{
  userId: 'b88403bb-85f1-4be4-ac3b-a7abcc4e9a10',
  level: 'info',
  message: '[AuthController] Get Me',
  timestamp: '2026-08-03T17:28:19.115Z'
}
{
  message: 'Fetching user details for ID: b88403bb-85f1-4be4-ac3b-a7abcc4e9a10',
  level: 'debug',
  timestamp: '2026-08-03T17:28:19.116Z'
}
{
  message: '[Cache Hit] Lấy thông tin user ID: b88403bb-85f1-4be4-ac3b-a7abcc4e9a10 từ Redis',
  level: 'debug',
  timestamp: '2026-08-03T17:28:19.117Z'
}
{
  page: '1',
  limit: '10',
  status: 'ACTIVE',
  level: 'info',
  message: '[HotelController] Get all hotels with queries',
  timestamp: '2026-08-03T17:28:19.463Z'
}
{
  message: '[Cache Hit] Lấy danh sách điểm đến hoạt động từ Redis',
  level: 'debug',
  timestamp: '2026-08-03T17:28:19.465Z'
}
{
  page: '1',
  limit: '10',
  status: 'ACTIVE',
  level: 'info',
  message: '[HotelController] Get all hotels with queries',
  timestamp: '2026-08-03T17:28:19.480Z'
}
{
  message: '[Cache Hit] Lấy danh sách điểm đến hoạt động từ Redis',
  level: 'debug',
  timestamp: '2026-08-03T17:28:19.482Z'
}
{
  message: '[Cache Hit] Lấy danh sách điểm đến hoạt động từ Redis',
  level: 'debug',
  timestamp: '2026-08-03T17:28:19.491Z'
}
{
  message: '[Cache Hit] Lấy danh sách điểm đến hoạt động từ Redis',
  level: 'debug',
  timestamp: '2026-08-03T17:28:19.502Z'
}
{
  message: 'Nhận tín hiệu SIGTERM. Đang đóng API Server...',
  level: 'info',
  timestamp: '2026-08-03T17:28:33.022Z'
}
{
  message: 'Express HTTP server đã đóng.',
  level: 'info',
  timestamp: '2026-08-03T17:28:33.024Z'
}
{
  message: '[Redis] Đã đóng kết nối Redis',
  level: 'info',
  timestamp: '2026-08-03T17:28:33.025Z'
}
{
  message: '[SchedulerService] Khởi tạo các cron job...',
  level: 'info',
  timestamp: '2026-08-03T17:29:32.425Z'
}
{
  message: 'Booking API Service đang chạy tại port 3000 (Môi trường: development)',
  level: 'info',
  timestamp: '2026-08-03T17:29:32.621Z'
}
{
  message: '[Redis] Kết nối thành công tới Redis server',
  level: 'info',
  timestamp: '2026-08-03T17:29:32.633Z'
}
{
  message: 'JWT Verification Error: jwt expired',
  level: 'error',
  timestamp: '2026-08-03T17:29:38.639Z'
}
{
  message: 'GLOBAL ERROR HANDLER CAUGHT: Error: Phiên đăng nhập đã hết hạn. Vui lòng lấy Token mới.\n' +
    '    at authMiddleware (/app/src/middlewares/authMiddleware.ts:80:9)\n' +
    '    at Layer.handleRequest (/app/node_modules/router/lib/layer.js:152:17)\n' +
    '    at trimPrefix (/app/node_modules/router/index.js:342:13)\n' +
    '    at /app/node_modules/router/index.js:297:9\n' +
    '    at processParams (/app/node_modules/router/index.js:582:12)\n' +
    '    at next (/app/node_modules/router/index.js:291:5)\n' +
    '    at Function.handle (/app/node_modules/router/index.js:186:3)\n' +
    '    at router (/app/node_modules/router/index.js:60:12)\n' +
    '    at Layer.handleRequest (/app/node_modules/router/lib/layer.js:152:17)\n' +
    '    at trimPrefix (/app/node_modules/router/index.js:342:13)',
  level: 'error',
  timestamp: '2026-08-03T17:29:38.641Z'
}
{
  message: '[AuthController] Refresh Tokens',
  level: 'info',
  timestamp: '2026-08-03T17:29:38.672Z'
}
{
  message: 'Fetching user details for ID: 0cbc0c7f-fda6-4929-b479-ad9d83ace8ce',
  level: 'debug',
  timestamp: '2026-08-03T17:29:38.798Z'
}
{
  message: '[Cache Hit] Lấy thông tin user ID: 0cbc0c7f-fda6-4929-b479-ad9d83ace8ce từ Redis',
  level: 'debug',
  timestamp: '2026-08-03T17:29:38.800Z'
}
{
  message: '[AuthService] Tokens refreshed successfully for user: agent1@booking.com',
  level: 'info',
  timestamp: '2026-08-03T17:29:38.842Z'
}
{
  message: '[SchedulerService] Đang kiểm tra các booking hết hạn thanh toán...',
  level: 'info',
  timestamp: '2026-08-03T17:30:00.008Z'
}
{
  userId: 'b88403bb-85f1-4be4-ac3b-a7abcc4e9a10',
  level: 'info',
  message: '[AuthController] Get Me',
  timestamp: '2026-08-03T17:30:27.307Z'
}
{
  message: 'Fetching user details for ID: b88403bb-85f1-4be4-ac3b-a7abcc4e9a10',
  level: 'debug',
  timestamp: '2026-08-03T17:30:27.313Z'
}
{
  message: '[Cache Hit] Lấy thông tin user ID: b88403bb-85f1-4be4-ac3b-a7abcc4e9a10 từ Redis',
  level: 'debug',
  timestamp: '2026-08-03T17:30:27.319Z'
}
{
  userId: 'b88403bb-85f1-4be4-ac3b-a7abcc4e9a10',
  level: 'info',
  message: '[AuthController] Get Me',
  timestamp: '2026-08-03T17:30:27.331Z'
}
{
  message: 'Fetching user details for ID: b88403bb-85f1-4be4-ac3b-a7abcc4e9a10',
  level: 'debug',
  timestamp: '2026-08-03T17:30:27.337Z'
}
{
  message: '[Cache Hit] Lấy thông tin user ID: b88403bb-85f1-4be4-ac3b-a7abcc4e9a10 từ Redis',
  level: 'debug',
  timestamp: '2026-08-03T17:30:27.340Z'
}
{
  message: '[Cache Hit] Lấy danh sách điểm đến hoạt động từ Redis',
  level: 'debug',
  timestamp: '2026-08-03T17:30:27.731Z'
}
{
  message: '[Cache Hit] Lấy danh sách điểm đến hoạt động từ Redis',
  level: 'debug',
  timestamp: '2026-08-03T17:30:27.748Z'
}
{
  page: '1',
  limit: '10',
  status: 'ACTIVE',
  level: 'info',
  message: '[HotelController] Get all hotels with queries',
  timestamp: '2026-08-03T17:30:27.752Z'
}
{
  message: '[Cache Hit] Lấy danh sách điểm đến hoạt động từ Redis',
  level: 'debug',
  timestamp: '2026-08-03T17:30:27.766Z'
}
{
  page: '1',
  limit: '10',
  status: 'ACTIVE',
  level: 'info',
  message: '[HotelController] Get all hotels with queries',
  timestamp: '2026-08-03T17:30:27.771Z'
}
{
  message: '[Cache Hit] Lấy danh sách điểm đến hoạt động từ Redis',
  level: 'debug',
  timestamp: '2026-08-03T17:30:27.789Z'
}
{
  userId: 'b88403bb-85f1-4be4-ac3b-a7abcc4e9a10',
  level: 'info',
  message: '[AuthController] Get Me',
  timestamp: '2026-08-03T17:30:33.167Z'
}
{
  message: 'Fetching user details for ID: b88403bb-85f1-4be4-ac3b-a7abcc4e9a10',
  level: 'debug',
  timestamp: '2026-08-03T17:30:33.168Z'
}
{
  message: '[Cache Hit] Lấy thông tin user ID: b88403bb-85f1-4be4-ac3b-a7abcc4e9a10 từ Redis',
  level: 'debug',
  timestamp: '2026-08-03T17:30:33.169Z'
}
{
  userId: 'b88403bb-85f1-4be4-ac3b-a7abcc4e9a10',
  level: 'info',
  message: '[AuthController] Get Me',
  timestamp: '2026-08-03T17:30:33.174Z'
}
{
  message: 'Fetching user details for ID: b88403bb-85f1-4be4-ac3b-a7abcc4e9a10',
  level: 'debug',
  timestamp: '2026-08-03T17:30:33.175Z'
}
{
  message: '[Cache Hit] Lấy thông tin user ID: b88403bb-85f1-4be4-ac3b-a7abcc4e9a10 từ Redis',
  level: 'debug',
  timestamp: '2026-08-03T17:30:33.176Z'
}
{
  page: '1',
  limit: '10',
  status: 'ACTIVE',
  level: 'info',
  message: '[HotelController] Get all hotels with queries',
  timestamp: '2026-08-03T17:30:33.681Z'
}
{
  message: '[Cache Hit] Lấy danh sách điểm đến hoạt động từ Redis',
  level: 'debug',
  timestamp: '2026-08-03T17:30:33.683Z'
}
{
  page: '1',
  limit: '10',
  status: 'ACTIVE',
  level: 'info',
  message: '[HotelController] Get all hotels with queries',
  timestamp: '2026-08-03T17:30:33.688Z'
}
{
  message: '[Cache Hit] Lấy danh sách điểm đến hoạt động từ Redis',
  level: 'debug',
  timestamp: '2026-08-03T17:30:33.690Z'
}
{
  message: '[Cache Hit] Lấy danh sách điểm đến hoạt động từ Redis',
  level: 'debug',
  timestamp: '2026-08-03T17:30:33.696Z'
}
{
  message: '[Cache Hit] Lấy danh sách điểm đến hoạt động từ Redis',
  level: 'debug',
  timestamp: '2026-08-03T17:30:33.701Z'
}
{
  message: '[Cache Hit] Lấy danh sách điểm đến hoạt động từ Redis',
  level: 'debug',
  timestamp: '2026-08-03T17:30:51.642Z'
}
{
  query: [Object: null prototype] {
    location: 'Hà Nội',
    checkInDate: '2026-08-05',
    checkOutDate: '2026-08-07',
    adults: '2',
    children: '0',
    rooms: '1'
  },
  level: 'info',
  message: '[SearchController] Search hotels',
  timestamp: '2026-08-03T17:30:51.653Z'
}
{
  message: '[Cache Hit] Lấy danh sách điểm đến hoạt động từ Redis',
  level: 'debug',
  timestamp: '2026-08-03T17:30:51.733Z'
}
{
  query: [Object: null prototype] {
    location: 'Hà Nội',
    checkInDate: '2026-08-05',
    checkOutDate: '2026-08-07',
    adults: '2',
    children: '0',
    rooms: '1'
  },
  level: 'info',
  message: '[SearchController] Search hotels',
  timestamp: '2026-08-03T17:30:51.837Z'
}
{
  hotelId: '09928f48-b9bb-4700-85d2-51b072eef2c9',
  level: 'info',
  message: '[HotelController] Get hotel by id',
  timestamp: '2026-08-03T17:30:53.223Z'
}
{
  message: '[Cache Hit] Lấy thông tin hotel ID: 09928f48-b9bb-4700-85d2-51b072eef2c9 từ Redis',
  level: 'debug',
  timestamp: '2026-08-03T17:30:53.225Z'
}
{
  hotelId: '09928f48-b9bb-4700-85d2-51b072eef2c9',
  level: 'info',
  message: '[HotelController] Get hotel by id',
  timestamp: '2026-08-03T17:30:53.234Z'
}
{
  message: '[Cache Hit] Lấy thông tin hotel ID: 09928f48-b9bb-4700-85d2-51b072eef2c9 từ Redis',
  level: 'debug',
  timestamp: '2026-08-03T17:30:53.237Z'
}
{
  message: '[BookingController] Create booking',
  level: 'info',
  timestamp: '2026-08-03T17:31:02.748Z'
}
{
  message: '[BookingController] Get user bookings',
  level: 'info',
  timestamp: '2026-08-03T17:31:02.927Z'
}
{
  message: '[BookingController] Get user bookings',
  level: 'info',
  timestamp: '2026-08-03T17:31:02.989Z'
}
{
  message: 'JWT Verification Error: jwt expired',
  level: 'error',
  timestamp: '2026-08-03T17:31:23.733Z'
}
{
  message: 'GLOBAL ERROR HANDLER CAUGHT: Error: Phiên đăng nhập đã hết hạn. Vui lòng lấy Token mới.\n' +
    '    at authMiddleware (/app/src/middlewares/authMiddleware.ts:80:9)\n' +
    '    at Layer.handleRequest (/app/node_modules/router/lib/layer.js:152:17)\n' +
    '    at next (/app/node_modules/router/lib/route.js:157:13)\n' +
    '    at Route.dispatch (/app/node_modules/router/lib/route.js:117:3)\n' +
    '    at handle (/app/node_modules/router/index.js:435:11)\n' +
    '    at Layer.handleRequest (/app/node_modules/router/lib/layer.js:152:17)\n' +
    '    at /app/node_modules/router/index.js:295:15\n' +
    '    at param (/app/node_modules/router/index.js:600:14)\n' +
    '    at param (/app/node_modules/router/index.js:610:14)\n' +
    '    at processParams (/app/node_modules/router/index.js:664:3)',
  level: 'error',
  timestamp: '2026-08-03T17:31:23.734Z'
}
{
  message: '[AuthController] Refresh Tokens',
  level: 'info',
  timestamp: '2026-08-03T17:31:23.748Z'
}
{
  message: 'Fetching user details for ID: b88403bb-85f1-4be4-ac3b-a7abcc4e9a10',
  level: 'debug',
  timestamp: '2026-08-03T17:31:23.768Z'
}
{
  message: '[Cache Hit] Lấy thông tin user ID: b88403bb-85f1-4be4-ac3b-a7abcc4e9a10 từ Redis',
  level: 'debug',
  timestamp: '2026-08-03T17:31:23.769Z'
}
{
  message: '[AuthService] Tokens refreshed successfully for user: locdz8c@gmail.com',
  level: 'info',
  timestamp: '2026-08-03T17:31:23.789Z'
}
{
  bookingId: '14f45623-177e-4c78-ab30-2e7758e8dd45',
  level: 'info',
  message: '[BookingController] Cancel booking',
  timestamp: '2026-08-03T17:31:23.852Z'
}
{
  message: '[Cache Hit] Lấy danh sách điểm đến hoạt động từ Redis',
  level: 'debug',
  timestamp: '2026-08-03T17:31:25.064Z'
}
{
  message: '[Cache Hit] Lấy danh sách điểm đến hoạt động từ Redis',
  level: 'debug',
  timestamp: '2026-08-03T17:31:25.072Z'
}
{
  page: '1',
  limit: '10',
  status: 'ACTIVE',
  level: 'info',
  message: '[HotelController] Get all hotels with queries',
  timestamp: '2026-08-03T17:31:25.075Z'
}
{
  message: '[Cache Hit] Lấy danh sách điểm đến hoạt động từ Redis',
  level: 'debug',
  timestamp: '2026-08-03T17:31:25.082Z'
}
{
  page: '1',
  limit: '10',
  status: 'ACTIVE',
  level: 'info',
  message: '[HotelController] Get all hotels with queries',
  timestamp: '2026-08-03T17:31:25.098Z'
}
{
  message: '[Cache Hit] Lấy danh sách điểm đến hoạt động từ Redis',
  level: 'debug',
  timestamp: '2026-08-03T17:31:25.101Z'
}
{
  message: '[Cache Hit] Lấy danh sách điểm đến hoạt động từ Redis',
  level: 'debug',
  timestamp: '2026-08-03T17:31:30.773Z'
}
{
  message: '[Cache Hit] Lấy danh sách điểm đến hoạt động từ Redis',
  level: 'debug',
  timestamp: '2026-08-03T17:31:30.783Z'
}
{
  query: [Object: null prototype] {
    location: 'Hà Nội',
    checkInDate: '2026-08-04',
    checkOutDate: '2026-08-06',
    adults: '2',
    children: '0',
    rooms: '1'
  },
  level: 'info',
  message: '[SearchController] Search hotels',
  timestamp: '2026-08-03T17:31:30.787Z'
}
{
  query: [Object: null prototype] {
    location: 'Hà Nội',
    checkInDate: '2026-08-04',
    checkOutDate: '2026-08-06',
    adults: '2',
    children: '0',
    rooms: '1'
  },
  level: 'info',
  message: '[SearchController] Search hotels',
  timestamp: '2026-08-03T17:31:30.823Z'
}
{
  hotelId: '09928f48-b9bb-4700-85d2-51b072eef2c9',
  level: 'info',
  message: '[HotelController] Get hotel by id',
  timestamp: '2026-08-03T17:31:31.878Z'
}
{
  message: '[Cache Hit] Lấy thông tin hotel ID: 09928f48-b9bb-4700-85d2-51b072eef2c9 từ Redis',
  level: 'debug',
  timestamp: '2026-08-03T17:31:31.880Z'
}
{
  hotelId: '09928f48-b9bb-4700-85d2-51b072eef2c9',
  level: 'info',
  message: '[HotelController] Get hotel by id',
  timestamp: '2026-08-03T17:31:31.889Z'
}
{
  message: '[Cache Hit] Lấy thông tin hotel ID: 09928f48-b9bb-4700-85d2-51b072eef2c9 từ Redis',
  level: 'debug',
  timestamp: '2026-08-03T17:31:31.891Z'
}
{
  message: '[BookingController] Create booking',
  level: 'info',
  timestamp: '2026-08-03T17:31:46.502Z'
}
{
  message: '[BookingController] Get user bookings',
  level: 'info',
  timestamp: '2026-08-03T17:31:46.662Z'
}
{
  message: '[BookingController] Get user bookings',
  level: 'info',
  timestamp: '2026-08-03T17:31:46.724Z'
}
{
  userId: '0cbc0c7f-fda6-4929-b479-ad9d83ace8ce',
  level: 'info',
  message: '[AuthController] Get Me',
  timestamp: '2026-08-03T17:31:58.571Z'
}
{
  message: 'Fetching user details for ID: 0cbc0c7f-fda6-4929-b479-ad9d83ace8ce',
  level: 'debug',
  timestamp: '2026-08-03T17:31:58.572Z'
}
{
  message: '[Cache Hit] Lấy thông tin user ID: 0cbc0c7f-fda6-4929-b479-ad9d83ace8ce từ Redis',
  level: 'debug',
  timestamp: '2026-08-03T17:31:58.575Z'
}
{
  userId: '0cbc0c7f-fda6-4929-b479-ad9d83ace8ce',
  level: 'info',
  message: '[AuthController] Get Me',
  timestamp: '2026-08-03T17:31:58.588Z'
}
{
  message: 'Fetching user details for ID: 0cbc0c7f-fda6-4929-b479-ad9d83ace8ce',
  level: 'debug',
  timestamp: '2026-08-03T17:31:58.588Z'
}
{
  message: '[Cache Hit] Lấy thông tin user ID: 0cbc0c7f-fda6-4929-b479-ad9d83ace8ce từ Redis',
  level: 'debug',
  timestamp: '2026-08-03T17:31:58.589Z'
}
{
  userId: '0cbc0c7f-fda6-4929-b479-ad9d83ace8ce',
  level: 'info',
  message: '[AuthController] Get Me',
  timestamp: '2026-08-03T17:31:58.972Z'
}
{
  message: 'Fetching user details for ID: 0cbc0c7f-fda6-4929-b479-ad9d83ace8ce',
  level: 'debug',
  timestamp: '2026-08-03T17:31:58.972Z'
}
{
  message: '[Cache Hit] Lấy thông tin user ID: 0cbc0c7f-fda6-4929-b479-ad9d83ace8ce từ Redis',
  level: 'debug',
  timestamp: '2026-08-03T17:31:58.973Z'
}
{
  userId: '0cbc0c7f-fda6-4929-b479-ad9d83ace8ce',
  level: 'info',
  message: '[AuthController] Get Me',
  timestamp: '2026-08-03T17:31:58.986Z'
}
{
  message: 'Fetching user details for ID: 0cbc0c7f-fda6-4929-b479-ad9d83ace8ce',
  level: 'debug',
  timestamp: '2026-08-03T17:31:58.987Z'
}
{
  message: '[Cache Hit] Lấy thông tin user ID: 0cbc0c7f-fda6-4929-b479-ad9d83ace8ce từ Redis',
  level: 'debug',
  timestamp: '2026-08-03T17:31:58.989Z'
}
{
  message: '[HotelController] Get my hotels',
  level: 'info',
  timestamp: '2026-08-03T17:31:59.344Z'
}
{
  message: '[HotelController] Get my hotels',
  level: 'info',
  timestamp: '2026-08-03T17:31:59.444Z'
}
{
  hotelId: '47451836-dfa0-4b5c-b770-43e87150fe10',
  level: 'info',
  message: '[BookingController] Get hotel bookings',
  timestamp: '2026-08-03T17:31:59.489Z'
}
{
  message: '[Cache Hit] Lấy thông tin hotel ID: 47451836-dfa0-4b5c-b770-43e87150fe10 từ Redis',
  level: 'debug',
  timestamp: '2026-08-03T17:31:59.516Z'
}
{
  hotelId: 'fdfc5eb7-97ff-450b-9edf-723739f36d56',
  level: 'info',
  message: '[BookingController] Get hotel bookings',
  timestamp: '2026-08-03T17:31:59.559Z'
}
{
  message: '[Cache Hit] Lấy thông tin hotel ID: fdfc5eb7-97ff-450b-9edf-723739f36d56 từ Redis',
  level: 'debug',
  timestamp: '2026-08-03T17:31:59.573Z'
}
{
  hotelId: 'fda0f2da-56b2-46ac-afa7-7bb4e6d06edc',
  level: 'info',
  message: '[BookingController] Get hotel bookings',
  timestamp: '2026-08-03T17:31:59.623Z'
}
{
  message: '[Cache Hit] Lấy thông tin hotel ID: fda0f2da-56b2-46ac-afa7-7bb4e6d06edc từ Redis',
  level: 'debug',
  timestamp: '2026-08-03T17:31:59.629Z'
}
{
  hotelId: '45ea8129-6cde-4f0a-b8a5-701260e11966',
  level: 'info',
  message: '[BookingController] Get hotel bookings',
  timestamp: '2026-08-03T17:31:59.644Z'
}
{
  message: '[Cache Hit] Lấy thông tin hotel ID: 45ea8129-6cde-4f0a-b8a5-701260e11966 từ Redis',
  level: 'debug',
  timestamp: '2026-08-03T17:31:59.645Z'
}
{
  hotelId: 'ae4ccd44-300e-4ca3-b16c-d3e71b6a0193',
  level: 'info',
  message: '[BookingController] Get hotel bookings',
  timestamp: '2026-08-03T17:31:59.652Z'
}
{
  message: '[Cache Hit] Lấy thông tin hotel ID: ae4ccd44-300e-4ca3-b16c-d3e71b6a0193 từ Redis',
  level: 'debug',
  timestamp: '2026-08-03T17:31:59.655Z'
}
{
  hotelId: 'db71d087-b5a7-47be-b2a3-04e168e623b9',
  level: 'info',
  message: '[BookingController] Get hotel bookings',
  timestamp: '2026-08-03T17:31:59.664Z'
}
{
  hotelId: 'd79e14bd-e09b-49c3-80d7-4442133e57d6',
  level: 'info',
  message: '[BookingController] Get hotel bookings',
  timestamp: '2026-08-03T17:31:59.672Z'
}
{
  message: '[Cache Hit] Lấy thông tin hotel ID: db71d087-b5a7-47be-b2a3-04e168e623b9 từ Redis',
  level: 'debug',
  timestamp: '2026-08-03T17:31:59.673Z'
}
{
  message: '[Cache Hit] Lấy thông tin hotel ID: d79e14bd-e09b-49c3-80d7-4442133e57d6 từ Redis',
  level: 'debug',
  timestamp: '2026-08-03T17:31:59.674Z'
}
{
  hotelId: '3ff5cc53-9069-45bc-a39e-2295bebd3ea5',
  level: 'info',
  message: '[BookingController] Get hotel bookings',
  timestamp: '2026-08-03T17:31:59.740Z'
}
{
  message: '[Cache Hit] Lấy thông tin hotel ID: 3ff5cc53-9069-45bc-a39e-2295bebd3ea5 từ Redis',
  level: 'debug',
  timestamp: '2026-08-03T17:31:59.746Z'
}
{
  hotelId: '52eb4a25-dcb7-4bea-81ac-9d12053bd2c0',
  level: 'info',
  message: '[BookingController] Get hotel bookings',
  timestamp: '2026-08-03T17:31:59.759Z'
}
{
  hotelId: '6476b4b4-c8ba-4f05-a3ae-9ba776ad4be3',
  level: 'info',
  message: '[BookingController] Get hotel bookings',
  timestamp: '2026-08-03T17:31:59.763Z'
}
{
  message: '[Cache Hit] Lấy thông tin hotel ID: 52eb4a25-dcb7-4bea-81ac-9d12053bd2c0 từ Redis',
  level: 'debug',
  timestamp: '2026-08-03T17:31:59.768Z'
}
{
  message: '[Cache Hit] Lấy thông tin hotel ID: 6476b4b4-c8ba-4f05-a3ae-9ba776ad4be3 từ Redis',
  level: 'debug',
  timestamp: '2026-08-03T17:31:59.769Z'
}
{
  hotelId: 'd29b2e2a-8af1-4273-8f2d-87053225f461',
  level: 'info',
  message: '[BookingController] Get hotel bookings',
  timestamp: '2026-08-03T17:31:59.800Z'
}
{
  hotelId: 'a9778731-bce8-4dbf-8b2f-ab2543bfdcdc',
  level: 'info',
  message: '[BookingController] Get hotel bookings',
  timestamp: '2026-08-03T17:31:59.803Z'
}
{
  hotelId: '09928f48-b9bb-4700-85d2-51b072eef2c9',
  level: 'info',
  message: '[BookingController] Get hotel bookings',
  timestamp: '2026-08-03T17:31:59.805Z'
}
{
  message: '[Cache Hit] Lấy thông tin hotel ID: d29b2e2a-8af1-4273-8f2d-87053225f461 từ Redis',
  level: 'debug',
  timestamp: '2026-08-03T17:31:59.808Z'
}
{
  message: '[Cache Hit] Lấy thông tin hotel ID: a9778731-bce8-4dbf-8b2f-ab2543bfdcdc từ Redis',
  level: 'debug',
  timestamp: '2026-08-03T17:31:59.809Z'
}
{
  message: '[Cache Hit] Lấy thông tin hotel ID: 09928f48-b9bb-4700-85d2-51b072eef2c9 từ Redis',
  level: 'debug',
  timestamp: '2026-08-03T17:31:59.809Z'
}
{
  hotelId: '1f63d07b-44ef-412e-8e8f-fc20853648c3',
  level: 'info',
  message: '[BookingController] Get hotel bookings',
  timestamp: '2026-08-03T17:31:59.822Z'
}
{
  hotelId: '61f3e4c1-cba1-48b1-851c-16bc9d413ec2',
  level: 'info',
  message: '[BookingController] Get hotel bookings',
  timestamp: '2026-08-03T17:31:59.825Z'
}
{
  message: '[Cache Hit] Lấy thông tin hotel ID: 1f63d07b-44ef-412e-8e8f-fc20853648c3 từ Redis',
  level: 'debug',
  timestamp: '2026-08-03T17:31:59.826Z'
}
{
  message: '[Cache Hit] Lấy thông tin hotel ID: 61f3e4c1-cba1-48b1-851c-16bc9d413ec2 từ Redis',
  level: 'debug',
  timestamp: '2026-08-03T17:31:59.827Z'
}
{
  hotelId: '47451836-dfa0-4b5c-b770-43e87150fe10',
  level: 'info',
  message: '[BookingController] Get hotel bookings',
  timestamp: '2026-08-03T17:31:59.829Z'
}
{
  message: '[Cache Hit] Lấy thông tin hotel ID: 47451836-dfa0-4b5c-b770-43e87150fe10 từ Redis',
  level: 'debug',
  timestamp: '2026-08-03T17:31:59.835Z'
}
{
  hotelId: 'fdfc5eb7-97ff-450b-9edf-723739f36d56',
  level: 'info',
  message: '[BookingController] Get hotel bookings',
  timestamp: '2026-08-03T17:31:59.859Z'
}
{
  message: '[Cache Hit] Lấy thông tin hotel ID: fdfc5eb7-97ff-450b-9edf-723739f36d56 từ Redis',
  level: 'debug',
  timestamp: '2026-08-03T17:31:59.862Z'
}
{
  hotelId: 'fda0f2da-56b2-46ac-afa7-7bb4e6d06edc',
  level: 'info',
  message: '[BookingController] Get hotel bookings',
  timestamp: '2026-08-03T17:31:59.871Z'
}
{
  message: '[Cache Hit] Lấy thông tin hotel ID: fda0f2da-56b2-46ac-afa7-7bb4e6d06edc từ Redis',
  level: 'debug',
  timestamp: '2026-08-03T17:31:59.872Z'
}
{
  hotelId: '45ea8129-6cde-4f0a-b8a5-701260e11966',
  level: 'info',
  message: '[BookingController] Get hotel bookings',
  timestamp: '2026-08-03T17:31:59.880Z'
}
{
  hotelId: 'db71d087-b5a7-47be-b2a3-04e168e623b9',
  level: 'info',
  message: '[BookingController] Get hotel bookings',
  timestamp: '2026-08-03T17:31:59.884Z'
}
{
  message: '[Cache Hit] Lấy thông tin hotel ID: 45ea8129-6cde-4f0a-b8a5-701260e11966 từ Redis',
  level: 'debug',
  timestamp: '2026-08-03T17:31:59.885Z'
}
{
  message: '[Cache Hit] Lấy thông tin hotel ID: db71d087-b5a7-47be-b2a3-04e168e623b9 từ Redis',
  level: 'debug',
  timestamp: '2026-08-03T17:31:59.885Z'
}
{
  hotelId: '3ff5cc53-9069-45bc-a39e-2295bebd3ea5',
  level: 'info',
  message: '[BookingController] Get hotel bookings',
  timestamp: '2026-08-03T17:31:59.892Z'
}
{
  hotelId: 'd79e14bd-e09b-49c3-80d7-4442133e57d6',
  level: 'info',
  message: '[BookingController] Get hotel bookings',
  timestamp: '2026-08-03T17:31:59.897Z'
}
{
  message: '[Cache Hit] Lấy thông tin hotel ID: 3ff5cc53-9069-45bc-a39e-2295bebd3ea5 từ Redis',
  level: 'debug',
  timestamp: '2026-08-03T17:31:59.899Z'
}
{
  message: '[Cache Hit] Lấy thông tin hotel ID: d79e14bd-e09b-49c3-80d7-4442133e57d6 từ Redis',
  level: 'debug',
  timestamp: '2026-08-03T17:31:59.900Z'
}
{
  hotelId: 'ae4ccd44-300e-4ca3-b16c-d3e71b6a0193',
  level: 'info',
  message: '[BookingController] Get hotel bookings',
  timestamp: '2026-08-03T17:31:59.905Z'
}
{
  hotelId: '52eb4a25-dcb7-4bea-81ac-9d12053bd2c0',
  level: 'info',
  message: '[BookingController] Get hotel bookings',
  timestamp: '2026-08-03T17:31:59.909Z'
}
{
  message: '[Cache Hit] Lấy thông tin hotel ID: ae4ccd44-300e-4ca3-b16c-d3e71b6a0193 từ Redis',
  level: 'debug',
  timestamp: '2026-08-03T17:31:59.910Z'
}
{
  message: '[Cache Hit] Lấy thông tin hotel ID: 52eb4a25-dcb7-4bea-81ac-9d12053bd2c0 từ Redis',
  level: 'debug',
  timestamp: '2026-08-03T17:31:59.911Z'
}
{
  hotelId: '6476b4b4-c8ba-4f05-a3ae-9ba776ad4be3',
  level: 'info',
  message: '[BookingController] Get hotel bookings',
  timestamp: '2026-08-03T17:31:59.916Z'
}
{
  hotelId: 'd29b2e2a-8af1-4273-8f2d-87053225f461',
  level: 'info',
  message: '[BookingController] Get hotel bookings',
  timestamp: '2026-08-03T17:31:59.920Z'
}
{
  message: '[Cache Hit] Lấy thông tin hotel ID: 6476b4b4-c8ba-4f05-a3ae-9ba776ad4be3 từ Redis',
  level: 'debug',
  timestamp: '2026-08-03T17:31:59.923Z'
}
{
  message: '[Cache Hit] Lấy thông tin hotel ID: d29b2e2a-8af1-4273-8f2d-87053225f461 từ Redis',
  level: 'debug',
  timestamp: '2026-08-03T17:31:59.925Z'
}
{
  hotelId: '09928f48-b9bb-4700-85d2-51b072eef2c9',
  level: 'info',
  message: '[BookingController] Get hotel bookings',
  timestamp: '2026-08-03T17:31:59.223Z'
}
{
  hotelId: 'a9778731-bce8-4dbf-8b2f-ab2543bfdcdc',
  level: 'info',
  message: '[BookingController] Get hotel bookings',
  timestamp: '2026-08-03T17:31:59.226Z'
}
{
  message: '[Cache Hit] Lấy thông tin hotel ID: 09928f48-b9bb-4700-85d2-51b072eef2c9 từ Redis',
  level: 'debug',
  timestamp: '2026-08-03T17:31:59.227Z'
}
{
  message: '[Cache Hit] Lấy thông tin hotel ID: a9778731-bce8-4dbf-8b2f-ab2543bfdcdc từ Redis',
  level: 'debug',
  timestamp: '2026-08-03T17:31:59.227Z'
}
{
  hotelId: '61f3e4c1-cba1-48b1-851c-16bc9d413ec2',
  level: 'info',
  message: '[BookingController] Get hotel bookings',
  timestamp: '2026-08-03T17:31:59.231Z'
}
{
  hotelId: '1f63d07b-44ef-412e-8e8f-fc20853648c3',
  level: 'info',
  message: '[BookingController] Get hotel bookings',
  timestamp: '2026-08-03T17:31:59.235Z'
}
{
  message: '[Cache Hit] Lấy thông tin hotel ID: 61f3e4c1-cba1-48b1-851c-16bc9d413ec2 từ Redis',
  level: 'debug',
  timestamp: '2026-08-03T17:31:59.236Z'
}
{
  message: '[Cache Hit] Lấy thông tin hotel ID: 1f63d07b-44ef-412e-8e8f-fc20853648c3 từ Redis',
  level: 'debug',
  timestamp: '2026-08-03T17:31:59.236Z'
}
{
  bookingId: '0a8ff75e-a805-4e15-aeca-2040a1196b25',
  level: 'info',
  message: '[BookingController] Update booking status',
  timestamp: '2026-08-03T17:32:04.734Z'
}
{
  message: '[Cache Hit] Lấy thông tin hotel ID: 09928f48-b9bb-4700-85d2-51b072eef2c9 từ Redis',
  level: 'debug',
  timestamp: '2026-08-03T17:32:04.740Z'
}
{
  userId: 'b88403bb-85f1-4be4-ac3b-a7abcc4e9a10',
  level: 'info',
  message: '[AuthController] Get Me',
  timestamp: '2026-08-03T17:32:13.699Z'
}
{
  message: 'Fetching user details for ID: b88403bb-85f1-4be4-ac3b-a7abcc4e9a10',
  level: 'debug',
  timestamp: '2026-08-03T17:32:13.700Z'
}
{
  message: '[Cache Miss] Tìm user ID: b88403bb-85f1-4be4-ac3b-a7abcc4e9a10 trong Database',
  level: 'debug',
  timestamp: '2026-08-03T17:32:13.701Z'
}
{
  userId: 'b88403bb-85f1-4be4-ac3b-a7abcc4e9a10',
  level: 'info',
  message: '[AuthController] Get Me',
  timestamp: '2026-08-03T17:32:13.753Z'
}
{
  message: 'Fetching user details for ID: b88403bb-85f1-4be4-ac3b-a7abcc4e9a10',
  level: 'debug',
  timestamp: '2026-08-03T17:32:13.754Z'
}
{
  message: '[Cache Hit] Lấy thông tin user ID: b88403bb-85f1-4be4-ac3b-a7abcc4e9a10 từ Redis',
  level: 'debug',
  timestamp: '2026-08-03T17:32:13.756Z'
}
{
  message: '[BookingController] Get user bookings',
  level: 'info',
  timestamp: '2026-08-03T17:32:13.898Z'
}
{
  message: '[BookingController] Get user bookings',
  level: 'info',
  timestamp: '2026-08-03T17:32:13.933Z'
}
{
  message: '[RoomController] Get rooms by roomType',
  level: 'info',
  timestamp: '2026-08-03T17:32:26.545Z'
}
{
  bookingId: '0a8ff75e-a805-4e15-aeca-2040a1196b25',
  level: 'info',
  message: '[BookingController] Update booking status',
  timestamp: '2026-08-03T17:32:36.591Z'
}
{
  message: '[Cache Miss] Tìm hotel ID: 09928f48-b9bb-4700-85d2-51b072eef2c9 trong Database',
  level: 'debug',
  timestamp: '2026-08-03T17:32:36.626Z'
}
{
  message: 'JWT Verification Error: jwt expired',
  level: 'error',
  timestamp: '2026-08-03T17:32:43.856Z'
}
{
  message: 'GLOBAL ERROR HANDLER CAUGHT: Error: Phiên đăng nhập đã hết hạn. Vui lòng lấy Token mới.\n' +
    '    at authMiddleware (/app/src/middlewares/authMiddleware.ts:80:9)\n' +
    '    at Layer.handleRequest (/app/node_modules/router/lib/layer.js:152:17)\n' +
    '    at trimPrefix (/app/node_modules/router/index.js:342:13)\n' +
    '    at /app/node_modules/router/index.js:297:9\n' +
    '    at processParams (/app/node_modules/router/index.js:582:12)\n' +
    '    at next (/app/node_modules/router/index.js:291:5)\n' +
    '    at Function.handle (/app/node_modules/router/index.js:186:3)\n' +
    '    at router (/app/node_modules/router/index.js:60:12)\n' +
    '    at Layer.handleRequest (/app/node_modules/router/lib/layer.js:152:17)\n' +
    '    at trimPrefix (/app/node_modules/router/index.js:342:13)',
  level: 'error',
  timestamp: '2026-08-03T17:32:43.856Z'
}
{
  message: '[AuthController] Refresh Tokens',
  level: 'info',
  timestamp: '2026-08-03T17:32:43.869Z'
}
{
  message: 'Fetching user details for ID: 0cbc0c7f-fda6-4929-b479-ad9d83ace8ce',
  level: 'debug',
  timestamp: '2026-08-03T17:32:43.875Z'
}
{
  message: '[Cache Hit] Lấy thông tin user ID: 0cbc0c7f-fda6-4929-b479-ad9d83ace8ce từ Redis',
  level: 'debug',
  timestamp: '2026-08-03T17:32:43.877Z'
}
{
  message: '[AuthService] Tokens refreshed successfully for user: agent1@booking.com',
  level: 'info',
  timestamp: '2026-08-03T17:32:43.892Z'
}
{
  bookingId: '0a8ff75e-a805-4e15-aeca-2040a1196b25',
  level: 'info',
  message: '[BookingController] Update payment status',
  timestamp: '2026-08-03T17:32:56.919Z'
}
{
  message: '[Cache Hit] Lấy thông tin hotel ID: 09928f48-b9bb-4700-85d2-51b072eef2c9 từ Redis',
  level: 'debug',
  timestamp: '2026-08-03T17:32:56.949Z'
}
{
  message: '[RoomController] Get rooms by roomType',
  level: 'info',
  timestamp: '2026-08-03T17:32:59.145Z'
}
{
  message: '[RoomController] Get rooms by roomType',
  level: 'info',
  timestamp: '2026-08-03T17:33:03.982Z'
}
{
  bookingId: '0a8ff75e-a805-4e15-aeca-2040a1196b25',
  level: 'info',
  message: '[BookingController] Update booking status',
  timestamp: '2026-08-03T17:33:05.646Z'
}
{
  message: '[Cache Hit] Lấy thông tin hotel ID: 09928f48-b9bb-4700-85d2-51b072eef2c9 từ Redis',
  level: 'debug',
  timestamp: '2026-08-03T17:33:05.654Z'
}
{
  bookingId: '0a8ff75e-a805-4e15-aeca-2040a1196b25',
  level: 'info',
  message: '[BookingController] Update booking status',
  timestamp: '2026-08-03T17:33:08.558Z'
}
{
  message: '[Cache Hit] Lấy thông tin hotel ID: 09928f48-b9bb-4700-85d2-51b072eef2c9 từ Redis',
  level: 'debug',
  timestamp: '2026-08-03T17:33:08.566Z'
}
{
  message: '[Cache Hit] Lấy danh sách điểm đến hoạt động từ Redis',
  level: 'debug',
  timestamp: '2026-08-03T17:33:16.267Z'
}
{
  page: '1',
  limit: '10',
  status: 'ACTIVE',
  level: 'info',
  message: '[HotelController] Get all hotels with queries',
  timestamp: '2026-08-03T17:33:16.272Z'
}
{
  message: '[Cache Hit] Lấy danh sách điểm đến hoạt động từ Redis',
  level: 'debug',
  timestamp: '2026-08-03T17:33:16.283Z'
}
{
  page: '1',
  limit: '10',
  status: 'ACTIVE',
  level: 'info',
  message: '[HotelController] Get all hotels with queries',
  timestamp: '2026-08-03T17:33:16.289Z'
}
{
  message: '[Cache Hit] Lấy danh sách điểm đến hoạt động từ Redis',
  level: 'debug',
  timestamp: '2026-08-03T17:33:16.296Z'
}
{
  message: '[Cache Hit] Lấy danh sách điểm đến hoạt động từ Redis',
  level: 'debug',
  timestamp: '2026-08-03T17:33:16.305Z'
}
{
  message: '[Cache Hit] Lấy danh sách điểm đến hoạt động từ Redis',
  level: 'debug',
  timestamp: '2026-08-03T17:33:26.478Z'
}
{
  message: '[Cache Hit] Lấy danh sách điểm đến hoạt động từ Redis',
  level: 'debug',
  timestamp: '2026-08-03T17:33:26.486Z'
}
{
  query: [Object: null prototype] {
    location: 'Sa Pa',
    checkInDate: '2026-08-06',
    checkOutDate: '2026-08-08',
    adults: '2',
    children: '0',
    rooms: '1'
  },
  level: 'info',
  message: '[SearchController] Search hotels',
  timestamp: '2026-08-03T17:33:26.489Z'
}
{
  query: [Object: null prototype] {
    location: 'Sa Pa',
    checkInDate: '2026-08-06',
    checkOutDate: '2026-08-08',
    adults: '2',
    children: '0',
    rooms: '1'
  },
  level: 'info',
  message: '[SearchController] Search hotels',
  timestamp: '2026-08-03T17:33:26.538Z'
}
{
  hotelId: '45ea8129-6cde-4f0a-b8a5-701260e11966',
  level: 'info',
  message: '[HotelController] Get hotel by id',
  timestamp: '2026-08-03T17:33:27.701Z'
}
{
  message: '[Cache Hit] Lấy thông tin hotel ID: 45ea8129-6cde-4f0a-b8a5-701260e11966 từ Redis',
  level: 'debug',
  timestamp: '2026-08-03T17:33:27.702Z'
}
{
  hotelId: '45ea8129-6cde-4f0a-b8a5-701260e11966',
  level: 'info',
  message: '[HotelController] Get hotel by id',
  timestamp: '2026-08-03T17:33:27.705Z'
}
{
  message: '[Cache Hit] Lấy thông tin hotel ID: 45ea8129-6cde-4f0a-b8a5-701260e11966 từ Redis',
  level: 'debug',
  timestamp: '2026-08-03T17:33:27.706Z'
}
{
  message: '[BookingController] Create booking',
  level: 'info',
  timestamp: '2026-08-03T17:33:40.650Z'
}
{
  message: '[BookingController] Get user bookings',
  level: 'info',
  timestamp: '2026-08-03T17:33:40.851Z'
}
{
  message: '[BookingController] Get user bookings',
  level: 'info',
  timestamp: '2026-08-03T17:33:40.935Z'
}
{
  message: '[HotelController] Get my hotels',
  level: 'info',
  timestamp: '2026-08-03T17:33:55.500Z'
}
{
  hotelId: '47451836-dfa0-4b5c-b770-43e87150fe10',
  level: 'info',
  message: '[BookingController] Get hotel bookings',
  timestamp: '2026-08-03T17:33:55.551Z'
}
{
  message: '[Cache Hit] Lấy thông tin hotel ID: 47451836-dfa0-4b5c-b770-43e87150fe10 từ Redis',
  level: 'debug',
  timestamp: '2026-08-03T17:33:55.558Z'
}
{
  hotelId: '6476b4b4-c8ba-4f05-a3ae-9ba776ad4be3',
  level: 'info',
  message: '[BookingController] Get hotel bookings',
  timestamp: '2026-08-03T17:33:55.576Z'
}
{
  message: '[Cache Hit] Lấy thông tin hotel ID: 6476b4b4-c8ba-4f05-a3ae-9ba776ad4be3 từ Redis',
  level: 'debug',
  timestamp: '2026-08-03T17:33:55.585Z'
}
{
  hotelId: 'd79e14bd-e09b-49c3-80d7-4442133e57d6',
  level: 'info',
  message: '[BookingController] Get hotel bookings',
  timestamp: '2026-08-03T17:33:55.595Z'
}
{
  hotelId: '3ff5cc53-9069-45bc-a39e-2295bebd3ea5',
  level: 'info',
  message: '[BookingController] Get hotel bookings',
  timestamp: '2026-08-03T17:33:55.598Z'
}
{
  message: '[Cache Hit] Lấy thông tin hotel ID: d79e14bd-e09b-49c3-80d7-4442133e57d6 từ Redis',
  level: 'debug',
  timestamp: '2026-08-03T17:33:55.600Z'
}
{
  message: '[Cache Hit] Lấy thông tin hotel ID: 3ff5cc53-9069-45bc-a39e-2295bebd3ea5 từ Redis',
  level: 'debug',
  timestamp: '2026-08-03T17:33:55.600Z'
}
{
  hotelId: 'fda0f2da-56b2-46ac-afa7-7bb4e6d06edc',
  level: 'info',
  message: '[BookingController] Get hotel bookings',
  timestamp: '2026-08-03T17:33:55.603Z'
}
{
  message: '[Cache Hit] Lấy thông tin hotel ID: fda0f2da-56b2-46ac-afa7-7bb4e6d06edc từ Redis',
  level: 'debug',
  timestamp: '2026-08-03T17:33:55.604Z'
}
{
  hotelId: '45ea8129-6cde-4f0a-b8a5-701260e11966',
  level: 'info',
  message: '[BookingController] Get hotel bookings',
  timestamp: '2026-08-03T17:33:55.612Z'
}
{
  message: '[Cache Hit] Lấy thông tin hotel ID: 45ea8129-6cde-4f0a-b8a5-701260e11966 từ Redis',
  level: 'debug',
  timestamp: '2026-08-03T17:33:55.613Z'
}
{
  hotelId: '52eb4a25-dcb7-4bea-81ac-9d12053bd2c0',
  level: 'info',
  message: '[BookingController] Get hotel bookings',
  timestamp: '2026-08-03T17:33:55.618Z'
}
{
  hotelId: '61f3e4c1-cba1-48b1-851c-16bc9d413ec2',
  level: 'info',
  message: '[BookingController] Get hotel bookings',
  timestamp: '2026-08-03T17:33:55.620Z'
}
{
  hotelId: 'd29b2e2a-8af1-4273-8f2d-87053225f461',
  level: 'info',
  message: '[BookingController] Get hotel bookings',
  timestamp: '2026-08-03T17:33:55.622Z'
}
{
  message: '[Cache Hit] Lấy thông tin hotel ID: 52eb4a25-dcb7-4bea-81ac-9d12053bd2c0 từ Redis',
  level: 'debug',
  timestamp: '2026-08-03T17:33:55.623Z'
}
{
  message: '[Cache Hit] Lấy thông tin hotel ID: 61f3e4c1-cba1-48b1-851c-16bc9d413ec2 từ Redis',
  level: 'debug',
  timestamp: '2026-08-03T17:33:55.624Z'
}
{
  message: '[Cache Hit] Lấy thông tin hotel ID: d29b2e2a-8af1-4273-8f2d-87053225f461 từ Redis',
  level: 'debug',
  timestamp: '2026-08-03T17:33:55.626Z'
}
{
  hotelId: 'a9778731-bce8-4dbf-8b2f-ab2543bfdcdc',
  level: 'info',
  message: '[BookingController] Get hotel bookings',
  timestamp: '2026-08-03T17:33:55.631Z'
}
{
  hotelId: 'fdfc5eb7-97ff-450b-9edf-723739f36d56',
  level: 'info',
  message: '[BookingController] Get hotel bookings',
  timestamp: '2026-08-03T17:33:55.633Z'
}
{
  message: '[Cache Hit] Lấy thông tin hotel ID: a9778731-bce8-4dbf-8b2f-ab2543bfdcdc từ Redis',
  level: 'debug',
  timestamp: '2026-08-03T17:33:55.634Z'
}
{
  message: '[Cache Hit] Lấy thông tin hotel ID: fdfc5eb7-97ff-450b-9edf-723739f36d56 từ Redis',
  level: 'debug',
  timestamp: '2026-08-03T17:33:55.634Z'
}
{
  hotelId: '09928f48-b9bb-4700-85d2-51b072eef2c9',
  level: 'info',
  message: '[BookingController] Get hotel bookings',
  timestamp: '2026-08-03T17:33:55.648Z'
}
{
  hotelId: 'db71d087-b5a7-47be-b2a3-04e168e623b9',
  level: 'info',
  message: '[BookingController] Get hotel bookings',
  timestamp: '2026-08-03T17:33:55.650Z'
}
{
  hotelId: '1f63d07b-44ef-412e-8e8f-fc20853648c3',
  level: 'info',
  message: '[BookingController] Get hotel bookings',
  timestamp: '2026-08-03T17:33:55.653Z'
}
{
  message: '[Cache Hit] Lấy thông tin hotel ID: 09928f48-b9bb-4700-85d2-51b072eef2c9 từ Redis',
  level: 'debug',
  timestamp: '2026-08-03T17:33:55.655Z'
}
{
  message: '[Cache Hit] Lấy thông tin hotel ID: db71d087-b5a7-47be-b2a3-04e168e623b9 từ Redis',
  level: 'debug',
  timestamp: '2026-08-03T17:33:55.655Z'
}
{
  message: '[Cache Hit] Lấy thông tin hotel ID: 1f63d07b-44ef-412e-8e8f-fc20853648c3 từ Redis',
  level: 'debug',
  timestamp: '2026-08-03T17:33:55.655Z'
}
{
  hotelId: 'ae4ccd44-300e-4ca3-b16c-d3e71b6a0193',
  level: 'info',
  message: '[BookingController] Get hotel bookings',
  timestamp: '2026-08-03T17:33:55.658Z'
}
{
  message: '[Cache Hit] Lấy thông tin hotel ID: ae4ccd44-300e-4ca3-b16c-d3e71b6a0193 từ Redis',
  level: 'debug',
  timestamp: '2026-08-03T17:33:55.661Z'
}
{
  bookingId: '70d8de45-a8aa-4ac6-98b5-20bdd85bd3de',
  level: 'info',
  message: '[BookingController] Update booking status',
  timestamp: '2026-08-03T17:33:58.519Z'
}
{
  message: '[Cache Hit] Lấy thông tin hotel ID: 45ea8129-6cde-4f0a-b8a5-701260e11966 từ Redis',
  level: 'debug',
  timestamp: '2026-08-03T17:33:58.535Z'
}
{
  message: '[RoomController] Get rooms by roomType',
  level: 'info',
  timestamp: '2026-08-03T17:33:59.843Z'
}
{
  bookingId: '70d8de45-a8aa-4ac6-98b5-20bdd85bd3de',
  level: 'info',
  message: '[BookingController] Update booking status',
  timestamp: '2026-08-03T17:34:02.866Z'
}
{
  message: '[Cache Hit] Lấy thông tin hotel ID: 45ea8129-6cde-4f0a-b8a5-701260e11966 từ Redis',
  level: 'debug',
  timestamp: '2026-08-03T17:34:02.879Z'
}
{
  bookingId: '70d8de45-a8aa-4ac6-98b5-20bdd85bd3de',
  level: 'info',
  message: '[BookingController] Update payment status',
  timestamp: '2026-08-03T17:34:05.258Z'
}
{
  message: '[Cache Hit] Lấy thông tin hotel ID: 45ea8129-6cde-4f0a-b8a5-701260e11966 từ Redis',
  level: 'debug',
  timestamp: '2026-08-03T17:34:05.264Z'
}
{
  message: '[RoomController] Get rooms by roomType',
  level: 'info',
  timestamp: '2026-08-03T17:34:09.329Z'
}
{
  bookingId: '70d8de45-a8aa-4ac6-98b5-20bdd85bd3de',
  level: 'info',
  message: '[BookingController] Update booking status',
  timestamp: '2026-08-03T17:34:11.243Z'
}
{
  message: '[Cache Hit] Lấy thông tin hotel ID: 45ea8129-6cde-4f0a-b8a5-701260e11966 từ Redis',
  level: 'debug',
  timestamp: '2026-08-03T17:34:11.257Z'
}
{
  bookingId: '70d8de45-a8aa-4ac6-98b5-20bdd85bd3de',
  level: 'info',
  message: '[BookingController] Update booking status',
  timestamp: '2026-08-03T17:34:36.143Z'
}
{
  message: '[Cache Hit] Lấy thông tin hotel ID: 45ea8129-6cde-4f0a-b8a5-701260e11966 từ Redis',
  level: 'debug',
  timestamp: '2026-08-03T17:34:36.187Z'
}
{
  message: '[Cache Hit] Lấy danh sách điểm đến hoạt động từ Redis',
  level: 'debug',
  timestamp: '2026-08-03T17:34:38.523Z'
}
{
  page: '1',
  limit: '10',
  status: 'ACTIVE',
  level: 'info',
  message: '[HotelController] Get all hotels with queries',
  timestamp: '2026-08-03T17:34:38.527Z'
}
{
  message: '[Cache Hit] Lấy danh sách điểm đến hoạt động từ Redis',
  level: 'debug',
  timestamp: '2026-08-03T17:34:38.531Z'
}
{
  page: '1',
  limit: '10',
  status: 'ACTIVE',
  level: 'info',
  message: '[HotelController] Get all hotels with queries',
  timestamp: '2026-08-03T17:34:38.547Z'
}
{
  message: '[Cache Hit] Lấy danh sách điểm đến hoạt động từ Redis',
  level: 'debug',
  timestamp: '2026-08-03T17:34:38.558Z'
}
{
  message: '[Cache Hit] Lấy danh sách điểm đến hoạt động từ Redis',
  level: 'debug',
  timestamp: '2026-08-03T17:34:38.571Z'
}
{
  message: '[Cache Hit] Lấy danh sách điểm đến hoạt động từ Redis',
  level: 'debug',
  timestamp: '2026-08-03T17:34:44.949Z'
}
{
  query: [Object: null prototype] {
    location: 'Hà Nội',
    checkInDate: '2026-08-05',
    checkOutDate: '2026-08-07',
    adults: '2',
    children: '0',
    rooms: '1'
  },
  level: 'info',
  message: '[SearchController] Search hotels',
  timestamp: '2026-08-03T17:34:44.954Z'
}
{
  message: '[Cache Hit] Lấy danh sách điểm đến hoạt động từ Redis',
  level: 'debug',
  timestamp: '2026-08-03T17:34:44.967Z'
}
{
  query: [Object: null prototype] {
    location: 'Hà Nội',
    checkInDate: '2026-08-05',
    checkOutDate: '2026-08-07',
    adults: '2',
    children: '0',
    rooms: '1'
  },
  level: 'info',
  message: '[SearchController] Search hotels',
  timestamp: '2026-08-03T17:34:44.985Z'
}
{
  hotelId: '09928f48-b9bb-4700-85d2-51b072eef2c9',
  level: 'info',
  message: '[HotelController] Get hotel by id',
  timestamp: '2026-08-03T17:34:47.460Z'
}
{
  message: '[Cache Hit] Lấy thông tin hotel ID: 09928f48-b9bb-4700-85d2-51b072eef2c9 từ Redis',
  level: 'debug',
  timestamp: '2026-08-03T17:34:47.462Z'
}
{
  hotelId: '09928f48-b9bb-4700-85d2-51b072eef2c9',
  level: 'info',
  message: '[HotelController] Get hotel by id',
  timestamp: '2026-08-03T17:34:47.472Z'
}
{
  message: '[Cache Hit] Lấy thông tin hotel ID: 09928f48-b9bb-4700-85d2-51b072eef2c9 từ Redis',
  level: 'debug',
  timestamp: '2026-08-03T17:34:47.473Z'
}
{
  message: 'JWT Verification Error: jwt expired',
  level: 'error',
  timestamp: '2026-08-03T17:34:54.876Z'
}
{
  message: 'GLOBAL ERROR HANDLER CAUGHT: Error: Phiên đăng nhập đã hết hạn. Vui lòng lấy Token mới.\n' +
    '    at authMiddleware (/app/src/middlewares/authMiddleware.ts:80:9)\n' +
    '    at Layer.handleRequest (/app/node_modules/router/lib/layer.js:152:17)\n' +
    '    at next (/app/node_modules/router/lib/route.js:157:13)\n' +
    '    at Route.dispatch (/app/node_modules/router/lib/route.js:117:3)\n' +
    '    at handle (/app/node_modules/router/index.js:435:11)\n' +
    '    at Layer.handleRequest (/app/node_modules/router/lib/layer.js:152:17)\n' +
    '    at /app/node_modules/router/index.js:295:15\n' +
    '    at processParams (/app/node_modules/router/index.js:582:12)\n' +
    '    at next (/app/node_modules/router/index.js:291:5)\n' +
    '    at Function.handle (/app/node_modules/router/index.js:186:3)',
  level: 'error',
  timestamp: '2026-08-03T17:34:54.877Z'
}
{
  message: '[AuthController] Refresh Tokens',
  level: 'info',
  timestamp: '2026-08-03T17:34:54.890Z'
}
{
  message: 'Fetching user details for ID: b88403bb-85f1-4be4-ac3b-a7abcc4e9a10',
  level: 'debug',
  timestamp: '2026-08-03T17:34:54.927Z'
}
{
  message: '[Cache Hit] Lấy thông tin user ID: b88403bb-85f1-4be4-ac3b-a7abcc4e9a10 từ Redis',
  level: 'debug',
  timestamp: '2026-08-03T17:34:54.928Z'
}
{
  message: '[AuthService] Tokens refreshed successfully for user: locdz8c@gmail.com',
  level: 'info',
  timestamp: '2026-08-03T17:34:54.963Z'
}
{
  message: '[BookingController] Create booking',
  level: 'info',
  timestamp: '2026-08-03T17:34:54.998Z'
}
{
  message: '[BookingController] Get user bookings',
  level: 'info',
  timestamp: '2026-08-03T17:34:55.120Z'
}
{
  message: '[BookingController] Get user bookings',
  level: 'info',
  timestamp: '2026-08-03T17:34:55.163Z'
}
{
  message: '[SchedulerService] Đang kiểm tra các booking hết hạn thanh toán...',
  level: 'info',
  timestamp: '2026-08-03T17:35:00.006Z'
}
{
  userId: '0cbc0c7f-fda6-4929-b479-ad9d83ace8ce',
  level: 'info',
  message: '[AuthController] Get Me',
  timestamp: '2026-08-03T17:35:07.564Z'
}
{
  message: 'Fetching user details for ID: 0cbc0c7f-fda6-4929-b479-ad9d83ace8ce',
  level: 'debug',
  timestamp: '2026-08-03T17:35:07.564Z'
}
{
  message: '[Cache Miss] Tìm user ID: 0cbc0c7f-fda6-4929-b479-ad9d83ace8ce trong Database',
  level: 'debug',
  timestamp: '2026-08-03T17:35:07.568Z'
}
{
  userId: '0cbc0c7f-fda6-4929-b479-ad9d83ace8ce',
  level: 'info',
  message: '[AuthController] Get Me',
  timestamp: '2026-08-03T17:35:07.589Z'
}
{
  message: 'Fetching user details for ID: 0cbc0c7f-fda6-4929-b479-ad9d83ace8ce',
  level: 'debug',
  timestamp: '2026-08-03T17:35:07.589Z'
}
{
  message: '[Cache Hit] Lấy thông tin user ID: 0cbc0c7f-fda6-4929-b479-ad9d83ace8ce từ Redis',
  level: 'debug',
  timestamp: '2026-08-03T17:35:07.591Z'
}
{
  message: '[HotelController] Get my hotels',
  level: 'info',
  timestamp: '2026-08-03T17:35:07.990Z'
}
{
  message: '[HotelController] Get my hotels',
  level: 'info',
  timestamp: '2026-08-03T17:35:08.052Z'
}
{
  hotelId: '47451836-dfa0-4b5c-b770-43e87150fe10',
  level: 'info',
  message: '[BookingController] Get hotel bookings',
  timestamp: '2026-08-03T17:35:08.087Z'
}
{
  hotelId: 'ae4ccd44-300e-4ca3-b16c-d3e71b6a0193',
  level: 'info',
  message: '[BookingController] Get hotel bookings',
  timestamp: '2026-08-03T17:35:08.102Z'
}
{
  message: '[Cache Miss] Tìm hotel ID: 47451836-dfa0-4b5c-b770-43e87150fe10 trong Database',
  level: 'debug',
  timestamp: '2026-08-03T17:35:08.108Z'
}
{
  message: '[Cache Miss] Tìm hotel ID: ae4ccd44-300e-4ca3-b16c-d3e71b6a0193 trong Database',
  level: 'debug',
  timestamp: '2026-08-03T17:35:08.110Z'
}
{
  hotelId: 'fda0f2da-56b2-46ac-afa7-7bb4e6d06edc',
  level: 'info',
  message: '[BookingController] Get hotel bookings',
  timestamp: '2026-08-03T17:35:08.180Z'
}
{
  message: '[Cache Miss] Tìm hotel ID: fda0f2da-56b2-46ac-afa7-7bb4e6d06edc trong Database',
  level: 'debug',
  timestamp: '2026-08-03T17:35:08.181Z'
}
{
  hotelId: 'd29b2e2a-8af1-4273-8f2d-87053225f461',
  level: 'info',
  message: '[BookingController] Get hotel bookings',
  timestamp: '2026-08-03T17:35:08.197Z'
}
{
  message: '[Cache Miss] Tìm hotel ID: d29b2e2a-8af1-4273-8f2d-87053225f461 trong Database',
  level: 'debug',
  timestamp: '2026-08-03T17:35:08.198Z'
}
{
  hotelId: '52eb4a25-dcb7-4bea-81ac-9d12053bd2c0',
  level: 'info',
  message: '[BookingController] Get hotel bookings',
  timestamp: '2026-08-03T17:35:08.207Z'
}
{
  hotelId: '6476b4b4-c8ba-4f05-a3ae-9ba776ad4be3',
  level: 'info',
  message: '[BookingController] Get hotel bookings',
  timestamp: '2026-08-03T17:35:08.214Z'
}
{
  hotelId: 'fdfc5eb7-97ff-450b-9edf-723739f36d56',
  level: 'info',
  message: '[BookingController] Get hotel bookings',
  timestamp: '2026-08-03T17:35:08.219Z'
}
{
  message: '[Cache Miss] Tìm hotel ID: 52eb4a25-dcb7-4bea-81ac-9d12053bd2c0 trong Database',
  level: 'debug',
  timestamp: '2026-08-03T17:35:08.220Z'
}
{
  message: '[Cache Miss] Tìm hotel ID: 6476b4b4-c8ba-4f05-a3ae-9ba776ad4be3 trong Database',
  level: 'debug',
  timestamp: '2026-08-03T17:35:08.221Z'
}
{
  message: '[Cache Miss] Tìm hotel ID: fdfc5eb7-97ff-450b-9edf-723739f36d56 trong Database',
  level: 'debug',
  timestamp: '2026-08-03T17:35:08.221Z'
}
{
  hotelId: 'd79e14bd-e09b-49c3-80d7-4442133e57d6',
  level: 'info',
  message: '[BookingController] Get hotel bookings',
  timestamp: '2026-08-03T17:35:08.242Z'
}
{
  message: '[Cache Miss] Tìm hotel ID: d79e14bd-e09b-49c3-80d7-4442133e57d6 trong Database',
  level: 'debug',
  timestamp: '2026-08-03T17:35:08.243Z'
}
{
  hotelId: '45ea8129-6cde-4f0a-b8a5-701260e11966',
  level: 'info',
  message: '[BookingController] Get hotel bookings',
  timestamp: '2026-08-03T17:35:08.258Z'
}
{
  message: '[Cache Miss] Tìm hotel ID: 45ea8129-6cde-4f0a-b8a5-701260e11966 trong Database',
  level: 'debug',
  timestamp: '2026-08-03T17:35:08.262Z'
}
{
  hotelId: '61f3e4c1-cba1-48b1-851c-16bc9d413ec2',
  level: 'info',
  message: '[BookingController] Get hotel bookings',
  timestamp: '2026-08-03T17:35:08.273Z'
}
{
  message: '[Cache Miss] Tìm hotel ID: 61f3e4c1-cba1-48b1-851c-16bc9d413ec2 trong Database',
  level: 'debug',
  timestamp: '2026-08-03T17:35:08.277Z'
}
{
  hotelId: 'a9778731-bce8-4dbf-8b2f-ab2543bfdcdc',
  level: 'info',
  message: '[BookingController] Get hotel bookings',
  timestamp: '2026-08-03T17:35:08.296Z'
}
{
  message: '[Cache Miss] Tìm hotel ID: a9778731-bce8-4dbf-8b2f-ab2543bfdcdc trong Database',
  level: 'debug',
  timestamp: '2026-08-03T17:35:08.303Z'
}
{
  hotelId: '3ff5cc53-9069-45bc-a39e-2295bebd3ea5',
  level: 'info',
  message: '[BookingController] Get hotel bookings',
  timestamp: '2026-08-03T17:35:08.316Z'
}
{
  message: '[Cache Miss] Tìm hotel ID: 3ff5cc53-9069-45bc-a39e-2295bebd3ea5 trong Database',
  level: 'debug',
  timestamp: '2026-08-03T17:35:08.319Z'
}
{
  hotelId: 'db71d087-b5a7-47be-b2a3-04e168e623b9',
  level: 'info',
  message: '[BookingController] Get hotel bookings',
  timestamp: '2026-08-03T17:35:08.330Z'
}
{
  hotelId: '1f63d07b-44ef-412e-8e8f-fc20853648c3',
  level: 'info',
  message: '[BookingController] Get hotel bookings',
  timestamp: '2026-08-03T17:35:08.335Z'
}
{
  hotelId: '09928f48-b9bb-4700-85d2-51b072eef2c9',
  level: 'info',
  message: '[BookingController] Get hotel bookings',
  timestamp: '2026-08-03T17:35:08.340Z'
}
{
  message: '[Cache Miss] Tìm hotel ID: db71d087-b5a7-47be-b2a3-04e168e623b9 trong Database',
  level: 'debug',
  timestamp: '2026-08-03T17:35:08.348Z'
}
{
  message: '[Cache Miss] Tìm hotel ID: 1f63d07b-44ef-412e-8e8f-fc20853648c3 trong Database',
  level: 'debug',
  timestamp: '2026-08-03T17:35:08.348Z'
}
{
  message: '[Cache Hit] Lấy thông tin hotel ID: 09928f48-b9bb-4700-85d2-51b072eef2c9 từ Redis',
  level: 'debug',
  timestamp: '2026-08-03T17:35:08.348Z'
}
{
  hotelId: '47451836-dfa0-4b5c-b770-43e87150fe10',
  level: 'info',
  message: '[BookingController] Get hotel bookings',
  timestamp: '2026-08-03T17:35:08.366Z'
}
{
  message: '[Cache Hit] Lấy thông tin hotel ID: 47451836-dfa0-4b5c-b770-43e87150fe10 từ Redis',
  level: 'debug',
  timestamp: '2026-08-03T17:35:08.372Z'
}
{
  hotelId: 'ae4ccd44-300e-4ca3-b16c-d3e71b6a0193',
  level: 'info',
  message: '[BookingController] Get hotel bookings',
  timestamp: '2026-08-03T17:35:08.389Z'
}
{
  hotelId: 'fda0f2da-56b2-46ac-afa7-7bb4e6d06edc',
  level: 'info',
  message: '[BookingController] Get hotel bookings',
  timestamp: '2026-08-03T17:35:08.393Z'
}
{
  message: '[Cache Hit] Lấy thông tin hotel ID: ae4ccd44-300e-4ca3-b16c-d3e71b6a0193 từ Redis',
  level: 'debug',
  timestamp: '2026-08-03T17:35:08.394Z'
}
{
  message: '[Cache Hit] Lấy thông tin hotel ID: fda0f2da-56b2-46ac-afa7-7bb4e6d06edc từ Redis',
  level: 'debug',
  timestamp: '2026-08-03T17:35:08.394Z'
}
{
  hotelId: 'd79e14bd-e09b-49c3-80d7-4442133e57d6',
  level: 'info',
  message: '[BookingController] Get hotel bookings',
  timestamp: '2026-08-03T17:35:08.406Z'
}
{
  hotelId: '61f3e4c1-cba1-48b1-851c-16bc9d413ec2',
  level: 'info',
  message: '[BookingController] Get hotel bookings',
  timestamp: '2026-08-03T17:35:08.409Z'
}
{
  hotelId: 'd29b2e2a-8af1-4273-8f2d-87053225f461',
  level: 'info',
  message: '[BookingController] Get hotel bookings',
  timestamp: '2026-08-03T17:35:08.411Z'
}
{
  message: '[Cache Hit] Lấy thông tin hotel ID: d79e14bd-e09b-49c3-80d7-4442133e57d6 từ Redis',
  level: 'debug',
  timestamp: '2026-08-03T17:35:08.412Z'
}
{
  message: '[Cache Hit] Lấy thông tin hotel ID: 61f3e4c1-cba1-48b1-851c-16bc9d413ec2 từ Redis',
  level: 'debug',
  timestamp: '2026-08-03T17:35:08.413Z'
}
{
  message: '[Cache Hit] Lấy thông tin hotel ID: d29b2e2a-8af1-4273-8f2d-87053225f461 từ Redis',
  level: 'debug',
  timestamp: '2026-08-03T17:35:08.413Z'
}
{
  hotelId: '6476b4b4-c8ba-4f05-a3ae-9ba776ad4be3',
  level: 'info',
  message: '[BookingController] Get hotel bookings',
  timestamp: '2026-08-03T17:35:08.428Z'
}
{
  hotelId: '52eb4a25-dcb7-4bea-81ac-9d12053bd2c0',
  level: 'info',
  message: '[BookingController] Get hotel bookings',
  timestamp: '2026-08-03T17:35:08.430Z'
}
{
  hotelId: 'fdfc5eb7-97ff-450b-9edf-723739f36d56',
  level: 'info',
  message: '[BookingController] Get hotel bookings',
  timestamp: '2026-08-03T17:35:08.436Z'
}
{
  message: '[Cache Hit] Lấy thông tin hotel ID: 6476b4b4-c8ba-4f05-a3ae-9ba776ad4be3 từ Redis',
  level: 'debug',
  timestamp: '2026-08-03T17:35:08.437Z'
}
{
  message: '[Cache Hit] Lấy thông tin hotel ID: 52eb4a25-dcb7-4bea-81ac-9d12053bd2c0 từ Redis',
  level: 'debug',
  timestamp: '2026-08-03T17:35:08.437Z'
}
{
  message: '[Cache Hit] Lấy thông tin hotel ID: fdfc5eb7-97ff-450b-9edf-723739f36d56 từ Redis',
  level: 'debug',
  timestamp: '2026-08-03T17:35:08.438Z'
}
{
  hotelId: 'a9778731-bce8-4dbf-8b2f-ab2543bfdcdc',
  level: 'info',
  message: '[BookingController] Get hotel bookings',
  timestamp: '2026-08-03T17:35:08.445Z'
}
{
  hotelId: '3ff5cc53-9069-45bc-a39e-2295bebd3ea5',
  level: 'info',
  message: '[BookingController] Get hotel bookings',
  timestamp: '2026-08-03T17:35:08.447Z'
}
{
  hotelId: '45ea8129-6cde-4f0a-b8a5-701260e11966',
  level: 'info',
  message: '[BookingController] Get hotel bookings',
  timestamp: '2026-08-03T17:35:08.451Z'
}
{
  message: '[Cache Hit] Lấy thông tin hotel ID: a9778731-bce8-4dbf-8b2f-ab2543bfdcdc từ Redis',
  level: 'debug',
  timestamp: '2026-08-03T17:35:08.454Z'
}
{
  message: '[Cache Hit] Lấy thông tin hotel ID: 3ff5cc53-9069-45bc-a39e-2295bebd3ea5 từ Redis',
  level: 'debug',
  timestamp: '2026-08-03T17:35:08.454Z'
}
{
  message: '[Cache Hit] Lấy thông tin hotel ID: 45ea8129-6cde-4f0a-b8a5-701260e11966 từ Redis',
  level: 'debug',
  timestamp: '2026-08-03T17:35:08.454Z'
}
{
  hotelId: 'db71d087-b5a7-47be-b2a3-04e168e623b9',
  level: 'info',
  message: '[BookingController] Get hotel bookings',
  timestamp: '2026-08-03T17:35:08.467Z'
}
{
  hotelId: '1f63d07b-44ef-412e-8e8f-fc20853648c3',
  level: 'info',
  message: '[BookingController] Get hotel bookings',
  timestamp: '2026-08-03T17:35:08.470Z'
}
{
  hotelId: '09928f48-b9bb-4700-85d2-51b072eef2c9',
  level: 'info',
  message: '[BookingController] Get hotel bookings',
  timestamp: '2026-08-03T17:35:08.473Z'
}
{
  message: '[Cache Hit] Lấy thông tin hotel ID: db71d087-b5a7-47be-b2a3-04e168e623b9 từ Redis',
  level: 'debug',
  timestamp: '2026-08-03T17:35:08.478Z'
}
{
  message: '[Cache Hit] Lấy thông tin hotel ID: 1f63d07b-44ef-412e-8e8f-fc20853648c3 từ Redis',
  level: 'debug',
  timestamp: '2026-08-03T17:35:08.479Z'
}
{
  message: '[Cache Hit] Lấy thông tin hotel ID: 09928f48-b9bb-4700-85d2-51b072eef2c9 từ Redis',
  level: 'debug',
  timestamp: '2026-08-03T17:35:08.480Z'
}
{
  bookingId: 'cefe1d1b-dd91-4600-8847-e107487402cf',
  level: 'info',
  message: '[BookingController] Update booking status',
  timestamp: '2026-08-03T17:35:13.776Z'
}
{
  message: '[Cache Hit] Lấy thông tin hotel ID: 09928f48-b9bb-4700-85d2-51b072eef2c9 từ Redis',
  level: 'debug',
  timestamp: '2026-08-03T17:35:13.784Z'
}
{
  bookingId: 'cefe1d1b-dd91-4600-8847-e107487402cf',
  level: 'info',
  message: '[BookingController] Update payment status',
  timestamp: '2026-08-03T17:35:16.406Z'
}
{
  message: '[Cache Hit] Lấy thông tin hotel ID: 09928f48-b9bb-4700-85d2-51b072eef2c9 từ Redis',
  level: 'debug',
  timestamp: '2026-08-03T17:35:16.415Z'
}
{
  message: '[RoomController] Get rooms by roomType',
  level: 'info',
  timestamp: '2026-08-03T17:35:15.818Z'
}
{
  bookingId: 'cefe1d1b-dd91-4600-8847-e107487402cf',
  level: 'info',
  message: '[BookingController] Update booking status',
  timestamp: '2026-08-03T17:35:18.977Z'
}
{
  message: '[Cache Hit] Lấy thông tin hotel ID: 09928f48-b9bb-4700-85d2-51b072eef2c9 từ Redis',
  level: 'debug',
  timestamp: '2026-08-03T17:35:18.988Z'
}
{
  message: 'JWT Verification Error: jwt expired',
  level: 'error',
  timestamp: '2026-08-03T17:35:52.339Z'
}
{
  message: 'GLOBAL ERROR HANDLER CAUGHT: Error: Phiên đăng nhập đã hết hạn. Vui lòng lấy Token mới.\n' +
    '    at authMiddleware (/app/src/middlewares/authMiddleware.ts:80:9)\n' +
    '    at Layer.handleRequest (/app/node_modules/router/lib/layer.js:152:17)\n' +
    '    at trimPrefix (/app/node_modules/router/index.js:342:13)\n' +
    '    at /app/node_modules/router/index.js:297:9\n' +
    '    at processParams (/app/node_modules/router/index.js:582:12)\n' +
    '    at next (/app/node_modules/router/index.js:291:5)\n' +
    '    at Function.handle (/app/node_modules/router/index.js:186:3)\n' +
    '    at router (/app/node_modules/router/index.js:60:12)\n' +
    '    at Layer.handleRequest (/app/node_modules/router/lib/layer.js:152:17)\n' +
    '    at trimPrefix (/app/node_modules/router/index.js:342:13)',
  level: 'error',
  timestamp: '2026-08-03T17:35:52.340Z'
}
{
  message: '[AuthController] Refresh Tokens',
  level: 'info',
  timestamp: '2026-08-03T17:35:52.351Z'
}
{
  message: 'Fetching user details for ID: 0cbc0c7f-fda6-4929-b479-ad9d83ace8ce',
  level: 'debug',
  timestamp: '2026-08-03T17:35:52.370Z'
}
{
  message: '[Cache Hit] Lấy thông tin user ID: 0cbc0c7f-fda6-4929-b479-ad9d83ace8ce từ Redis',
  level: 'debug',
  timestamp: '2026-08-03T17:35:52.371Z'
}
{
  message: '[AuthService] Tokens refreshed successfully for user: agent1@booking.com',
  level: 'info',
  timestamp: '2026-08-03T17:35:52.390Z'
}
{
  page: '1',
  limit: '10',
  status: 'ACTIVE',
  level: 'info',
  message: '[HotelController] Get all hotels with queries',
  timestamp: '2026-08-03T17:36:28.290Z'
}
{
  message: '[Cache Hit] Lấy danh sách điểm đến hoạt động từ Redis',
  level: 'debug',
  timestamp: '2026-08-03T17:36:28.294Z'
}
{
  page: '1',
  limit: '10',
  status: 'ACTIVE',
  level: 'info',
  message: '[HotelController] Get all hotels with queries',
  timestamp: '2026-08-03T17:36:28.297Z'
}
{
  message: '[Cache Hit] Lấy danh sách điểm đến hoạt động từ Redis',
  level: 'debug',
  timestamp: '2026-08-03T17:36:28.308Z'
}
{
  message: '[Cache Hit] Lấy danh sách điểm đến hoạt động từ Redis',
  level: 'debug',
  timestamp: '2026-08-03T17:36:28.319Z'
}
{
  message: '[Cache Hit] Lấy danh sách điểm đến hoạt động từ Redis',
  level: 'debug',
  timestamp: '2026-08-03T17:36:28.330Z'
}
{
  message: 'JWT Verification Error: jwt expired',
  level: 'error',
  timestamp: '2026-08-03T17:36:59.939Z'
}
{
  message: 'GLOBAL ERROR HANDLER CAUGHT: Error: Phiên đăng nhập đã hết hạn. Vui lòng lấy Token mới.\n' +
    '    at authMiddleware (/app/src/middlewares/authMiddleware.ts:80:9)\n' +
    '    at Layer.handleRequest (/app/node_modules/router/lib/layer.js:152:17)\n' +
    '    at next (/app/node_modules/router/lib/route.js:157:13)\n' +
    '    at Route.dispatch (/app/node_modules/router/lib/route.js:117:3)\n' +
    '    at handle (/app/node_modules/router/index.js:435:11)\n' +
    '    at Layer.handleRequest (/app/node_modules/router/lib/layer.js:152:17)\n' +
    '    at /app/node_modules/router/index.js:295:15\n' +
    '    at processParams (/app/node_modules/router/index.js:582:12)\n' +
    '    at next (/app/node_modules/router/index.js:291:5)\n' +
    '    at Function.handle (/app/node_modules/router/index.js:186:3)',
  level: 'error',
  timestamp: '2026-08-03T17:36:59.941Z'
}
{
  message: 'JWT Verification Error: jwt expired',
  level: 'error',
  timestamp: '2026-08-03T17:36:59.947Z'
}
{
  message: 'GLOBAL ERROR HANDLER CAUGHT: Error: Phiên đăng nhập đã hết hạn. Vui lòng lấy Token mới.\n' +
    '    at authMiddleware (/app/src/middlewares/authMiddleware.ts:80:9)\n' +
    '    at Layer.handleRequest (/app/node_modules/router/lib/layer.js:152:17)\n' +
    '    at next (/app/node_modules/router/lib/route.js:157:13)\n' +
    '    at Route.dispatch (/app/node_modules/router/lib/route.js:117:3)\n' +
    '    at handle (/app/node_modules/router/index.js:435:11)\n' +
    '    at Layer.handleRequest (/app/node_modules/router/lib/layer.js:152:17)\n' +
    '    at /app/node_modules/router/index.js:295:15\n' +
    '    at processParams (/app/node_modules/router/index.js:582:12)\n' +
    '    at next (/app/node_modules/router/index.js:291:5)\n' +
    '    at Function.handle (/app/node_modules/router/index.js:186:3)',
  level: 'error',
  timestamp: '2026-08-03T17:36:59.950Z'
}
{
  message: '[AuthController] Refresh Tokens',
  level: 'info',
  timestamp: '2026-08-03T17:36:59.963Z'
}
{
  message: 'Fetching user details for ID: 6173a954-cbea-43c4-bbf1-ace8f7b9bc1e',
  level: 'debug',
  timestamp: '2026-08-03T17:36:59.982Z'
}
{
  message: '[Cache Miss] Tìm user ID: 6173a954-cbea-43c4-bbf1-ace8f7b9bc1e trong Database',
  level: 'debug',
  timestamp: '2026-08-03T17:36:59.984Z'
}
{
  message: '[AuthService] Tokens refreshed successfully for user: tranhieudz2024@gmail.com',
  level: 'info',
  timestamp: '2026-08-03T17:37:00.014Z'
}
{
  userId: '6173a954-cbea-43c4-bbf1-ace8f7b9bc1e',
  level: 'info',
  message: '[AuthController] Get Me',
  timestamp: '2026-08-03T17:37:00.130Z'
}
{
  message: 'Fetching user details for ID: 6173a954-cbea-43c4-bbf1-ace8f7b9bc1e',
  level: 'debug',
  timestamp: '2026-08-03T17:37:00.130Z'
}
{
  message: '[Cache Hit] Lấy thông tin user ID: 6173a954-cbea-43c4-bbf1-ace8f7b9bc1e từ Redis',
  level: 'debug',
  timestamp: '2026-08-03T17:37:00.131Z'
}
{
  message: '[BookingController] Get user bookings',
  level: 'info',
  timestamp: '2026-08-03T17:37:00.134Z'
}
{
  userId: '6173a954-cbea-43c4-bbf1-ace8f7b9bc1e',
  level: 'info',
  message: '[AuthController] Get Me',
  timestamp: '2026-08-03T17:37:00.137Z'
}
{
  message: 'Fetching user details for ID: 6173a954-cbea-43c4-bbf1-ace8f7b9bc1e',
  level: 'debug',
  timestamp: '2026-08-03T17:37:00.138Z'
}
{
  message: '[Cache Hit] Lấy thông tin user ID: 6173a954-cbea-43c4-bbf1-ace8f7b9bc1e từ Redis',
  level: 'debug',
  timestamp: '2026-08-03T17:37:00.139Z'
}
{
  message: '[BookingController] Get user bookings',
  level: 'info',
  timestamp: '2026-08-03T17:37:00.167Z'
}
{
  message: 'Nhận tín hiệu SIGTERM. Đang đóng API Server...',
  level: 'info',
  timestamp: '2026-08-03T17:37:14.376Z'
}
{
  message: 'Express HTTP server đã đóng.',
  level: 'info',
  timestamp: '2026-08-03T17:37:14.383Z'
}
{
  message: '[Redis] Đã đóng kết nối Redis',
  level: 'info',
  timestamp: '2026-08-03T17:37:14.385Z'
}
{
  message: '[SchedulerService] Khởi tạo các cron job...',
  level: 'info',
  timestamp: '2026-08-03T18:23:34.957Z'
}
{
  message: 'Booking API Service đang chạy tại port 3000 (Môi trường: development)',
  level: 'info',
  timestamp: '2026-08-03T18:23:35.113Z'
}
{
  message: '[Redis] Kết nối thành công tới Redis server',
  level: 'info',
  timestamp: '2026-08-03T18:23:35.132Z'
}
{
  query: [Object: null prototype] {
    location: 'Hà Nội',
    checkInDate: '2026-08-05',
    checkOutDate: '2026-08-06',
    adults: '2',
    children: '0',
    rooms: '1'
  },
  level: 'info',
  message: '[SearchController] Search hotels',
  timestamp: '2026-08-03T18:23:49.380Z'
}
{
  message: '[Cache Hit] Lấy danh sách điểm đến hoạt động từ Redis',
  level: 'debug',
  timestamp: '2026-08-03T18:23:49.578Z'
}
{
  message: '[Cache Hit] Lấy danh sách điểm đến hoạt động từ Redis',
  level: 'debug',
  timestamp: '2026-08-03T18:23:49.623Z'
}
{
  query: [Object: null prototype] {
    location: 'Hà Nội',
    checkInDate: '2026-08-05',
    checkOutDate: '2026-08-06',
    adults: '2',
    children: '0',
    rooms: '1'
  },
  level: 'info',
  message: '[SearchController] Search hotels',
  timestamp: '2026-08-03T18:23:49.714Z'
}
{
  message: '[Cache Hit] Lấy danh sách điểm đến hoạt động từ Redis',
  level: 'debug',
  timestamp: '2026-08-03T18:24:02.082Z'
}
{
  page: '1',
  limit: '10',
  status: 'ACTIVE',
  level: 'info',
  message: '[HotelController] Get all hotels with queries',
  timestamp: '2026-08-03T18:24:02.089Z'
}
{
  message: '[Cache Hit] Lấy danh sách điểm đến hoạt động từ Redis',
  level: 'debug',
  timestamp: '2026-08-03T18:24:02.156Z'
}
{
  message: '[Cache Hit] Lấy danh sách điểm đến hoạt động từ Redis',
  level: 'debug',
  timestamp: '2026-08-03T18:24:02.185Z'
}
{
  message: '[Cache Hit] Lấy danh sách điểm đến hoạt động từ Redis',
  level: 'debug',
  timestamp: '2026-08-03T18:24:02.207Z'
}
{
  page: '1',
  limit: '10',
  status: 'ACTIVE',
  level: 'info',
  message: '[HotelController] Get all hotels with queries',
  timestamp: '2026-08-03T18:24:02.283Z'
}
{
  query: [Object: null prototype] {
    location: 'Hà Nội',
    adults: '2',
    children: '0',
    rooms: '1'
  },
  level: 'info',
  message: '[SearchController] Search hotels',
  timestamp: '2026-08-03T18:24:03.868Z'
}
{
  message: '[Cache Hit] Lấy danh sách điểm đến hoạt động từ Redis',
  level: 'debug',
  timestamp: '2026-08-03T18:24:03.878Z'
}
{
  message: '[Cache Hit] Lấy danh sách điểm đến hoạt động từ Redis',
  level: 'debug',
  timestamp: '2026-08-03T18:24:03.911Z'
}
{
  query: [Object: null prototype] {
    location: 'Hà Nội',
    adults: '2',
    children: '0',
    rooms: '1'
  },
  level: 'info',
  message: '[SearchController] Search hotels',
  timestamp: '2026-08-03T18:24:03.936Z'
}
{
  message: '[SchedulerService] Đang kiểm tra các booking hết hạn thanh toán...',
  level: 'info',
  timestamp: '2026-08-03T18:25:00.006Z'
}
{
  query: [Object: null prototype] {
    location: 'Hà Nội',
    adults: '2',
    children: '0',
    rooms: '1'
  },
  level: 'info',
  message: '[SearchController] Search hotels',
  timestamp: '2026-08-03T18:26:16.671Z'
}
{
  query: [Object: null prototype] {
    location: 'Hà Nội',
    adults: '2',
    children: '0',
    rooms: '1'
  },
  level: 'info',
  message: '[SearchController] Search hotels',
  timestamp: '2026-08-03T18:26:38.610Z'
}
{
  message: '[Cache Hit] Lấy danh sách điểm đến hoạt động từ Redis',
  level: 'debug',
  timestamp: '2026-08-03T18:27:40.154Z'
}
{
  query: [Object: null prototype] {
    location: 'Hà Nội',
    adults: '2',
    children: '0',
    rooms: '1'
  },
  level: 'info',
  message: '[SearchController] Search hotels',
  timestamp: '2026-08-03T18:27:40.157Z'
}
{
  message: '[Cache Hit] Lấy danh sách điểm đến hoạt động từ Redis',
  level: 'debug',
  timestamp: '2026-08-03T18:27:40.167Z'
}
{
  query: [Object: null prototype] {
    location: 'Hà Nội',
    adults: '2',
    children: '0',
    rooms: '1'
  },
  level: 'info',
  message: '[SearchController] Search hotels',
  timestamp: '2026-08-03T18:27:40.229Z'
}
{
  message: '[Cache Hit] Lấy danh sách điểm đến hoạt động từ Redis',
  level: 'debug',
  timestamp: '2026-08-03T18:28:19.162Z'
}
{
  query: [Object: null prototype] {
    location: 'Hà Nội',
    adults: '2',
    children: '0',
    rooms: '1'
  },
  level: 'info',
  message: '[SearchController] Search hotels',
  timestamp: '2026-08-03T18:28:19.165Z'
}
{
  message: '[Cache Hit] Lấy danh sách điểm đến hoạt động từ Redis',
  level: 'debug',
  timestamp: '2026-08-03T18:28:19.169Z'
}
{
  query: [Object: null prototype] {
    location: 'Hà Nội',
    adults: '2',
    children: '0',
    rooms: '1'
  },
  level: 'info',
  message: '[SearchController] Search hotels',
  timestamp: '2026-08-03T18:28:19.229Z'
}
{
  hotelId: '09928f48-b9bb-4700-85d2-51b072eef2c9',
  level: 'info',
  message: '[HotelController] Get hotel by id',
  timestamp: '2026-08-03T18:28:20.575Z'
}
{
  message: '[Cache Hit] Lấy thông tin hotel ID: 09928f48-b9bb-4700-85d2-51b072eef2c9 từ Redis',
  level: 'debug',
  timestamp: '2026-08-03T18:28:20.576Z'
}
{
  hotelId: '09928f48-b9bb-4700-85d2-51b072eef2c9',
  level: 'info',
  message: '[HotelController] Get hotel by id',
  timestamp: '2026-08-03T18:28:20.580Z'
}
{
  message: '[Cache Hit] Lấy thông tin hotel ID: 09928f48-b9bb-4700-85d2-51b072eef2c9 từ Redis',
  level: 'debug',
  timestamp: '2026-08-03T18:28:20.581Z'
}
{
  message: '[Cache Hit] Lấy danh sách điểm đến hoạt động từ Redis',
  level: 'debug',
  timestamp: '2026-08-03T18:28:33.512Z'
}
{
  query: [Object: null prototype] {
    location: 'Hà Nội',
    adults: '2',
    children: '0',
    rooms: '1'
  },
  level: 'info',
  message: '[SearchController] Search hotels',
  timestamp: '2026-08-03T18:28:33.516Z'
}
{
  message: '[Cache Hit] Lấy danh sách điểm đến hoạt động từ Redis',
  level: 'debug',
  timestamp: '2026-08-03T18:28:33.522Z'
}
{
  query: [Object: null prototype] {
    location: 'Hà Nội',
    adults: '2',
    children: '0',
    rooms: '1'
  },
  level: 'info',
  message: '[SearchController] Search hotels',
  timestamp: '2026-08-03T18:28:33.583Z'
}
{
  hotelId: '09928f48-b9bb-4700-85d2-51b072eef2c9',
  level: 'info',
  message: '[HotelController] Get hotel by id',
  timestamp: '2026-08-03T18:28:34.880Z'
}
{
  message: '[Cache Hit] Lấy thông tin hotel ID: 09928f48-b9bb-4700-85d2-51b072eef2c9 từ Redis',
  level: 'debug',
  timestamp: '2026-08-03T18:28:34.880Z'
}
{
  hotelId: '09928f48-b9bb-4700-85d2-51b072eef2c9',
  level: 'info',
  message: '[HotelController] Get hotel by id',
  timestamp: '2026-08-03T18:28:34.884Z'
}
{
  message: '[Cache Hit] Lấy thông tin hotel ID: 09928f48-b9bb-4700-85d2-51b072eef2c9 từ Redis',
  level: 'debug',
  timestamp: '2026-08-03T18:28:34.885Z'
}
{
  query: [Object: null prototype] {
    location: 'Hà Nội',
    adults: '2',
    children: '0',
    rooms: '1'
  },
  level: 'info',
  message: '[SearchController] Search hotels',
  timestamp: '2026-08-03T18:28:37.063Z'
}
{
  message: '[Cache Hit] Lấy danh sách điểm đến hoạt động từ Redis',
  level: 'debug',
  timestamp: '2026-08-03T18:28:37.065Z'
}
{
  message: '[Cache Hit] Lấy danh sách điểm đến hoạt động từ Redis',
  level: 'debug',
  timestamp: '2026-08-03T18:28:37.073Z'
}
{
  query: [Object: null prototype] {
    location: 'Hà Nội',
    adults: '2',
    children: '0',
    rooms: '1'
  },
  level: 'info',
  message: '[SearchController] Search hotels',
  timestamp: '2026-08-03T18:28:37.084Z'
}
{
  message: '[SchedulerService] Đang kiểm tra các booking hết hạn thanh toán...',
  level: 'info',
  timestamp: '2026-08-03T18:30:00.015Z'
}
{
  message: '[Cache Hit] Lấy danh sách điểm đến hoạt động từ Redis',
  level: 'debug',
  timestamp: '2026-08-03T18:32:38.835Z'
}
{
  query: [Object: null prototype] {
    location: 'Hà Nội',
    adults: '2',
    children: '0',
    rooms: '1'
  },
  level: 'info',
  message: '[SearchController] Search hotels',
  timestamp: '2026-08-03T18:32:38.838Z'
}
{
  message: '[Cache Hit] Lấy danh sách điểm đến hoạt động từ Redis',
  level: 'debug',
  timestamp: '2026-08-03T18:32:38.844Z'
}
{
  query: [Object: null prototype] {
    location: 'Hà Nội',
    adults: '2',
    children: '0',
    rooms: '1'
  },
  level: 'info',
  message: '[SearchController] Search hotels',
  timestamp: '2026-08-03T18:32:38.912Z'
}
{
  hotelId: '09928f48-b9bb-4700-85d2-51b072eef2c9',
  level: 'info',
  message: '[HotelController] Get hotel by id',
  timestamp: '2026-08-03T18:32:44.642Z'
}
{
  message: '[Cache Miss] Tìm hotel ID: 09928f48-b9bb-4700-85d2-51b072eef2c9 trong Database',
  level: 'debug',
  timestamp: '2026-08-03T18:32:44.643Z'
}
{
  hotelId: '09928f48-b9bb-4700-85d2-51b072eef2c9',
  level: 'info',
  message: '[HotelController] Get hotel by id',
  timestamp: '2026-08-03T18:32:44.689Z'
}
{
  message: '[Cache Hit] Lấy thông tin hotel ID: 09928f48-b9bb-4700-85d2-51b072eef2c9 từ Redis',
  level: 'debug',
  timestamp: '2026-08-03T18:32:44.690Z'
}
{
  hotelId: '09928f48-b9bb-4700-85d2-51b072eef2c9',
  level: 'info',
  message: '[HotelController] Get hotel by id',
  timestamp: '2026-08-03T18:32:47.304Z'
}
{
  message: '[Cache Hit] Lấy thông tin hotel ID: 09928f48-b9bb-4700-85d2-51b072eef2c9 từ Redis',
  level: 'debug',
  timestamp: '2026-08-03T18:32:47.307Z'
}
{
  hotelId: '09928f48-b9bb-4700-85d2-51b072eef2c9',
  level: 'info',
  message: '[HotelController] Get hotel by id',
  timestamp: '2026-08-03T18:32:47.313Z'
}
{
  message: '[Cache Hit] Lấy thông tin hotel ID: 09928f48-b9bb-4700-85d2-51b072eef2c9 từ Redis',
  level: 'debug',
  timestamp: '2026-08-03T18:32:47.316Z'
}
{
  query: [Object: null prototype] {
    location: 'Hà Nội',
    adults: '2',
    children: '0',
    rooms: '1'
  },
  level: 'info',
  message: '[SearchController] Search hotels',
  timestamp: '2026-08-03T18:32:59.441Z'
}
{
  message: '[Cache Hit] Lấy danh sách điểm đến hoạt động từ Redis',
  level: 'debug',
  timestamp: '2026-08-03T18:32:59.444Z'
}
{
  message: '[Cache Hit] Lấy danh sách điểm đến hoạt động từ Redis',
  level: 'debug',
  timestamp: '2026-08-03T18:32:59.449Z'
}
{
  query: [Object: null prototype] {
    location: 'Hà Nội',
    adults: '2',
    children: '0',
    rooms: '1'
  },
  level: 'info',
  message: '[SearchController] Search hotels',
  timestamp: '2026-08-03T18:32:59.498Z'
}
{
  query: [Object: null prototype] {
    location: 'Hà Nội',
    adults: '2',
    children: '0',
    rooms: '1'
  },
  level: 'info',
  message: '[SearchController] Search hotels',
  timestamp: '2026-08-03T18:33:22.995Z'
}
{
  message: '[Cache Hit] Lấy danh sách điểm đến hoạt động từ Redis',
  level: 'debug',
  timestamp: '2026-08-03T18:33:22.997Z'
}
{
  message: '[Cache Hit] Lấy danh sách điểm đến hoạt động từ Redis',
  level: 'debug',
  timestamp: '2026-08-03T18:33:23.002Z'
}
{
  query: [Object: null prototype] {
    location: 'Hà Nội',
    adults: '2',
    children: '0',
    rooms: '1'
  },
  level: 'info',
  message: '[SearchController] Search hotels',
  timestamp: '2026-08-03T18:33:23.055Z'
}
{
  message: 'Nhận tín hiệu SIGTERM. Đang đóng API Server...',
  level: 'info',
  timestamp: '2026-08-03T18:34:11.959Z'
}
{
  message: 'Express HTTP server đã đóng.',
  level: 'info',
  timestamp: '2026-08-03T18:34:11.960Z'
}
{
  message: '[Redis] Đã đóng kết nối Redis',
  level: 'info',
  timestamp: '2026-08-03T18:34:11.962Z'
}
{
  message: '[SchedulerService] Khởi tạo các cron job...',
  level: 'info',
  timestamp: '2026-08-03T18:34:29.678Z'
}
{
  message: 'Booking API Service đang chạy tại port 3000 (Môi trường: development)',
  level: 'info',
  timestamp: '2026-08-03T18:34:29.743Z'
}
{
  message: '[Redis] Kết nối thành công tới Redis server',
  level: 'info',
  timestamp: '2026-08-03T18:34:29.747Z'
}
{
  message: '[Cache Hit] Lấy danh sách điểm đến hoạt động từ Redis',
  level: 'debug',
  timestamp: '2026-08-03T18:34:30.107Z'
}
{
  page: '1',
  limit: '10',
  status: 'ACTIVE',
  level: 'info',
  message: '[HotelController] Get all hotels with queries',
  timestamp: '2026-08-03T18:34:30.115Z'
}
{
  message: '[Cache Hit] Lấy danh sách điểm đến hoạt động từ Redis',
  level: 'debug',
  timestamp: '2026-08-03T18:34:30.118Z'
}
{
  page: '1',
  limit: '10',
  status: 'ACTIVE',
  level: 'info',
  message: '[HotelController] Get all hotels with queries',
  timestamp: '2026-08-03T18:34:30.123Z'
}
{
  message: '[Cache Hit] Lấy danh sách điểm đến hoạt động từ Redis',
  level: 'debug',
  timestamp: '2026-08-03T18:34:30.128Z'
}
{
  message: '[Cache Hit] Lấy danh sách điểm đến hoạt động từ Redis',
  level: 'debug',
  timestamp: '2026-08-03T18:34:30.137Z'
}
{
  query: [Object: null prototype] {
    location: 'Hà Nội',
    checkInDate: '2026-08-05',
    checkOutDate: '2026-08-08',
    adults: '2',
    children: '0',
    rooms: '1'
  },
  level: 'info',
  message: '[SearchController] Search hotels',
  timestamp: '2026-08-03T18:34:40.885Z'
}
{
  message: '[Cache Hit] Lấy danh sách điểm đến hoạt động từ Redis',
  level: 'debug',
  timestamp: '2026-08-03T18:34:40.987Z'
}
{
  message: '[Cache Hit] Lấy danh sách điểm đến hoạt động từ Redis',
  level: 'debug',
  timestamp: '2026-08-03T18:34:40.996Z'
}
{
  query: [Object: null prototype] {
    location: 'Hà Nội',
    checkInDate: '2026-08-05',
    checkOutDate: '2026-08-08',
    adults: '2',
    children: '0',
    rooms: '1'
  },
  level: 'info',
  message: '[SearchController] Search hotels',
  timestamp: '2026-08-03T18:34:41.050Z'
}
{
  message: '[SchedulerService] Đang kiểm tra các booking hết hạn thanh toán...',
  level: 'info',
  timestamp: '2026-08-03T18:35:00.003Z'
}
{
  query: [Object: null prototype] {
    location: 'Hà Nội',
    checkInDate: '2026-08-05',
    checkOutDate: '2026-08-08',
    adults: '9',
    children: '0',
    rooms: '1'
  },
  level: 'info',
  message: '[SearchController] Search hotels',
  timestamp: '2026-08-03T18:35:09.030Z'
}
{
  query: [Object: null prototype] {
    location: 'Hà Nội',
    checkInDate: '2026-08-05',
    checkOutDate: '2026-08-08',
    adults: '4',
    children: '0',
    rooms: '1'
  },
  level: 'info',
  message: '[SearchController] Search hotels',
  timestamp: '2026-08-03T18:35:16.488Z'
}
{
  query: [Object: null prototype] {
    location: 'Hà Nội',
    checkInDate: '2026-08-05',
    checkOutDate: '2026-08-08',
    adults: '3',
    children: '0',
    rooms: '1'
  },
  level: 'info',
  message: '[SearchController] Search hotels',
  timestamp: '2026-08-03T18:35:22.026Z'
}
{
  query: [Object: null prototype] {
    location: 'Hà Nội',
    checkInDate: '2026-08-05',
    checkOutDate: '2026-08-07',
    adults: '2',
    children: '0',
    rooms: '1'
  },
  level: 'info',
  message: '[SearchController] Search hotels',
  timestamp: '2026-08-03T18:35:32.033Z'
}
{
  message: '[Cache Hit] Lấy danh sách điểm đến hoạt động từ Redis',
  level: 'debug',
  timestamp: '2026-08-03T18:35:40.095Z'
}
{
  page: '1',
  limit: '10',
  status: 'ACTIVE',
  level: 'info',
  message: '[HotelController] Get all hotels with queries',
  timestamp: '2026-08-03T18:35:40.100Z'
}
{
  message: '[Cache Hit] Lấy danh sách điểm đến hoạt động từ Redis',
  level: 'debug',
  timestamp: '2026-08-03T18:35:40.107Z'
}
{
  page: '1',
  limit: '10',
  status: 'ACTIVE',
  level: 'info',
  message: '[HotelController] Get all hotels with queries',
  timestamp: '2026-08-03T18:35:40.117Z'
}
{
  message: '[Cache Hit] Lấy danh sách điểm đến hoạt động từ Redis',
  level: 'debug',
  timestamp: '2026-08-03T18:35:40.131Z'
}
{
  message: '[Cache Hit] Lấy danh sách điểm đến hoạt động từ Redis',
  level: 'debug',
  timestamp: '2026-08-03T18:35:40.151Z'
}
{
  query: [Object: null prototype] {
    location: 'Hà Nội',
    adults: '2',
    children: '0',
    rooms: '1'
  },
  level: 'info',
  message: '[SearchController] Search hotels',
  timestamp: '2026-08-03T18:35:41.591Z'
}
{
  message: '[Cache Hit] Lấy danh sách điểm đến hoạt động từ Redis',
  level: 'debug',
  timestamp: '2026-08-03T18:35:41.601Z'
}
{
  message: '[Cache Hit] Lấy danh sách điểm đến hoạt động từ Redis',
  level: 'debug',
  timestamp: '2026-08-03T18:35:41.617Z'
}
{
  query: [Object: null prototype] {
    location: 'Hà Nội',
    adults: '2',
    children: '0',
    rooms: '1'
  },
  level: 'info',
  message: '[SearchController] Search hotels',
  timestamp: '2026-08-03T18:35:41.626Z'
}
{
  query: [Object: null prototype] {
    location: 'Hà Nội',
    checkInDate: '2026-08-06',
    checkOutDate: '2026-08-08',
    adults: '2',
    children: '0',
    rooms: '1'
  },
  level: 'info',
  message: '[SearchController] Search hotels',
  timestamp: '2026-08-03T18:35:51.035Z'
}
{
  hotelId: '09928f48-b9bb-4700-85d2-51b072eef2c9',
  level: 'info',
  message: '[HotelController] Get hotel by id',
  timestamp: '2026-08-03T18:35:53.268Z'
}
{
  message: '[Cache Hit] Lấy thông tin hotel ID: 09928f48-b9bb-4700-85d2-51b072eef2c9 từ Redis',
  level: 'debug',
  timestamp: '2026-08-03T18:35:53.270Z'
}
{
  hotelId: '09928f48-b9bb-4700-85d2-51b072eef2c9',
  level: 'info',
  message: '[HotelController] Get hotel by id',
  timestamp: '2026-08-03T18:35:53.276Z'
}
{
  message: '[Cache Hit] Lấy thông tin hotel ID: 09928f48-b9bb-4700-85d2-51b072eef2c9 từ Redis',
  level: 'debug',
  timestamp: '2026-08-03T18:35:53.278Z'
}
{
  hotelId: '09928f48-b9bb-4700-85d2-51b072eef2c9',
  level: 'info',
  message: '[HotelController] Get hotel by id',
  timestamp: '2026-08-03T18:37:59.461Z'
}
{
  message: '[Cache Hit] Lấy thông tin hotel ID: 09928f48-b9bb-4700-85d2-51b072eef2c9 từ Redis',
  level: 'debug',
  timestamp: '2026-08-03T18:37:59.462Z'
}
{
  hotelId: '09928f48-b9bb-4700-85d2-51b072eef2c9',
  level: 'info',
  message: '[HotelController] Get hotel by id',
  timestamp: '2026-08-03T18:38:11.257Z'
}
{
  message: '[Cache Hit] Lấy thông tin hotel ID: 09928f48-b9bb-4700-85d2-51b072eef2c9 từ Redis',
  level: 'debug',
  timestamp: '2026-08-03T18:38:11.258Z'
}
{
  message: '[SchedulerService] Đang kiểm tra các booking hết hạn thanh toán...',
  level: 'info',
  timestamp: '2026-08-03T18:40:00.020Z'
}
{
  hotelId: '09928f48-b9bb-4700-85d2-51b072eef2c9',
  level: 'info',
  message: '[HotelController] Get hotel by id',
  timestamp: '2026-08-03T18:40:15.652Z'
}
{
  message: '[Cache Hit] Lấy thông tin hotel ID: 09928f48-b9bb-4700-85d2-51b072eef2c9 từ Redis',
  level: 'debug',
  timestamp: '2026-08-03T18:40:15.653Z'
}
{
  hotelId: '09928f48-b9bb-4700-85d2-51b072eef2c9',
  level: 'info',
  message: '[HotelController] Get hotel by id',
  timestamp: '2026-08-03T18:40:15.716Z'
}
{
  message: '[Cache Hit] Lấy thông tin hotel ID: 09928f48-b9bb-4700-85d2-51b072eef2c9 từ Redis',
  level: 'debug',
  timestamp: '2026-08-03T18:40:15.719Z'
}
{
  message: '[Cache Hit] Lấy danh sách điểm đến hoạt động từ Redis',
  level: 'debug',
  timestamp: '2026-08-03T18:40:25.939Z'
}
{
  query: [Object: null prototype] {
    location: 'Hà Nội',
    checkInDate: '2026-08-06',
    checkOutDate: '2026-08-08',
    adults: '2',
    children: '0',
    rooms: '1'
  },
  level: 'info',
  message: '[SearchController] Search hotels',
  timestamp: '2026-08-03T18:40:25.943Z'
}
{
  message: '[Cache Hit] Lấy danh sách điểm đến hoạt động từ Redis',
  level: 'debug',
  timestamp: '2026-08-03T18:40:25.954Z'
}
{
  query: [Object: null prototype] {
    location: 'Hà Nội',
    checkInDate: '2026-08-06',
    checkOutDate: '2026-08-08',
    adults: '2',
    children: '0',
    rooms: '1'
  },
  level: 'info',
  message: '[SearchController] Search hotels',
  timestamp: '2026-08-03T18:40:26.001Z'
}
{
  message: 'Nhận tín hiệu SIGTERM. Đang đóng API Server...',
  level: 'info',
  timestamp: '2026-08-03T18:44:24.232Z'
}
{
  message: 'Express HTTP server đã đóng.',
  level: 'info',
  timestamp: '2026-08-03T18:44:24.235Z'
}
{
  message: '[Redis] Đã đóng kết nối Redis',
  level: 'info',
  timestamp: '2026-08-03T18:44:24.236Z'
}
{
  message: '[SchedulerService] Khởi tạo các cron job...',
  level: 'info',
  timestamp: '2026-08-03T18:53:10.772Z'
}
{
  message: 'Booking API Service đang chạy tại port 3000 (Môi trường: development)',
  level: 'info',
  timestamp: '2026-08-03T18:53:10.840Z'
}
{
  message: '[Redis] Kết nối thành công tới Redis server',
  level: 'info',
  timestamp: '2026-08-03T18:53:10.849Z'
}
{
  page: '1',
  limit: '10',
  status: 'ACTIVE',
  level: 'info',
  message: '[HotelController] Get all hotels with queries',
  timestamp: '2026-08-03T18:53:16.100Z'
}
{
  message: '[Cache Hit] Lấy danh sách điểm đến hoạt động từ Redis',
  level: 'debug',
  timestamp: '2026-08-03T18:53:16.103Z'
}
{
  message: '[Cache Hit] Lấy danh sách điểm đến hoạt động từ Redis',
  level: 'debug',
  timestamp: '2026-08-03T18:53:16.118Z'
}
{
  page: '1',
  limit: '10',
  status: 'ACTIVE',
  level: 'info',
  message: '[HotelController] Get all hotels with queries',
  timestamp: '2026-08-03T18:53:16.123Z'
}
{
  message: '[Cache Hit] Lấy danh sách điểm đến hoạt động từ Redis',
  level: 'debug',
  timestamp: '2026-08-03T18:53:16.135Z'
}
{
  message: '[Cache Hit] Lấy danh sách điểm đến hoạt động từ Redis',
  level: 'debug',
  timestamp: '2026-08-03T18:53:16.141Z'
}
{
  message: '[Cache Hit] Lấy danh sách điểm đến hoạt động từ Redis',
  level: 'debug',
  timestamp: '2026-08-03T18:53:24.866Z'
}
{
  query: [Object: null prototype] {
    location: 'Hà Nội',
    checkInDate: '2026-08-05',
    checkOutDate: '2026-08-07',
    adults: '2',
    children: '0',
    rooms: '1'
  },
  level: 'info',
  message: '[SearchController] Search hotels',
  timestamp: '2026-08-03T18:53:24.874Z'
}
{
  message: '[Cache Hit] Lấy danh sách điểm đến hoạt động từ Redis',
  level: 'debug',
  timestamp: '2026-08-03T18:53:24.988Z'
}
{
  query: [Object: null prototype] {
    location: 'Hà Nội',
    checkInDate: '2026-08-05',
    checkOutDate: '2026-08-07',
    adults: '2',
    children: '0',
    rooms: '1'
  },
  level: 'info',
  message: '[SearchController] Search hotels',
  timestamp: '2026-08-03T18:53:25.071Z'
}
{
  message: '[Cache Hit] Lấy danh sách điểm đến hoạt động từ Redis',
  level: 'debug',
  timestamp: '2026-08-03T18:53:26.509Z'
}
{
  page: '1',
  limit: '10',
  status: 'ACTIVE',
  level: 'info',
  message: '[HotelController] Get all hotels with queries',
  timestamp: '2026-08-03T18:53:26.511Z'
}
{
  message: '[Cache Hit] Lấy danh sách điểm đến hoạt động từ Redis',
  level: 'debug',
  timestamp: '2026-08-03T18:53:26.517Z'
}
{
  page: '1',
  limit: '10',
  status: 'ACTIVE',
  level: 'info',
  message: '[HotelController] Get all hotels with queries',
  timestamp: '2026-08-03T18:53:26.519Z'
}
{
  message: '[Cache Hit] Lấy danh sách điểm đến hoạt động từ Redis',
  level: 'debug',
  timestamp: '2026-08-03T18:53:26.525Z'
}
{
  message: '[Cache Hit] Lấy danh sách điểm đến hoạt động từ Redis',
  level: 'debug',
  timestamp: '2026-08-03T18:53:26.529Z'
}
{
  message: '[SchedulerService] Đang kiểm tra các booking hết hạn thanh toán...',
  level: 'info',
  timestamp: '2026-08-03T18:55:00.031Z'
}
{
  message: '[Cache Hit] Lấy danh sách điểm đến hoạt động từ Redis',
  level: 'debug',
  timestamp: '2026-08-03T18:55:58.542Z'
}
{
  query: [Object: null prototype] {
    location: 'Hà Nội',
    checkInDate: '2026-08-05',
    checkOutDate: '2026-08-07',
    adults: '2',
    children: '0',
    rooms: '1'
  },
  level: 'info',
  message: '[SearchController] Search hotels',
  timestamp: '2026-08-03T18:55:58.550Z'
}
{
  message: '[Cache Hit] Lấy danh sách điểm đến hoạt động từ Redis',
  level: 'debug',
  timestamp: '2026-08-03T18:55:58.566Z'
}
{
  query: [Object: null prototype] {
    location: 'Hà Nội',
    checkInDate: '2026-08-05',
    checkOutDate: '2026-08-07',
    adults: '2',
    children: '0',
    rooms: '1'
  },
  level: 'info',
  message: '[SearchController] Search hotels',
  timestamp: '2026-08-03T18:55:58.602Z'
}
{
  message: '[Cache Hit] Lấy danh sách điểm đến hoạt động từ Redis',
  level: 'debug',
  timestamp: '2026-08-03T18:56:48.112Z'
}
{
  query: [Object: null prototype] {
    location: 'Hà Nội',
    checkInDate: '2026-08-05',
    checkOutDate: '2026-08-07',
    adults: '2',
    children: '0',
    rooms: '1'
  },
  level: 'info',
  message: '[SearchController] Search hotels',
  timestamp: '2026-08-03T18:56:48.116Z'
}
{
  message: '[Cache Hit] Lấy danh sách điểm đến hoạt động từ Redis',
  level: 'debug',
  timestamp: '2026-08-03T18:56:48.127Z'
}
{
  query: [Object: null prototype] {
    location: 'Hà Nội',
    checkInDate: '2026-08-05',
    checkOutDate: '2026-08-07',
    adults: '2',
    children: '0',
    rooms: '1'
  },
  level: 'info',
  message: '[SearchController] Search hotels',
  timestamp: '2026-08-03T18:56:48.166Z'
}
{
  hotelId: '09928f48-b9bb-4700-85d2-51b072eef2c9',
  level: 'info',
  message: '[HotelController] Get hotel by id',
  timestamp: '2026-08-03T18:57:17.612Z'
}
{
  message: '[Cache Hit] Lấy thông tin hotel ID: 09928f48-b9bb-4700-85d2-51b072eef2c9 từ Redis',
  level: 'debug',
  timestamp: '2026-08-03T18:57:17.627Z'
}
{
  hotelId: '09928f48-b9bb-4700-85d2-51b072eef2c9',
  level: 'info',
  message: '[HotelController] Get hotel by id',
  timestamp: '2026-08-03T18:57:17.633Z'
}
{
  message: '[Cache Hit] Lấy thông tin hotel ID: 09928f48-b9bb-4700-85d2-51b072eef2c9 từ Redis',
  level: 'debug',
  timestamp: '2026-08-03T18:57:17.636Z'
}
{
  query: [Object: null prototype] {
    location: 'Hà Nội',
    checkInDate: '2026-08-05',
    checkOutDate: '2026-08-07',
    adults: '2',
    children: '0',
    rooms: '1'
  },
  level: 'info',
  message: '[SearchController] Search hotels',
  timestamp: '2026-08-03T18:57:24.482Z'
}
{
  message: '[Cache Hit] Lấy danh sách điểm đến hoạt động từ Redis',
  level: 'debug',
  timestamp: '2026-08-03T18:57:24.520Z'
}
{
  message: '[Cache Hit] Lấy danh sách điểm đến hoạt động từ Redis',
  level: 'debug',
  timestamp: '2026-08-03T18:57:24.527Z'
}
{
  query: [Object: null prototype] {
    location: 'Hà Nội',
    checkInDate: '2026-08-05',
    checkOutDate: '2026-08-07',
    adults: '2',
    children: '0',
    rooms: '1'
  },
  level: 'info',
  message: '[SearchController] Search hotels',
  timestamp: '2026-08-03T18:57:24.555Z'
}
{
  message: '[SchedulerService] Đang kiểm tra các booking hết hạn thanh toán...',
  level: 'info',
  timestamp: '2026-08-03T19:00:00.016Z'
}
{
  query: [Object: null prototype] {},
  level: 'info',
  message: '[SearchController] Search hotels',
  timestamp: '2026-08-03T19:02:23.102Z'
}
{
  message: '[Cache Hit] Lấy danh sách điểm đến hoạt động từ Redis',
  level: 'debug',
  timestamp: '2026-08-03T19:03:04.926Z'
}
{
  query: [Object: null prototype] {
    location: 'Hà Nội',
    checkInDate: '2026-08-05',
    checkOutDate: '2026-08-07',
    adults: '2',
    children: '0',
    rooms: '1'
  },
  level: 'info',
  message: '[SearchController] Search hotels',
  timestamp: '2026-08-03T19:03:04.928Z'
}
{
  message: '[Cache Hit] Lấy danh sách điểm đến hoạt động từ Redis',
  level: 'debug',
  timestamp: '2026-08-03T19:03:04.938Z'
}
{
  query: [Object: null prototype] {
    location: 'Hà Nội',
    checkInDate: '2026-08-05',
    checkOutDate: '2026-08-07',
    adults: '2',
    children: '0',
    rooms: '1'
  },
  level: 'info',
  message: '[SearchController] Search hotels',
  timestamp: '2026-08-03T19:03:04.973Z'
}
{
  hotelId: '09928f48-b9bb-4700-85d2-51b072eef2c9',
  level: 'info',
  message: '[HotelController] Get hotel by id',
  timestamp: '2026-08-03T19:03:34.981Z'
}
{
  message: '[Cache Hit] Lấy thông tin hotel ID: 09928f48-b9bb-4700-85d2-51b072eef2c9 từ Redis',
  level: 'debug',
  timestamp: '2026-08-03T19:03:34.983Z'
}
{
  hotelId: '09928f48-b9bb-4700-85d2-51b072eef2c9',
  level: 'info',
  message: '[HotelController] Get hotel by id',
  timestamp: '2026-08-03T19:03:34.986Z'
}
{
  message: '[Cache Hit] Lấy thông tin hotel ID: 09928f48-b9bb-4700-85d2-51b072eef2c9 từ Redis',
  level: 'debug',
  timestamp: '2026-08-03T19:03:34.987Z'
}
{
  hotelId: '09928f48-b9bb-4700-85d2-51b072eef2c9',
  level: 'info',
  message: '[HotelController] Get hotel by id',
  timestamp: '2026-08-03T19:03:42.474Z'
}
{
  message: '[Cache Hit] Lấy thông tin hotel ID: 09928f48-b9bb-4700-85d2-51b072eef2c9 từ Redis',
  level: 'debug',
  timestamp: '2026-08-03T19:03:42.477Z'
}
{
  hotelId: '09928f48-b9bb-4700-85d2-51b072eef2c9',
  level: 'info',
  message: '[HotelController] Get hotel by id',
  timestamp: '2026-08-03T19:03:42.481Z'
}
{
  message: '[Cache Hit] Lấy thông tin hotel ID: 09928f48-b9bb-4700-85d2-51b072eef2c9 từ Redis',
  level: 'debug',
  timestamp: '2026-08-03T19:03:42.482Z'
}
{
  email: 'tranhieudz2024@gmail.com',
  level: 'info',
  message: '[AuthController] Login with Password',
  timestamp: '2026-08-03T19:03:55.260Z'
}
{
  message: 'User ID 6173a954-cbea-43c4-bbf1-ace8f7b9bc1e nhập sai thông tin đăng nhập.',
  level: 'warn',
  timestamp: '2026-08-03T19:03:55.352Z'
}
{
  message: 'GLOBAL ERROR HANDLER CAUGHT: Error: Email hoặc mật khẩu không chính xác.\n' +
    '    at <anonymous> (/app/src/modules/auth/services/authService.ts:151:15)\n' +
    '    at process.processTicksAndRejections (node:internal/process/task_queues:95:5)\n' +
    '    at async Proxy._transactionWithCallback (/app/generated/prisma/runtime/client.js:79:4800)\n' +
    '    at async loginWithPassword (/app/src/modules/auth/controllers/authController.ts:118:20)',
  level: 'error',
  timestamp: '2026-08-03T19:03:55.366Z'
}
{
  message: '[AuthController] Refresh Tokens',
  level: 'info',
  timestamp: '2026-08-03T19:03:55.377Z'
}
{
  message: 'Fetching user details for ID: b88403bb-85f1-4be4-ac3b-a7abcc4e9a10',
  level: 'debug',
  timestamp: '2026-08-03T19:03:55.392Z'
}
{
  message: '[Cache Miss] Tìm user ID: b88403bb-85f1-4be4-ac3b-a7abcc4e9a10 trong Database',
  level: 'debug',
  timestamp: '2026-08-03T19:03:55.394Z'
}
{
  message: '[AuthService] Tokens refreshed successfully for user: locdz8c@gmail.com',
  level: 'info',
  timestamp: '2026-08-03T19:03:55.426Z'
}
{
  email: 'tranhieudz2024@gmail.com',
  level: 'info',
  message: '[AuthController] Login with Password',
  timestamp: '2026-08-03T19:03:55.441Z'
}
{
  userId: 'b88403bb-85f1-4be4-ac3b-a7abcc4e9a10',
  level: 'info',
  message: '[AuthController] Get Me',
  timestamp: '2026-08-03T19:03:55.448Z'
}
{
  message: 'Fetching user details for ID: b88403bb-85f1-4be4-ac3b-a7abcc4e9a10',
  level: 'debug',
  timestamp: '2026-08-03T19:03:55.449Z'
}
{
  message: '[Cache Hit] Lấy thông tin user ID: b88403bb-85f1-4be4-ac3b-a7abcc4e9a10 từ Redis',
  level: 'debug',
  timestamp: '2026-08-03T19:03:55.449Z'
}
{
  message: 'User ID 6173a954-cbea-43c4-bbf1-ace8f7b9bc1e nhập sai thông tin đăng nhập.',
  level: 'warn',
  timestamp: '2026-08-03T19:03:55.497Z'
}
{
  message: 'GLOBAL ERROR HANDLER CAUGHT: Error: Email hoặc mật khẩu không chính xác.\n' +
    '    at <anonymous> (/app/src/modules/auth/services/authService.ts:151:15)\n' +
    '    at process.processTicksAndRejections (node:internal/process/task_queues:95:5)\n' +
    '    at async Proxy._transactionWithCallback (/app/generated/prisma/runtime/client.js:79:4800)\n' +
    '    at async loginWithPassword (/app/src/modules/auth/controllers/authController.ts:118:20)',
  level: 'error',
  timestamp: '2026-08-03T19:03:55.500Z'
}
{
  email: 'tranhieudz2024@gmail.com',
  level: 'info',
  message: '[AuthController] Login with Password',
  timestamp: '2026-08-03T19:03:59.234Z'
}
{
  message: 'User ID 6173a954-cbea-43c4-bbf1-ace8f7b9bc1e nhập sai thông tin đăng nhập.',
  level: 'warn',
  timestamp: '2026-08-03T19:03:59.303Z'
}
{
  message: 'GLOBAL ERROR HANDLER CAUGHT: Error: Email hoặc mật khẩu không chính xác.\n' +
    '    at <anonymous> (/app/src/modules/auth/services/authService.ts:151:15)\n' +
    '    at process.processTicksAndRejections (node:internal/process/task_queues:95:5)\n' +
    '    at async Proxy._transactionWithCallback (/app/generated/prisma/runtime/client.js:79:4800)\n' +
    '    at async loginWithPassword (/app/src/modules/auth/controllers/authController.ts:118:20)',
  level: 'error',
  timestamp: '2026-08-03T19:03:59.306Z'
}
{
  message: '[AuthController] Refresh Tokens',
  level: 'info',
  timestamp: '2026-08-03T19:03:59.310Z'
}
{
  message: 'Fetching user details for ID: b88403bb-85f1-4be4-ac3b-a7abcc4e9a10',
  level: 'debug',
  timestamp: '2026-08-03T19:03:59.314Z'
}
{
  message: '[Cache Hit] Lấy thông tin user ID: b88403bb-85f1-4be4-ac3b-a7abcc4e9a10 từ Redis',
  level: 'debug',
  timestamp: '2026-08-03T19:03:59.315Z'
}
{
  message: '[AuthService] Tokens refreshed successfully for user: locdz8c@gmail.com',
  level: 'info',
  timestamp: '2026-08-03T19:03:59.327Z'
}
{
  email: 'tranhieudz2024@gmail.com',
  level: 'info',
  message: '[AuthController] Login with Password',
  timestamp: '2026-08-03T19:03:59.382Z'
}
{
  message: 'User ID 6173a954-cbea-43c4-bbf1-ace8f7b9bc1e nhập sai thông tin đăng nhập.',
  level: 'warn',
  timestamp: '2026-08-03T19:03:59.436Z'
}
{
  message: 'GLOBAL ERROR HANDLER CAUGHT: Error: Email hoặc mật khẩu không chính xác.\n' +
    '    at <anonymous> (/app/src/modules/auth/services/authService.ts:151:15)\n' +
    '    at process.processTicksAndRejections (node:internal/process/task_queues:95:5)\n' +
    '    at async Proxy._transactionWithCallback (/app/generated/prisma/runtime/client.js:79:4800)\n' +
    '    at async loginWithPassword (/app/src/modules/auth/controllers/authController.ts:118:20)',
  level: 'error',
  timestamp: '2026-08-03T19:03:59.439Z'
}
{
  email: 'tranhieudz2024@gmail.com',
  level: 'info',
  message: '[AuthController] Login with Password',
  timestamp: '2026-08-03T19:04:05.050Z'
}
{
  message: 'User ID 6173a954-cbea-43c4-bbf1-ace8f7b9bc1e đăng nhập thành công. Đã làm sạch lịch sử đăng nhập sai.',
  level: 'info',
  timestamp: '2026-08-03T19:04:05.110Z'
}
{
  message: '[AuthService] Password login successful for user: tranhieudz2024@gmail.com',
  level: 'info',
  timestamp: '2026-08-03T19:04:05.118Z'
}
{
  message: '[Cache Hit] Lấy danh sách điểm đến hoạt động từ Redis',
  level: 'debug',
  timestamp: '2026-08-03T19:04:05.234Z'
}
{
  page: '1',
  limit: '10',
  status: 'ACTIVE',
  level: 'info',
  message: '[HotelController] Get all hotels with queries',
  timestamp: '2026-08-03T19:04:05.240Z'
}
{
  message: '[Cache Hit] Lấy danh sách điểm đến hoạt động từ Redis',
  level: 'debug',
  timestamp: '2026-08-03T19:04:05.244Z'
}
{
  message: '[Cache Hit] Lấy danh sách điểm đến hoạt động từ Redis',
  level: 'debug',
  timestamp: '2026-08-03T19:04:05.288Z'
}
{
  message: '[Cache Hit] Lấy danh sách điểm đến hoạt động từ Redis',
  level: 'debug',
  timestamp: '2026-08-03T19:04:05.304Z'
}
{
  page: '1',
  limit: '10',
  status: 'ACTIVE',
  level: 'info',
  message: '[HotelController] Get all hotels with queries',
  timestamp: '2026-08-03T19:04:05.345Z'
}
{
  message: '[BookingController] Get user bookings',
  level: 'info',
  timestamp: '2026-08-03T19:04:12.025Z'
}
{
  message: '[BookingController] Get user bookings',
  level: 'info',
  timestamp: '2026-08-03T19:04:12.052Z'
}
{
  query: [Object: null prototype] {},
  level: 'info',
  message: '[SearchController] Search hotels',
  timestamp: '2026-08-03T19:04:15.791Z'
}
{
  message: '[Cache Hit] Lấy danh sách điểm đến hoạt động từ Redis',
  level: 'debug',
  timestamp: '2026-08-03T19:04:15.794Z'
}
{
  message: '[Cache Hit] Lấy danh sách điểm đến hoạt động từ Redis',
  level: 'debug',
  timestamp: '2026-08-03T19:04:15.803Z'
}
{
  query: [Object: null prototype] {},
  level: 'info',
  message: '[SearchController] Search hotels',
  timestamp: '2026-08-03T19:04:15.812Z'
}
{
  message: '[SchedulerService] Đang kiểm tra các booking hết hạn thanh toán...',
  level: 'info',
  timestamp: '2026-08-03T19:05:00.004Z'
}
{
  query: [Object: null prototype] {
    location: 'Hà Nội',
    checkInDate: '2026-08-05',
    checkOutDate: '2026-08-07',
    adults: '2',
    children: '0',
    rooms: '1'
  },
  level: 'info',
  message: '[SearchController] Search hotels',
  timestamp: '2026-08-03T19:05:01.792Z'
}
{
  message: '[Cache Hit] Lấy danh sách điểm đến hoạt động từ Redis',
  level: 'debug',
  timestamp: '2026-08-03T19:05:13.793Z'
}
{
  page: '1',
  limit: '10',
  status: 'ACTIVE',
  level: 'info',
  message: '[HotelController] Get all hotels with queries',
  timestamp: '2026-08-03T19:05:13.801Z'
}
{
  message: '[Cache Hit] Lấy danh sách điểm đến hoạt động từ Redis',
  level: 'debug',
  timestamp: '2026-08-03T19:05:13.807Z'
}
{
  page: '1',
  limit: '10',
  status: 'ACTIVE',
  level: 'info',
  message: '[HotelController] Get all hotels with queries',
  timestamp: '2026-08-03T19:05:13.814Z'
}
{
  message: '[Cache Hit] Lấy danh sách điểm đến hoạt động từ Redis',
  level: 'debug',
  timestamp: '2026-08-03T19:05:13.817Z'
}
{
  message: '[Cache Hit] Lấy danh sách điểm đến hoạt động từ Redis',
  level: 'debug',
  timestamp: '2026-08-03T19:05:13.832Z'
}
{
  userId: '6173a954-cbea-43c4-bbf1-ace8f7b9bc1e',
  level: 'info',
  message: '[AuthController] Get Me',
  timestamp: '2026-08-03T19:05:16.760Z'
}
{
  message: 'Fetching user details for ID: 6173a954-cbea-43c4-bbf1-ace8f7b9bc1e',
  level: 'debug',
  timestamp: '2026-08-03T19:05:16.760Z'
}
{
  message: '[Cache Miss] Tìm user ID: 6173a954-cbea-43c4-bbf1-ace8f7b9bc1e trong Database',
  level: 'debug',
  timestamp: '2026-08-03T19:05:16.761Z'
}
{
  userId: '6173a954-cbea-43c4-bbf1-ace8f7b9bc1e',
  level: 'info',
  message: '[AuthController] Get Me',
  timestamp: '2026-08-03T19:05:16.796Z'
}
{
  message: 'Fetching user details for ID: 6173a954-cbea-43c4-bbf1-ace8f7b9bc1e',
  level: 'debug',
  timestamp: '2026-08-03T19:05:16.797Z'
}
{
  message: '[Cache Hit] Lấy thông tin user ID: 6173a954-cbea-43c4-bbf1-ace8f7b9bc1e từ Redis',
  level: 'debug',
  timestamp: '2026-08-03T19:05:16.801Z'
}
{
  page: '1',
  limit: '10',
  status: 'ACTIVE',
  level: 'info',
  message: '[HotelController] Get all hotels with queries',
  timestamp: '2026-08-03T19:05:17.104Z'
}
{
  message: '[Cache Hit] Lấy danh sách điểm đến hoạt động từ Redis',
  level: 'debug',
  timestamp: '2026-08-03T19:05:17.105Z'
}
{
  page: '1',
  limit: '10',
  status: 'ACTIVE',
  level: 'info',
  message: '[HotelController] Get all hotels with queries',
  timestamp: '2026-08-03T19:05:17.115Z'
}
{
  message: '[Cache Hit] Lấy danh sách điểm đến hoạt động từ Redis',
  level: 'debug',
  timestamp: '2026-08-03T19:05:17.117Z'
}
{
  message: '[Cache Hit] Lấy danh sách điểm đến hoạt động từ Redis',
  level: 'debug',
  timestamp: '2026-08-03T19:05:17.121Z'
}
{
  message: '[Cache Hit] Lấy danh sách điểm đến hoạt động từ Redis',
  level: 'debug',
  timestamp: '2026-08-03T19:05:17.124Z'
}
{
  message: '[Cache Hit] Lấy danh sách điểm đến hoạt động từ Redis',
  level: 'debug',
  timestamp: '2026-08-03T19:05:18.274Z'
}
{
  query: [Object: null prototype] {},
  level: 'info',
  message: '[SearchController] Search hotels',
  timestamp: '2026-08-03T19:05:18.278Z'
}
{
  message: '[Cache Hit] Lấy danh sách điểm đến hoạt động từ Redis',
  level: 'debug',
  timestamp: '2026-08-03T19:05:18.285Z'
}
{
  query: [Object: null prototype] {},
  level: 'info',
  message: '[SearchController] Search hotels',
  timestamp: '2026-08-03T19:05:18.319Z'
}
{
  page: '1',
  limit: '10',
  status: 'ACTIVE',
  level: 'info',
  message: '[HotelController] Get all hotels with queries',
  timestamp: '2026-08-03T19:05:23.059Z'
}
{
  message: '[Cache Hit] Lấy danh sách điểm đến hoạt động từ Redis',
  level: 'debug',
  timestamp: '2026-08-03T19:05:23.060Z'
}
{
  message: '[Cache Hit] Lấy danh sách điểm đến hoạt động từ Redis',
  level: 'debug',
  timestamp: '2026-08-03T19:05:23.066Z'
}
{
  page: '1',
  limit: '10',
  status: 'ACTIVE',
  level: 'info',
  message: '[HotelController] Get all hotels with queries',
  timestamp: '2026-08-03T19:05:23.070Z'
}
{
  message: '[Cache Hit] Lấy danh sách điểm đến hoạt động từ Redis',
  level: 'debug',
  timestamp: '2026-08-03T19:05:23.071Z'
}
{
  message: '[Cache Hit] Lấy danh sách điểm đến hoạt động từ Redis',
  level: 'debug',
  timestamp: '2026-08-03T19:05:23.075Z'
}
{
  message: '[Cache Hit] Lấy danh sách điểm đến hoạt động từ Redis',
  level: 'debug',
  timestamp: '2026-08-03T19:05:40.913Z'
}
{
  query: [Object: null prototype] {},
  level: 'info',
  message: '[SearchController] Search hotels',
  timestamp: '2026-08-03T19:05:40.916Z'
}
{
  message: '[Cache Hit] Lấy danh sách điểm đến hoạt động từ Redis',
  level: 'debug',
  timestamp: '2026-08-03T19:05:40.920Z'
}
{
  query: [Object: null prototype] {},
  level: 'info',
  message: '[SearchController] Search hotels',
  timestamp: '2026-08-03T19:05:41.008Z'
}
{
  message: '[Cache Hit] Lấy danh sách điểm đến hoạt động từ Redis',
  level: 'debug',
  timestamp: '2026-08-03T19:07:30.312Z'
}
{
  message: '[Cache Hit] Lấy danh sách điểm đến hoạt động từ Redis',
  level: 'debug',
  timestamp: '2026-08-03T19:07:42.407Z'
}
{
  message: '[SchedulerService] Đang kiểm tra các booking hết hạn thanh toán...',
  level: 'info',
  timestamp: '2026-08-03T19:10:00.004Z'
}
{
  message: 'JWT Verification Error: jwt expired',
  level: 'error',
  timestamp: '2026-08-03T19:10:22.591Z'
}
{
  message: 'GLOBAL ERROR HANDLER CAUGHT: Error: Phiên đăng nhập đã hết hạn. Vui lòng lấy Token mới.\n' +
    '    at authMiddleware (/app/src/middlewares/authMiddleware.ts:80:9)\n' +
    '    at Layer.handleRequest (/app/node_modules/router/lib/layer.js:152:17)\n' +
    '    at next (/app/node_modules/router/lib/route.js:157:13)\n' +
    '    at Route.dispatch (/app/node_modules/router/lib/route.js:117:3)\n' +
    '    at handle (/app/node_modules/router/index.js:435:11)\n' +
    '    at Layer.handleRequest (/app/node_modules/router/lib/layer.js:152:17)\n' +
    '    at /app/node_modules/router/index.js:295:15\n' +
    '    at processParams (/app/node_modules/router/index.js:582:12)\n' +
    '    at next (/app/node_modules/router/index.js:291:5)\n' +
    '    at Function.handle (/app/node_modules/router/index.js:186:3)',
  level: 'error',
  timestamp: '2026-08-03T19:10:22.593Z'
}
{
  message: 'JWT Verification Error: jwt expired',
  level: 'error',
  timestamp: '2026-08-03T19:10:22.598Z'
}
{
  message: 'GLOBAL ERROR HANDLER CAUGHT: Error: Phiên đăng nhập đã hết hạn. Vui lòng lấy Token mới.\n' +
    '    at authMiddleware (/app/src/middlewares/authMiddleware.ts:80:9)\n' +
    '    at Layer.handleRequest (/app/node_modules/router/lib/layer.js:152:17)\n' +
    '    at next (/app/node_modules/router/lib/route.js:157:13)\n' +
    '    at Route.dispatch (/app/node_modules/router/lib/route.js:117:3)\n' +
    '    at handle (/app/node_modules/router/index.js:435:11)\n' +
    '    at Layer.handleRequest (/app/node_modules/router/lib/layer.js:152:17)\n' +
    '    at /app/node_modules/router/index.js:295:15\n' +
    '    at processParams (/app/node_modules/router/index.js:582:12)\n' +
    '    at next (/app/node_modules/router/index.js:291:5)\n' +
    '    at Function.handle (/app/node_modules/router/index.js:186:3)',
  level: 'error',
  timestamp: '2026-08-03T19:10:22.599Z'
}
{
  message: '[AuthController] Refresh Tokens',
  level: 'info',
  timestamp: '2026-08-03T19:10:22.627Z'
}
{
  message: 'Fetching user details for ID: 6173a954-cbea-43c4-bbf1-ace8f7b9bc1e',
  level: 'debug',
  timestamp: '2026-08-03T19:10:22.657Z'
}
{
  message: '[Cache Hit] Lấy thông tin user ID: 6173a954-cbea-43c4-bbf1-ace8f7b9bc1e từ Redis',
  level: 'debug',
  timestamp: '2026-08-03T19:10:22.658Z'
}
{
  message: '[AuthService] Tokens refreshed successfully for user: tranhieudz2024@gmail.com',
  level: 'info',
  timestamp: '2026-08-03T19:10:22.673Z'
}
{
  userId: '6173a954-cbea-43c4-bbf1-ace8f7b9bc1e',
  level: 'info',
  message: '[AuthController] Get Me',
  timestamp: '2026-08-03T19:10:22.744Z'
}
{
  message: 'Fetching user details for ID: 6173a954-cbea-43c4-bbf1-ace8f7b9bc1e',
  level: 'debug',
  timestamp: '2026-08-03T19:10:22.744Z'
}
{
  message: '[Cache Hit] Lấy thông tin user ID: 6173a954-cbea-43c4-bbf1-ace8f7b9bc1e từ Redis',
  level: 'debug',
  timestamp: '2026-08-03T19:10:22.748Z'
}
{
  userId: '6173a954-cbea-43c4-bbf1-ace8f7b9bc1e',
  level: 'info',
  message: '[AuthController] Get Me',
  timestamp: '2026-08-03T19:10:22.760Z'
}
{
  message: 'Fetching user details for ID: 6173a954-cbea-43c4-bbf1-ace8f7b9bc1e',
  level: 'debug',
  timestamp: '2026-08-03T19:10:22.761Z'
}
{
  message: '[Cache Hit] Lấy thông tin user ID: 6173a954-cbea-43c4-bbf1-ace8f7b9bc1e từ Redis',
  level: 'debug',
  timestamp: '2026-08-03T19:10:22.764Z'
}
{
  query: [Object: null prototype] {},
  level: 'info',
  message: '[SearchController] Search hotels',
  timestamp: '2026-08-03T19:10:22.767Z'
}
{
  message: '[Cache Hit] Lấy danh sách điểm đến hoạt động từ Redis',
  level: 'debug',
  timestamp: '2026-08-03T19:10:22.770Z'
}
{
  message: '[Cache Hit] Lấy danh sách điểm đến hoạt động từ Redis',
  level: 'debug',
  timestamp: '2026-08-03T19:10:22.775Z'
}
{
  query: [Object: null prototype] {},
  level: 'info',
  message: '[SearchController] Search hotels',
  timestamp: '2026-08-03T19:10:22.799Z'
}
{
  hotelId: 'a9778731-bce8-4dbf-8b2f-ab2543bfdcdc',
  level: 'info',
  message: '[HotelController] Get hotel by id',
  timestamp: '2026-08-03T19:10:28.009Z'
}
{
  message: '[Cache Miss] Tìm hotel ID: a9778731-bce8-4dbf-8b2f-ab2543bfdcdc trong Database',
  level: 'debug',
  timestamp: '2026-08-03T19:10:28.010Z'
}
{
  hotelId: 'a9778731-bce8-4dbf-8b2f-ab2543bfdcdc',
  level: 'info',
  message: '[HotelController] Get hotel by id',
  timestamp: '2026-08-03T19:10:28.060Z'
}
{
  message: '[Cache Hit] Lấy thông tin hotel ID: a9778731-bce8-4dbf-8b2f-ab2543bfdcdc từ Redis',
  level: 'debug',
  timestamp: '2026-08-03T19:10:28.061Z'
}
{
  message: '[BookingController] Create booking',
  level: 'info',
  timestamp: '2026-08-03T19:10:56.569Z'
}
{
  message: '[BookingController] Get user bookings',
  level: 'info',
  timestamp: '2026-08-03T19:10:56.697Z'
}
{
  message: '[BookingController] Get user bookings',
  level: 'info',
  timestamp: '2026-08-03T19:10:56.722Z'
}
{
  email: 'agent1@booking.com',
  level: 'info',
  message: '[AuthController] Login with Password',
  timestamp: '2026-08-03T19:11:06.400Z'
}
{
  message: 'User ID 0cbc0c7f-fda6-4929-b479-ad9d83ace8ce đăng nhập thành công. Đã làm sạch lịch sử đăng nhập sai.',
  level: 'info',
  timestamp: '2026-08-03T19:11:06.471Z'
}
{
  message: '[AuthService] Password login successful for user: agent1@booking.com',
  level: 'info',
  timestamp: '2026-08-03T19:11:06.474Z'
}
{
  userId: '0cbc0c7f-fda6-4929-b479-ad9d83ace8ce',
  level: 'info',
  message: '[AuthController] Get Me',
  timestamp: '2026-08-03T19:11:06.491Z'
}
{
  message: 'Fetching user details for ID: 0cbc0c7f-fda6-4929-b479-ad9d83ace8ce',
  level: 'debug',
  timestamp: '2026-08-03T19:11:06.491Z'
}
{
  message: '[Cache Miss] Tìm user ID: 0cbc0c7f-fda6-4929-b479-ad9d83ace8ce trong Database',
  level: 'debug',
  timestamp: '2026-08-03T19:11:06.492Z'
}
{
  message: '[Cache Hit] Lấy danh sách điểm đến hoạt động từ Redis',
  level: 'debug',
  timestamp: '2026-08-03T19:11:06.553Z'
}
{
  page: '1',
  limit: '10',
  status: 'ACTIVE',
  level: 'info',
  message: '[HotelController] Get all hotels with queries',
  timestamp: '2026-08-03T19:11:06.557Z'
}
{
  message: '[Cache Hit] Lấy danh sách điểm đến hoạt động từ Redis',
  level: 'debug',
  timestamp: '2026-08-03T19:11:06.559Z'
}
{
  page: '1',
  limit: '10',
  status: 'ACTIVE',
  level: 'info',
  message: '[HotelController] Get all hotels with queries',
  timestamp: '2026-08-03T19:11:06.564Z'
}
{
  message: '[Cache Hit] Lấy danh sách điểm đến hoạt động từ Redis',
  level: 'debug',
  timestamp: '2026-08-03T19:11:06.565Z'
}
{
  message: '[Cache Hit] Lấy danh sách điểm đến hoạt động từ Redis',
  level: 'debug',
  timestamp: '2026-08-03T19:11:06.571Z'
}
{
  message: '[HotelController] Get my hotels',
  level: 'info',
  timestamp: '2026-08-03T19:11:09.802Z'
}
{
  message: '[HotelController] Get my hotels',
  level: 'info',
  timestamp: '2026-08-03T19:11:09.850Z'
}
{
  hotelId: '47451836-dfa0-4b5c-b770-43e87150fe10',
  level: 'info',
  message: '[BookingController] Get hotel bookings',
  timestamp: '2026-08-03T19:11:09.879Z'
}
{
  hotelId: '45ea8129-6cde-4f0a-b8a5-701260e11966',
  level: 'info',
  message: '[BookingController] Get hotel bookings',
  timestamp: '2026-08-03T19:11:09.898Z'
}
{
  message: '[Cache Miss] Tìm hotel ID: 47451836-dfa0-4b5c-b770-43e87150fe10 trong Database',
  level: 'debug',
  timestamp: '2026-08-03T19:11:09.900Z'
}
{
  message: '[Cache Miss] Tìm hotel ID: 45ea8129-6cde-4f0a-b8a5-701260e11966 trong Database',
  level: 'debug',
  timestamp: '2026-08-03T19:11:09.902Z'
}
{
  hotelId: 'd29b2e2a-8af1-4273-8f2d-87053225f461',
  level: 'info',
  message: '[BookingController] Get hotel bookings',
  timestamp: '2026-08-03T19:11:09.922Z'
}
{
  message: '[Cache Miss] Tìm hotel ID: d29b2e2a-8af1-4273-8f2d-87053225f461 trong Database',
  level: 'debug',
  timestamp: '2026-08-03T19:11:09.928Z'
}
{
  hotelId: 'fda0f2da-56b2-46ac-afa7-7bb4e6d06edc',
  level: 'info',
  message: '[BookingController] Get hotel bookings',
  timestamp: '2026-08-03T19:11:09.931Z'
}
{
  message: '[Cache Miss] Tìm hotel ID: fda0f2da-56b2-46ac-afa7-7bb4e6d06edc trong Database',
  level: 'debug',
  timestamp: '2026-08-03T19:11:09.932Z'
}
{
  hotelId: 'd79e14bd-e09b-49c3-80d7-4442133e57d6',
  level: 'info',
  message: '[BookingController] Get hotel bookings',
  timestamp: '2026-08-03T19:11:09.939Z'
}
{
  message: '[Cache Miss] Tìm hotel ID: d79e14bd-e09b-49c3-80d7-4442133e57d6 trong Database',
  level: 'debug',
  timestamp: '2026-08-03T19:11:09.940Z'
}
{
  hotelId: 'ae4ccd44-300e-4ca3-b16c-d3e71b6a0193',
  level: 'info',
  message: '[BookingController] Get hotel bookings',
  timestamp: '2026-08-03T19:11:09.946Z'
}
{
  message: '[Cache Miss] Tìm hotel ID: ae4ccd44-300e-4ca3-b16c-d3e71b6a0193 trong Database',
  level: 'debug',
  timestamp: '2026-08-03T19:11:09.948Z'
}
{
  hotelId: 'fdfc5eb7-97ff-450b-9edf-723739f36d56',
  level: 'info',
  message: '[BookingController] Get hotel bookings',
  timestamp: '2026-08-03T19:11:09.969Z'
}
{
  message: '[Cache Miss] Tìm hotel ID: fdfc5eb7-97ff-450b-9edf-723739f36d56 trong Database',
  level: 'debug',
  timestamp: '2026-08-03T19:11:09.972Z'
}
{
  hotelId: '6476b4b4-c8ba-4f05-a3ae-9ba776ad4be3',
  level: 'info',
  message: '[BookingController] Get hotel bookings',
  timestamp: '2026-08-03T19:11:09.982Z'
}
{
  message: '[Cache Miss] Tìm hotel ID: 6476b4b4-c8ba-4f05-a3ae-9ba776ad4be3 trong Database',
  level: 'debug',
  timestamp: '2026-08-03T19:11:09.984Z'
}
{
  hotelId: '3ff5cc53-9069-45bc-a39e-2295bebd3ea5',
  level: 'info',
  message: '[BookingController] Get hotel bookings',
  timestamp: '2026-08-03T19:11:10.018Z'
}
{
  message: '[Cache Miss] Tìm hotel ID: 3ff5cc53-9069-45bc-a39e-2295bebd3ea5 trong Database',
  level: 'debug',
  timestamp: '2026-08-03T19:11:10.019Z'
}
{
  hotelId: '61f3e4c1-cba1-48b1-851c-16bc9d413ec2',
  level: 'info',
  message: '[BookingController] Get hotel bookings',
  timestamp: '2026-08-03T19:11:10.024Z'
}
{
  message: '[Cache Miss] Tìm hotel ID: 61f3e4c1-cba1-48b1-851c-16bc9d413ec2 trong Database',
  level: 'debug',
  timestamp: '2026-08-03T19:11:10.026Z'
}
{
  hotelId: '52eb4a25-dcb7-4bea-81ac-9d12053bd2c0',
  level: 'info',
  message: '[BookingController] Get hotel bookings',
  timestamp: '2026-08-03T19:11:10.030Z'
}
{
  message: '[Cache Miss] Tìm hotel ID: 52eb4a25-dcb7-4bea-81ac-9d12053bd2c0 trong Database',
  level: 'debug',
  timestamp: '2026-08-03T19:11:10.032Z'
}
{
  hotelId: 'db71d087-b5a7-47be-b2a3-04e168e623b9',
  level: 'info',
  message: '[BookingController] Get hotel bookings',
  timestamp: '2026-08-03T19:11:10.043Z'
}
{
  hotelId: 'a9778731-bce8-4dbf-8b2f-ab2543bfdcdc',
  level: 'info',
  message: '[BookingController] Get hotel bookings',
  timestamp: '2026-08-03T19:11:10.046Z'
}
{
  message: '[Cache Miss] Tìm hotel ID: db71d087-b5a7-47be-b2a3-04e168e623b9 trong Database',
  level: 'debug',
  timestamp: '2026-08-03T19:11:10.048Z'
}
{
  message: '[Cache Hit] Lấy thông tin hotel ID: a9778731-bce8-4dbf-8b2f-ab2543bfdcdc từ Redis',
  level: 'debug',
  timestamp: '2026-08-03T19:11:10.048Z'
}
{
  hotelId: '09928f48-b9bb-4700-85d2-51b072eef2c9',
  level: 'info',
  message: '[BookingController] Get hotel bookings',
  timestamp: '2026-08-03T19:11:10.089Z'
}
{
  message: '[Cache Hit] Lấy thông tin hotel ID: 09928f48-b9bb-4700-85d2-51b072eef2c9 từ Redis',
  level: 'debug',
  timestamp: '2026-08-03T19:11:10.090Z'
}
{
  hotelId: '1f63d07b-44ef-412e-8e8f-fc20853648c3',
  level: 'info',
  message: '[BookingController] Get hotel bookings',
  timestamp: '2026-08-03T19:11:10.092Z'
}
{
  hotelId: '47451836-dfa0-4b5c-b770-43e87150fe10',
  level: 'info',
  message: '[BookingController] Get hotel bookings',
  timestamp: '2026-08-03T19:11:10.096Z'
}
{
  hotelId: 'd29b2e2a-8af1-4273-8f2d-87053225f461',
  level: 'info',
  message: '[BookingController] Get hotel bookings',
  timestamp: '2026-08-03T19:11:10.098Z'
}
{
  hotelId: '45ea8129-6cde-4f0a-b8a5-701260e11966',
  level: 'info',
  message: '[BookingController] Get hotel bookings',
  timestamp: '2026-08-03T19:11:10.100Z'
}
{
  message: '[Cache Miss] Tìm hotel ID: 1f63d07b-44ef-412e-8e8f-fc20853648c3 trong Database',
  level: 'debug',
  timestamp: '2026-08-03T19:11:10.101Z'
}
{
  message: '[Cache Hit] Lấy thông tin hotel ID: 47451836-dfa0-4b5c-b770-43e87150fe10 từ Redis',
  level: 'debug',
  timestamp: '2026-08-03T19:11:10.101Z'
}
{
  message: '[Cache Hit] Lấy thông tin hotel ID: d29b2e2a-8af1-4273-8f2d-87053225f461 từ Redis',
  level: 'debug',
  timestamp: '2026-08-03T19:11:10.101Z'
}
{
  message: '[Cache Hit] Lấy thông tin hotel ID: 45ea8129-6cde-4f0a-b8a5-701260e11966 từ Redis',
  level: 'debug',
  timestamp: '2026-08-03T19:11:10.102Z'
}
{
  hotelId: 'd79e14bd-e09b-49c3-80d7-4442133e57d6',
  level: 'info',
  message: '[BookingController] Get hotel bookings',
  timestamp: '2026-08-03T19:11:10.113Z'
}
{
  hotelId: '6476b4b4-c8ba-4f05-a3ae-9ba776ad4be3',
  level: 'info',
  message: '[BookingController] Get hotel bookings',
  timestamp: '2026-08-03T19:11:10.115Z'
}
{
  hotelId: 'ae4ccd44-300e-4ca3-b16c-d3e71b6a0193',
  level: 'info',
  message: '[BookingController] Get hotel bookings',
  timestamp: '2026-08-03T19:11:10.117Z'
}
{
  message: '[Cache Hit] Lấy thông tin hotel ID: d79e14bd-e09b-49c3-80d7-4442133e57d6 từ Redis',
  level: 'debug',
  timestamp: '2026-08-03T19:11:10.122Z'
}
{
  message: '[Cache Hit] Lấy thông tin hotel ID: 6476b4b4-c8ba-4f05-a3ae-9ba776ad4be3 từ Redis',
  level: 'debug',
  timestamp: '2026-08-03T19:11:10.122Z'
}
{
  message: '[Cache Hit] Lấy thông tin hotel ID: ae4ccd44-300e-4ca3-b16c-d3e71b6a0193 từ Redis',
  level: 'debug',
  timestamp: '2026-08-03T19:11:10.122Z'
}
{
  hotelId: 'fda0f2da-56b2-46ac-afa7-7bb4e6d06edc',
  level: 'info',
  message: '[BookingController] Get hotel bookings',
  timestamp: '2026-08-03T19:11:10.131Z'
}
{
  hotelId: 'fdfc5eb7-97ff-450b-9edf-723739f36d56',
  level: 'info',
  message: '[BookingController] Get hotel bookings',
  timestamp: '2026-08-03T19:11:10.134Z'
}
{
  hotelId: '52eb4a25-dcb7-4bea-81ac-9d12053bd2c0',
  level: 'info',
  message: '[BookingController] Get hotel bookings',
  timestamp: '2026-08-03T19:11:10.136Z'
}
{
  hotelId: '3ff5cc53-9069-45bc-a39e-2295bebd3ea5',
  level: 'info',
  message: '[BookingController] Get hotel bookings',
  timestamp: '2026-08-03T19:11:10.137Z'
}
{
  message: '[Cache Hit] Lấy thông tin hotel ID: fda0f2da-56b2-46ac-afa7-7bb4e6d06edc từ Redis',
  level: 'debug',
  timestamp: '2026-08-03T19:11:10.138Z'
}
{
  message: '[Cache Hit] Lấy thông tin hotel ID: fdfc5eb7-97ff-450b-9edf-723739f36d56 từ Redis',
  level: 'debug',
  timestamp: '2026-08-03T19:11:10.138Z'
}
{
  message: '[Cache Hit] Lấy thông tin hotel ID: 52eb4a25-dcb7-4bea-81ac-9d12053bd2c0 từ Redis',
  level: 'debug',
  timestamp: '2026-08-03T19:11:10.139Z'
}
{
  message: '[Cache Hit] Lấy thông tin hotel ID: 3ff5cc53-9069-45bc-a39e-2295bebd3ea5 từ Redis',
  level: 'debug',
  timestamp: '2026-08-03T19:11:10.139Z'
}
{
  hotelId: '61f3e4c1-cba1-48b1-851c-16bc9d413ec2',
  level: 'info',
  message: '[BookingController] Get hotel bookings',
  timestamp: '2026-08-03T19:11:10.147Z'
}
{
  message: '[Cache Hit] Lấy thông tin hotel ID: 61f3e4c1-cba1-48b1-851c-16bc9d413ec2 từ Redis',
  level: 'debug',
  timestamp: '2026-08-03T19:11:10.148Z'
}
{
  hotelId: 'a9778731-bce8-4dbf-8b2f-ab2543bfdcdc',
  level: 'info',
  message: '[BookingController] Get hotel bookings',
  timestamp: '2026-08-03T19:11:10.153Z'
}
{
  hotelId: 'db71d087-b5a7-47be-b2a3-04e168e623b9',
  level: 'info',
  message: '[BookingController] Get hotel bookings',
  timestamp: '2026-08-03T19:11:10.156Z'
}
{
  hotelId: '09928f48-b9bb-4700-85d2-51b072eef2c9',
  level: 'info',
  message: '[BookingController] Get hotel bookings',
  timestamp: '2026-08-03T19:11:10.159Z'
}
{
  message: '[Cache Hit] Lấy thông tin hotel ID: a9778731-bce8-4dbf-8b2f-ab2543bfdcdc từ Redis',
  level: 'debug',
  timestamp: '2026-08-03T19:11:10.161Z'
}
{
  message: '[Cache Hit] Lấy thông tin hotel ID: db71d087-b5a7-47be-b2a3-04e168e623b9 từ Redis',
  level: 'debug',
  timestamp: '2026-08-03T19:11:10.161Z'
}
{
  message: '[Cache Hit] Lấy thông tin hotel ID: 09928f48-b9bb-4700-85d2-51b072eef2c9 từ Redis',
  level: 'debug',
  timestamp: '2026-08-03T19:11:10.162Z'
}
{
  hotelId: '1f63d07b-44ef-412e-8e8f-fc20853648c3',
  level: 'info',
  message: '[BookingController] Get hotel bookings',
  timestamp: '2026-08-03T19:11:10.171Z'
}
{
  message: '[Cache Hit] Lấy thông tin hotel ID: 1f63d07b-44ef-412e-8e8f-fc20853648c3 từ Redis',
  level: 'debug',
  timestamp: '2026-08-03T19:11:10.172Z'
}
{
  message: '[HotelController] Get my hotels',
  level: 'info',
  timestamp: '2026-08-03T19:11:11.953Z'
}
{
  message: '[HotelController] Get my hotels',
  level: 'info',
  timestamp: '2026-08-03T19:11:11.965Z'
}
{
  message: '[HotelController] Get my hotels',
  level: 'info',
  timestamp: '2026-08-03T19:11:13.068Z'
}
{
  message: '[HotelController] Get my hotels',
  level: 'info',
  timestamp: '2026-08-03T19:11:13.085Z'
}
{
  hotelId: '47451836-dfa0-4b5c-b770-43e87150fe10',
  level: 'info',
  message: '[BookingController] Get hotel bookings',
  timestamp: '2026-08-03T19:11:13.092Z'
}
{
  hotelId: 'fda0f2da-56b2-46ac-afa7-7bb4e6d06edc',
  level: 'info',
  message: '[BookingController] Get hotel bookings',
  timestamp: '2026-08-03T19:11:13.096Z'
}
{
  hotelId: '45ea8129-6cde-4f0a-b8a5-701260e11966',
  level: 'info',
  message: '[BookingController] Get hotel bookings',
  timestamp: '2026-08-03T19:11:13.099Z'
}
{
  hotelId: 'd79e14bd-e09b-49c3-80d7-4442133e57d6',
  level: 'info',
  message: '[BookingController] Get hotel bookings',
  timestamp: '2026-08-03T19:11:13.101Z'
}
{
  hotelId: 'db71d087-b5a7-47be-b2a3-04e168e623b9',
  level: 'info',
  message: '[BookingController] Get hotel bookings',
  timestamp: '2026-08-03T19:11:13.103Z'
}
{
  message: '[Cache Hit] Lấy thông tin hotel ID: 47451836-dfa0-4b5c-b770-43e87150fe10 từ Redis',
  level: 'debug',
  timestamp: '2026-08-03T19:11:13.105Z'
}
{
  message: '[Cache Hit] Lấy thông tin hotel ID: fda0f2da-56b2-46ac-afa7-7bb4e6d06edc từ Redis',
  level: 'debug',
  timestamp: '2026-08-03T19:11:13.105Z'
}
{
  message: '[Cache Hit] Lấy thông tin hotel ID: 45ea8129-6cde-4f0a-b8a5-701260e11966 từ Redis',
  level: 'debug',
  timestamp: '2026-08-03T19:11:13.105Z'
}
{
  message: '[Cache Hit] Lấy thông tin hotel ID: d79e14bd-e09b-49c3-80d7-4442133e57d6 từ Redis',
  level: 'debug',
  timestamp: '2026-08-03T19:11:13.105Z'
}
{
  message: '[Cache Hit] Lấy thông tin hotel ID: db71d087-b5a7-47be-b2a3-04e168e623b9 từ Redis',
  level: 'debug',
  timestamp: '2026-08-03T19:11:13.106Z'
}
{
  hotelId: '1f63d07b-44ef-412e-8e8f-fc20853648c3',
  level: 'info',
  message: '[BookingController] Get hotel bookings',
  timestamp: '2026-08-03T19:11:13.115Z'
}
{
  hotelId: 'ae4ccd44-300e-4ca3-b16c-d3e71b6a0193',
  level: 'info',
  message: '[BookingController] Get hotel bookings',
  timestamp: '2026-08-03T19:11:13.117Z'
}
{
  hotelId: 'd29b2e2a-8af1-4273-8f2d-87053225f461',
  level: 'info',
  message: '[BookingController] Get hotel bookings',
  timestamp: '2026-08-03T19:11:13.119Z'
}
{
  hotelId: 'fdfc5eb7-97ff-450b-9edf-723739f36d56',
  level: 'info',
  message: '[BookingController] Get hotel bookings',
  timestamp: '2026-08-03T19:11:13.121Z'
}
{
  hotelId: '52eb4a25-dcb7-4bea-81ac-9d12053bd2c0',
  level: 'info',
  message: '[BookingController] Get hotel bookings',
  timestamp: '2026-08-03T19:11:13.122Z'
}
{
  hotelId: '6476b4b4-c8ba-4f05-a3ae-9ba776ad4be3',
  level: 'info',
  message: '[BookingController] Get hotel bookings',
  timestamp: '2026-08-03T19:11:13.124Z'
}
{
  message: '[Cache Hit] Lấy thông tin hotel ID: 1f63d07b-44ef-412e-8e8f-fc20853648c3 từ Redis',
  level: 'debug',
  timestamp: '2026-08-03T19:11:13.125Z'
}
{
  message: '[Cache Hit] Lấy thông tin hotel ID: ae4ccd44-300e-4ca3-b16c-d3e71b6a0193 từ Redis',
  level: 'debug',
  timestamp: '2026-08-03T19:11:13.126Z'
}
{
  message: '[Cache Hit] Lấy thông tin hotel ID: d29b2e2a-8af1-4273-8f2d-87053225f461 từ Redis',
  level: 'debug',
  timestamp: '2026-08-03T19:11:13.127Z'
}
{
  message: '[Cache Hit] Lấy thông tin hotel ID: fdfc5eb7-97ff-450b-9edf-723739f36d56 từ Redis',
  level: 'debug',
  timestamp: '2026-08-03T19:11:13.127Z'
}
{
  message: '[Cache Hit] Lấy thông tin hotel ID: 52eb4a25-dcb7-4bea-81ac-9d12053bd2c0 từ Redis',
  level: 'debug',
  timestamp: '2026-08-03T19:11:13.127Z'
}
{
  message: '[Cache Hit] Lấy thông tin hotel ID: 6476b4b4-c8ba-4f05-a3ae-9ba776ad4be3 từ Redis',
  level: 'debug',
  timestamp: '2026-08-03T19:11:13.127Z'
}
{
  hotelId: '3ff5cc53-9069-45bc-a39e-2295bebd3ea5',
  level: 'info',
  message: '[BookingController] Get hotel bookings',
  timestamp: '2026-08-03T19:11:13.134Z'
}
{
  hotelId: '61f3e4c1-cba1-48b1-851c-16bc9d413ec2',
  level: 'info',
  message: '[BookingController] Get hotel bookings',
  timestamp: '2026-08-03T19:11:13.138Z'
}
{
  hotelId: 'a9778731-bce8-4dbf-8b2f-ab2543bfdcdc',
  level: 'info',
  message: '[BookingController] Get hotel bookings',
  timestamp: '2026-08-03T19:11:13.141Z'
}
{
  hotelId: '09928f48-b9bb-4700-85d2-51b072eef2c9',
  level: 'info',
  message: '[BookingController] Get hotel bookings',
  timestamp: '2026-08-03T19:11:13.144Z'
}
{
  message: '[Cache Hit] Lấy thông tin hotel ID: 3ff5cc53-9069-45bc-a39e-2295bebd3ea5 từ Redis',
  level: 'debug',
  timestamp: '2026-08-03T19:11:13.145Z'
}
{
  message: '[Cache Hit] Lấy thông tin hotel ID: 61f3e4c1-cba1-48b1-851c-16bc9d413ec2 từ Redis',
  level: 'debug',
  timestamp: '2026-08-03T19:11:13.146Z'
}
{
  message: '[Cache Hit] Lấy thông tin hotel ID: a9778731-bce8-4dbf-8b2f-ab2543bfdcdc từ Redis',
  level: 'debug',
  timestamp: '2026-08-03T19:11:13.146Z'
}
{
  message: '[Cache Hit] Lấy thông tin hotel ID: 09928f48-b9bb-4700-85d2-51b072eef2c9 từ Redis',
  level: 'debug',
  timestamp: '2026-08-03T19:11:13.146Z'
}
{
  hotelId: '47451836-dfa0-4b5c-b770-43e87150fe10',
  level: 'info',
  message: '[BookingController] Get hotel bookings',
  timestamp: '2026-08-03T19:11:13.154Z'
}
{
  hotelId: 'fda0f2da-56b2-46ac-afa7-7bb4e6d06edc',
  level: 'info',
  message: '[BookingController] Get hotel bookings',
  timestamp: '2026-08-03T19:11:13.156Z'
}
{
  hotelId: 'd79e14bd-e09b-49c3-80d7-4442133e57d6',
  level: 'info',
  message: '[BookingController] Get hotel bookings',
  timestamp: '2026-08-03T19:11:13.158Z'
}
{
  hotelId: '45ea8129-6cde-4f0a-b8a5-701260e11966',
  level: 'info',
  message: '[BookingController] Get hotel bookings',
  timestamp: '2026-08-03T19:11:13.159Z'
}
{
  hotelId: 'db71d087-b5a7-47be-b2a3-04e168e623b9',
  level: 'info',
  message: '[BookingController] Get hotel bookings',
  timestamp: '2026-08-03T19:11:13.160Z'
}
{
  hotelId: '1f63d07b-44ef-412e-8e8f-fc20853648c3',
  level: 'info',
  message: '[BookingController] Get hotel bookings',
  timestamp: '2026-08-03T19:11:13.162Z'
}
{
  message: '[Cache Hit] Lấy thông tin hotel ID: 47451836-dfa0-4b5c-b770-43e87150fe10 từ Redis',
  level: 'debug',
  timestamp: '2026-08-03T19:11:13.163Z'
}
{
  message: '[Cache Hit] Lấy thông tin hotel ID: fda0f2da-56b2-46ac-afa7-7bb4e6d06edc từ Redis',
  level: 'debug',
  timestamp: '2026-08-03T19:11:13.163Z'
}
{
  message: '[Cache Hit] Lấy thông tin hotel ID: d79e14bd-e09b-49c3-80d7-4442133e57d6 từ Redis',
  level: 'debug',
  timestamp: '2026-08-03T19:11:13.163Z'
}
{
  message: '[Cache Hit] Lấy thông tin hotel ID: 45ea8129-6cde-4f0a-b8a5-701260e11966 từ Redis',
  level: 'debug',
  timestamp: '2026-08-03T19:11:13.163Z'
}
{
  message: '[Cache Hit] Lấy thông tin hotel ID: db71d087-b5a7-47be-b2a3-04e168e623b9 từ Redis',
  level: 'debug',
  timestamp: '2026-08-03T19:11:13.163Z'
}
{
  message: '[Cache Hit] Lấy thông tin hotel ID: 1f63d07b-44ef-412e-8e8f-fc20853648c3 từ Redis',
  level: 'debug',
  timestamp: '2026-08-03T19:11:13.164Z'
}
{
  hotelId: 'ae4ccd44-300e-4ca3-b16c-d3e71b6a0193',
  level: 'info',
  message: '[BookingController] Get hotel bookings',
  timestamp: '2026-08-03T19:11:13.171Z'
}
{
  hotelId: 'd29b2e2a-8af1-4273-8f2d-87053225f461',
  level: 'info',
  message: '[BookingController] Get hotel bookings',
  timestamp: '2026-08-03T19:11:13.173Z'
}
{
  message: '[Cache Hit] Lấy thông tin hotel ID: ae4ccd44-300e-4ca3-b16c-d3e71b6a0193 từ Redis',
  level: 'debug',
  timestamp: '2026-08-03T19:11:13.174Z'
}
{
  message: '[Cache Hit] Lấy thông tin hotel ID: d29b2e2a-8af1-4273-8f2d-87053225f461 từ Redis',
  level: 'debug',
  timestamp: '2026-08-03T19:11:13.174Z'
}
{
  hotelId: 'fdfc5eb7-97ff-450b-9edf-723739f36d56',
  level: 'info',
  message: '[BookingController] Get hotel bookings',
  timestamp: '2026-08-03T19:11:13.176Z'
}
{
  hotelId: '52eb4a25-dcb7-4bea-81ac-9d12053bd2c0',
  level: 'info',
  message: '[BookingController] Get hotel bookings',
  timestamp: '2026-08-03T19:11:13.178Z'
}
{
  hotelId: '6476b4b4-c8ba-4f05-a3ae-9ba776ad4be3',
  level: 'info',
  message: '[BookingController] Get hotel bookings',
  timestamp: '2026-08-03T19:11:13.179Z'
}
{
  hotelId: '3ff5cc53-9069-45bc-a39e-2295bebd3ea5',
  level: 'info',
  message: '[BookingController] Get hotel bookings',
  timestamp: '2026-08-03T19:11:13.180Z'
}
{
  message: '[Cache Hit] Lấy thông tin hotel ID: fdfc5eb7-97ff-450b-9edf-723739f36d56 từ Redis',
  level: 'debug',
  timestamp: '2026-08-03T19:11:13.181Z'
}
{
  message: '[Cache Hit] Lấy thông tin hotel ID: 52eb4a25-dcb7-4bea-81ac-9d12053bd2c0 từ Redis',
  level: 'debug',
  timestamp: '2026-08-03T19:11:13.181Z'
}
{
  message: '[Cache Hit] Lấy thông tin hotel ID: 6476b4b4-c8ba-4f05-a3ae-9ba776ad4be3 từ Redis',
  level: 'debug',
  timestamp: '2026-08-03T19:11:13.181Z'
}
{
  message: '[Cache Hit] Lấy thông tin hotel ID: 3ff5cc53-9069-45bc-a39e-2295bebd3ea5 từ Redis',
  level: 'debug',
  timestamp: '2026-08-03T19:11:13.181Z'
}
{
  hotelId: '61f3e4c1-cba1-48b1-851c-16bc9d413ec2',
  level: 'info',
  message: '[BookingController] Get hotel bookings',
  timestamp: '2026-08-03T19:11:13.185Z'
}
{
  hotelId: 'a9778731-bce8-4dbf-8b2f-ab2543bfdcdc',
  level: 'info',
  message: '[BookingController] Get hotel bookings',
  timestamp: '2026-08-03T19:11:13.189Z'
}
{
  hotelId: '09928f48-b9bb-4700-85d2-51b072eef2c9',
  level: 'info',
  message: '[BookingController] Get hotel bookings',
  timestamp: '2026-08-03T19:11:13.190Z'
}
{
  message: '[Cache Hit] Lấy thông tin hotel ID: 61f3e4c1-cba1-48b1-851c-16bc9d413ec2 từ Redis',
  level: 'debug',
  timestamp: '2026-08-03T19:11:13.191Z'
}
{
  message: '[Cache Hit] Lấy thông tin hotel ID: a9778731-bce8-4dbf-8b2f-ab2543bfdcdc từ Redis',
  level: 'debug',
  timestamp: '2026-08-03T19:11:13.191Z'
}
{
  message: '[Cache Hit] Lấy thông tin hotel ID: 09928f48-b9bb-4700-85d2-51b072eef2c9 từ Redis',
  level: 'debug',
  timestamp: '2026-08-03T19:11:13.192Z'
}
{
  bookingId: '2dd61b78-5f8f-42f8-ab4a-b6a637b6d3c5',
  level: 'info',
  message: '[BookingController] Update booking status',
  timestamp: '2026-08-03T19:11:51.493Z'
}
{
  message: '[Cache Hit] Lấy thông tin hotel ID: a9778731-bce8-4dbf-8b2f-ab2543bfdcdc từ Redis',
  level: 'debug',
  timestamp: '2026-08-03T19:11:51.537Z'
}
{
  message: 'JWT Verification Error: jwt expired',
  level: 'error',
  timestamp: '2026-08-03T19:14:10.900Z'
}
{
  message: 'GLOBAL ERROR HANDLER CAUGHT: Error: Phiên đăng nhập đã hết hạn. Vui lòng lấy Token mới.\n' +
    '    at authMiddleware (/app/src/middlewares/authMiddleware.ts:80:9)\n' +
    '    at Layer.handleRequest (/app/node_modules/router/lib/layer.js:152:17)\n' +
    '    at next (/app/node_modules/router/lib/route.js:157:13)\n' +
    '    at Route.dispatch (/app/node_modules/router/lib/route.js:117:3)\n' +
    '    at handle (/app/node_modules/router/index.js:435:11)\n' +
    '    at Layer.handleRequest (/app/node_modules/router/lib/layer.js:152:17)\n' +
    '    at /app/node_modules/router/index.js:295:15\n' +
    '    at processParams (/app/node_modules/router/index.js:582:12)\n' +
    '    at next (/app/node_modules/router/index.js:291:5)\n' +
    '    at Function.handle (/app/node_modules/router/index.js:186:3)',
  level: 'error',
  timestamp: '2026-08-03T19:14:10.901Z'
}
{
  message: 'JWT Verification Error: jwt expired',
  level: 'error',
  timestamp: '2026-08-03T19:14:10.906Z'
}
{
  message: 'GLOBAL ERROR HANDLER CAUGHT: Error: Phiên đăng nhập đã hết hạn. Vui lòng lấy Token mới.\n' +
    '    at authMiddleware (/app/src/middlewares/authMiddleware.ts:80:9)\n' +
    '    at Layer.handleRequest (/app/node_modules/router/lib/layer.js:152:17)\n' +
    '    at trimPrefix (/app/node_modules/router/index.js:342:13)\n' +
    '    at /app/node_modules/router/index.js:297:9\n' +
    '    at processParams (/app/node_modules/router/index.js:582:12)\n' +
    '    at next (/app/node_modules/router/index.js:291:5)\n' +
    '    at Function.handle (/app/node_modules/router/index.js:186:3)\n' +
    '    at router (/app/node_modules/router/index.js:60:12)\n' +
    '    at Layer.handleRequest (/app/node_modules/router/lib/layer.js:152:17)\n' +
    '    at trimPrefix (/app/node_modules/router/index.js:342:13)',
  level: 'error',
  timestamp: '2026-08-03T19:14:10.907Z'
}
{
  message: '[AuthController] Refresh Tokens',
  level: 'info',
  timestamp: '2026-08-03T19:14:10.925Z'
}
{
  message: 'Fetching user details for ID: 0cbc0c7f-fda6-4929-b479-ad9d83ace8ce',
  level: 'debug',
  timestamp: '2026-08-03T19:14:10.941Z'
}
{
  message: '[Cache Hit] Lấy thông tin user ID: 0cbc0c7f-fda6-4929-b479-ad9d83ace8ce từ Redis',
  level: 'debug',
  timestamp: '2026-08-03T19:14:10.942Z'
}
{
  message: '[AuthService] Tokens refreshed successfully for user: agent1@booking.com',
  level: 'info',
  timestamp: '2026-08-03T19:14:10.979Z'
}
{
  message: '[HotelController] Get my hotels',
  level: 'info',
  timestamp: '2026-08-03T19:14:11.040Z'
}
{
  hotelId: '47451836-dfa0-4b5c-b770-43e87150fe10',
  level: 'info',
  message: '[BookingController] Get hotel bookings',
  timestamp: '2026-08-03T19:14:11.085Z'
}
{
  hotelId: 'fda0f2da-56b2-46ac-afa7-7bb4e6d06edc',
  level: 'info',
  message: '[BookingController] Get hotel bookings',
  timestamp: '2026-08-03T19:14:11.088Z'
}
{
  message: '[Cache Hit] Lấy thông tin hotel ID: 47451836-dfa0-4b5c-b770-43e87150fe10 từ Redis',
  level: 'debug',
  timestamp: '2026-08-03T19:14:11.093Z'
}
{
  message: '[Cache Hit] Lấy thông tin hotel ID: fda0f2da-56b2-46ac-afa7-7bb4e6d06edc từ Redis',
  level: 'debug',
  timestamp: '2026-08-03T19:14:11.094Z'
}
{
  hotelId: 'fdfc5eb7-97ff-450b-9edf-723739f36d56',
  level: 'info',
  message: '[BookingController] Get hotel bookings',
  timestamp: '2026-08-03T19:14:11.101Z'
}
{
  hotelId: '6476b4b4-c8ba-4f05-a3ae-9ba776ad4be3',
  level: 'info',
  message: '[BookingController] Get hotel bookings',
  timestamp: '2026-08-03T19:14:11.103Z'
}
{
  hotelId: 'd79e14bd-e09b-49c3-80d7-4442133e57d6',
  level: 'info',
  message: '[BookingController] Get hotel bookings',
  timestamp: '2026-08-03T19:14:11.105Z'
}
{
  message: '[Cache Hit] Lấy thông tin hotel ID: fdfc5eb7-97ff-450b-9edf-723739f36d56 từ Redis',
  level: 'debug',
  timestamp: '2026-08-03T19:14:11.106Z'
}
{
  message: '[Cache Hit] Lấy thông tin hotel ID: 6476b4b4-c8ba-4f05-a3ae-9ba776ad4be3 từ Redis',
  level: 'debug',
  timestamp: '2026-08-03T19:14:11.107Z'
}
{
  message: '[Cache Hit] Lấy thông tin hotel ID: d79e14bd-e09b-49c3-80d7-4442133e57d6 từ Redis',
  level: 'debug',
  timestamp: '2026-08-03T19:14:11.107Z'
}
{
  hotelId: '45ea8129-6cde-4f0a-b8a5-701260e11966',
  level: 'info',
  message: '[BookingController] Get hotel bookings',
  timestamp: '2026-08-03T19:14:11.109Z'
}
{
  message: '[Cache Hit] Lấy thông tin hotel ID: 45ea8129-6cde-4f0a-b8a5-701260e11966 từ Redis',
  level: 'debug',
  timestamp: '2026-08-03T19:14:11.109Z'
}
{
  hotelId: '1f63d07b-44ef-412e-8e8f-fc20853648c3',
  level: 'info',
  message: '[BookingController] Get hotel bookings',
  timestamp: '2026-08-03T19:14:11.112Z'
}
{
  message: '[Cache Hit] Lấy thông tin hotel ID: 1f63d07b-44ef-412e-8e8f-fc20853648c3 từ Redis',
  level: 'debug',
  timestamp: '2026-08-03T19:14:11.112Z'
}
{
  hotelId: 'd29b2e2a-8af1-4273-8f2d-87053225f461',
  level: 'info',
  message: '[BookingController] Get hotel bookings',
  timestamp: '2026-08-03T19:14:11.114Z'
}
{
  hotelId: '61f3e4c1-cba1-48b1-851c-16bc9d413ec2',
  level: 'info',
  message: '[BookingController] Get hotel bookings',
  timestamp: '2026-08-03T19:14:11.116Z'
}
{
  hotelId: '3ff5cc53-9069-45bc-a39e-2295bebd3ea5',
  level: 'info',
  message: '[BookingController] Get hotel bookings',
  timestamp: '2026-08-03T19:14:11.117Z'
}
{
  hotelId: 'db71d087-b5a7-47be-b2a3-04e168e623b9',
  level: 'info',
  message: '[BookingController] Get hotel bookings',
  timestamp: '2026-08-03T19:14:11.118Z'
}
{
  message: '[Cache Hit] Lấy thông tin hotel ID: d29b2e2a-8af1-4273-8f2d-87053225f461 từ Redis',
  level: 'debug',
  timestamp: '2026-08-03T19:14:11.119Z'
}
{
  message: '[Cache Hit] Lấy thông tin hotel ID: 61f3e4c1-cba1-48b1-851c-16bc9d413ec2 từ Redis',
  level: 'debug',
  timestamp: '2026-08-03T19:14:11.119Z'
}
{
  message: '[Cache Hit] Lấy thông tin hotel ID: 3ff5cc53-9069-45bc-a39e-2295bebd3ea5 từ Redis',
  level: 'debug',
  timestamp: '2026-08-03T19:14:11.119Z'
}
{
  message: '[Cache Hit] Lấy thông tin hotel ID: db71d087-b5a7-47be-b2a3-04e168e623b9 từ Redis',
  level: 'debug',
  timestamp: '2026-08-03T19:14:11.119Z'
}
{
  hotelId: 'ae4ccd44-300e-4ca3-b16c-d3e71b6a0193',
  level: 'info',
  message: '[BookingController] Get hotel bookings',
  timestamp: '2026-08-03T19:14:11.123Z'
}
{
  message: '[Cache Hit] Lấy thông tin hotel ID: ae4ccd44-300e-4ca3-b16c-d3e71b6a0193 từ Redis',
  level: 'debug',
  timestamp: '2026-08-03T19:14:11.124Z'
}
{
  hotelId: 'a9778731-bce8-4dbf-8b2f-ab2543bfdcdc',
  level: 'info',
  message: '[BookingController] Get hotel bookings',
  timestamp: '2026-08-03T19:14:11.129Z'
}
{
  hotelId: '09928f48-b9bb-4700-85d2-51b072eef2c9',
  level: 'info',
  message: '[BookingController] Get hotel bookings',
  timestamp: '2026-08-03T19:14:11.131Z'
}
{
  hotelId: '52eb4a25-dcb7-4bea-81ac-9d12053bd2c0',
  level: 'info',
  message: '[BookingController] Get hotel bookings',
  timestamp: '2026-08-03T19:14:11.134Z'
}
{
  message: '[Cache Hit] Lấy thông tin hotel ID: a9778731-bce8-4dbf-8b2f-ab2543bfdcdc từ Redis',
  level: 'debug',
  timestamp: '2026-08-03T19:14:11.134Z'
}
{
  message: '[Cache Hit] Lấy thông tin hotel ID: 09928f48-b9bb-4700-85d2-51b072eef2c9 từ Redis',
  level: 'debug',
  timestamp: '2026-08-03T19:14:11.135Z'
}
{
  message: '[Cache Hit] Lấy thông tin hotel ID: 52eb4a25-dcb7-4bea-81ac-9d12053bd2c0 từ Redis',
  level: 'debug',
  timestamp: '2026-08-03T19:14:11.135Z'
}
{
  message: '[HotelController] Get my hotels',
  level: 'info',
  timestamp: '2026-08-03T19:14:18.683Z'
}
{
  hotelId: '47451836-dfa0-4b5c-b770-43e87150fe10',
  level: 'info',
  message: '[BookingController] Get hotel bookings',
  timestamp: '2026-08-03T19:14:18.715Z'
}
{
  message: '[Cache Hit] Lấy thông tin hotel ID: 47451836-dfa0-4b5c-b770-43e87150fe10 từ Redis',
  level: 'debug',
  timestamp: '2026-08-03T19:14:18.719Z'
}
{
  hotelId: 'fda0f2da-56b2-46ac-afa7-7bb4e6d06edc',
  level: 'info',
  message: '[BookingController] Get hotel bookings',
  timestamp: '2026-08-03T19:14:18.730Z'
}
{
  message: '[Cache Hit] Lấy thông tin hotel ID: fda0f2da-56b2-46ac-afa7-7bb4e6d06edc từ Redis',
  level: 'debug',
  timestamp: '2026-08-03T19:14:18.739Z'
}
{
  hotelId: 'd29b2e2a-8af1-4273-8f2d-87053225f461',
  level: 'info',
  message: '[BookingController] Get hotel bookings',
  timestamp: '2026-08-03T19:14:18.752Z'
}
{
  message: '[Cache Hit] Lấy thông tin hotel ID: d29b2e2a-8af1-4273-8f2d-87053225f461 từ Redis',
  level: 'debug',
  timestamp: '2026-08-03T19:14:18.755Z'
}
{
  hotelId: '45ea8129-6cde-4f0a-b8a5-701260e11966',
  level: 'info',
  message: '[BookingController] Get hotel bookings',
  timestamp: '2026-08-03T19:14:18.761Z'
}
{
  message: '[Cache Hit] Lấy thông tin hotel ID: 45ea8129-6cde-4f0a-b8a5-701260e11966 từ Redis',
  level: 'debug',
  timestamp: '2026-08-03T19:14:18.762Z'
}
{
  hotelId: '3ff5cc53-9069-45bc-a39e-2295bebd3ea5',
  level: 'info',
  message: '[BookingController] Get hotel bookings',
  timestamp: '2026-08-03T19:14:18.766Z'
}
{
  message: '[Cache Hit] Lấy thông tin hotel ID: 3ff5cc53-9069-45bc-a39e-2295bebd3ea5 từ Redis',
  level: 'debug',
  timestamp: '2026-08-03T19:14:18.769Z'
}
{
  hotelId: 'fdfc5eb7-97ff-450b-9edf-723739f36d56',
  level: 'info',
  message: '[BookingController] Get hotel bookings',
  timestamp: '2026-08-03T19:14:18.774Z'
}
{
  hotelId: 'd79e14bd-e09b-49c3-80d7-4442133e57d6',
  level: 'info',
  message: '[BookingController] Get hotel bookings',
  timestamp: '2026-08-03T19:14:18.777Z'
}
{
  message: '[Cache Hit] Lấy thông tin hotel ID: fdfc5eb7-97ff-450b-9edf-723739f36d56 từ Redis',
  level: 'debug',
  timestamp: '2026-08-03T19:14:18.777Z'
}
{
  message: '[Cache Hit] Lấy thông tin hotel ID: d79e14bd-e09b-49c3-80d7-4442133e57d6 từ Redis',
  level: 'debug',
  timestamp: '2026-08-03T19:14:18.778Z'
}
{
  hotelId: '52eb4a25-dcb7-4bea-81ac-9d12053bd2c0',
  level: 'info',
  message: '[BookingController] Get hotel bookings',
  timestamp: '2026-08-03T19:14:18.781Z'
}
{
  hotelId: 'db71d087-b5a7-47be-b2a3-04e168e623b9',
  level: 'info',
  message: '[BookingController] Get hotel bookings',
  timestamp: '2026-08-03T19:14:18.782Z'
}
{
  message: '[Cache Hit] Lấy thông tin hotel ID: 52eb4a25-dcb7-4bea-81ac-9d12053bd2c0 từ Redis',
  level: 'debug',
  timestamp: '2026-08-03T19:14:18.783Z'
}
{
  message: '[Cache Hit] Lấy thông tin hotel ID: db71d087-b5a7-47be-b2a3-04e168e623b9 từ Redis',
  level: 'debug',
  timestamp: '2026-08-03T19:14:18.783Z'
}
{
  hotelId: 'a9778731-bce8-4dbf-8b2f-ab2543bfdcdc',
  level: 'info',
  message: '[BookingController] Get hotel bookings',
  timestamp: '2026-08-03T19:14:18.788Z'
}
{
  hotelId: '1f63d07b-44ef-412e-8e8f-fc20853648c3',
  level: 'info',
  message: '[BookingController] Get hotel bookings',
  timestamp: '2026-08-03T19:14:18.790Z'
}
{
  message: '[Cache Hit] Lấy thông tin hotel ID: a9778731-bce8-4dbf-8b2f-ab2543bfdcdc từ Redis',
  level: 'debug',
  timestamp: '2026-08-03T19:14:18.791Z'
}
{
  message: '[Cache Hit] Lấy thông tin hotel ID: 1f63d07b-44ef-412e-8e8f-fc20853648c3 từ Redis',
  level: 'debug',
  timestamp: '2026-08-03T19:14:18.792Z'
}
{
  hotelId: 'ae4ccd44-300e-4ca3-b16c-d3e71b6a0193',
  level: 'info',
  message: '[BookingController] Get hotel bookings',
  timestamp: '2026-08-03T19:14:18.795Z'
}
{
  hotelId: '09928f48-b9bb-4700-85d2-51b072eef2c9',
  level: 'info',
  message: '[BookingController] Get hotel bookings',
  timestamp: '2026-08-03T19:14:18.797Z'
}
{
  message: '[Cache Hit] Lấy thông tin hotel ID: ae4ccd44-300e-4ca3-b16c-d3e71b6a0193 từ Redis',
  level: 'debug',
  timestamp: '2026-08-03T19:14:18.798Z'
}
{
  message: '[Cache Hit] Lấy thông tin hotel ID: 09928f48-b9bb-4700-85d2-51b072eef2c9 từ Redis',
  level: 'debug',
  timestamp: '2026-08-03T19:14:18.798Z'
}
{
  hotelId: '6476b4b4-c8ba-4f05-a3ae-9ba776ad4be3',
  level: 'info',
  message: '[BookingController] Get hotel bookings',
  timestamp: '2026-08-03T19:14:18.802Z'
}
{
  message: '[Cache Hit] Lấy thông tin hotel ID: 6476b4b4-c8ba-4f05-a3ae-9ba776ad4be3 từ Redis',
  level: 'debug',
  timestamp: '2026-08-03T19:14:18.803Z'
}
{
  hotelId: '61f3e4c1-cba1-48b1-851c-16bc9d413ec2',
  level: 'info',
  message: '[BookingController] Get hotel bookings',
  timestamp: '2026-08-03T19:14:18.809Z'
}
{
  message: '[Cache Hit] Lấy thông tin hotel ID: 61f3e4c1-cba1-48b1-851c-16bc9d413ec2 từ Redis',
  level: 'debug',
  timestamp: '2026-08-03T19:14:18.810Z'
}
{
  message: '[HotelController] Get my hotels',
  level: 'info',
  timestamp: '2026-08-03T19:14:37.842Z'
}
{
  hotelId: '47451836-dfa0-4b5c-b770-43e87150fe10',
  level: 'info',
  message: '[BookingController] Get hotel bookings',
  timestamp: '2026-08-03T19:14:37.888Z'
}
{
  message: '[Cache Hit] Lấy thông tin hotel ID: 47451836-dfa0-4b5c-b770-43e87150fe10 từ Redis',
  level: 'debug',
  timestamp: '2026-08-03T19:14:37.896Z'
}
{
  hotelId: 'fda0f2da-56b2-46ac-afa7-7bb4e6d06edc',
  level: 'info',
  message: '[BookingController] Get hotel bookings',
  timestamp: '2026-08-03T19:14:37.910Z'
}
{
  message: '[Cache Hit] Lấy thông tin hotel ID: fda0f2da-56b2-46ac-afa7-7bb4e6d06edc từ Redis',
  level: 'debug',
  timestamp: '2026-08-03T19:14:37.911Z'
}
{
  hotelId: 'd29b2e2a-8af1-4273-8f2d-87053225f461',
  level: 'info',
  message: '[BookingController] Get hotel bookings',
  timestamp: '2026-08-03T19:14:37.917Z'
}
{
  hotelId: '45ea8129-6cde-4f0a-b8a5-701260e11966',
  level: 'info',
  message: '[BookingController] Get hotel bookings',
  timestamp: '2026-08-03T19:14:37.920Z'
}
{
  message: '[Cache Hit] Lấy thông tin hotel ID: d29b2e2a-8af1-4273-8f2d-87053225f461 từ Redis',
  level: 'debug',
  timestamp: '2026-08-03T19:14:37.922Z'
}
{
  message: '[Cache Hit] Lấy thông tin hotel ID: 45ea8129-6cde-4f0a-b8a5-701260e11966 từ Redis',
  level: 'debug',
  timestamp: '2026-08-03T19:14:37.922Z'
}
{
  hotelId: 'd79e14bd-e09b-49c3-80d7-4442133e57d6',
  level: 'info',
  message: '[BookingController] Get hotel bookings',
  timestamp: '2026-08-03T19:14:37.927Z'
}
{
  message: '[Cache Hit] Lấy thông tin hotel ID: d79e14bd-e09b-49c3-80d7-4442133e57d6 từ Redis',
  level: 'debug',
  timestamp: '2026-08-03T19:14:37.928Z'
}
{
  hotelId: '6476b4b4-c8ba-4f05-a3ae-9ba776ad4be3',
  level: 'info',
  message: '[BookingController] Get hotel bookings',
  timestamp: '2026-08-03T19:14:37.933Z'
}
{
  message: '[Cache Hit] Lấy thông tin hotel ID: 6476b4b4-c8ba-4f05-a3ae-9ba776ad4be3 từ Redis',
  level: 'debug',
  timestamp: '2026-08-03T19:14:37.936Z'
}
{
  hotelId: 'db71d087-b5a7-47be-b2a3-04e168e623b9',
  level: 'info',
  message: '[BookingController] Get hotel bookings',
  timestamp: '2026-08-03T19:14:37.939Z'
}
{
  hotelId: '3ff5cc53-9069-45bc-a39e-2295bebd3ea5',
  level: 'info',
  message: '[BookingController] Get hotel bookings',
  timestamp: '2026-08-03T19:14:37.941Z'
}
{
  message: '[Cache Hit] Lấy thông tin hotel ID: db71d087-b5a7-47be-b2a3-04e168e623b9 từ Redis',
  level: 'debug',
  timestamp: '2026-08-03T19:14:37.944Z'
}
{
  message: '[Cache Hit] Lấy thông tin hotel ID: 3ff5cc53-9069-45bc-a39e-2295bebd3ea5 từ Redis',
  level: 'debug',
  timestamp: '2026-08-03T19:14:37.945Z'
}
{
  hotelId: '61f3e4c1-cba1-48b1-851c-16bc9d413ec2',
  level: 'info',
  message: '[BookingController] Get hotel bookings',
  timestamp: '2026-08-03T19:14:37.949Z'
}
{
  hotelId: '1f63d07b-44ef-412e-8e8f-fc20853648c3',
  level: 'info',
  message: '[BookingController] Get hotel bookings',
  timestamp: '2026-08-03T19:14:37.952Z'
}
{
  message: '[Cache Hit] Lấy thông tin hotel ID: 61f3e4c1-cba1-48b1-851c-16bc9d413ec2 từ Redis',
  level: 'debug',
  timestamp: '2026-08-03T19:14:37.953Z'
}
{
  message: '[Cache Hit] Lấy thông tin hotel ID: 1f63d07b-44ef-412e-8e8f-fc20853648c3 từ Redis',
  level: 'debug',
  timestamp: '2026-08-03T19:14:37.954Z'
}
{
  hotelId: 'a9778731-bce8-4dbf-8b2f-ab2543bfdcdc',
  level: 'info',
  message: '[BookingController] Get hotel bookings',
  timestamp: '2026-08-03T19:14:37.959Z'
}
{
  hotelId: 'ae4ccd44-300e-4ca3-b16c-d3e71b6a0193',
  level: 'info',
  message: '[BookingController] Get hotel bookings',
  timestamp: '2026-08-03T19:14:37.963Z'
}
{
  message: '[Cache Hit] Lấy thông tin hotel ID: a9778731-bce8-4dbf-8b2f-ab2543bfdcdc từ Redis',
  level: 'debug',
  timestamp: '2026-08-03T19:14:37.963Z'
}
{
  message: '[Cache Hit] Lấy thông tin hotel ID: ae4ccd44-300e-4ca3-b16c-d3e71b6a0193 từ Redis',
  level: 'debug',
  timestamp: '2026-08-03T19:14:37.964Z'
}
{
  hotelId: '09928f48-b9bb-4700-85d2-51b072eef2c9',
  level: 'info',
  message: '[BookingController] Get hotel bookings',
  timestamp: '2026-08-03T19:14:37.967Z'
}
{
  hotelId: 'fdfc5eb7-97ff-450b-9edf-723739f36d56',
  level: 'info',
  message: '[BookingController] Get hotel bookings',
  timestamp: '2026-08-03T19:14:37.969Z'
}
{
  message: '[Cache Hit] Lấy thông tin hotel ID: 09928f48-b9bb-4700-85d2-51b072eef2c9 từ Redis',
  level: 'debug',
  timestamp: '2026-08-03T19:14:37.971Z'
}
{
  message: '[Cache Hit] Lấy thông tin hotel ID: fdfc5eb7-97ff-450b-9edf-723739f36d56 từ Redis',
  level: 'debug',
  timestamp: '2026-08-03T19:14:37.971Z'
}
{
  hotelId: '52eb4a25-dcb7-4bea-81ac-9d12053bd2c0',
  level: 'info',
  message: '[BookingController] Get hotel bookings',
  timestamp: '2026-08-03T19:14:37.973Z'
}
{
  message: '[Cache Hit] Lấy thông tin hotel ID: 52eb4a25-dcb7-4bea-81ac-9d12053bd2c0 từ Redis',
  level: 'debug',
  timestamp: '2026-08-03T19:14:37.974Z'
}
{
  message: '[SchedulerService] Đang kiểm tra các booking hết hạn thanh toán...',
  level: 'info',
  timestamp: '2026-08-03T19:15:00.011Z'
}
{
  message: 'JWT Verification Error: jwt expired',
  level: 'error',
  timestamp: '2026-08-03T19:16:11.026Z'
}
{
  message: 'GLOBAL ERROR HANDLER CAUGHT: Error: Phiên đăng nhập đã hết hạn. Vui lòng lấy Token mới.\n' +
    '    at authMiddleware (/app/src/middlewares/authMiddleware.ts:80:9)\n' +
    '    at Layer.handleRequest (/app/node_modules/router/lib/layer.js:152:17)\n' +
    '    at next (/app/node_modules/router/lib/route.js:157:13)\n' +
    '    at Route.dispatch (/app/node_modules/router/lib/route.js:117:3)\n' +
    '    at handle (/app/node_modules/router/index.js:435:11)\n' +
    '    at Layer.handleRequest (/app/node_modules/router/lib/layer.js:152:17)\n' +
    '    at /app/node_modules/router/index.js:295:15\n' +
    '    at processParams (/app/node_modules/router/index.js:582:12)\n' +
    '    at next (/app/node_modules/router/index.js:291:5)\n' +
    '    at Function.handle (/app/node_modules/router/index.js:186:3)',
  level: 'error',
  timestamp: '2026-08-03T19:16:11.027Z'
}
{
  message: 'JWT Verification Error: jwt expired',
  level: 'error',
  timestamp: '2026-08-03T19:16:11.031Z'
}
{
  message: 'GLOBAL ERROR HANDLER CAUGHT: Error: Phiên đăng nhập đã hết hạn. Vui lòng lấy Token mới.\n' +
    '    at authMiddleware (/app/src/middlewares/authMiddleware.ts:80:9)\n' +
    '    at Layer.handleRequest (/app/node_modules/router/lib/layer.js:152:17)\n' +
    '    at next (/app/node_modules/router/lib/route.js:157:13)\n' +
    '    at Route.dispatch (/app/node_modules/router/lib/route.js:117:3)\n' +
    '    at handle (/app/node_modules/router/index.js:435:11)\n' +
    '    at Layer.handleRequest (/app/node_modules/router/lib/layer.js:152:17)\n' +
    '    at /app/node_modules/router/index.js:295:15\n' +
    '    at processParams (/app/node_modules/router/index.js:582:12)\n' +
    '    at next (/app/node_modules/router/index.js:291:5)\n' +
    '    at Function.handle (/app/node_modules/router/index.js:186:3)',
  level: 'error',
  timestamp: '2026-08-03T19:16:11.032Z'
}
{
  message: '[AuthController] Refresh Tokens',
  level: 'info',
  timestamp: '2026-08-03T19:16:11.055Z'
}
{
  message: 'Fetching user details for ID: 6173a954-cbea-43c4-bbf1-ace8f7b9bc1e',
  level: 'debug',
  timestamp: '2026-08-03T19:16:11.081Z'
}
{
  message: '[Cache Hit] Lấy thông tin user ID: 6173a954-cbea-43c4-bbf1-ace8f7b9bc1e từ Redis',
  level: 'debug',
  timestamp: '2026-08-03T19:16:11.082Z'
}
{
  message: '[AuthService] Tokens refreshed successfully for user: tranhieudz2024@gmail.com',
  level: 'info',
  timestamp: '2026-08-03T19:16:11.096Z'
}
{
  userId: '6173a954-cbea-43c4-bbf1-ace8f7b9bc1e',
  level: 'info',
  message: '[AuthController] Get Me',
  timestamp: '2026-08-03T19:16:11.145Z'
}
{
  message: 'Fetching user details for ID: 6173a954-cbea-43c4-bbf1-ace8f7b9bc1e',
  level: 'debug',
  timestamp: '2026-08-03T19:16:11.145Z'
}
{
  message: '[Cache Hit] Lấy thông tin user ID: 6173a954-cbea-43c4-bbf1-ace8f7b9bc1e từ Redis',
  level: 'debug',
  timestamp: '2026-08-03T19:16:11.146Z'
}
{
  userId: '6173a954-cbea-43c4-bbf1-ace8f7b9bc1e',
  level: 'info',
  message: '[AuthController] Get Me',
  timestamp: '2026-08-03T19:16:11.152Z'
}
{
  message: 'Fetching user details for ID: 6173a954-cbea-43c4-bbf1-ace8f7b9bc1e',
  level: 'debug',
  timestamp: '2026-08-03T19:16:11.153Z'
}
{
  message: '[Cache Hit] Lấy thông tin user ID: 6173a954-cbea-43c4-bbf1-ace8f7b9bc1e từ Redis',
  level: 'debug',
  timestamp: '2026-08-03T19:16:11.154Z'
}
{
  message: '[BookingController] Get user bookings',
  level: 'info',
  timestamp: '2026-08-03T19:16:11.158Z'
}
{
  message: '[BookingController] Get user bookings',
  level: 'info',
  timestamp: '2026-08-03T19:16:11.186Z'
}
{
  bookingId: '2dd61b78-5f8f-42f8-ab4a-b6a637b6d3c5',
  level: 'info',
  message: '[BookingController] Cancel booking',
  timestamp: '2026-08-03T19:16:13.324Z'
}
{
  userId: '0cbc0c7f-fda6-4929-b479-ad9d83ace8ce',
  level: 'info',
  message: '[AuthController] Get Me',
  timestamp: '2026-08-03T19:16:19.895Z'
}
{
  message: 'Fetching user details for ID: 0cbc0c7f-fda6-4929-b479-ad9d83ace8ce',
  level: 'debug',
  timestamp: '2026-08-03T19:16:19.895Z'
}
{
  message: '[Cache Hit] Lấy thông tin user ID: 0cbc0c7f-fda6-4929-b479-ad9d83ace8ce từ Redis',
  level: 'debug',
  timestamp: '2026-08-03T19:16:19.897Z'
}
{
  userId: '0cbc0c7f-fda6-4929-b479-ad9d83ace8ce',
  level: 'info',
  message: '[AuthController] Get Me',
  timestamp: '2026-08-03T19:16:19.904Z'
}
{
  message: 'Fetching user details for ID: 0cbc0c7f-fda6-4929-b479-ad9d83ace8ce',
  level: 'debug',
  timestamp: '2026-08-03T19:16:19.904Z'
}
{
  message: '[Cache Hit] Lấy thông tin user ID: 0cbc0c7f-fda6-4929-b479-ad9d83ace8ce từ Redis',
  level: 'debug',
  timestamp: '2026-08-03T19:16:19.906Z'
}
{
  message: '[HotelController] Get my hotels',
  level: 'info',
  timestamp: '2026-08-03T19:16:20.247Z'
}
{
  message: '[HotelController] Get my hotels',
  level: 'info',
  timestamp: '2026-08-03T19:16:20.265Z'
}
{
  hotelId: '47451836-dfa0-4b5c-b770-43e87150fe10',
  level: 'info',
  message: '[BookingController] Get hotel bookings',
  timestamp: '2026-08-03T19:16:20.287Z'
}
{
  hotelId: 'fda0f2da-56b2-46ac-afa7-7bb4e6d06edc',
  level: 'info',
  message: '[BookingController] Get hotel bookings',
  timestamp: '2026-08-03T19:16:20.293Z'
}
{
  message: '[Cache Hit] Lấy thông tin hotel ID: 47451836-dfa0-4b5c-b770-43e87150fe10 từ Redis',
  level: 'debug',
  timestamp: '2026-08-03T19:16:20.294Z'
}
{
  message: '[Cache Hit] Lấy thông tin hotel ID: fda0f2da-56b2-46ac-afa7-7bb4e6d06edc từ Redis',
  level: 'debug',
  timestamp: '2026-08-03T19:16:20.295Z'
}
{
  hotelId: 'd29b2e2a-8af1-4273-8f2d-87053225f461',
  level: 'info',
  message: '[BookingController] Get hotel bookings',
  timestamp: '2026-08-03T19:16:20.305Z'
}
{
  hotelId: '52eb4a25-dcb7-4bea-81ac-9d12053bd2c0',
  level: 'info',
  message: '[BookingController] Get hotel bookings',
  timestamp: '2026-08-03T19:16:20.307Z'
}
{
  message: '[Cache Hit] Lấy thông tin hotel ID: d29b2e2a-8af1-4273-8f2d-87053225f461 từ Redis',
  level: 'debug',
  timestamp: '2026-08-03T19:16:20.310Z'
}
{
  message: '[Cache Hit] Lấy thông tin hotel ID: 52eb4a25-dcb7-4bea-81ac-9d12053bd2c0 từ Redis',
  level: 'debug',
  timestamp: '2026-08-03T19:16:20.311Z'
}
{
  hotelId: 'db71d087-b5a7-47be-b2a3-04e168e623b9',
  level: 'info',
  message: '[BookingController] Get hotel bookings',
  timestamp: '2026-08-03T19:16:20.313Z'
}
{
  message: '[Cache Hit] Lấy thông tin hotel ID: db71d087-b5a7-47be-b2a3-04e168e623b9 từ Redis',
  level: 'debug',
  timestamp: '2026-08-03T19:16:20.314Z'
}
{
  hotelId: 'd79e14bd-e09b-49c3-80d7-4442133e57d6',
  level: 'info',
  message: '[BookingController] Get hotel bookings',
  timestamp: '2026-08-03T19:16:20.317Z'
}
{
  message: '[Cache Hit] Lấy thông tin hotel ID: d79e14bd-e09b-49c3-80d7-4442133e57d6 từ Redis',
  level: 'debug',
  timestamp: '2026-08-03T19:16:20.317Z'
}
{
  hotelId: 'fdfc5eb7-97ff-450b-9edf-723739f36d56',
  level: 'info',
  message: '[BookingController] Get hotel bookings',
  timestamp: '2026-08-03T19:16:20.320Z'
}
{
  hotelId: '6476b4b4-c8ba-4f05-a3ae-9ba776ad4be3',
  level: 'info',
  message: '[BookingController] Get hotel bookings',
  timestamp: '2026-08-03T19:16:20.323Z'
}
{
  hotelId: '45ea8129-6cde-4f0a-b8a5-701260e11966',
  level: 'info',
  message: '[BookingController] Get hotel bookings',
  timestamp: '2026-08-03T19:16:20.325Z'
}
{
  message: '[Cache Hit] Lấy thông tin hotel ID: fdfc5eb7-97ff-450b-9edf-723739f36d56 từ Redis',
  level: 'debug',
  timestamp: '2026-08-03T19:16:20.326Z'
}
{
  message: '[Cache Hit] Lấy thông tin hotel ID: 6476b4b4-c8ba-4f05-a3ae-9ba776ad4be3 từ Redis',
  level: 'debug',
  timestamp: '2026-08-03T19:16:20.327Z'
}
{
  message: '[Cache Hit] Lấy thông tin hotel ID: 45ea8129-6cde-4f0a-b8a5-701260e11966 từ Redis',
  level: 'debug',
  timestamp: '2026-08-03T19:16:20.327Z'
}
{
  hotelId: '1f63d07b-44ef-412e-8e8f-fc20853648c3',
  level: 'info',
  message: '[BookingController] Get hotel bookings',
  timestamp: '2026-08-03T19:16:20.331Z'
}
{
  hotelId: 'ae4ccd44-300e-4ca3-b16c-d3e71b6a0193',
  level: 'info',
  message: '[BookingController] Get hotel bookings',
  timestamp: '2026-08-03T19:16:20.334Z'
}
{
  message: '[Cache Hit] Lấy thông tin hotel ID: 1f63d07b-44ef-412e-8e8f-fc20853648c3 từ Redis',
  level: 'debug',
  timestamp: '2026-08-03T19:16:20.335Z'
}
{
  message: '[Cache Hit] Lấy thông tin hotel ID: ae4ccd44-300e-4ca3-b16c-d3e71b6a0193 từ Redis',
  level: 'debug',
  timestamp: '2026-08-03T19:16:20.335Z'
}
{
  hotelId: 'a9778731-bce8-4dbf-8b2f-ab2543bfdcdc',
  level: 'info',
  message: '[BookingController] Get hotel bookings',
  timestamp: '2026-08-03T19:16:20.341Z'
}
{
  message: '[Cache Hit] Lấy thông tin hotel ID: a9778731-bce8-4dbf-8b2f-ab2543bfdcdc từ Redis',
  level: 'debug',
  timestamp: '2026-08-03T19:16:20.342Z'
}
{
  hotelId: '61f3e4c1-cba1-48b1-851c-16bc9d413ec2',
  level: 'info',
  message: '[BookingController] Get hotel bookings',
  timestamp: '2026-08-03T19:16:20.345Z'
}
{
  hotelId: '3ff5cc53-9069-45bc-a39e-2295bebd3ea5',
  level: 'info',
  message: '[BookingController] Get hotel bookings',
  timestamp: '2026-08-03T19:16:20.347Z'
}
{
  hotelId: '09928f48-b9bb-4700-85d2-51b072eef2c9',
  level: 'info',
  message: '[BookingController] Get hotel bookings',
  timestamp: '2026-08-03T19:16:20.350Z'
}
{
  message: '[Cache Hit] Lấy thông tin hotel ID: 61f3e4c1-cba1-48b1-851c-16bc9d413ec2 từ Redis',
  level: 'debug',
  timestamp: '2026-08-03T19:16:20.352Z'
}
{
  message: '[Cache Hit] Lấy thông tin hotel ID: 3ff5cc53-9069-45bc-a39e-2295bebd3ea5 từ Redis',
  level: 'debug',
  timestamp: '2026-08-03T19:16:20.352Z'
}
{
  message: '[Cache Hit] Lấy thông tin hotel ID: 09928f48-b9bb-4700-85d2-51b072eef2c9 từ Redis',
  level: 'debug',
  timestamp: '2026-08-03T19:16:20.352Z'
}
{
  hotelId: '47451836-dfa0-4b5c-b770-43e87150fe10',
  level: 'info',
  message: '[BookingController] Get hotel bookings',
  timestamp: '2026-08-03T19:16:20.355Z'
}
{
  hotelId: 'fda0f2da-56b2-46ac-afa7-7bb4e6d06edc',
  level: 'info',
  message: '[BookingController] Get hotel bookings',
  timestamp: '2026-08-03T19:16:20.358Z'
}
{
  message: '[Cache Hit] Lấy thông tin hotel ID: 47451836-dfa0-4b5c-b770-43e87150fe10 từ Redis',
  level: 'debug',
  timestamp: '2026-08-03T19:16:20.359Z'
}
{
  message: '[Cache Hit] Lấy thông tin hotel ID: fda0f2da-56b2-46ac-afa7-7bb4e6d06edc từ Redis',
  level: 'debug',
  timestamp: '2026-08-03T19:16:20.359Z'
}
{
  hotelId: 'db71d087-b5a7-47be-b2a3-04e168e623b9',
  level: 'info',
  message: '[BookingController] Get hotel bookings',
  timestamp: '2026-08-03T19:16:20.369Z'
}
{
  hotelId: 'd29b2e2a-8af1-4273-8f2d-87053225f461',
  level: 'info',
  message: '[BookingController] Get hotel bookings',
  timestamp: '2026-08-03T19:16:20.372Z'
}
{
  message: '[Cache Hit] Lấy thông tin hotel ID: db71d087-b5a7-47be-b2a3-04e168e623b9 từ Redis',
  level: 'debug',
  timestamp: '2026-08-03T19:16:20.372Z'
}
{
  message: '[Cache Hit] Lấy thông tin hotel ID: d29b2e2a-8af1-4273-8f2d-87053225f461 từ Redis',
  level: 'debug',
  timestamp: '2026-08-03T19:16:20.373Z'
}
{
  hotelId: '52eb4a25-dcb7-4bea-81ac-9d12053bd2c0',
  level: 'info',
  message: '[BookingController] Get hotel bookings',
  timestamp: '2026-08-03T19:16:20.376Z'
}
{
  hotelId: 'd79e14bd-e09b-49c3-80d7-4442133e57d6',
  level: 'info',
  message: '[BookingController] Get hotel bookings',
  timestamp: '2026-08-03T19:16:20.380Z'
}
{
  hotelId: 'fdfc5eb7-97ff-450b-9edf-723739f36d56',
  level: 'info',
  message: '[BookingController] Get hotel bookings',
  timestamp: '2026-08-03T19:16:20.384Z'
}
{
  message: '[Cache Hit] Lấy thông tin hotel ID: 52eb4a25-dcb7-4bea-81ac-9d12053bd2c0 từ Redis',
  level: 'debug',
  timestamp: '2026-08-03T19:16:20.386Z'
}
{
  message: '[Cache Hit] Lấy thông tin hotel ID: d79e14bd-e09b-49c3-80d7-4442133e57d6 từ Redis',
  level: 'debug',
  timestamp: '2026-08-03T19:16:20.387Z'
}
{
  message: '[Cache Hit] Lấy thông tin hotel ID: fdfc5eb7-97ff-450b-9edf-723739f36d56 từ Redis',
  level: 'debug',
  timestamp: '2026-08-03T19:16:20.388Z'
}
{
  hotelId: '6476b4b4-c8ba-4f05-a3ae-9ba776ad4be3',
  level: 'info',
  message: '[BookingController] Get hotel bookings',
  timestamp: '2026-08-03T19:16:20.397Z'
}
{
  hotelId: '45ea8129-6cde-4f0a-b8a5-701260e11966',
  level: 'info',
  message: '[BookingController] Get hotel bookings',
  timestamp: '2026-08-03T19:16:20.400Z'
}
{
  message: '[Cache Hit] Lấy thông tin hotel ID: 6476b4b4-c8ba-4f05-a3ae-9ba776ad4be3 từ Redis',
  level: 'debug',
  timestamp: '2026-08-03T19:16:20.401Z'
}
{
  message: '[Cache Hit] Lấy thông tin hotel ID: 45ea8129-6cde-4f0a-b8a5-701260e11966 từ Redis',
  level: 'debug',
  timestamp: '2026-08-03T19:16:20.401Z'
}
{
  hotelId: '1f63d07b-44ef-412e-8e8f-fc20853648c3',
  level: 'info',
  message: '[BookingController] Get hotel bookings',
  timestamp: '2026-08-03T19:16:20.403Z'
}
{
  hotelId: 'ae4ccd44-300e-4ca3-b16c-d3e71b6a0193',
  level: 'info',
  message: '[BookingController] Get hotel bookings',
  timestamp: '2026-08-03T19:16:20.405Z'
}
{
  hotelId: '61f3e4c1-cba1-48b1-851c-16bc9d413ec2',
  level: 'info',
  message: '[BookingController] Get hotel bookings',
  timestamp: '2026-08-03T19:16:20.407Z'
}
{
  hotelId: '3ff5cc53-9069-45bc-a39e-2295bebd3ea5',
  level: 'info',
  message: '[BookingController] Get hotel bookings',
  timestamp: '2026-08-03T19:16:20.409Z'
}
{
  message: '[Cache Hit] Lấy thông tin hotel ID: 1f63d07b-44ef-412e-8e8f-fc20853648c3 từ Redis',
  level: 'debug',
  timestamp: '2026-08-03T19:16:20.411Z'
}
{
  message: '[Cache Hit] Lấy thông tin hotel ID: ae4ccd44-300e-4ca3-b16c-d3e71b6a0193 từ Redis',
  level: 'debug',
  timestamp: '2026-08-03T19:16:20.411Z'
}
{
  message: '[Cache Hit] Lấy thông tin hotel ID: 61f3e4c1-cba1-48b1-851c-16bc9d413ec2 từ Redis',
  level: 'debug',
  timestamp: '2026-08-03T19:16:20.411Z'
}
{
  message: '[Cache Hit] Lấy thông tin hotel ID: 3ff5cc53-9069-45bc-a39e-2295bebd3ea5 từ Redis',
  level: 'debug',
  timestamp: '2026-08-03T19:16:20.411Z'
}
{
  hotelId: '09928f48-b9bb-4700-85d2-51b072eef2c9',
  level: 'info',
  message: '[BookingController] Get hotel bookings',
  timestamp: '2026-08-03T19:16:20.418Z'
}
{
  hotelId: 'a9778731-bce8-4dbf-8b2f-ab2543bfdcdc',
  level: 'info',
  message: '[BookingController] Get hotel bookings',
  timestamp: '2026-08-03T19:16:20.421Z'
}
{
  message: '[Cache Hit] Lấy thông tin hotel ID: 09928f48-b9bb-4700-85d2-51b072eef2c9 từ Redis',
  level: 'debug',
  timestamp: '2026-08-03T19:16:20.421Z'
}
{
  message: '[Cache Hit] Lấy thông tin hotel ID: a9778731-bce8-4dbf-8b2f-ab2543bfdcdc từ Redis',
  level: 'debug',
  timestamp: '2026-08-03T19:16:20.422Z'
}
{
  query: [Object: null prototype] {},
  level: 'info',
  message: '[SearchController] Search hotels',
  timestamp: '2026-08-03T19:16:29.539Z'
}
{
  message: '[Cache Hit] Lấy danh sách điểm đến hoạt động từ Redis',
  level: 'debug',
  timestamp: '2026-08-03T19:16:29.540Z'
}
{
  message: '[Cache Hit] Lấy danh sách điểm đến hoạt động từ Redis',
  level: 'debug',
  timestamp: '2026-08-03T19:16:29.544Z'
}
{
  query: [Object: null prototype] {},
  level: 'info',
  message: '[SearchController] Search hotels',
  timestamp: '2026-08-03T19:16:29.556Z'
}
{
  hotelId: '6476b4b4-c8ba-4f05-a3ae-9ba776ad4be3',
  level: 'info',
  message: '[HotelController] Get hotel by id',
  timestamp: '2026-08-03T19:16:40.685Z'
}
{
  message: '[Cache Hit] Lấy thông tin hotel ID: 6476b4b4-c8ba-4f05-a3ae-9ba776ad4be3 từ Redis',
  level: 'debug',
  timestamp: '2026-08-03T19:16:40.687Z'
}
{
  hotelId: '6476b4b4-c8ba-4f05-a3ae-9ba776ad4be3',
  level: 'info',
  message: '[HotelController] Get hotel by id',
  timestamp: '2026-08-03T19:16:40.699Z'
}
{
  message: '[Cache Hit] Lấy thông tin hotel ID: 6476b4b4-c8ba-4f05-a3ae-9ba776ad4be3 từ Redis',
  level: 'debug',
  timestamp: '2026-08-03T19:16:40.700Z'
}
{
  message: '[BookingController] Create booking',
  level: 'info',
  timestamp: '2026-08-03T19:16:48.069Z'
}
{
  message: '[BookingController] Get user bookings',
  level: 'info',
  timestamp: '2026-08-03T19:16:48.157Z'
}
{
  message: '[BookingController] Get user bookings',
  level: 'info',
  timestamp: '2026-08-03T19:16:48.189Z'
}
{
  message: '[HotelController] Get my hotels',
  level: 'info',
  timestamp: '2026-08-03T19:16:54.867Z'
}
{
  hotelId: '47451836-dfa0-4b5c-b770-43e87150fe10',
  level: 'info',
  message: '[BookingController] Get hotel bookings',
  timestamp: '2026-08-03T19:16:54.891Z'
}
{
  message: '[Cache Hit] Lấy thông tin hotel ID: 47451836-dfa0-4b5c-b770-43e87150fe10 từ Redis',
  level: 'debug',
  timestamp: '2026-08-03T19:16:54.900Z'
}
{
  hotelId: '52eb4a25-dcb7-4bea-81ac-9d12053bd2c0',
  level: 'info',
  message: '[BookingController] Get hotel bookings',
  timestamp: '2026-08-03T19:16:54.912Z'
}
{
  message: '[Cache Hit] Lấy thông tin hotel ID: 52eb4a25-dcb7-4bea-81ac-9d12053bd2c0 từ Redis',
  level: 'debug',
  timestamp: '2026-08-03T19:16:54.915Z'
}
{
  hotelId: 'fda0f2da-56b2-46ac-afa7-7bb4e6d06edc',
  level: 'info',
  message: '[BookingController] Get hotel bookings',
  timestamp: '2026-08-03T19:16:54.918Z'
}
{
  message: '[Cache Hit] Lấy thông tin hotel ID: fda0f2da-56b2-46ac-afa7-7bb4e6d06edc từ Redis',
  level: 'debug',
  timestamp: '2026-08-03T19:16:54.919Z'
}
{
  hotelId: 'd79e14bd-e09b-49c3-80d7-4442133e57d6',
  level: 'info',
  message: '[BookingController] Get hotel bookings',
  timestamp: '2026-08-03T19:16:54.922Z'
}
{
  message: '[Cache Hit] Lấy thông tin hotel ID: d79e14bd-e09b-49c3-80d7-4442133e57d6 từ Redis',
  level: 'debug',
  timestamp: '2026-08-03T19:16:54.923Z'
}
{
  hotelId: '6476b4b4-c8ba-4f05-a3ae-9ba776ad4be3',
  level: 'info',
  message: '[BookingController] Get hotel bookings',
  timestamp: '2026-08-03T19:16:54.926Z'
}
{
  hotelId: 'd29b2e2a-8af1-4273-8f2d-87053225f461',
  level: 'info',
  message: '[BookingController] Get hotel bookings',
  timestamp: '2026-08-03T19:16:54.928Z'
}
{
  message: '[Cache Hit] Lấy thông tin hotel ID: 6476b4b4-c8ba-4f05-a3ae-9ba776ad4be3 từ Redis',
  level: 'debug',
  timestamp: '2026-08-03T19:16:54.929Z'
}
{
  message: '[Cache Hit] Lấy thông tin hotel ID: d29b2e2a-8af1-4273-8f2d-87053225f461 từ Redis',
  level: 'debug',
  timestamp: '2026-08-03T19:16:54.930Z'
}
{
  hotelId: 'db71d087-b5a7-47be-b2a3-04e168e623b9',
  level: 'info',
  message: '[BookingController] Get hotel bookings',
  timestamp: '2026-08-03T19:16:54.934Z'
}
{
  hotelId: '1f63d07b-44ef-412e-8e8f-fc20853648c3',
  level: 'info',
  message: '[BookingController] Get hotel bookings',
  timestamp: '2026-08-03T19:16:54.936Z'
}
{
  message: '[Cache Hit] Lấy thông tin hotel ID: db71d087-b5a7-47be-b2a3-04e168e623b9 từ Redis',
  level: 'debug',
  timestamp: '2026-08-03T19:16:54.937Z'
}
{
  message: '[Cache Hit] Lấy thông tin hotel ID: 1f63d07b-44ef-412e-8e8f-fc20853648c3 từ Redis',
  level: 'debug',
  timestamp: '2026-08-03T19:16:54.937Z'
}
{
  hotelId: '61f3e4c1-cba1-48b1-851c-16bc9d413ec2',
  level: 'info',
  message: '[BookingController] Get hotel bookings',
  timestamp: '2026-08-03T19:16:54.942Z'
}
{
  hotelId: '45ea8129-6cde-4f0a-b8a5-701260e11966',
  level: 'info',
  message: '[BookingController] Get hotel bookings',
  timestamp: '2026-08-03T19:16:54.944Z'
}
{
  message: '[Cache Hit] Lấy thông tin hotel ID: 61f3e4c1-cba1-48b1-851c-16bc9d413ec2 từ Redis',
  level: 'debug',
  timestamp: '2026-08-03T19:16:54.945Z'
}
{
  message: '[Cache Hit] Lấy thông tin hotel ID: 45ea8129-6cde-4f0a-b8a5-701260e11966 từ Redis',
  level: 'debug',
  timestamp: '2026-08-03T19:16:54.945Z'
}
{
  hotelId: '3ff5cc53-9069-45bc-a39e-2295bebd3ea5',
  level: 'info',
  message: '[BookingController] Get hotel bookings',
  timestamp: '2026-08-03T19:16:54.948Z'
}
{
  message: '[Cache Hit] Lấy thông tin hotel ID: 3ff5cc53-9069-45bc-a39e-2295bebd3ea5 từ Redis',
  level: 'debug',
  timestamp: '2026-08-03T19:16:54.950Z'
}
{
  hotelId: 'ae4ccd44-300e-4ca3-b16c-d3e71b6a0193',
  level: 'info',
  message: '[BookingController] Get hotel bookings',
  timestamp: '2026-08-03T19:16:54.953Z'
}
{
  hotelId: 'a9778731-bce8-4dbf-8b2f-ab2543bfdcdc',
  level: 'info',
  message: '[BookingController] Get hotel bookings',
  timestamp: '2026-08-03T19:16:54.954Z'
}
{
  message: '[Cache Hit] Lấy thông tin hotel ID: ae4ccd44-300e-4ca3-b16c-d3e71b6a0193 từ Redis',
  level: 'debug',
  timestamp: '2026-08-03T19:16:54.955Z'
}
{
  message: '[Cache Hit] Lấy thông tin hotel ID: a9778731-bce8-4dbf-8b2f-ab2543bfdcdc từ Redis',
  level: 'debug',
  timestamp: '2026-08-03T19:16:54.955Z'
}
{
  hotelId: '09928f48-b9bb-4700-85d2-51b072eef2c9',
  level: 'info',
  message: '[BookingController] Get hotel bookings',
  timestamp: '2026-08-03T19:16:54.958Z'
}
{
  hotelId: 'fdfc5eb7-97ff-450b-9edf-723739f36d56',
  level: 'info',
  message: '[BookingController] Get hotel bookings',
  timestamp: '2026-08-03T19:16:54.960Z'
}
{
  message: '[Cache Hit] Lấy thông tin hotel ID: 09928f48-b9bb-4700-85d2-51b072eef2c9 từ Redis',
  level: 'debug',
  timestamp: '2026-08-03T19:16:54.961Z'
}
{
  message: '[Cache Hit] Lấy thông tin hotel ID: fdfc5eb7-97ff-450b-9edf-723739f36d56 từ Redis',
  level: 'debug',
  timestamp: '2026-08-03T19:16:54.961Z'
}
{
  bookingId: 'f23c65d6-2a45-45bd-bdf4-d8e088fe92f8',
  level: 'info',
  message: '[BookingController] Update booking status',
  timestamp: '2026-08-03T19:16:58.070Z'
}
{
  message: '[Cache Hit] Lấy thông tin hotel ID: 6476b4b4-c8ba-4f05-a3ae-9ba776ad4be3 từ Redis',
  level: 'debug',
  timestamp: '2026-08-03T19:16:58.116Z'
}
{
  bookingId: 'f23c65d6-2a45-45bd-bdf4-d8e088fe92f8',
  level: 'info',
  message: '[BookingController] Update payment status',
  timestamp: '2026-08-03T19:17:00.730Z'
}
{
  message: '[Cache Hit] Lấy thông tin hotel ID: 6476b4b4-c8ba-4f05-a3ae-9ba776ad4be3 từ Redis',
  level: 'debug',
  timestamp: '2026-08-03T19:17:00.742Z'
}
{
  message: '[RoomController] Get rooms by roomType',
  level: 'info',
  timestamp: '2026-08-03T19:17:02.382Z'
}
{
  bookingId: 'f23c65d6-2a45-45bd-bdf4-d8e088fe92f8',
  level: 'info',
  message: '[BookingController] Update booking status',
  timestamp: '2026-08-03T19:17:06.346Z'
}
{
  message: '[Cache Hit] Lấy thông tin hotel ID: 6476b4b4-c8ba-4f05-a3ae-9ba776ad4be3 từ Redis',
  level: 'debug',
  timestamp: '2026-08-03T19:17:06.366Z'
}
{
  message: 'JWT Verification Error: jwt expired',
  level: 'error',
  timestamp: '2026-08-03T19:17:11.068Z'
}
{
  message: 'GLOBAL ERROR HANDLER CAUGHT: Error: Phiên đăng nhập đã hết hạn. Vui lòng lấy Token mới.\n' +
    '    at authMiddleware (/app/src/middlewares/authMiddleware.ts:80:9)\n' +
    '    at Layer.handleRequest (/app/node_modules/router/lib/layer.js:152:17)\n' +
    '    at next (/app/node_modules/router/lib/route.js:157:13)\n' +
    '    at Route.dispatch (/app/node_modules/router/lib/route.js:117:3)\n' +
    '    at handle (/app/node_modules/router/index.js:435:11)\n' +
    '    at Layer.handleRequest (/app/node_modules/router/lib/layer.js:152:17)\n' +
    '    at /app/node_modules/router/index.js:295:15\n' +
    '    at param (/app/node_modules/router/index.js:600:14)\n' +
    '    at param (/app/node_modules/router/index.js:610:14)\n' +
    '    at processParams (/app/node_modules/router/index.js:664:3)',
  level: 'error',
  timestamp: '2026-08-03T19:17:11.069Z'
}
{
  message: '[AuthController] Refresh Tokens',
  level: 'info',
  timestamp: '2026-08-03T19:17:11.076Z'
}
{
  message: 'Fetching user details for ID: 0cbc0c7f-fda6-4929-b479-ad9d83ace8ce',
  level: 'debug',
  timestamp: '2026-08-03T19:17:11.079Z'
}
{
  message: '[Cache Hit] Lấy thông tin user ID: 0cbc0c7f-fda6-4929-b479-ad9d83ace8ce từ Redis',
  level: 'debug',
  timestamp: '2026-08-03T19:17:11.080Z'
}
{
  message: '[AuthService] Tokens refreshed successfully for user: agent1@booking.com',
  level: 'info',
  timestamp: '2026-08-03T19:17:11.128Z'
}
{
  bookingId: 'f23c65d6-2a45-45bd-bdf4-d8e088fe92f8',
  level: 'info',
  message: '[BookingController] Update booking status',
  timestamp: '2026-08-03T19:17:11.221Z'
}
{
  message: '[Cache Hit] Lấy thông tin hotel ID: 6476b4b4-c8ba-4f05-a3ae-9ba776ad4be3 từ Redis',
  level: 'debug',
  timestamp: '2026-08-03T19:17:11.226Z'
}
{
  message: '[SchedulerService] Đang kiểm tra các booking hết hạn thanh toán...',
  level: 'info',
  timestamp: '2026-08-03T19:20:00.010Z'
}
{
  message: 'JWT Verification Error: jwt expired',
  level: 'error',
  timestamp: '2026-08-03T19:20:29.529Z'
}
{
  message: 'GLOBAL ERROR HANDLER CAUGHT: Error: Phiên đăng nhập đã hết hạn. Vui lòng lấy Token mới.\n' +
    '    at authMiddleware (/app/src/middlewares/authMiddleware.ts:80:9)\n' +
    '    at Layer.handleRequest (/app/node_modules/router/lib/layer.js:152:17)\n' +
    '    at trimPrefix (/app/node_modules/router/index.js:342:13)\n' +
    '    at /app/node_modules/router/index.js:297:9\n' +
    '    at processParams (/app/node_modules/router/index.js:582:12)\n' +
    '    at next (/app/node_modules/router/index.js:291:5)\n' +
    '    at Function.handle (/app/node_modules/router/index.js:186:3)\n' +
    '    at router (/app/node_modules/router/index.js:60:12)\n' +
    '    at Layer.handleRequest (/app/node_modules/router/lib/layer.js:152:17)\n' +
    '    at trimPrefix (/app/node_modules/router/index.js:342:13)',
  level: 'error',
  timestamp: '2026-08-03T19:20:29.530Z'
}
{
  message: '[AuthController] Refresh Tokens',
  level: 'info',
  timestamp: '2026-08-03T19:20:29.537Z'
}
{
  message: 'Fetching user details for ID: 0cbc0c7f-fda6-4929-b479-ad9d83ace8ce',
  level: 'debug',
  timestamp: '2026-08-03T19:20:29.552Z'
}
{
  message: '[Cache Hit] Lấy thông tin user ID: 0cbc0c7f-fda6-4929-b479-ad9d83ace8ce từ Redis',
  level: 'debug',
  timestamp: '2026-08-03T19:20:29.553Z'
}
{
  message: '[AuthService] Tokens refreshed successfully for user: agent1@booking.com',
  level: 'info',
  timestamp: '2026-08-03T19:20:29.561Z'
}
{
  message: 'JWT Verification Error: jwt expired',
  level: 'error',
  timestamp: '2026-08-03T19:23:30.281Z'
}
{
  message: 'GLOBAL ERROR HANDLER CAUGHT: Error: Phiên đăng nhập đã hết hạn. Vui lòng lấy Token mới.\n' +
    '    at authMiddleware (/app/src/middlewares/authMiddleware.ts:80:9)\n' +
    '    at Layer.handleRequest (/app/node_modules/router/lib/layer.js:152:17)\n' +
    '    at trimPrefix (/app/node_modules/router/index.js:342:13)\n' +
    '    at /app/node_modules/router/index.js:297:9\n' +
    '    at processParams (/app/node_modules/router/index.js:582:12)\n' +
    '    at next (/app/node_modules/router/index.js:291:5)\n' +
    '    at Function.handle (/app/node_modules/router/index.js:186:3)\n' +
    '    at router (/app/node_modules/router/index.js:60:12)\n' +
    '    at Layer.handleRequest (/app/node_modules/router/lib/layer.js:152:17)\n' +
    '    at trimPrefix (/app/node_modules/router/index.js:342:13)',
  level: 'error',
  timestamp: '2026-08-03T19:23:30.283Z'
}
{
  message: '[AuthController] Refresh Tokens',
  level: 'info',
  timestamp: '2026-08-03T19:23:30.298Z'
}
{
  message: 'Fetching user details for ID: 0cbc0c7f-fda6-4929-b479-ad9d83ace8ce',
  level: 'debug',
  timestamp: '2026-08-03T19:23:30.312Z'
}
{
  message: '[Cache Hit] Lấy thông tin user ID: 0cbc0c7f-fda6-4929-b479-ad9d83ace8ce từ Redis',
  level: 'debug',
  timestamp: '2026-08-03T19:23:30.313Z'
}
{
  message: '[AuthService] Tokens refreshed successfully for user: agent1@booking.com',
  level: 'info',
  timestamp: '2026-08-03T19:23:30.322Z'
}
{
  message: '[SchedulerService] Đang kiểm tra các booking hết hạn thanh toán...',
  level: 'info',
  timestamp: '2026-08-03T19:25:00.026Z'
}
{
  message: 'JWT Verification Error: jwt expired',
  level: 'error',
  timestamp: '2026-08-03T19:26:35.078Z'
}
{
  message: 'GLOBAL ERROR HANDLER CAUGHT: Error: Phiên đăng nhập đã hết hạn. Vui lòng lấy Token mới.\n' +
    '    at authMiddleware (/app/src/middlewares/authMiddleware.ts:80:9)\n' +
    '    at Layer.handleRequest (/app/node_modules/router/lib/layer.js:152:17)\n' +
    '    at trimPrefix (/app/node_modules/router/index.js:342:13)\n' +
    '    at /app/node_modules/router/index.js:297:9\n' +
    '    at processParams (/app/node_modules/router/index.js:582:12)\n' +
    '    at next (/app/node_modules/router/index.js:291:5)\n' +
    '    at Function.handle (/app/node_modules/router/index.js:186:3)\n' +
    '    at router (/app/node_modules/router/index.js:60:12)\n' +
    '    at Layer.handleRequest (/app/node_modules/router/lib/layer.js:152:17)\n' +
    '    at trimPrefix (/app/node_modules/router/index.js:342:13)',
  level: 'error',
  timestamp: '2026-08-03T19:26:35.079Z'
}
{
  message: '[AuthController] Refresh Tokens',
  level: 'info',
  timestamp: '2026-08-03T19:26:35.090Z'
}
{
  message: 'Fetching user details for ID: 0cbc0c7f-fda6-4929-b479-ad9d83ace8ce',
  level: 'debug',
  timestamp: '2026-08-03T19:26:35.107Z'
}
{
  message: '[Cache Hit] Lấy thông tin user ID: 0cbc0c7f-fda6-4929-b479-ad9d83ace8ce từ Redis',
  level: 'debug',
  timestamp: '2026-08-03T19:26:35.108Z'
}
{
  message: '[AuthService] Tokens refreshed successfully for user: agent1@booking.com',
  level: 'info',
  timestamp: '2026-08-03T19:26:35.119Z'
}
{
  message: '[HotelController] Get my hotels',
  level: 'info',
  timestamp: '2026-08-03T19:28:17.400Z'
}
{
  message: '[HotelController] Get my hotels',
  level: 'info',
  timestamp: '2026-08-03T19:28:17.436Z'
}
{
  message: '[RoomController] Get rooms by hotel',
  level: 'info',
  timestamp: '2026-08-03T19:28:26.940Z'
}
{
  message: '[RoomTypeController] Get all room types for agent',
  level: 'info',
  timestamp: '2026-08-03T19:28:26.948Z'
}
{
  message: '[RoomController] Get rooms by hotel',
  level: 'info',
  timestamp: '2026-08-03T19:28:26.976Z'
}
{
  message: '[RoomTypeController] Get all room types for agent',
  level: 'info',
  timestamp: '2026-08-03T19:28:26.989Z'
}
{
  id: '26d753d3-6677-4a40-8622-38c141eb37fe',
  level: 'info',
  message: '[RoomController] Update room',
  timestamp: '2026-08-03T19:28:43.313Z'
}
{
  message: '[RoomController] Get rooms by hotel',
  level: 'info',
  timestamp: '2026-08-03T19:28:43.396Z'
}
{
  message: '[RoomTypeController] Get all room types for agent',
  level: 'info',
  timestamp: '2026-08-03T19:28:43.404Z'
}
{
  id: '744913ed-f2e5-4fbc-af37-bdbc6b9bc571',
  level: 'info',
  message: '[RoomController] Update room',
  timestamp: '2026-08-03T19:28:50.084Z'
}
{
  message: '[RoomController] Get rooms by hotel',
  level: 'info',
  timestamp: '2026-08-03T19:28:50.112Z'
}
{
  message: '[RoomTypeController] Get all room types for agent',
  level: 'info',
  timestamp: '2026-08-03T19:28:50.121Z'
}
{
  message: 'JWT Verification Error: jwt expired',
  level: 'error',
  timestamp: '2026-08-03T19:29:35.823Z'
}
{
  message: 'GLOBAL ERROR HANDLER CAUGHT: Error: Phiên đăng nhập đã hết hạn. Vui lòng lấy Token mới.\n' +
    '    at authMiddleware (/app/src/middlewares/authMiddleware.ts:80:9)\n' +
    '    at Layer.handleRequest (/app/node_modules/router/lib/layer.js:152:17)\n' +
    '    at trimPrefix (/app/node_modules/router/index.js:342:13)\n' +
    '    at /app/node_modules/router/index.js:297:9\n' +
    '    at processParams (/app/node_modules/router/index.js:582:12)\n' +
    '    at next (/app/node_modules/router/index.js:291:5)\n' +
    '    at Function.handle (/app/node_modules/router/index.js:186:3)\n' +
    '    at router (/app/node_modules/router/index.js:60:12)\n' +
    '    at Layer.handleRequest (/app/node_modules/router/lib/layer.js:152:17)\n' +
    '    at trimPrefix (/app/node_modules/router/index.js:342:13)',
  level: 'error',
  timestamp: '2026-08-03T19:29:35.825Z'
}
{
  message: '[AuthController] Refresh Tokens',
  level: 'info',
  timestamp: '2026-08-03T19:29:35.840Z'
}
{
  message: 'Fetching user details for ID: 0cbc0c7f-fda6-4929-b479-ad9d83ace8ce',
  level: 'debug',
  timestamp: '2026-08-03T19:29:35.860Z'
}
{
  message: '[Cache Hit] Lấy thông tin user ID: 0cbc0c7f-fda6-4929-b479-ad9d83ace8ce từ Redis',
  level: 'debug',
  timestamp: '2026-08-03T19:29:35.860Z'
}
{
  message: '[AuthService] Tokens refreshed successfully for user: agent1@booking.com',
  level: 'info',
  timestamp: '2026-08-03T19:29:35.872Z'
}
{
  message: '[SchedulerService] Đang kiểm tra các booking hết hạn thanh toán...',
  level: 'info',
  timestamp: '2026-08-03T19:30:00.004Z'
}
{
  message: 'JWT Verification Error: jwt expired',
  level: 'error',
  timestamp: '2026-08-03T19:32:38.450Z'
}
{
  message: 'GLOBAL ERROR HANDLER CAUGHT: Error: Phiên đăng nhập đã hết hạn. Vui lòng lấy Token mới.\n' +
    '    at authMiddleware (/app/src/middlewares/authMiddleware.ts:80:9)\n' +
    '    at Layer.handleRequest (/app/node_modules/router/lib/layer.js:152:17)\n' +
    '    at trimPrefix (/app/node_modules/router/index.js:342:13)\n' +
    '    at /app/node_modules/router/index.js:297:9\n' +
    '    at processParams (/app/node_modules/router/index.js:582:12)\n' +
    '    at next (/app/node_modules/router/index.js:291:5)\n' +
    '    at Function.handle (/app/node_modules/router/index.js:186:3)\n' +
    '    at router (/app/node_modules/router/index.js:60:12)\n' +
    '    at Layer.handleRequest (/app/node_modules/router/lib/layer.js:152:17)\n' +
    '    at trimPrefix (/app/node_modules/router/index.js:342:13)',
  level: 'error',
  timestamp: '2026-08-03T19:32:38.453Z'
}
{
  message: '[AuthController] Refresh Tokens',
  level: 'info',
  timestamp: '2026-08-03T19:32:38.468Z'
}
{
  message: 'Fetching user details for ID: 0cbc0c7f-fda6-4929-b479-ad9d83ace8ce',
  level: 'debug',
  timestamp: '2026-08-03T19:32:38.477Z'
}
{
  message: '[Cache Hit] Lấy thông tin user ID: 0cbc0c7f-fda6-4929-b479-ad9d83ace8ce từ Redis',
  level: 'debug',
  timestamp: '2026-08-03T19:32:38.478Z'
}
{
  message: '[AuthService] Tokens refreshed successfully for user: agent1@booking.com',
  level: 'info',
  timestamp: '2026-08-03T19:32:38.499Z'
}
{
  message: '[HotelController] Get my hotels',
  level: 'info',
  timestamp: '2026-08-03T19:32:41.233Z'
}
{
  message: '[HotelController] Get my hotels',
  level: 'info',
  timestamp: '2026-08-03T19:32:41.259Z'
}
{
  message: '[RoomTypeController] Get all room types for agent',
  level: 'info',
  timestamp: '2026-08-03T19:32:43.268Z'
}
{
  message: '[RoomTypeController] Get all room types for agent',
  level: 'info',
  timestamp: '2026-08-03T19:32:43.281Z'
}
{
  message: '[HotelController] Get my hotels',
  level: 'info',
  timestamp: '2026-08-03T19:33:03.363Z'
}
{
  message: '[HotelController] Get my hotels',
  level: 'info',
  timestamp: '2026-08-03T19:33:03.396Z'
}
{
  message: '[Cache Hit] Lấy thông tin hotel ID: 47451836-dfa0-4b5c-b770-43e87150fe10 từ Redis',
  level: 'debug',
  timestamp: '2026-08-03T19:33:05.422Z'
}
{
  message: '[Cache Hit] Lấy thông tin hotel ID: 47451836-dfa0-4b5c-b770-43e87150fe10 từ Redis',
  level: 'debug',
  timestamp: '2026-08-03T19:33:05.428Z'
}
{
  message: '[HotelController] Get my hotels',
  level: 'info',
  timestamp: '2026-08-03T19:33:11.395Z'
}
{
  message: '[HotelController] Get my hotels',
  level: 'info',
  timestamp: '2026-08-03T19:33:11.438Z'
}
{
  message: '[HotelController] Get my hotels',
  level: 'info',
  timestamp: '2026-08-03T19:34:47.315Z'
}
{
  message: '[HotelController] Get my hotels',
  level: 'info',
  timestamp: '2026-08-03T19:34:47.369Z'
}
{
  hotelId: 'ae4ccd44-300e-4ca3-b16c-d3e71b6a0193',
  level: 'info',
  message: '[BookingController] Get hotel bookings',
  timestamp: '2026-08-03T19:34:47.415Z'
}
{
  message: '[Cache Hit] Lấy thông tin hotel ID: ae4ccd44-300e-4ca3-b16c-d3e71b6a0193 từ Redis',
  level: 'debug',
  timestamp: '2026-08-03T19:34:47.424Z'
}
{
  hotelId: 'fda0f2da-56b2-46ac-afa7-7bb4e6d06edc',
  level: 'info',
  message: '[BookingController] Get hotel bookings',
  timestamp: '2026-08-03T19:34:47.429Z'
}
{
  message: '[Cache Hit] Lấy thông tin hotel ID: fda0f2da-56b2-46ac-afa7-7bb4e6d06edc từ Redis',
  level: 'debug',
  timestamp: '2026-08-03T19:34:47.434Z'
}
{
  hotelId: '47451836-dfa0-4b5c-b770-43e87150fe10',
  level: 'info',
  message: '[BookingController] Get hotel bookings',
  timestamp: '2026-08-03T19:34:47.440Z'
}
{
  message: '[Cache Hit] Lấy thông tin hotel ID: 47451836-dfa0-4b5c-b770-43e87150fe10 từ Redis',
  level: 'debug',
  timestamp: '2026-08-03T19:34:47.445Z'
}
{
  hotelId: 'd29b2e2a-8af1-4273-8f2d-87053225f461',
  level: 'info',
  message: '[BookingController] Get hotel bookings',
  timestamp: '2026-08-03T19:34:47.455Z'
}
{
  message: '[Cache Hit] Lấy thông tin hotel ID: d29b2e2a-8af1-4273-8f2d-87053225f461 từ Redis',
  level: 'debug',
  timestamp: '2026-08-03T19:34:47.457Z'
}
{
  hotelId: 'd79e14bd-e09b-49c3-80d7-4442133e57d6',
  level: 'info',
  message: '[BookingController] Get hotel bookings',
  timestamp: '2026-08-03T19:34:47.471Z'
}
{
  message: '[Cache Hit] Lấy thông tin hotel ID: d79e14bd-e09b-49c3-80d7-4442133e57d6 từ Redis',
  level: 'debug',
  timestamp: '2026-08-03T19:34:47.474Z'
}
{
  hotelId: '45ea8129-6cde-4f0a-b8a5-701260e11966',
  level: 'info',
  message: '[BookingController] Get hotel bookings',
  timestamp: '2026-08-03T19:34:47.480Z'
}
{
  message: '[Cache Hit] Lấy thông tin hotel ID: 45ea8129-6cde-4f0a-b8a5-701260e11966 từ Redis',
  level: 'debug',
  timestamp: '2026-08-03T19:34:47.483Z'
}
{
  hotelId: 'fdfc5eb7-97ff-450b-9edf-723739f36d56',
  level: 'info',
  message: '[BookingController] Get hotel bookings',
  timestamp: '2026-08-03T19:34:47.540Z'
}
{
  message: '[Cache Hit] Lấy thông tin hotel ID: fdfc5eb7-97ff-450b-9edf-723739f36d56 từ Redis',
  level: 'debug',
  timestamp: '2026-08-03T19:34:47.542Z'
}
{
  hotelId: 'db71d087-b5a7-47be-b2a3-04e168e623b9',
  level: 'info',
  message: '[BookingController] Get hotel bookings',
  timestamp: '2026-08-03T19:34:47.548Z'
}
{
  message: '[Cache Hit] Lấy thông tin hotel ID: db71d087-b5a7-47be-b2a3-04e168e623b9 từ Redis',
  level: 'debug',
  timestamp: '2026-08-03T19:34:47.551Z'
}
{
  hotelId: '61f3e4c1-cba1-48b1-851c-16bc9d413ec2',
  level: 'info',
  message: '[BookingController] Get hotel bookings',
  timestamp: '2026-08-03T19:34:47.564Z'
}
{
  hotelId: '6476b4b4-c8ba-4f05-a3ae-9ba776ad4be3',
  level: 'info',
  message: '[BookingController] Get hotel bookings',
  timestamp: '2026-08-03T19:34:47.569Z'
}
{
  message: '[Cache Hit] Lấy thông tin hotel ID: 61f3e4c1-cba1-48b1-851c-16bc9d413ec2 từ Redis',
  level: 'debug',
  timestamp: '2026-08-03T19:34:47.570Z'
}
{
  message: '[Cache Hit] Lấy thông tin hotel ID: 6476b4b4-c8ba-4f05-a3ae-9ba776ad4be3 từ Redis',
  level: 'debug',
  timestamp: '2026-08-03T19:34:47.570Z'
}
{
  hotelId: '52eb4a25-dcb7-4bea-81ac-9d12053bd2c0',
  level: 'info',
  message: '[BookingController] Get hotel bookings',
  timestamp: '2026-08-03T19:34:47.574Z'
}
{
  message: '[Cache Hit] Lấy thông tin hotel ID: 52eb4a25-dcb7-4bea-81ac-9d12053bd2c0 từ Redis',
  level: 'debug',
  timestamp: '2026-08-03T19:34:47.576Z'
}
{
  hotelId: '3ff5cc53-9069-45bc-a39e-2295bebd3ea5',
  level: 'info',
  message: '[BookingController] Get hotel bookings',
  timestamp: '2026-08-03T19:34:47.582Z'
}
{
  message: '[Cache Hit] Lấy thông tin hotel ID: 3ff5cc53-9069-45bc-a39e-2295bebd3ea5 từ Redis',
  level: 'debug',
  timestamp: '2026-08-03T19:34:47.583Z'
}
{
  hotelId: '1f63d07b-44ef-412e-8e8f-fc20853648c3',
  level: 'info',
  message: '[BookingController] Get hotel bookings',
  timestamp: '2026-08-03T19:34:47.592Z'
}
{
  message: '[Cache Hit] Lấy thông tin hotel ID: 1f63d07b-44ef-412e-8e8f-fc20853648c3 từ Redis',
  level: 'debug',
  timestamp: '2026-08-03T19:34:47.594Z'
}
{
  hotelId: '09928f48-b9bb-4700-85d2-51b072eef2c9',
  level: 'info',
  message: '[BookingController] Get hotel bookings',
  timestamp: '2026-08-03T19:34:47.600Z'
}
{
  message: '[Cache Miss] Tìm hotel ID: 09928f48-b9bb-4700-85d2-51b072eef2c9 trong Database',
  level: 'debug',
  timestamp: '2026-08-03T19:34:47.603Z'
}
{
  hotelId: 'a9778731-bce8-4dbf-8b2f-ab2543bfdcdc',
  level: 'info',
  message: '[BookingController] Get hotel bookings',
  timestamp: '2026-08-03T19:34:47.616Z'
}
{
  hotelId: 'ae4ccd44-300e-4ca3-b16c-d3e71b6a0193',
  level: 'info',
  message: '[BookingController] Get hotel bookings',
  timestamp: '2026-08-03T19:34:47.618Z'
}
{
  message: '[Cache Hit] Lấy thông tin hotel ID: a9778731-bce8-4dbf-8b2f-ab2543bfdcdc từ Redis',
  level: 'debug',
  timestamp: '2026-08-03T19:34:47.622Z'
}
{
  message: '[Cache Hit] Lấy thông tin hotel ID: ae4ccd44-300e-4ca3-b16c-d3e71b6a0193 từ Redis',
  level: 'debug',
  timestamp: '2026-08-03T19:34:47.622Z'
}
{
  hotelId: 'fda0f2da-56b2-46ac-afa7-7bb4e6d06edc',
  level: 'info',
  message: '[BookingController] Get hotel bookings',
  timestamp: '2026-08-03T19:34:47.632Z'
}
{
  hotelId: 'd79e14bd-e09b-49c3-80d7-4442133e57d6',
  level: 'info',
  message: '[BookingController] Get hotel bookings',
  timestamp: '2026-08-03T19:34:47.634Z'
}
{
  hotelId: 'd29b2e2a-8af1-4273-8f2d-87053225f461',
  level: 'info',
  message: '[BookingController] Get hotel bookings',
  timestamp: '2026-08-03T19:34:47.636Z'
}
{
  message: '[Cache Hit] Lấy thông tin hotel ID: fda0f2da-56b2-46ac-afa7-7bb4e6d06edc từ Redis',
  level: 'debug',
  timestamp: '2026-08-03T19:34:47.637Z'
}
{
  message: '[Cache Hit] Lấy thông tin hotel ID: d79e14bd-e09b-49c3-80d7-4442133e57d6 từ Redis',
  level: 'debug',
  timestamp: '2026-08-03T19:34:47.637Z'
}
{
  message: '[Cache Hit] Lấy thông tin hotel ID: d29b2e2a-8af1-4273-8f2d-87053225f461 từ Redis',
  level: 'debug',
  timestamp: '2026-08-03T19:34:47.637Z'
}
{
  hotelId: '47451836-dfa0-4b5c-b770-43e87150fe10',
  level: 'info',
  message: '[BookingController] Get hotel bookings',
  timestamp: '2026-08-03T19:34:47.644Z'
}
{
  message: '[Cache Hit] Lấy thông tin hotel ID: 47451836-dfa0-4b5c-b770-43e87150fe10 từ Redis',
  level: 'debug',
  timestamp: '2026-08-03T19:34:47.645Z'
}
{
  hotelId: '45ea8129-6cde-4f0a-b8a5-701260e11966',
  level: 'info',
  message: '[BookingController] Get hotel bookings',
  timestamp: '2026-08-03T19:34:47.653Z'
}
{
  hotelId: 'fdfc5eb7-97ff-450b-9edf-723739f36d56',
  level: 'info',
  message: '[BookingController] Get hotel bookings',
  timestamp: '2026-08-03T19:34:47.656Z'
}
{
  hotelId: 'db71d087-b5a7-47be-b2a3-04e168e623b9',
  level: 'info',
  message: '[BookingController] Get hotel bookings',
  timestamp: '2026-08-03T19:34:47.658Z'
}
{
  message: '[Cache Hit] Lấy thông tin hotel ID: 45ea8129-6cde-4f0a-b8a5-701260e11966 từ Redis',
  level: 'debug',
  timestamp: '2026-08-03T19:34:47.659Z'
}
{
  message: '[Cache Hit] Lấy thông tin hotel ID: fdfc5eb7-97ff-450b-9edf-723739f36d56 từ Redis',
  level: 'debug',
  timestamp: '2026-08-03T19:34:47.660Z'
}
{
  message: '[Cache Hit] Lấy thông tin hotel ID: db71d087-b5a7-47be-b2a3-04e168e623b9 từ Redis',
  level: 'debug',
  timestamp: '2026-08-03T19:34:47.661Z'
}
{
  hotelId: '61f3e4c1-cba1-48b1-851c-16bc9d413ec2',
  level: 'info',
  message: '[BookingController] Get hotel bookings',
  timestamp: '2026-08-03T19:34:47.665Z'
}
{
  message: '[Cache Hit] Lấy thông tin hotel ID: 61f3e4c1-cba1-48b1-851c-16bc9d413ec2 từ Redis',
  level: 'debug',
  timestamp: '2026-08-03T19:34:47.666Z'
}
{
  hotelId: '6476b4b4-c8ba-4f05-a3ae-9ba776ad4be3',
  level: 'info',
  message: '[BookingController] Get hotel bookings',
  timestamp: '2026-08-03T19:34:47.672Z'
}
{
  message: '[Cache Hit] Lấy thông tin hotel ID: 6476b4b4-c8ba-4f05-a3ae-9ba776ad4be3 từ Redis',
  level: 'debug',
  timestamp: '2026-08-03T19:34:47.674Z'
}
{
  hotelId: '52eb4a25-dcb7-4bea-81ac-9d12053bd2c0',
  level: 'info',
  message: '[BookingController] Get hotel bookings',
  timestamp: '2026-08-03T19:34:47.676Z'
}
{
  hotelId: '3ff5cc53-9069-45bc-a39e-2295bebd3ea5',
  level: 'info',
  message: '[BookingController] Get hotel bookings',
  timestamp: '2026-08-03T19:34:47.678Z'
}
{
  hotelId: '1f63d07b-44ef-412e-8e8f-fc20853648c3',
  level: 'info',
  message: '[BookingController] Get hotel bookings',
  timestamp: '2026-08-03T19:34:47.680Z'
}
{
  hotelId: 'a9778731-bce8-4dbf-8b2f-ab2543bfdcdc',
  level: 'info',
  message: '[BookingController] Get hotel bookings',
  timestamp: '2026-08-03T19:34:47.682Z'
}
{
  hotelId: '09928f48-b9bb-4700-85d2-51b072eef2c9',
  level: 'info',
  message: '[BookingController] Get hotel bookings',
  timestamp: '2026-08-03T19:34:47.684Z'
}
{
  message: '[Cache Hit] Lấy thông tin hotel ID: 52eb4a25-dcb7-4bea-81ac-9d12053bd2c0 từ Redis',
  level: 'debug',
  timestamp: '2026-08-03T19:34:47.686Z'
}
{
  message: '[Cache Hit] Lấy thông tin hotel ID: 3ff5cc53-9069-45bc-a39e-2295bebd3ea5 từ Redis',
  level: 'debug',
  timestamp: '2026-08-03T19:34:47.686Z'
}
{
  message: '[Cache Hit] Lấy thông tin hotel ID: 1f63d07b-44ef-412e-8e8f-fc20853648c3 từ Redis',
  level: 'debug',
  timestamp: '2026-08-03T19:34:47.686Z'
}
{
  message: '[Cache Hit] Lấy thông tin hotel ID: a9778731-bce8-4dbf-8b2f-ab2543bfdcdc từ Redis',
  level: 'debug',
  timestamp: '2026-08-03T19:34:47.686Z'
}
{
  message: '[Cache Hit] Lấy thông tin hotel ID: 09928f48-b9bb-4700-85d2-51b072eef2c9 từ Redis',
  level: 'debug',
  timestamp: '2026-08-03T19:34:47.686Z'
}
{
  message: '[HotelController] Get my hotels',
  level: 'info',
  timestamp: '2026-08-03T19:34:56.240Z'
}
{
  message: '[HotelController] Get my hotels',
  level: 'info',
  timestamp: '2026-08-03T19:34:56.269Z'
}
{
  hotelId: '45ea8129-6cde-4f0a-b8a5-701260e11966',
  level: 'info',
  message: '[BookingController] Get hotel bookings',
  timestamp: '2026-08-03T19:34:56.296Z'
}
{
  message: '[Cache Hit] Lấy thông tin hotel ID: 45ea8129-6cde-4f0a-b8a5-701260e11966 từ Redis',
  level: 'debug',
  timestamp: '2026-08-03T19:34:56.301Z'
}
{
  hotelId: '47451836-dfa0-4b5c-b770-43e87150fe10',
  level: 'info',
  message: '[BookingController] Get hotel bookings',
  timestamp: '2026-08-03T19:34:56.309Z'
}
{
  message: '[Cache Hit] Lấy thông tin hotel ID: 47451836-dfa0-4b5c-b770-43e87150fe10 từ Redis',
  level: 'debug',
  timestamp: '2026-08-03T19:34:56.309Z'
}
{
  hotelId: 'ae4ccd44-300e-4ca3-b16c-d3e71b6a0193',
  level: 'info',
  message: '[BookingController] Get hotel bookings',
  timestamp: '2026-08-03T19:34:56.311Z'
}
{
  hotelId: 'fda0f2da-56b2-46ac-afa7-7bb4e6d06edc',
  level: 'info',
  message: '[BookingController] Get hotel bookings',
  timestamp: '2026-08-03T19:34:56.313Z'
}
{
  message: '[Cache Hit] Lấy thông tin hotel ID: ae4ccd44-300e-4ca3-b16c-d3e71b6a0193 từ Redis',
  level: 'debug',
  timestamp: '2026-08-03T19:34:56.313Z'
}
{
  message: '[Cache Hit] Lấy thông tin hotel ID: fda0f2da-56b2-46ac-afa7-7bb4e6d06edc từ Redis',
  level: 'debug',
  timestamp: '2026-08-03T19:34:56.314Z'
}
{
  hotelId: 'd79e14bd-e09b-49c3-80d7-4442133e57d6',
  level: 'info',
  message: '[BookingController] Get hotel bookings',
  timestamp: '2026-08-03T19:34:56.317Z'
}
{
  message: '[Cache Hit] Lấy thông tin hotel ID: d79e14bd-e09b-49c3-80d7-4442133e57d6 từ Redis',
  level: 'debug',
  timestamp: '2026-08-03T19:34:56.318Z'
}
{
  hotelId: 'd29b2e2a-8af1-4273-8f2d-87053225f461',
  level: 'info',
  message: '[BookingController] Get hotel bookings',
  timestamp: '2026-08-03T19:34:56.322Z'
}
{
  hotelId: 'db71d087-b5a7-47be-b2a3-04e168e623b9',
  level: 'info',
  message: '[BookingController] Get hotel bookings',
  timestamp: '2026-08-03T19:34:56.326Z'
}
{
  message: '[Cache Hit] Lấy thông tin hotel ID: d29b2e2a-8af1-4273-8f2d-87053225f461 từ Redis',
  level: 'debug',
  timestamp: '2026-08-03T19:34:56.328Z'
}
{
  message: '[Cache Hit] Lấy thông tin hotel ID: db71d087-b5a7-47be-b2a3-04e168e623b9 từ Redis',
  level: 'debug',
  timestamp: '2026-08-03T19:34:56.328Z'
}
{
  hotelId: '3ff5cc53-9069-45bc-a39e-2295bebd3ea5',
  level: 'info',
  message: '[BookingController] Get hotel bookings',
  timestamp: '2026-08-03T19:34:56.332Z'
}
{
  hotelId: '61f3e4c1-cba1-48b1-851c-16bc9d413ec2',
  level: 'info',
  message: '[BookingController] Get hotel bookings',
  timestamp: '2026-08-03T19:34:56.334Z'
}
{
  hotelId: '52eb4a25-dcb7-4bea-81ac-9d12053bd2c0',
  level: 'info',
  message: '[BookingController] Get hotel bookings',
  timestamp: '2026-08-03T19:34:56.336Z'
}
{
  message: '[Cache Hit] Lấy thông tin hotel ID: 3ff5cc53-9069-45bc-a39e-2295bebd3ea5 từ Redis',
  level: 'debug',
  timestamp: '2026-08-03T19:34:56.337Z'
}
{
  message: '[Cache Hit] Lấy thông tin hotel ID: 61f3e4c1-cba1-48b1-851c-16bc9d413ec2 từ Redis',
  level: 'debug',
  timestamp: '2026-08-03T19:34:56.337Z'
}
{
  message: '[Cache Hit] Lấy thông tin hotel ID: 52eb4a25-dcb7-4bea-81ac-9d12053bd2c0 từ Redis',
  level: 'debug',
  timestamp: '2026-08-03T19:34:56.337Z'
}
{
  hotelId: '6476b4b4-c8ba-4f05-a3ae-9ba776ad4be3',
  level: 'info',
  message: '[BookingController] Get hotel bookings',
  timestamp: '2026-08-03T19:34:56.341Z'
}
{
  hotelId: '1f63d07b-44ef-412e-8e8f-fc20853648c3',
  level: 'info',
  message: '[BookingController] Get hotel bookings',
  timestamp: '2026-08-03T19:34:56.346Z'
}
{
  hotelId: '09928f48-b9bb-4700-85d2-51b072eef2c9',
  level: 'info',
  message: '[BookingController] Get hotel bookings',
  timestamp: '2026-08-03T19:34:56.348Z'
}
{
  message: '[Cache Hit] Lấy thông tin hotel ID: 6476b4b4-c8ba-4f05-a3ae-9ba776ad4be3 từ Redis',
  level: 'debug',
  timestamp: '2026-08-03T19:34:56.350Z'
}
{
  message: '[Cache Hit] Lấy thông tin hotel ID: 1f63d07b-44ef-412e-8e8f-fc20853648c3 từ Redis',
  level: 'debug',
  timestamp: '2026-08-03T19:34:56.354Z'
}
{
  message: '[Cache Hit] Lấy thông tin hotel ID: 09928f48-b9bb-4700-85d2-51b072eef2c9 từ Redis',
  level: 'debug',
  timestamp: '2026-08-03T19:34:56.355Z'
}
{
  hotelId: 'fdfc5eb7-97ff-450b-9edf-723739f36d56',
  level: 'info',
  message: '[BookingController] Get hotel bookings',
  timestamp: '2026-08-03T19:34:56.358Z'
}
{
  hotelId: 'a9778731-bce8-4dbf-8b2f-ab2543bfdcdc',
  level: 'info',
  message: '[BookingController] Get hotel bookings',
  timestamp: '2026-08-03T19:34:56.361Z'
}
{
  hotelId: '47451836-dfa0-4b5c-b770-43e87150fe10',
  level: 'info',
  message: '[BookingController] Get hotel bookings',
  timestamp: '2026-08-03T19:34:56.365Z'
}
{
  message: '[Cache Hit] Lấy thông tin hotel ID: fdfc5eb7-97ff-450b-9edf-723739f36d56 từ Redis',
  level: 'debug',
  timestamp: '2026-08-03T19:34:56.366Z'
}
{
  message: '[Cache Hit] Lấy thông tin hotel ID: a9778731-bce8-4dbf-8b2f-ab2543bfdcdc từ Redis',
  level: 'debug',
  timestamp: '2026-08-03T19:34:56.366Z'
}
{
  message: '[Cache Hit] Lấy thông tin hotel ID: 47451836-dfa0-4b5c-b770-43e87150fe10 từ Redis',
  level: 'debug',
  timestamp: '2026-08-03T19:34:56.366Z'
}
{
  hotelId: 'fda0f2da-56b2-46ac-afa7-7bb4e6d06edc',
  level: 'info',
  message: '[BookingController] Get hotel bookings',
  timestamp: '2026-08-03T19:34:56.376Z'
}
{
  hotelId: '45ea8129-6cde-4f0a-b8a5-701260e11966',
  level: 'info',
  message: '[BookingController] Get hotel bookings',
  timestamp: '2026-08-03T19:34:56.379Z'
}
{
  hotelId: 'ae4ccd44-300e-4ca3-b16c-d3e71b6a0193',
  level: 'info',
  message: '[BookingController] Get hotel bookings',
  timestamp: '2026-08-03T19:34:56.382Z'
}
{
  message: '[Cache Hit] Lấy thông tin hotel ID: fda0f2da-56b2-46ac-afa7-7bb4e6d06edc từ Redis',
  level: 'debug',
  timestamp: '2026-08-03T19:34:56.383Z'
}
{
  message: '[Cache Hit] Lấy thông tin hotel ID: 45ea8129-6cde-4f0a-b8a5-701260e11966 từ Redis',
  level: 'debug',
  timestamp: '2026-08-03T19:34:56.383Z'
}
{
  message: '[Cache Hit] Lấy thông tin hotel ID: ae4ccd44-300e-4ca3-b16c-d3e71b6a0193 từ Redis',
  level: 'debug',
  timestamp: '2026-08-03T19:34:56.384Z'
}
{
  hotelId: 'd79e14bd-e09b-49c3-80d7-4442133e57d6',
  level: 'info',
  message: '[BookingController] Get hotel bookings',
  timestamp: '2026-08-03T19:34:56.386Z'
}
{
  hotelId: 'd29b2e2a-8af1-4273-8f2d-87053225f461',
  level: 'info',
  message: '[BookingController] Get hotel bookings',
  timestamp: '2026-08-03T19:34:56.389Z'
}
{
  hotelId: 'db71d087-b5a7-47be-b2a3-04e168e623b9',
  level: 'info',
  message: '[BookingController] Get hotel bookings',
  timestamp: '2026-08-03T19:34:56.391Z'
}
{
  message: '[Cache Hit] Lấy thông tin hotel ID: d79e14bd-e09b-49c3-80d7-4442133e57d6 từ Redis',
  level: 'debug',
  timestamp: '2026-08-03T19:34:56.391Z'
}
{
  message: '[Cache Hit] Lấy thông tin hotel ID: d29b2e2a-8af1-4273-8f2d-87053225f461 từ Redis',
  level: 'debug',
  timestamp: '2026-08-03T19:34:56.392Z'
}
{
  message: '[Cache Hit] Lấy thông tin hotel ID: db71d087-b5a7-47be-b2a3-04e168e623b9 từ Redis',
  level: 'debug',
  timestamp: '2026-08-03T19:34:56.395Z'
}
{
  hotelId: '61f3e4c1-cba1-48b1-851c-16bc9d413ec2',
  level: 'info',
  message: '[BookingController] Get hotel bookings',
  timestamp: '2026-08-03T19:34:56.400Z'
}
{
  hotelId: '3ff5cc53-9069-45bc-a39e-2295bebd3ea5',
  level: 'info',
  message: '[BookingController] Get hotel bookings',
  timestamp: '2026-08-03T19:34:56.402Z'
}
{
  hotelId: '52eb4a25-dcb7-4bea-81ac-9d12053bd2c0',
  level: 'info',
  message: '[BookingController] Get hotel bookings',
  timestamp: '2026-08-03T19:34:56.407Z'
}
{
  message: '[Cache Hit] Lấy thông tin hotel ID: 61f3e4c1-cba1-48b1-851c-16bc9d413ec2 từ Redis',
  level: 'debug',
  timestamp: '2026-08-03T19:34:56.407Z'
}
{
  message: '[Cache Hit] Lấy thông tin hotel ID: 3ff5cc53-9069-45bc-a39e-2295bebd3ea5 từ Redis',
  level: 'debug',
  timestamp: '2026-08-03T19:34:56.408Z'
}
{
  message: '[Cache Hit] Lấy thông tin hotel ID: 52eb4a25-dcb7-4bea-81ac-9d12053bd2c0 từ Redis',
  level: 'debug',
  timestamp: '2026-08-03T19:34:56.409Z'
}
{
  hotelId: '6476b4b4-c8ba-4f05-a3ae-9ba776ad4be3',
  level: 'info',
  message: '[BookingController] Get hotel bookings',
  timestamp: '2026-08-03T19:34:56.413Z'
}
{
  hotelId: '1f63d07b-44ef-412e-8e8f-fc20853648c3',
  level: 'info',
  message: '[BookingController] Get hotel bookings',
  timestamp: '2026-08-03T19:34:56.416Z'
}
{
  hotelId: '09928f48-b9bb-4700-85d2-51b072eef2c9',
  level: 'info',
  message: '[BookingController] Get hotel bookings',
  timestamp: '2026-08-03T19:34:56.418Z'
}
{
  message: '[Cache Hit] Lấy thông tin hotel ID: 6476b4b4-c8ba-4f05-a3ae-9ba776ad4be3 từ Redis',
  level: 'debug',
  timestamp: '2026-08-03T19:34:56.419Z'
}
{
  message: '[Cache Hit] Lấy thông tin hotel ID: 1f63d07b-44ef-412e-8e8f-fc20853648c3 từ Redis',
  level: 'debug',
  timestamp: '2026-08-03T19:34:56.419Z'
}
{
  message: '[Cache Hit] Lấy thông tin hotel ID: 09928f48-b9bb-4700-85d2-51b072eef2c9 từ Redis',
  level: 'debug',
  timestamp: '2026-08-03T19:34:56.420Z'
}
{
  hotelId: 'fdfc5eb7-97ff-450b-9edf-723739f36d56',
  level: 'info',
  message: '[BookingController] Get hotel bookings',
  timestamp: '2026-08-03T19:34:56.427Z'
}
{
  hotelId: 'a9778731-bce8-4dbf-8b2f-ab2543bfdcdc',
  level: 'info',
  message: '[BookingController] Get hotel bookings',
  timestamp: '2026-08-03T19:34:56.431Z'
}
{
  message: '[Cache Hit] Lấy thông tin hotel ID: fdfc5eb7-97ff-450b-9edf-723739f36d56 từ Redis',
  level: 'debug',
  timestamp: '2026-08-03T19:34:56.433Z'
}
{
  message: '[Cache Hit] Lấy thông tin hotel ID: a9778731-bce8-4dbf-8b2f-ab2543bfdcdc từ Redis',
  level: 'debug',
  timestamp: '2026-08-03T19:34:56.435Z'
}
{
  message: '[SchedulerService] Đang kiểm tra các booking hết hạn thanh toán...',
  level: 'info',
  timestamp: '2026-08-03T19:35:00.005Z'
}
{
  message: '[HotelController] Get my hotels',
  level: 'info',
  timestamp: '2026-08-03T19:35:00.144Z'
}
{
  message: '[HotelController] Get my hotels',
  level: 'info',
  timestamp: '2026-08-03T19:35:00.156Z'
}
{
  message: '[HotelController] Get my hotels',
  level: 'info',
  timestamp: '2026-08-03T19:35:00.618Z'
}
{
  message: '[HotelController] Get my hotels',
  level: 'info',
  timestamp: '2026-08-03T19:35:00.634Z'
}
{
  hotelId: '47451836-dfa0-4b5c-b770-43e87150fe10',
  level: 'info',
  message: '[BookingController] Get hotel bookings',
  timestamp: '2026-08-03T19:35:00.639Z'
}
{
  hotelId: 'd79e14bd-e09b-49c3-80d7-4442133e57d6',
  level: 'info',
  message: '[BookingController] Get hotel bookings',
  timestamp: '2026-08-03T19:35:00.641Z'
}
{
  hotelId: 'fda0f2da-56b2-46ac-afa7-7bb4e6d06edc',
  level: 'info',
  message: '[BookingController] Get hotel bookings',
  timestamp: '2026-08-03T19:35:00.643Z'
}
{
  hotelId: '45ea8129-6cde-4f0a-b8a5-701260e11966',
  level: 'info',
  message: '[BookingController] Get hotel bookings',
  timestamp: '2026-08-03T19:35:00.645Z'
}
{
  hotelId: 'db71d087-b5a7-47be-b2a3-04e168e623b9',
  level: 'info',
  message: '[BookingController] Get hotel bookings',
  timestamp: '2026-08-03T19:35:00.647Z'
}
{
  message: '[Cache Hit] Lấy thông tin hotel ID: 47451836-dfa0-4b5c-b770-43e87150fe10 từ Redis',
  level: 'debug',
  timestamp: '2026-08-03T19:35:00.652Z'
}
{
  message: '[Cache Hit] Lấy thông tin hotel ID: d79e14bd-e09b-49c3-80d7-4442133e57d6 từ Redis',
  level: 'debug',
  timestamp: '2026-08-03T19:35:00.653Z'
}
{
  message: '[Cache Hit] Lấy thông tin hotel ID: fda0f2da-56b2-46ac-afa7-7bb4e6d06edc từ Redis',
  level: 'debug',
  timestamp: '2026-08-03T19:35:00.653Z'
}
{
  message: '[Cache Hit] Lấy thông tin hotel ID: 45ea8129-6cde-4f0a-b8a5-701260e11966 từ Redis',
  level: 'debug',
  timestamp: '2026-08-03T19:35:00.653Z'
}
{
  message: '[Cache Hit] Lấy thông tin hotel ID: db71d087-b5a7-47be-b2a3-04e168e623b9 từ Redis',
  level: 'debug',
  timestamp: '2026-08-03T19:35:00.653Z'
}
{
  hotelId: '1f63d07b-44ef-412e-8e8f-fc20853648c3',
  level: 'info',
  message: '[BookingController] Get hotel bookings',
  timestamp: '2026-08-03T19:35:00.672Z'
}
{
  hotelId: 'ae4ccd44-300e-4ca3-b16c-d3e71b6a0193',
  level: 'info',
  message: '[BookingController] Get hotel bookings',
  timestamp: '2026-08-03T19:35:00.677Z'
}
{
  hotelId: 'd29b2e2a-8af1-4273-8f2d-87053225f461',
  level: 'info',
  message: '[BookingController] Get hotel bookings',
  timestamp: '2026-08-03T19:35:00.680Z'
}
{
  hotelId: 'fdfc5eb7-97ff-450b-9edf-723739f36d56',
  level: 'info',
  message: '[BookingController] Get hotel bookings',
  timestamp: '2026-08-03T19:35:00.681Z'
}
{
  hotelId: '52eb4a25-dcb7-4bea-81ac-9d12053bd2c0',
  level: 'info',
  message: '[BookingController] Get hotel bookings',
  timestamp: '2026-08-03T19:35:00.683Z'
}
{
  hotelId: '6476b4b4-c8ba-4f05-a3ae-9ba776ad4be3',
  level: 'info',
  message: '[BookingController] Get hotel bookings',
  timestamp: '2026-08-03T19:35:00.690Z'
}
{
  message: '[Cache Hit] Lấy thông tin hotel ID: 1f63d07b-44ef-412e-8e8f-fc20853648c3 từ Redis',
  level: 'debug',
  timestamp: '2026-08-03T19:35:00.691Z'
}
{
  message: '[Cache Hit] Lấy thông tin hotel ID: ae4ccd44-300e-4ca3-b16c-d3e71b6a0193 từ Redis',
  level: 'debug',
  timestamp: '2026-08-03T19:35:00.691Z'
}
{
  message: '[Cache Hit] Lấy thông tin hotel ID: d29b2e2a-8af1-4273-8f2d-87053225f461 từ Redis',
  level: 'debug',
  timestamp: '2026-08-03T19:35:00.691Z'
}
{
  message: '[Cache Hit] Lấy thông tin hotel ID: fdfc5eb7-97ff-450b-9edf-723739f36d56 từ Redis',
  level: 'debug',
  timestamp: '2026-08-03T19:35:00.692Z'
}
{
  message: '[Cache Hit] Lấy thông tin hotel ID: 52eb4a25-dcb7-4bea-81ac-9d12053bd2c0 từ Redis',
  level: 'debug',
  timestamp: '2026-08-03T19:35:00.692Z'
}
{
  message: '[Cache Hit] Lấy thông tin hotel ID: 6476b4b4-c8ba-4f05-a3ae-9ba776ad4be3 từ Redis',
  level: 'debug',
  timestamp: '2026-08-03T19:35:00.692Z'
}
{
  hotelId: '3ff5cc53-9069-45bc-a39e-2295bebd3ea5',
  level: 'info',
  message: '[BookingController] Get hotel bookings',
  timestamp: '2026-08-03T19:35:00.699Z'
}
{
  hotelId: '61f3e4c1-cba1-48b1-851c-16bc9d413ec2',
  level: 'info',
  message: '[BookingController] Get hotel bookings',
  timestamp: '2026-08-03T19:35:00.701Z'
}
{
  hotelId: 'a9778731-bce8-4dbf-8b2f-ab2543bfdcdc',
  level: 'info',
  message: '[BookingController] Get hotel bookings',
  timestamp: '2026-08-03T19:35:00.706Z'
}
{
  hotelId: '09928f48-b9bb-4700-85d2-51b072eef2c9',
  level: 'info',
  message: '[BookingController] Get hotel bookings',
  timestamp: '2026-08-03T19:35:00.710Z'
}
{
  hotelId: '47451836-dfa0-4b5c-b770-43e87150fe10',
  level: 'info',
  message: '[BookingController] Get hotel bookings',
  timestamp: '2026-08-03T19:35:00.714Z'
}
{
  hotelId: 'fda0f2da-56b2-46ac-afa7-7bb4e6d06edc',
  level: 'info',
  message: '[BookingController] Get hotel bookings',
  timestamp: '2026-08-03T19:35:00.718Z'
}
{
  message: '[Cache Hit] Lấy thông tin hotel ID: 3ff5cc53-9069-45bc-a39e-2295bebd3ea5 từ Redis',
  level: 'debug',
  timestamp: '2026-08-03T19:35:00.719Z'
}
{
  message: '[Cache Hit] Lấy thông tin hotel ID: 61f3e4c1-cba1-48b1-851c-16bc9d413ec2 từ Redis',
  level: 'debug',
  timestamp: '2026-08-03T19:35:00.719Z'
}
{
  message: '[Cache Hit] Lấy thông tin hotel ID: a9778731-bce8-4dbf-8b2f-ab2543bfdcdc từ Redis',
  level: 'debug',
  timestamp: '2026-08-03T19:35:00.719Z'
}
{
  message: '[Cache Hit] Lấy thông tin hotel ID: 09928f48-b9bb-4700-85d2-51b072eef2c9 từ Redis',
  level: 'debug',
  timestamp: '2026-08-03T19:35:00.720Z'
}
{
  message: '[Cache Hit] Lấy thông tin hotel ID: 47451836-dfa0-4b5c-b770-43e87150fe10 từ Redis',
  level: 'debug',
  timestamp: '2026-08-03T19:35:00.720Z'
}
{
  message: '[Cache Hit] Lấy thông tin hotel ID: fda0f2da-56b2-46ac-afa7-7bb4e6d06edc từ Redis',
  level: 'debug',
  timestamp: '2026-08-03T19:35:00.720Z'
}
{
  hotelId: 'd79e14bd-e09b-49c3-80d7-4442133e57d6',
  level: 'info',
  message: '[BookingController] Get hotel bookings',
  timestamp: '2026-08-03T19:35:00.728Z'
}
{
  hotelId: '45ea8129-6cde-4f0a-b8a5-701260e11966',
  level: 'info',
  message: '[BookingController] Get hotel bookings',
  timestamp: '2026-08-03T19:35:00.731Z'
}
{
  hotelId: 'db71d087-b5a7-47be-b2a3-04e168e623b9',
  level: 'info',
  message: '[BookingController] Get hotel bookings',
  timestamp: '2026-08-03T19:35:00.733Z'
}
{
  hotelId: '1f63d07b-44ef-412e-8e8f-fc20853648c3',
  level: 'info',
  message: '[BookingController] Get hotel bookings',
  timestamp: '2026-08-03T19:35:00.735Z'
}
{
  hotelId: 'ae4ccd44-300e-4ca3-b16c-d3e71b6a0193',
  level: 'info',
  message: '[BookingController] Get hotel bookings',
  timestamp: '2026-08-03T19:35:00.736Z'
}
{
  hotelId: 'd29b2e2a-8af1-4273-8f2d-87053225f461',
  level: 'info',
  message: '[BookingController] Get hotel bookings',
  timestamp: '2026-08-03T19:35:00.738Z'
}
{
  message: '[Cache Hit] Lấy thông tin hotel ID: d79e14bd-e09b-49c3-80d7-4442133e57d6 từ Redis',
  level: 'debug',
  timestamp: '2026-08-03T19:35:00.738Z'
}
{
  message: '[Cache Hit] Lấy thông tin hotel ID: 45ea8129-6cde-4f0a-b8a5-701260e11966 từ Redis',
  level: 'debug',
  timestamp: '2026-08-03T19:35:00.738Z'
}
{
  message: '[Cache Hit] Lấy thông tin hotel ID: db71d087-b5a7-47be-b2a3-04e168e623b9 từ Redis',
  level: 'debug',
  timestamp: '2026-08-03T19:35:00.739Z'
}
{
  message: '[Cache Hit] Lấy thông tin hotel ID: 1f63d07b-44ef-412e-8e8f-fc20853648c3 từ Redis',
  level: 'debug',
  timestamp: '2026-08-03T19:35:00.739Z'
}
{
  message: '[Cache Hit] Lấy thông tin hotel ID: ae4ccd44-300e-4ca3-b16c-d3e71b6a0193 từ Redis',
  level: 'debug',
  timestamp: '2026-08-03T19:35:00.739Z'
}
{
  message: '[Cache Hit] Lấy thông tin hotel ID: d29b2e2a-8af1-4273-8f2d-87053225f461 từ Redis',
  level: 'debug',
  timestamp: '2026-08-03T19:35:00.739Z'
}
{
  hotelId: 'fdfc5eb7-97ff-450b-9edf-723739f36d56',
  level: 'info',
  message: '[BookingController] Get hotel bookings',
  timestamp: '2026-08-03T19:35:00.744Z'
}
{
  hotelId: '52eb4a25-dcb7-4bea-81ac-9d12053bd2c0',
  level: 'info',
  message: '[BookingController] Get hotel bookings',
  timestamp: '2026-08-03T19:35:00.746Z'
}
{
  hotelId: '6476b4b4-c8ba-4f05-a3ae-9ba776ad4be3',
  level: 'info',
  message: '[BookingController] Get hotel bookings',
  timestamp: '2026-08-03T19:35:00.749Z'
}
{
  hotelId: '3ff5cc53-9069-45bc-a39e-2295bebd3ea5',
  level: 'info',
  message: '[BookingController] Get hotel bookings',
  timestamp: '2026-08-03T19:35:00.751Z'
}
{
  hotelId: '61f3e4c1-cba1-48b1-851c-16bc9d413ec2',
  level: 'info',
  message: '[BookingController] Get hotel bookings',
  timestamp: '2026-08-03T19:35:00.753Z'
}
{
  hotelId: 'a9778731-bce8-4dbf-8b2f-ab2543bfdcdc',
  level: 'info',
  message: '[BookingController] Get hotel bookings',
  timestamp: '2026-08-03T19:35:00.755Z'
}
{
  message: '[Cache Hit] Lấy thông tin hotel ID: fdfc5eb7-97ff-450b-9edf-723739f36d56 từ Redis',
  level: 'debug',
  timestamp: '2026-08-03T19:35:00.756Z'
}
{
  message: '[Cache Hit] Lấy thông tin hotel ID: 52eb4a25-dcb7-4bea-81ac-9d12053bd2c0 từ Redis',
  level: 'debug',
  timestamp: '2026-08-03T19:35:00.757Z'
}
{
  message: '[Cache Hit] Lấy thông tin hotel ID: 6476b4b4-c8ba-4f05-a3ae-9ba776ad4be3 từ Redis',
  level: 'debug',
  timestamp: '2026-08-03T19:35:00.757Z'
}
{
  message: '[Cache Hit] Lấy thông tin hotel ID: 3ff5cc53-9069-45bc-a39e-2295bebd3ea5 từ Redis',
  level: 'debug',
  timestamp: '2026-08-03T19:35:00.757Z'
}
{
  message: '[Cache Hit] Lấy thông tin hotel ID: 61f3e4c1-cba1-48b1-851c-16bc9d413ec2 từ Redis',
  level: 'debug',
  timestamp: '2026-08-03T19:35:00.757Z'
}
{
  message: '[Cache Hit] Lấy thông tin hotel ID: a9778731-bce8-4dbf-8b2f-ab2543bfdcdc từ Redis',
  level: 'debug',
  timestamp: '2026-08-03T19:35:00.757Z'
}
{
  hotelId: '09928f48-b9bb-4700-85d2-51b072eef2c9',
  level: 'info',
  message: '[BookingController] Get hotel bookings',
  timestamp: '2026-08-03T19:35:00.762Z'
}
{
  message: '[Cache Hit] Lấy thông tin hotel ID: 09928f48-b9bb-4700-85d2-51b072eef2c9 từ Redis',
  level: 'debug',
  timestamp: '2026-08-03T19:35:00.763Z'
}
{
  message: '[HotelController] Get my hotels',
  level: 'info',
  timestamp: '2026-08-03T19:35:17.309Z'
}
{
  message: '[HotelController] Get my hotels',
  level: 'info',
  timestamp: '2026-08-03T19:35:17.373Z'
}
{
  hotelId: 'fda0f2da-56b2-46ac-afa7-7bb4e6d06edc',
  level: 'info',
  message: '[BookingController] Get hotel bookings',
  timestamp: '2026-08-03T19:35:17.437Z'
}
{
  hotelId: '52eb4a25-dcb7-4bea-81ac-9d12053bd2c0',
  level: 'info',
  message: '[BookingController] Get hotel bookings',
  timestamp: '2026-08-03T19:35:17.443Z'
}
{
  message: '[Cache Hit] Lấy thông tin hotel ID: fda0f2da-56b2-46ac-afa7-7bb4e6d06edc từ Redis',
  level: 'debug',
  timestamp: '2026-08-03T19:35:17.445Z'
}
{
  message: '[Cache Hit] Lấy thông tin hotel ID: 52eb4a25-dcb7-4bea-81ac-9d12053bd2c0 từ Redis',
  level: 'debug',
  timestamp: '2026-08-03T19:35:17.445Z'
}
{
  hotelId: 'd79e14bd-e09b-49c3-80d7-4442133e57d6',
  level: 'info',
  message: '[BookingController] Get hotel bookings',
  timestamp: '2026-08-03T19:35:17.472Z'
}
{
  hotelId: '47451836-dfa0-4b5c-b770-43e87150fe10',
  level: 'info',
  message: '[BookingController] Get hotel bookings',
  timestamp: '2026-08-03T19:35:17.483Z'
}
{
  hotelId: 'db71d087-b5a7-47be-b2a3-04e168e623b9',
  level: 'info',
  message: '[BookingController] Get hotel bookings',
  timestamp: '2026-08-03T19:35:17.488Z'
}
{
  message: '[Cache Hit] Lấy thông tin hotel ID: d79e14bd-e09b-49c3-80d7-4442133e57d6 từ Redis',
  level: 'debug',
  timestamp: '2026-08-03T19:35:17.489Z'
}
{
  message: '[Cache Hit] Lấy thông tin hotel ID: 47451836-dfa0-4b5c-b770-43e87150fe10 từ Redis',
  level: 'debug',
  timestamp: '2026-08-03T19:35:17.490Z'
}
{
  message: '[Cache Hit] Lấy thông tin hotel ID: db71d087-b5a7-47be-b2a3-04e168e623b9 từ Redis',
  level: 'debug',
  timestamp: '2026-08-03T19:35:17.490Z'
}
{
  hotelId: '1f63d07b-44ef-412e-8e8f-fc20853648c3',
  level: 'info',
  message: '[BookingController] Get hotel bookings',
  timestamp: '2026-08-03T19:35:17.494Z'
}
{
  message: '[Cache Hit] Lấy thông tin hotel ID: 1f63d07b-44ef-412e-8e8f-fc20853648c3 từ Redis',
  level: 'debug',
  timestamp: '2026-08-03T19:35:17.504Z'
}
{
  hotelId: 'd29b2e2a-8af1-4273-8f2d-87053225f461',
  level: 'info',
  message: '[BookingController] Get hotel bookings',
  timestamp: '2026-08-03T19:35:17.512Z'
}
{
  message: '[Cache Hit] Lấy thông tin hotel ID: d29b2e2a-8af1-4273-8f2d-87053225f461 từ Redis',
  level: 'debug',
  timestamp: '2026-08-03T19:35:17.514Z'
}
{
  hotelId: 'fdfc5eb7-97ff-450b-9edf-723739f36d56',
  level: 'info',
  message: '[BookingController] Get hotel bookings',
  timestamp: '2026-08-03T19:35:17.528Z'
}
{
  message: '[Cache Hit] Lấy thông tin hotel ID: fdfc5eb7-97ff-450b-9edf-723739f36d56 từ Redis',
  level: 'debug',
  timestamp: '2026-08-03T19:35:17.530Z'
}
{
  hotelId: '6476b4b4-c8ba-4f05-a3ae-9ba776ad4be3',
  level: 'info',
  message: '[BookingController] Get hotel bookings',
  timestamp: '2026-08-03T19:35:17.537Z'
}
{
  hotelId: '61f3e4c1-cba1-48b1-851c-16bc9d413ec2',
  level: 'info',
  message: '[BookingController] Get hotel bookings',
  timestamp: '2026-08-03T19:35:17.545Z'
}
{
  hotelId: '3ff5cc53-9069-45bc-a39e-2295bebd3ea5',
  level: 'info',
  message: '[BookingController] Get hotel bookings',
  timestamp: '2026-08-03T19:35:17.551Z'
}
{
  hotelId: 'a9778731-bce8-4dbf-8b2f-ab2543bfdcdc',
  level: 'info',
  message: '[BookingController] Get hotel bookings',
  timestamp: '2026-08-03T19:35:17.556Z'
}
{
  message: '[Cache Hit] Lấy thông tin hotel ID: 6476b4b4-c8ba-4f05-a3ae-9ba776ad4be3 từ Redis',
  level: 'debug',
  timestamp: '2026-08-03T19:35:17.558Z'
}
{
  message: '[Cache Hit] Lấy thông tin hotel ID: 61f3e4c1-cba1-48b1-851c-16bc9d413ec2 từ Redis',
  level: 'debug',
  timestamp: '2026-08-03T19:35:17.558Z'
}
{
  message: '[Cache Hit] Lấy thông tin hotel ID: 3ff5cc53-9069-45bc-a39e-2295bebd3ea5 từ Redis',
  level: 'debug',
  timestamp: '2026-08-03T19:35:17.559Z'
}
{
  hotelId: '45ea8129-6cde-4f0a-b8a5-701260e11966',
  level: 'info',
  message: '[BookingController] Get hotel bookings',
  timestamp: '2026-08-03T19:35:17.567Z'
}
{
  message: '[Cache Hit] Lấy thông tin hotel ID: a9778731-bce8-4dbf-8b2f-ab2543bfdcdc từ Redis',
  level: 'debug',
  timestamp: '2026-08-03T19:35:17.569Z'
}
{
  hotelId: '09928f48-b9bb-4700-85d2-51b072eef2c9',
  level: 'info',
  message: '[BookingController] Get hotel bookings',
  timestamp: '2026-08-03T19:35:17.577Z'
}
{
  message: '[Cache Hit] Lấy thông tin hotel ID: 45ea8129-6cde-4f0a-b8a5-701260e11966 từ Redis',
  level: 'debug',
  timestamp: '2026-08-03T19:35:17.580Z'
}
{
  message: '[Cache Hit] Lấy thông tin hotel ID: 09928f48-b9bb-4700-85d2-51b072eef2c9 từ Redis',
  level: 'debug',
  timestamp: '2026-08-03T19:35:17.581Z'
}
{
  hotelId: 'fda0f2da-56b2-46ac-afa7-7bb4e6d06edc',
  level: 'info',
  message: '[BookingController] Get hotel bookings',
  timestamp: '2026-08-03T19:35:17.587Z'
}
{
  hotelId: '52eb4a25-dcb7-4bea-81ac-9d12053bd2c0',
  level: 'info',
  message: '[BookingController] Get hotel bookings',
  timestamp: '2026-08-03T19:35:17.594Z'
}
{
  hotelId: 'ae4ccd44-300e-4ca3-b16c-d3e71b6a0193',
  level: 'info',
  message: '[BookingController] Get hotel bookings',
  timestamp: '2026-08-03T19:35:17.598Z'
}
{
  message: '[Cache Hit] Lấy thông tin hotel ID: fda0f2da-56b2-46ac-afa7-7bb4e6d06edc từ Redis',
  level: 'debug',
  timestamp: '2026-08-03T19:35:17.599Z'
}
{
  message: '[Cache Hit] Lấy thông tin hotel ID: 52eb4a25-dcb7-4bea-81ac-9d12053bd2c0 từ Redis',
  level: 'debug',
  timestamp: '2026-08-03T19:35:17.600Z'
}
{
  message: '[Cache Hit] Lấy thông tin hotel ID: ae4ccd44-300e-4ca3-b16c-d3e71b6a0193 từ Redis',
  level: 'debug',
  timestamp: '2026-08-03T19:35:17.600Z'
}
{
  hotelId: 'd79e14bd-e09b-49c3-80d7-4442133e57d6',
  level: 'info',
  message: '[BookingController] Get hotel bookings',
  timestamp: '2026-08-03T19:35:17.607Z'
}
{
  message: '[Cache Hit] Lấy thông tin hotel ID: d79e14bd-e09b-49c3-80d7-4442133e57d6 từ Redis',
  level: 'debug',
  timestamp: '2026-08-03T19:35:17.609Z'
}
{
  hotelId: '47451836-dfa0-4b5c-b770-43e87150fe10',
  level: 'info',
  message: '[BookingController] Get hotel bookings',
  timestamp: '2026-08-03T19:35:17.617Z'
}
{
  hotelId: 'db71d087-b5a7-47be-b2a3-04e168e623b9',
  level: 'info',
  message: '[BookingController] Get hotel bookings',
  timestamp: '2026-08-03T19:35:17.621Z'
}
{
  message: '[Cache Hit] Lấy thông tin hotel ID: 47451836-dfa0-4b5c-b770-43e87150fe10 từ Redis',
  level: 'debug',
  timestamp: '2026-08-03T19:35:17.624Z'
}
{
  message: '[Cache Hit] Lấy thông tin hotel ID: db71d087-b5a7-47be-b2a3-04e168e623b9 từ Redis',
  level: 'debug',
  timestamp: '2026-08-03T19:35:17.625Z'
}
{
  hotelId: '1f63d07b-44ef-412e-8e8f-fc20853648c3',
  level: 'info',
  message: '[BookingController] Get hotel bookings',
  timestamp: '2026-08-03T19:35:17.636Z'
}
{
  hotelId: 'd29b2e2a-8af1-4273-8f2d-87053225f461',
  level: 'info',
  message: '[BookingController] Get hotel bookings',
  timestamp: '2026-08-03T19:35:17.642Z'
}
{
  hotelId: 'fdfc5eb7-97ff-450b-9edf-723739f36d56',
  level: 'info',
  message: '[BookingController] Get hotel bookings',
  timestamp: '2026-08-03T19:35:17.654Z'
}
{
  message: '[Cache Hit] Lấy thông tin hotel ID: 1f63d07b-44ef-412e-8e8f-fc20853648c3 từ Redis',
  level: 'debug',
  timestamp: '2026-08-03T19:35:17.658Z'
}
{
  message: '[Cache Hit] Lấy thông tin hotel ID: d29b2e2a-8af1-4273-8f2d-87053225f461 từ Redis',
  level: 'debug',
  timestamp: '2026-08-03T19:35:17.658Z'
}
{
  message: '[Cache Hit] Lấy thông tin hotel ID: fdfc5eb7-97ff-450b-9edf-723739f36d56 từ Redis',
  level: 'debug',
  timestamp: '2026-08-03T19:35:17.659Z'
}
{
  hotelId: '61f3e4c1-cba1-48b1-851c-16bc9d413ec2',
  level: 'info',
  message: '[BookingController] Get hotel bookings',
  timestamp: '2026-08-03T19:35:17.672Z'
}
{
  message: '[Cache Hit] Lấy thông tin hotel ID: 61f3e4c1-cba1-48b1-851c-16bc9d413ec2 từ Redis',
  level: 'debug',
  timestamp: '2026-08-03T19:35:17.674Z'
}
{
  hotelId: '6476b4b4-c8ba-4f05-a3ae-9ba776ad4be3',
  level: 'info',
  message: '[BookingController] Get hotel bookings',
  timestamp: '2026-08-03T19:35:17.679Z'
}
{
  hotelId: '3ff5cc53-9069-45bc-a39e-2295bebd3ea5',
  level: 'info',
  message: '[BookingController] Get hotel bookings',
  timestamp: '2026-08-03T19:35:17.685Z'
}
{
  message: '[Cache Hit] Lấy thông tin hotel ID: 6476b4b4-c8ba-4f05-a3ae-9ba776ad4be3 từ Redis',
  level: 'debug',
  timestamp: '2026-08-03T19:35:17.692Z'
}
{
  hotelId: 'a9778731-bce8-4dbf-8b2f-ab2543bfdcdc',
  level: 'info',
  message: '[BookingController] Get hotel bookings',
  timestamp: '2026-08-03T19:35:17.697Z'
}
{
  message: '[Cache Hit] Lấy thông tin hotel ID: 3ff5cc53-9069-45bc-a39e-2295bebd3ea5 từ Redis',
  level: 'debug',
  timestamp: '2026-08-03T19:35:17.699Z'
}
{
  hotelId: '45ea8129-6cde-4f0a-b8a5-701260e11966',
  level: 'info',
  message: '[BookingController] Get hotel bookings',
  timestamp: '2026-08-03T19:35:17.704Z'
}
{
  hotelId: '09928f48-b9bb-4700-85d2-51b072eef2c9',
  level: 'info',
  message: '[BookingController] Get hotel bookings',
  timestamp: '2026-08-03T19:35:17.718Z'
}
{
  hotelId: 'ae4ccd44-300e-4ca3-b16c-d3e71b6a0193',
  level: 'info',
  message: '[BookingController] Get hotel bookings',
  timestamp: '2026-08-03T19:35:17.722Z'
}
{
  message: '[Cache Hit] Lấy thông tin hotel ID: a9778731-bce8-4dbf-8b2f-ab2543bfdcdc từ Redis',
  level: 'debug',
  timestamp: '2026-08-03T19:35:17.723Z'
}
{
  message: '[Cache Hit] Lấy thông tin hotel ID: 45ea8129-6cde-4f0a-b8a5-701260e11966 từ Redis',
  level: 'debug',
  timestamp: '2026-08-03T19:35:17.724Z'
}
{
  message: '[Cache Hit] Lấy thông tin hotel ID: 09928f48-b9bb-4700-85d2-51b072eef2c9 từ Redis',
  level: 'debug',
  timestamp: '2026-08-03T19:35:17.725Z'
}
{
  message: '[Cache Hit] Lấy thông tin hotel ID: ae4ccd44-300e-4ca3-b16c-d3e71b6a0193 từ Redis',
  level: 'debug',
  timestamp: '2026-08-03T19:35:17.727Z'
}
{
  message: '[SchedulerService] Khởi tạo các cron job...',
  level: 'info',
  timestamp: '2026-08-03T19:35:23.145Z'
}
{
  message: 'Booking API Service đang chạy tại port 3000 (Môi trường: development)',
  level: 'info',
  timestamp: '2026-08-03T19:35:23.498Z'
}
{
  code: 'ECONNREFUSED',
  level: 'error',
  message: '[Redis] Lỗi kết nối Redis:',
  stack: 'AggregateError [ECONNREFUSED]: \n' +
    '    at internalConnectMultiple (node:net:1134:18)\n' +
    '    at afterConnectMultiple (node:net:1715:7)',
  timestamp: '2026-08-03T19:35:23.518Z'
}
{
  message: '[Redis] Đang thử kết nối lại lần 1... (delay: 50ms)',
  level: 'warn',
  timestamp: '2026-08-03T19:35:23.520Z'
}
{
  code: 'ECONNREFUSED',
  level: 'error',
  message: '[Redis] Lỗi kết nối Redis:',
  stack: 'AggregateError [ECONNREFUSED]: \n' +
    '    at internalConnectMultiple (node:net:1134:18)\n' +
    '    at afterConnectMultiple (node:net:1715:7)',
  timestamp: '2026-08-03T19:35:23.578Z'
}
{
  message: '[Redis] Đang thử kết nối lại lần 2... (delay: 100ms)',
  level: 'warn',
  timestamp: '2026-08-03T19:35:23.578Z'
}
{
  code: 'ECONNREFUSED',
  level: 'error',
  message: '[Redis] Lỗi kết nối Redis:',
  stack: 'AggregateError [ECONNREFUSED]: \n' +
    '    at internalConnectMultiple (node:net:1134:18)\n' +
    '    at afterConnectMultiple (node:net:1715:7)',
  timestamp: '2026-08-03T19:35:23.684Z'
}
{
  message: '[Redis] Đang thử kết nối lại lần 3... (delay: 150ms)',
  level: 'warn',
  timestamp: '2026-08-03T19:35:23.685Z'
}
{
  code: 'ECONNREFUSED',
  level: 'error',
  message: '[Redis] Lỗi kết nối Redis:',
  stack: 'AggregateError [ECONNREFUSED]: \n' +
    '    at internalConnectMultiple (node:net:1134:18)\n' +
    '    at afterConnectMultiple (node:net:1715:7)',
  timestamp: '2026-08-03T19:35:23.843Z'
}
{
  message: '[Redis] Đang thử kết nối lại lần 4... (delay: 200ms)',
  level: 'warn',
  timestamp: '2026-08-03T19:35:23.845Z'
}
{
  code: 'ECONNREFUSED',
  level: 'error',
  message: '[Redis] Lỗi kết nối Redis:',
  stack: 'AggregateError [ECONNREFUSED]: \n' +
    '    at internalConnectMultiple (node:net:1134:18)\n' +
    '    at afterConnectMultiple (node:net:1715:7)',
  timestamp: '2026-08-03T19:35:24.057Z'
}
{
  message: '[Redis] Đang thử kết nối lại lần 5... (delay: 250ms)',
  level: 'warn',
  timestamp: '2026-08-03T19:35:24.058Z'
}
{
  code: 'ECONNREFUSED',
  level: 'error',
  message: '[Redis] Lỗi kết nối Redis:',
  stack: 'AggregateError [ECONNREFUSED]: \n' +
    '    at internalConnectMultiple (node:net:1134:18)\n' +
    '    at afterConnectMultiple (node:net:1715:7)',
  timestamp: '2026-08-03T19:35:24.319Z'
}
{
  message: '[Redis] Đang thử kết nối lại lần 6... (delay: 300ms)',
  level: 'warn',
  timestamp: '2026-08-03T19:35:24.319Z'
}
{
  code: 'ECONNREFUSED',
  level: 'error',
  message: '[Redis] Lỗi kết nối Redis:',
  stack: 'AggregateError [ECONNREFUSED]: \n' +
    '    at internalConnectMultiple (node:net:1134:18)\n' +
    '    at afterConnectMultiple (node:net:1715:7)',
  timestamp: '2026-08-03T19:35:24.630Z'
}
{
  message: '[Redis] Đang thử kết nối lại lần 7... (delay: 350ms)',
  level: 'warn',
  timestamp: '2026-08-03T19:35:24.630Z'
}
{
  code: 'ECONNREFUSED',
  level: 'error',
  message: '[Redis] Lỗi kết nối Redis:',
  stack: 'AggregateError [ECONNREFUSED]: \n' +
    '    at internalConnectMultiple (node:net:1134:18)\n' +
    '    at afterConnectMultiple (node:net:1715:7)',
  timestamp: '2026-08-03T19:35:24.987Z'
}
{
  message: '[Redis] Đang thử kết nối lại lần 8... (delay: 400ms)',
  level: 'warn',
  timestamp: '2026-08-03T19:35:24.988Z'
}
{
  code: 'ECONNREFUSED',
  level: 'error',
  message: '[Redis] Lỗi kết nối Redis:',
  stack: 'AggregateError [ECONNREFUSED]: \n' +
    '    at internalConnectMultiple (node:net:1134:18)\n' +
    '    at afterConnectMultiple (node:net:1715:7)',
  timestamp: '2026-08-03T19:35:25.404Z'
}
{
  message: '[Redis] Đang thử kết nối lại lần 9... (delay: 450ms)',
  level: 'warn',
  timestamp: '2026-08-03T19:35:25.404Z'
}
{
  code: 'ECONNREFUSED',
  level: 'error',
  message: '[Redis] Lỗi kết nối Redis:',
  stack: 'AggregateError [ECONNREFUSED]: \n' +
    '    at internalConnectMultiple (node:net:1134:18)\n' +
    '    at afterConnectMultiple (node:net:1715:7)',
  timestamp: '2026-08-03T19:35:25.870Z'
}
{
  message: '[Redis] Đang thử kết nối lại lần 10... (delay: 500ms)',
  level: 'warn',
  timestamp: '2026-08-03T19:35:25.870Z'
}
{
  code: 'ECONNREFUSED',
  level: 'error',
  message: '[Redis] Lỗi kết nối Redis:',
  stack: 'AggregateError [ECONNREFUSED]: \n' +
    '    at internalConnectMultiple (node:net:1134:18)\n' +
    '    at afterConnectMultiple (node:net:1715:7)',
  timestamp: '2026-08-03T19:35:26.384Z'
}
{
  message: '[Redis] Đang thử kết nối lại lần 11... (delay: 550ms)',
  level: 'warn',
  timestamp: '2026-08-03T19:35:26.385Z'
}
{
  code: 'ECONNREFUSED',
  level: 'error',
  message: '[Redis] Lỗi kết nối Redis:',
  stack: 'AggregateError [ECONNREFUSED]: \n' +
    '    at internalConnectMultiple (node:net:1134:18)\n' +
    '    at afterConnectMultiple (node:net:1715:7)',
  timestamp: '2026-08-03T19:35:26.948Z'
}
{
  message: '[Redis] Đang thử kết nối lại lần 12... (delay: 600ms)',
  level: 'warn',
  timestamp: '2026-08-03T19:35:26.948Z'
}
{
  code: 'ECONNREFUSED',
  level: 'error',
  message: '[Redis] Lỗi kết nối Redis:',
  stack: 'AggregateError [ECONNREFUSED]: \n' +
    '    at internalConnectMultiple (node:net:1134:18)\n' +
    '    at afterConnectMultiple (node:net:1715:7)',
  timestamp: '2026-08-03T19:35:27.566Z'
}
{
  message: '[Redis] Đang thử kết nối lại lần 13... (delay: 650ms)',
  level: 'warn',
  timestamp: '2026-08-03T19:35:27.568Z'
}
{
  code: 'ECONNREFUSED',
  level: 'error',
  message: '[Redis] Lỗi kết nối Redis:',
  stack: 'AggregateError [ECONNREFUSED]: \n' +
    '    at internalConnectMultiple (node:net:1134:18)\n' +
    '    at afterConnectMultiple (node:net:1715:7)',
  timestamp: '2026-08-03T19:35:28.232Z'
}
{
  message: '[Redis] Đang thử kết nối lại lần 14... (delay: 700ms)',
  level: 'warn',
  timestamp: '2026-08-03T19:35:28.233Z'
}
{
  code: 'ECONNREFUSED',
  level: 'error',
  message: '[Redis] Lỗi kết nối Redis:',
  stack: 'AggregateError [ECONNREFUSED]: \n' +
    '    at internalConnectMultiple (node:net:1134:18)\n' +
    '    at afterConnectMultiple (node:net:1715:7)',
  timestamp: '2026-08-03T19:35:28.947Z'
}
{
  message: '[Redis] Đang thử kết nối lại lần 15... (delay: 750ms)',
  level: 'warn',
  timestamp: '2026-08-03T19:35:28.947Z'
}
{
  code: 'ECONNREFUSED',
  level: 'error',
  message: '[Redis] Lỗi kết nối Redis:',
  stack: 'AggregateError [ECONNREFUSED]: \n' +
    '    at internalConnectMultiple (node:net:1134:18)\n' +
    '    at afterConnectMultiple (node:net:1715:7)',
  timestamp: '2026-08-03T19:35:29.711Z'
}
{
  message: '[Redis] Đang thử kết nối lại lần 16... (delay: 800ms)',
  level: 'warn',
  timestamp: '2026-08-03T19:35:29.711Z'
}
{
  code: 'ECONNREFUSED',
  level: 'error',
  message: '[Redis] Lỗi kết nối Redis:',
  stack: 'AggregateError [ECONNREFUSED]: \n' +
    '    at internalConnectMultiple (node:net:1134:18)\n' +
    '    at afterConnectMultiple (node:net:1715:7)',
  timestamp: '2026-08-03T19:35:30.519Z'
}
{
  message: '[Redis] Đang thử kết nối lại lần 17... (delay: 850ms)',
  level: 'warn',
  timestamp: '2026-08-03T19:35:30.521Z'
}
{
  code: 'ECONNREFUSED',
  level: 'error',
  message: '[Redis] Lỗi kết nối Redis:',
  stack: 'AggregateError [ECONNREFUSED]: \n' +
    '    at internalConnectMultiple (node:net:1134:18)\n' +
    '    at afterConnectMultiple (node:net:1715:7)',
  timestamp: '2026-08-03T19:35:31.376Z'
}
{
  message: '[Redis] Đang thử kết nối lại lần 18... (delay: 900ms)',
  level: 'warn',
  timestamp: '2026-08-03T19:35:31.376Z'
}
{
  code: 'ECONNREFUSED',
  level: 'error',
  message: '[Redis] Lỗi kết nối Redis:',
  stack: 'AggregateError [ECONNREFUSED]: \n' +
    '    at internalConnectMultiple (node:net:1134:18)\n' +
    '    at afterConnectMultiple (node:net:1715:7)',
  timestamp: '2026-08-03T19:35:32.278Z'
}
{
  message: '[Redis] Đang thử kết nối lại lần 19... (delay: 950ms)',
  level: 'warn',
  timestamp: '2026-08-03T19:35:32.279Z'
}
{
  code: 'ECONNREFUSED',
  level: 'error',
  message: '[Redis] Lỗi kết nối Redis:',
  stack: 'AggregateError [ECONNREFUSED]: \n' +
    '    at internalConnectMultiple (node:net:1134:18)\n' +
    '    at afterConnectMultiple (node:net:1715:7)',
  timestamp: '2026-08-03T19:35:33.243Z'
}
{
  message: '[Redis] Đang thử kết nối lại lần 20... (delay: 1000ms)',
  level: 'warn',
  timestamp: '2026-08-03T19:35:33.244Z'
}
{
  code: 'ECONNREFUSED',
  level: 'error',
  message: '[Redis] Lỗi kết nối Redis:',
  stack: 'AggregateError [ECONNREFUSED]: \n' +
    '    at internalConnectMultiple (node:net:1134:18)\n' +
    '    at afterConnectMultiple (node:net:1715:7)',
  timestamp: '2026-08-03T19:35:34.260Z'
}
{
  message: '[Redis] Đang thử kết nối lại lần 21... (delay: 1050ms)',
  level: 'warn',
  timestamp: '2026-08-03T19:35:34.261Z'
}
{
  code: 'ECONNREFUSED',
  level: 'error',
  message: '[Redis] Lỗi kết nối Redis:',
  stack: 'AggregateError [ECONNREFUSED]: \n' +
    '    at internalConnectMultiple (node:net:1134:18)\n' +
    '    at afterConnectMultiple (node:net:1715:7)',
  timestamp: '2026-08-03T19:35:35.328Z'
}
{
  message: '[Redis] Đang thử kết nối lại lần 22... (delay: 1100ms)',
  level: 'warn',
  timestamp: '2026-08-03T19:35:35.328Z'
}
{
  code: 'ECONNREFUSED',
  level: 'error',
  message: '[Redis] Lỗi kết nối Redis:',
  stack: 'AggregateError [ECONNREFUSED]: \n' +
    '    at internalConnectMultiple (node:net:1134:18)\n' +
    '    at afterConnectMultiple (node:net:1715:7)',
  timestamp: '2026-08-03T19:35:36.445Z'
}
{
  message: '[Redis] Đang thử kết nối lại lần 23... (delay: 1150ms)',
  level: 'warn',
  timestamp: '2026-08-03T19:35:36.445Z'
}
{
  code: 'ECONNREFUSED',
  level: 'error',
  message: '[Redis] Lỗi kết nối Redis:',
  stack: 'AggregateError [ECONNREFUSED]: \n' +
    '    at internalConnectMultiple (node:net:1134:18)\n' +
    '    at afterConnectMultiple (node:net:1715:7)',
  timestamp: '2026-08-03T19:35:37.602Z'
}
{
  message: '[Redis] Đang thử kết nối lại lần 24... (delay: 1200ms)',
  level: 'warn',
  timestamp: '2026-08-03T19:35:37.602Z'
}
{
  code: 'ECONNREFUSED',
  level: 'error',
  message: '[Redis] Lỗi kết nối Redis:',
  stack: 'AggregateError [ECONNREFUSED]: \n' +
    '    at internalConnectMultiple (node:net:1134:18)\n' +
    '    at afterConnectMultiple (node:net:1715:7)',
  timestamp: '2026-08-03T19:35:38.818Z'
}
{
  message: '[Redis] Đang thử kết nối lại lần 25... (delay: 1250ms)',
  level: 'warn',
  timestamp: '2026-08-03T19:35:38.819Z'
}
{
  code: 'ECONNREFUSED',
  level: 'error',
  message: '[Redis] Lỗi kết nối Redis:',
  stack: 'AggregateError [ECONNREFUSED]: \n' +
    '    at internalConnectMultiple (node:net:1134:18)\n' +
    '    at afterConnectMultiple (node:net:1715:7)',
  timestamp: '2026-08-03T19:35:40.082Z'
}
{
  message: '[Redis] Đang thử kết nối lại lần 26... (delay: 1300ms)',
  level: 'warn',
  timestamp: '2026-08-03T19:35:40.083Z'
}
{
  code: 'ECONNREFUSED',
  level: 'error',
  message: '[Redis] Lỗi kết nối Redis:',
  stack: 'AggregateError [ECONNREFUSED]: \n' +
    '    at internalConnectMultiple (node:net:1134:18)\n' +
    '    at afterConnectMultiple (node:net:1715:7)',
  timestamp: '2026-08-03T19:35:41.392Z'
}
{
  message: '[Redis] Đang thử kết nối lại lần 27... (delay: 1350ms)',
  level: 'warn',
  timestamp: '2026-08-03T19:35:41.392Z'
}
{
  code: 'ECONNREFUSED',
  level: 'error',
  message: '[Redis] Lỗi kết nối Redis:',
  stack: 'AggregateError [ECONNREFUSED]: \n' +
    '    at internalConnectMultiple (node:net:1134:18)\n' +
    '    at afterConnectMultiple (node:net:1715:7)',
  timestamp: '2026-08-03T19:35:42.753Z'
}
{
  message: '[Redis] Đang thử kết nối lại lần 28... (delay: 1400ms)',
  level: 'warn',
  timestamp: '2026-08-03T19:35:42.754Z'
}
{
  code: 'ECONNREFUSED',
  level: 'error',
  message: '[Redis] Lỗi kết nối Redis:',
  stack: 'AggregateError [ECONNREFUSED]: \n' +
    '    at internalConnectMultiple (node:net:1134:18)\n' +
    '    at afterConnectMultiple (node:net:1715:7)',
  timestamp: '2026-08-03T19:35:44.160Z'
}
{
  message: '[Redis] Đang thử kết nối lại lần 29... (delay: 1450ms)',
  level: 'warn',
  timestamp: '2026-08-03T19:35:44.160Z'
}
{
  code: 'ECONNREFUSED',
  level: 'error',
  message: '[Redis] Lỗi kết nối Redis:',
  stack: 'AggregateError [ECONNREFUSED]: \n' +
    '    at internalConnectMultiple (node:net:1134:18)\n' +
    '    at afterConnectMultiple (node:net:1715:7)',
  timestamp: '2026-08-03T19:35:45.613Z'
}
{
  message: '[Redis] Đang thử kết nối lại lần 30... (delay: 1500ms)',
  level: 'warn',
  timestamp: '2026-08-03T19:35:45.613Z'
}
{
  code: 'ECONNREFUSED',
  level: 'error',
  message: '[Redis] Lỗi kết nối Redis:',
  stack: 'AggregateError [ECONNREFUSED]: \n' +
    '    at internalConnectMultiple (node:net:1134:18)\n' +
    '    at afterConnectMultiple (node:net:1715:7)',
  timestamp: '2026-08-03T19:35:47.123Z'
}
{
  message: '[Redis] Đang thử kết nối lại lần 31... (delay: 1550ms)',
  level: 'warn',
  timestamp: '2026-08-03T19:35:47.124Z'
}
{
  code: 'ECONNREFUSED',
  level: 'error',
  message: '[Redis] Lỗi kết nối Redis:',
  stack: 'AggregateError [ECONNREFUSED]: \n' +
    '    at internalConnectMultiple (node:net:1134:18)\n' +
    '    at afterConnectMultiple (node:net:1715:7)',
  timestamp: '2026-08-03T19:35:48.693Z'
}
{
  message: '[Redis] Đang thử kết nối lại lần 32... (delay: 1600ms)',
  level: 'warn',
  timestamp: '2026-08-03T19:35:48.694Z'
}
{
  code: 'ECONNREFUSED',
  level: 'error',
  message: '[Redis] Lỗi kết nối Redis:',
  stack: 'AggregateError [ECONNREFUSED]: \n' +
    '    at internalConnectMultiple (node:net:1134:18)\n' +
    '    at afterConnectMultiple (node:net:1715:7)',
  timestamp: '2026-08-03T19:35:50.298Z'
}
{
  message: '[Redis] Đang thử kết nối lại lần 33... (delay: 1650ms)',
  level: 'warn',
  timestamp: '2026-08-03T19:35:50.298Z'
}
{
  message: 'JWT Verification Error: jwt expired',
  level: 'error',
  timestamp: '2026-08-03T19:35:49.961Z'
}
{
  message: 'GLOBAL ERROR HANDLER CAUGHT: Error: Phiên đăng nhập đã hết hạn. Vui lòng lấy Token mới.\n' +
    '    at authMiddleware (/app/src/middlewares/authMiddleware.ts:80:9)\n' +
    '    at Layer.handleRequest (/app/node_modules/router/lib/layer.js:152:17)\n' +
    '    at trimPrefix (/app/node_modules/router/index.js:342:13)\n' +
    '    at /app/node_modules/router/index.js:297:9\n' +
    '    at processParams (/app/node_modules/router/index.js:582:12)\n' +
    '    at next (/app/node_modules/router/index.js:291:5)\n' +
    '    at Function.handle (/app/node_modules/router/index.js:186:3)\n' +
    '    at router (/app/node_modules/router/index.js:60:12)\n' +
    '    at Layer.handleRequest (/app/node_modules/router/lib/layer.js:152:17)\n' +
    '    at trimPrefix (/app/node_modules/router/index.js:342:13)',
  level: 'error',
  timestamp: '2026-08-03T19:35:49.962Z'
}
{
  message: '[AuthController] Refresh Tokens',
  level: 'info',
  timestamp: '2026-08-03T19:35:49.969Z'
}
{
  message: 'Fetching user details for ID: 0cbc0c7f-fda6-4929-b479-ad9d83ace8ce',
  level: 'debug',
  timestamp: '2026-08-03T19:35:49.984Z'
}
{
  message: '[Cache Hit] Lấy thông tin user ID: 0cbc0c7f-fda6-4929-b479-ad9d83ace8ce từ Redis',
  level: 'debug',
  timestamp: '2026-08-03T19:35:49.986Z'
}
{
  message: '[AuthService] Tokens refreshed successfully for user: agent1@booking.com',
  level: 'info',
  timestamp: '2026-08-03T19:35:49.993Z'
}
{
  code: 'ECONNREFUSED',
  level: 'error',
  message: '[Redis] Lỗi kết nối Redis:',
  stack: 'AggregateError [ECONNREFUSED]: \n' +
    '    at internalConnectMultiple (node:net:1134:18)\n' +
    '    at afterConnectMultiple (node:net:1715:7)',
  timestamp: '2026-08-03T19:35:51.961Z'
}
{
  message: '[Redis] Đang thử kết nối lại lần 34... (delay: 1700ms)',
  level: 'warn',
  timestamp: '2026-08-03T19:35:51.961Z'
}
{
  code: 'ECONNREFUSED',
  level: 'error',
  message: '[Redis] Lỗi kết nối Redis:',
  stack: 'AggregateError [ECONNREFUSED]: \n' +
    '    at internalConnectMultiple (node:net:1134:18)\n' +
    '    at afterConnectMultiple (node:net:1715:7)',
  timestamp: '2026-08-03T19:35:53.676Z'
}
{
  message: '[Redis] Đang thử kết nối lại lần 35... (delay: 1750ms)',
  level: 'warn',
  timestamp: '2026-08-03T19:35:53.677Z'
}
{
  code: 'ECONNREFUSED',
  level: 'error',
  message: '[Redis] Lỗi kết nối Redis:',
  stack: 'AggregateError [ECONNREFUSED]: \n' +
    '    at internalConnectMultiple (node:net:1134:18)\n' +
    '    at afterConnectMultiple (node:net:1715:7)',
  timestamp: '2026-08-03T19:35:55.443Z'
}
{
  message: '[Redis] Đang thử kết nối lại lần 36... (delay: 1800ms)',
  level: 'warn',
  timestamp: '2026-08-03T19:35:55.444Z'
}
{
  code: 'ECONNREFUSED',
  level: 'error',
  message: '[Redis] Lỗi kết nối Redis:',
  stack: 'AggregateError [ECONNREFUSED]: \n' +
    '    at internalConnectMultiple (node:net:1134:18)\n' +
    '    at afterConnectMultiple (node:net:1715:7)',
  timestamp: '2026-08-03T19:35:57.255Z'
}
{
  message: '[Redis] Đang thử kết nối lại lần 37... (delay: 1850ms)',
  level: 'warn',
  timestamp: '2026-08-03T19:35:57.256Z'
}
{
  code: 'ECONNREFUSED',
  level: 'error',
  message: '[Redis] Lỗi kết nối Redis:',
  stack: 'AggregateError [ECONNREFUSED]: \n' +
    '    at internalConnectMultiple (node:net:1134:18)\n' +
    '    at afterConnectMultiple (node:net:1715:7)',
  timestamp: '2026-08-03T19:35:59.113Z'
}
{
  message: '[Redis] Đang thử kết nối lại lần 38... (delay: 1900ms)',
  level: 'warn',
  timestamp: '2026-08-03T19:35:59.114Z'
}
{
  code: 'ECONNREFUSED',
  level: 'error',
  message: '[Redis] Lỗi kết nối Redis:',
  stack: 'AggregateError [ECONNREFUSED]: \n' +
    '    at internalConnectMultiple (node:net:1134:18)\n' +
    '    at afterConnectMultiple (node:net:1715:7)',
  timestamp: '2026-08-03T19:36:01.021Z'
}
{
  message: '[Redis] Đang thử kết nối lại lần 39... (delay: 1950ms)',
  level: 'warn',
  timestamp: '2026-08-03T19:36:01.022Z'
}
{
  code: 'ECONNREFUSED',
  level: 'error',
  message: '[Redis] Lỗi kết nối Redis:',
  stack: 'AggregateError [ECONNREFUSED]: \n' +
    '    at internalConnectMultiple (node:net:1134:18)\n' +
    '    at afterConnectMultiple (node:net:1715:7)',
  timestamp: '2026-08-03T19:36:02.977Z'
}
{
  message: '[Redis] Đang thử kết nối lại lần 40... (delay: 2000ms)',
  level: 'warn',
  timestamp: '2026-08-03T19:36:02.977Z'
}
{
  code: 'ECONNREFUSED',
  level: 'error',
  message: '[Redis] Lỗi kết nối Redis:',
  stack: 'AggregateError [ECONNREFUSED]: \n' +
    '    at internalConnectMultiple (node:net:1134:18)\n' +
    '    at afterConnectMultiple (node:net:1715:7)',
  timestamp: '2026-08-03T19:36:04.989Z'
}
{
  message: '[Redis] Đang thử kết nối lại lần 41... (delay: 2000ms)',
  level: 'warn',
  timestamp: '2026-08-03T19:36:04.989Z'
}
{
  code: 'ECONNREFUSED',
  level: 'error',
  message: '[Redis] Lỗi kết nối Redis:',
  stack: 'AggregateError [ECONNREFUSED]: \n' +
    '    at internalConnectMultiple (node:net:1134:18)\n' +
    '    at afterConnectMultiple (node:net:1715:7)',
  timestamp: '2026-08-03T19:36:07.001Z'
}
{
  message: '[Redis] Đang thử kết nối lại lần 42... (delay: 2000ms)',
  level: 'warn',
  timestamp: '2026-08-03T19:36:07.001Z'
}
{
  code: 'ECONNREFUSED',
  level: 'error',
  message: '[Redis] Lỗi kết nối Redis:',
  stack: 'AggregateError [ECONNREFUSED]: \n' +
    '    at internalConnectMultiple (node:net:1134:18)\n' +
    '    at afterConnectMultiple (node:net:1715:7)',
  timestamp: '2026-08-03T19:36:09.020Z'
}
{
  message: '[Redis] Đang thử kết nối lại lần 43... (delay: 2000ms)',
  level: 'warn',
  timestamp: '2026-08-03T19:36:09.020Z'
}
{
  code: 'ECONNREFUSED',
  level: 'error',
  message: '[Redis] Lỗi kết nối Redis:',
  stack: 'AggregateError [ECONNREFUSED]: \n' +
    '    at internalConnectMultiple (node:net:1134:18)\n' +
    '    at afterConnectMultiple (node:net:1715:7)',
  timestamp: '2026-08-03T19:36:11.034Z'
}
{
  message: '[Redis] Đang thử kết nối lại lần 44... (delay: 2000ms)',
  level: 'warn',
  timestamp: '2026-08-03T19:36:11.035Z'
}
{
  code: 'ECONNREFUSED',
  level: 'error',
  message: '[Redis] Lỗi kết nối Redis:',
  stack: 'AggregateError [ECONNREFUSED]: \n' +
    '    at internalConnectMultiple (node:net:1134:18)\n' +
    '    at afterConnectMultiple (node:net:1715:7)',
  timestamp: '2026-08-03T19:36:13.047Z'
}
{
  message: '[Redis] Đang thử kết nối lại lần 45... (delay: 2000ms)',
  level: 'warn',
  timestamp: '2026-08-03T19:36:13.047Z'
}
{
  code: 'ECONNREFUSED',
  level: 'error',
  message: '[Redis] Lỗi kết nối Redis:',
  stack: 'AggregateError [ECONNREFUSED]: \n' +
    '    at internalConnectMultiple (node:net:1134:18)\n' +
    '    at afterConnectMultiple (node:net:1715:7)',
  timestamp: '2026-08-03T19:36:15.061Z'
}
{
  message: '[Redis] Đang thử kết nối lại lần 46... (delay: 2000ms)',
  level: 'warn',
  timestamp: '2026-08-03T19:36:15.061Z'
}
{
  code: 'ECONNREFUSED',
  level: 'error',
  message: '[Redis] Lỗi kết nối Redis:',
  stack: 'AggregateError [ECONNREFUSED]: \n' +
    '    at internalConnectMultiple (node:net:1134:18)\n' +
    '    at afterConnectMultiple (node:net:1715:7)',
  timestamp: '2026-08-03T19:36:17.072Z'
}
{
  message: '[Redis] Đang thử kết nối lại lần 47... (delay: 2000ms)',
  level: 'warn',
  timestamp: '2026-08-03T19:36:17.072Z'
}
{
  code: 'ECONNREFUSED',
  level: 'error',
  message: '[Redis] Lỗi kết nối Redis:',
  stack: 'AggregateError [ECONNREFUSED]: \n' +
    '    at internalConnectMultiple (node:net:1134:18)\n' +
    '    at afterConnectMultiple (node:net:1715:7)',
  timestamp: '2026-08-03T19:36:19.086Z'
}
{
  message: '[Redis] Đang thử kết nối lại lần 48... (delay: 2000ms)',
  level: 'warn',
  timestamp: '2026-08-03T19:36:19.086Z'
}
{
  code: 'ECONNREFUSED',
  level: 'error',
  message: '[Redis] Lỗi kết nối Redis:',
  stack: 'AggregateError [ECONNREFUSED]: \n' +
    '    at internalConnectMultiple (node:net:1134:18)\n' +
    '    at afterConnectMultiple (node:net:1715:7)',
  timestamp: '2026-08-03T19:36:21.089Z'
}
{
  message: '[Redis] Đang thử kết nối lại lần 49... (delay: 2000ms)',
  level: 'warn',
  timestamp: '2026-08-03T19:36:21.089Z'
}
{
  code: 'ECONNREFUSED',
  level: 'error',
  message: '[Redis] Lỗi kết nối Redis:',
  stack: 'AggregateError [ECONNREFUSED]: \n' +
    '    at internalConnectMultiple (node:net:1134:18)\n' +
    '    at afterConnectMultiple (node:net:1715:7)',
  timestamp: '2026-08-03T19:36:23.097Z'
}
{
  message: '[Redis] Đang thử kết nối lại lần 50... (delay: 2000ms)',
  level: 'warn',
  timestamp: '2026-08-03T19:36:23.098Z'
}
{
  code: 'ECONNREFUSED',
  level: 'error',
  message: '[Redis] Lỗi kết nối Redis:',
  stack: 'AggregateError [ECONNREFUSED]: \n' +
    '    at internalConnectMultiple (node:net:1134:18)\n' +
    '    at afterConnectMultiple (node:net:1715:7)',
  timestamp: '2026-08-03T19:36:25.104Z'
}
{
  message: '[Redis] Đang thử kết nối lại lần 51... (delay: 2000ms)',
  level: 'warn',
  timestamp: '2026-08-03T19:36:25.105Z'
}
{
  code: 'ECONNREFUSED',
  level: 'error',
  message: '[Redis] Lỗi kết nối Redis:',
  stack: 'AggregateError [ECONNREFUSED]: \n' +
    '    at internalConnectMultiple (node:net:1134:18)\n' +
    '    at afterConnectMultiple (node:net:1715:7)',
  timestamp: '2026-08-03T19:36:27.121Z'
}
{
  message: '[Redis] Đang thử kết nối lại lần 52... (delay: 2000ms)',
  level: 'warn',
  timestamp: '2026-08-03T19:36:27.122Z'
}
{
  code: 'ECONNREFUSED',
  level: 'error',
  message: '[Redis] Lỗi kết nối Redis:',
  stack: 'AggregateError [ECONNREFUSED]: \n' +
    '    at internalConnectMultiple (node:net:1134:18)\n' +
    '    at afterConnectMultiple (node:net:1715:7)',
  timestamp: '2026-08-03T19:36:29.133Z'
}
{
  message: '[Redis] Đang thử kết nối lại lần 53... (delay: 2000ms)',
  level: 'warn',
  timestamp: '2026-08-03T19:36:29.134Z'
}
{
  code: 'ECONNREFUSED',
  level: 'error',
  message: '[Redis] Lỗi kết nối Redis:',
  stack: 'AggregateError [ECONNREFUSED]: \n' +
    '    at internalConnectMultiple (node:net:1134:18)\n' +
    '    at afterConnectMultiple (node:net:1715:7)',
  timestamp: '2026-08-03T19:36:31.148Z'
}
{
  message: '[Redis] Đang thử kết nối lại lần 54... (delay: 2000ms)',
  level: 'warn',
  timestamp: '2026-08-03T19:36:31.148Z'
}
{
  code: 'ECONNREFUSED',
  level: 'error',
  message: '[Redis] Lỗi kết nối Redis:',
  stack: 'AggregateError [ECONNREFUSED]: \n' +
    '    at internalConnectMultiple (node:net:1134:18)\n' +
    '    at afterConnectMultiple (node:net:1715:7)',
  timestamp: '2026-08-03T19:36:33.153Z'
}
{
  message: '[Redis] Đang thử kết nối lại lần 55... (delay: 2000ms)',
  level: 'warn',
  timestamp: '2026-08-03T19:36:33.154Z'
}
{
  code: 'ECONNREFUSED',
  level: 'error',
  message: '[Redis] Lỗi kết nối Redis:',
  stack: 'AggregateError [ECONNREFUSED]: \n' +
    '    at internalConnectMultiple (node:net:1134:18)\n' +
    '    at afterConnectMultiple (node:net:1715:7)',
  timestamp: '2026-08-03T19:36:35.156Z'
}
{
  message: '[Redis] Đang thử kết nối lại lần 56... (delay: 2000ms)',
  level: 'warn',
  timestamp: '2026-08-03T19:36:35.157Z'
}
{
  code: 'ECONNREFUSED',
  level: 'error',
  message: '[Redis] Lỗi kết nối Redis:',
  stack: 'AggregateError [ECONNREFUSED]: \n' +
    '    at internalConnectMultiple (node:net:1134:18)\n' +
    '    at afterConnectMultiple (node:net:1715:7)',
  timestamp: '2026-08-03T19:36:37.172Z'
}
{
  message: '[Redis] Đang thử kết nối lại lần 57... (delay: 2000ms)',
  level: 'warn',
  timestamp: '2026-08-03T19:36:37.172Z'
}
{
  code: 'ECONNREFUSED',
  level: 'error',
  message: '[Redis] Lỗi kết nối Redis:',
  stack: 'AggregateError [ECONNREFUSED]: \n' +
    '    at internalConnectMultiple (node:net:1134:18)\n' +
    '    at afterConnectMultiple (node:net:1715:7)',
  timestamp: '2026-08-03T19:36:39.187Z'
}
{
  message: '[Redis] Đang thử kết nối lại lần 58... (delay: 2000ms)',
  level: 'warn',
  timestamp: '2026-08-03T19:36:39.188Z'
}
{
  code: 'ECONNREFUSED',
  level: 'error',
  message: '[Redis] Lỗi kết nối Redis:',
  stack: 'AggregateError [ECONNREFUSED]: \n' +
    '    at internalConnectMultiple (node:net:1134:18)\n' +
    '    at afterConnectMultiple (node:net:1715:7)',
  timestamp: '2026-08-03T19:36:41.190Z'
}
{
  message: '[Redis] Đang thử kết nối lại lần 59... (delay: 2000ms)',
  level: 'warn',
  timestamp: '2026-08-03T19:36:41.191Z'
}
{
  code: 'ECONNREFUSED',
  level: 'error',
  message: '[Redis] Lỗi kết nối Redis:',
  stack: 'AggregateError [ECONNREFUSED]: \n' +
    '    at internalConnectMultiple (node:net:1134:18)\n' +
    '    at afterConnectMultiple (node:net:1715:7)',
  timestamp: '2026-08-03T19:36:43.209Z'
}
{
  message: '[Redis] Đang thử kết nối lại lần 60... (delay: 2000ms)',
  level: 'warn',
  timestamp: '2026-08-03T19:36:43.209Z'
}
{
  code: 'ECONNREFUSED',
  level: 'error',
  message: '[Redis] Lỗi kết nối Redis:',
  stack: 'AggregateError [ECONNREFUSED]: \n' +
    '    at internalConnectMultiple (node:net:1134:18)\n' +
    '    at afterConnectMultiple (node:net:1715:7)',
  timestamp: '2026-08-03T19:36:45.220Z'
}
{
  message: '[Redis] Đang thử kết nối lại lần 61... (delay: 2000ms)',
  level: 'warn',
  timestamp: '2026-08-03T19:36:45.220Z'
}
{
  message: 'JWT Verification Error: jwt expired',
  level: 'error',
  timestamp: '2026-08-03T19:36:45.064Z'
}
{
  message: 'GLOBAL ERROR HANDLER CAUGHT: Error: Phiên đăng nhập đã hết hạn. Vui lòng lấy Token mới.\n' +
    '    at authMiddleware (/app/src/middlewares/authMiddleware.ts:80:9)\n' +
    '    at Layer.handleRequest (/app/node_modules/router/lib/layer.js:152:17)\n' +
    '    at next (/app/node_modules/router/lib/route.js:157:13)\n' +
    '    at Route.dispatch (/app/node_modules/router/lib/route.js:117:3)\n' +
    '    at handle (/app/node_modules/router/index.js:435:11)\n' +
    '    at Layer.handleRequest (/app/node_modules/router/lib/layer.js:152:17)\n' +
    '    at /app/node_modules/router/index.js:295:15\n' +
    '    at processParams (/app/node_modules/router/index.js:582:12)\n' +
    '    at next (/app/node_modules/router/index.js:291:5)\n' +
    '    at Function.handle (/app/node_modules/router/index.js:186:3)',
  level: 'error',
  timestamp: '2026-08-03T19:36:45.064Z'
}
{
  message: 'JWT Verification Error: jwt expired',
  level: 'error',
  timestamp: '2026-08-03T19:36:45.068Z'
}
{
  message: 'GLOBAL ERROR HANDLER CAUGHT: Error: Phiên đăng nhập đã hết hạn. Vui lòng lấy Token mới.\n' +
    '    at authMiddleware (/app/src/middlewares/authMiddleware.ts:80:9)\n' +
    '    at Layer.handleRequest (/app/node_modules/router/lib/layer.js:152:17)\n' +
    '    at next (/app/node_modules/router/lib/route.js:157:13)\n' +
    '    at Route.dispatch (/app/node_modules/router/lib/route.js:117:3)\n' +
    '    at handle (/app/node_modules/router/index.js:435:11)\n' +
    '    at Layer.handleRequest (/app/node_modules/router/lib/layer.js:152:17)\n' +
    '    at /app/node_modules/router/index.js:295:15\n' +
    '    at processParams (/app/node_modules/router/index.js:582:12)\n' +
    '    at next (/app/node_modules/router/index.js:291:5)\n' +
    '    at Function.handle (/app/node_modules/router/index.js:186:3)',
  level: 'error',
  timestamp: '2026-08-03T19:36:45.068Z'
}
{
  message: '[AuthController] Refresh Tokens',
  level: 'info',
  timestamp: '2026-08-03T19:36:45.088Z'
}
{
  message: 'Fetching user details for ID: 6173a954-cbea-43c4-bbf1-ace8f7b9bc1e',
  level: 'debug',
  timestamp: '2026-08-03T19:36:45.100Z'
}
{
  message: '[Cache Hit] Lấy thông tin user ID: 6173a954-cbea-43c4-bbf1-ace8f7b9bc1e từ Redis',
  level: 'debug',
  timestamp: '2026-08-03T19:36:45.101Z'
}
{
  message: '[AuthService] Tokens refreshed successfully for user: tranhieudz2024@gmail.com',
  level: 'info',
  timestamp: '2026-08-03T19:36:45.115Z'
}
{
  userId: '6173a954-cbea-43c4-bbf1-ace8f7b9bc1e',
  level: 'info',
  message: '[AuthController] Get Me',
  timestamp: '2026-08-03T19:36:45.180Z'
}
{
  message: 'Fetching user details for ID: 6173a954-cbea-43c4-bbf1-ace8f7b9bc1e',
  level: 'debug',
  timestamp: '2026-08-03T19:36:45.181Z'
}
{
  message: '[Cache Hit] Lấy thông tin user ID: 6173a954-cbea-43c4-bbf1-ace8f7b9bc1e từ Redis',
  level: 'debug',
  timestamp: '2026-08-03T19:36:45.182Z'
}
{
  userId: '6173a954-cbea-43c4-bbf1-ace8f7b9bc1e',
  level: 'info',
  message: '[AuthController] Get Me',
  timestamp: '2026-08-03T19:36:45.187Z'
}
{
  message: 'Fetching user details for ID: 6173a954-cbea-43c4-bbf1-ace8f7b9bc1e',
  level: 'debug',
  timestamp: '2026-08-03T19:36:45.187Z'
}
{
  message: '[Cache Hit] Lấy thông tin user ID: 6173a954-cbea-43c4-bbf1-ace8f7b9bc1e từ Redis',
  level: 'debug',
  timestamp: '2026-08-03T19:36:45.188Z'
}
{
  message: '[BookingController] Get user bookings',
  level: 'info',
  timestamp: '2026-08-03T19:36:45.193Z'
}
{
  message: '[BookingController] Get user bookings',
  level: 'info',
  timestamp: '2026-08-03T19:36:45.227Z'
}
{
  code: 'ECONNREFUSED',
  level: 'error',
  message: '[Redis] Lỗi kết nối Redis:',
  stack: 'AggregateError [ECONNREFUSED]: \n' +
    '    at internalConnectMultiple (node:net:1134:18)\n' +
    '    at afterConnectMultiple (node:net:1715:7)',
  timestamp: '2026-08-03T19:36:47.235Z'
}
{
  message: '[Redis] Đang thử kết nối lại lần 62... (delay: 2000ms)',
  level: 'warn',
  timestamp: '2026-08-03T19:36:47.235Z'
}
{
  code: 'ECONNREFUSED',
  level: 'error',
  message: '[Redis] Lỗi kết nối Redis:',
  stack: 'AggregateError [ECONNREFUSED]: \n' +
    '    at internalConnectMultiple (node:net:1134:18)\n' +
    '    at afterConnectMultiple (node:net:1715:7)',
  timestamp: '2026-08-03T19:36:49.248Z'
}
{
  message: '[Redis] Đang thử kết nối lại lần 63... (delay: 2000ms)',
  level: 'warn',
  timestamp: '2026-08-03T19:36:49.248Z'
}
{
  page: '1',
  limit: '10',
  status: 'ACTIVE',
  level: 'info',
  message: '[HotelController] Get all hotels with queries',
  timestamp: '2026-08-03T19:36:48.835Z'
}
{
  message: '[Cache Hit] Lấy danh sách điểm đến hoạt động từ Redis',
  level: 'debug',
  timestamp: '2026-08-03T19:36:48.836Z'
}
{
  message: '[Cache Hit] Lấy danh sách điểm đến hoạt động từ Redis',
  level: 'debug',
  timestamp: '2026-08-03T19:36:48.839Z'
}
{
  message: '[Cache Hit] Lấy danh sách điểm đến hoạt động từ Redis',
  level: 'debug',
  timestamp: '2026-08-03T19:36:48.843Z'
}
{
  message: '[Cache Hit] Lấy danh sách điểm đến hoạt động từ Redis',
  level: 'debug',
  timestamp: '2026-08-03T19:36:48.853Z'
}
{
  page: '1',
  limit: '10',
  status: 'ACTIVE',
  level: 'info',
  message: '[HotelController] Get all hotels with queries',
  timestamp: '2026-08-03T19:36:48.858Z'
}
{
  code: 'ECONNREFUSED',
  level: 'error',
  message: '[Redis] Lỗi kết nối Redis:',
  stack: 'AggregateError [ECONNREFUSED]: \n' +
    '    at internalConnectMultiple (node:net:1134:18)\n' +
    '    at afterConnectMultiple (node:net:1715:7)',
  timestamp: '2026-08-03T19:36:51.264Z'
}
{
  message: '[Redis] Đang thử kết nối lại lần 64... (delay: 2000ms)',
  level: 'warn',
  timestamp: '2026-08-03T19:36:51.264Z'
}
{
  message: '[Cache Hit] Lấy danh sách điểm đến hoạt động từ Redis',
  level: 'debug',
  timestamp: '2026-08-03T19:36:52.144Z'
}
{
  query: [Object: null prototype] {},
  level: 'info',
  message: '[SearchController] Search hotels',
  timestamp: '2026-08-03T19:36:52.148Z'
}
{
  message: '[Cache Hit] Lấy danh sách điểm đến hoạt động từ Redis',
  level: 'debug',
  timestamp: '2026-08-03T19:36:52.155Z'
}
{
  query: [Object: null prototype] {},
  level: 'info',
  message: '[SearchController] Search hotels',
  timestamp: '2026-08-03T19:36:52.166Z'
}
{
  code: 'ECONNREFUSED',
  level: 'error',
  message: '[Redis] Lỗi kết nối Redis:',
  stack: 'AggregateError [ECONNREFUSED]: \n' +
    '    at internalConnectMultiple (node:net:1134:18)\n' +
    '    at afterConnectMultiple (node:net:1715:7)',
  timestamp: '2026-08-03T19:36:53.279Z'
}
{
  message: '[Redis] Đang thử kết nối lại lần 65... (delay: 2000ms)',
  level: 'warn',
  timestamp: '2026-08-03T19:36:53.280Z'
}
{
  code: 'ECONNREFUSED',
  level: 'error',
  message: '[Redis] Lỗi kết nối Redis:',
  stack: 'AggregateError [ECONNREFUSED]: \n' +
    '    at internalConnectMultiple (node:net:1134:18)\n' +
    '    at afterConnectMultiple (node:net:1715:7)',
  timestamp: '2026-08-03T19:36:55.291Z'
}
{
  message: '[Redis] Đang thử kết nối lại lần 66... (delay: 2000ms)',
  level: 'warn',
  timestamp: '2026-08-03T19:36:55.291Z'
}
{
  code: 'ECONNREFUSED',
  level: 'error',
  message: '[Redis] Lỗi kết nối Redis:',
  stack: 'AggregateError [ECONNREFUSED]: \n' +
    '    at internalConnectMultiple (node:net:1134:18)\n' +
    '    at afterConnectMultiple (node:net:1715:7)',
  timestamp: '2026-08-03T19:36:57.295Z'
}
{
  message: '[Redis] Đang thử kết nối lại lần 67... (delay: 2000ms)',
  level: 'warn',
  timestamp: '2026-08-03T19:36:57.296Z'
}
{
  hotelId: 'a9778731-bce8-4dbf-8b2f-ab2543bfdcdc',
  level: 'info',
  message: '[HotelController] Get hotel by id',
  timestamp: '2026-08-03T19:36:58.414Z'
}
{
  message: '[Cache Hit] Lấy thông tin hotel ID: a9778731-bce8-4dbf-8b2f-ab2543bfdcdc từ Redis',
  level: 'debug',
  timestamp: '2026-08-03T19:36:58.415Z'
}
{
  hotelId: 'a9778731-bce8-4dbf-8b2f-ab2543bfdcdc',
  level: 'info',
  message: '[HotelController] Get hotel by id',
  timestamp: '2026-08-03T19:36:58.421Z'
}
{
  message: '[Cache Hit] Lấy thông tin hotel ID: a9778731-bce8-4dbf-8b2f-ab2543bfdcdc từ Redis',
  level: 'debug',
  timestamp: '2026-08-03T19:36:58.422Z'
}
{
  code: 'ECONNREFUSED',
  level: 'error',
  message: '[Redis] Lỗi kết nối Redis:',
  stack: 'AggregateError [ECONNREFUSED]: \n' +
    '    at internalConnectMultiple (node:net:1134:18)\n' +
    '    at afterConnectMultiple (node:net:1715:7)',
  timestamp: '2026-08-03T19:36:59.313Z'
}
{
  message: '[Redis] Đang thử kết nối lại lần 68... (delay: 2000ms)',
  level: 'warn',
  timestamp: '2026-08-03T19:36:59.314Z'
}
{
  code: 'ECONNREFUSED',
  level: 'error',
  message: '[Redis] Lỗi kết nối Redis:',
  stack: 'AggregateError [ECONNREFUSED]: \n' +
    '    at internalConnectMultiple (node:net:1134:18)\n' +
    '    at afterConnectMultiple (node:net:1715:7)',
  timestamp: '2026-08-03T19:37:01.327Z'
}
{
  message: '[Redis] Đang thử kết nối lại lần 69... (delay: 2000ms)',
  level: 'warn',
  timestamp: '2026-08-03T19:37:01.327Z'
}
{
  code: 'ECONNREFUSED',
  level: 'error',
  message: '[Redis] Lỗi kết nối Redis:',
  stack: 'AggregateError [ECONNREFUSED]: \n' +
    '    at internalConnectMultiple (node:net:1134:18)\n' +
    '    at afterConnectMultiple (node:net:1715:7)',
  timestamp: '2026-08-03T19:37:03.332Z'
}
{
  message: '[Redis] Đang thử kết nối lại lần 70... (delay: 2000ms)',
  level: 'warn',
  timestamp: '2026-08-03T19:37:03.332Z'
}
{
  message: '[BookingController] Create booking',
  level: 'info',
  timestamp: '2026-08-03T19:37:05.580Z'
}
{
  code: 'ECONNREFUSED',
  level: 'error',
  message: '[Redis] Lỗi kết nối Redis:',
  stack: 'AggregateError [ECONNREFUSED]: \n' +
    '    at internalConnectMultiple (node:net:1134:18)\n' +
    '    at afterConnectMultiple (node:net:1715:7)',
  timestamp: '2026-08-03T19:37:05.344Z'
}
{
  message: '[Redis] Đang thử kết nối lại lần 71... (delay: 2000ms)',
  level: 'warn',
  timestamp: '2026-08-03T19:37:05.344Z'
}
{
  code: 'ECONNREFUSED',
  level: 'error',
  message: '[Redis] Lỗi kết nối Redis:',
  stack: 'AggregateError [ECONNREFUSED]: \n' +
    '    at internalConnectMultiple (node:net:1134:18)\n' +
    '    at afterConnectMultiple (node:net:1715:7)',
  timestamp: '2026-08-03T19:37:07.362Z'
}
{
  message: '[Redis] Đang thử kết nối lại lần 72... (delay: 2000ms)',
  level: 'warn',
  timestamp: '2026-08-03T19:37:07.362Z'
}
{
  code: 'ECONNREFUSED',
  level: 'error',
  message: '[Redis] Lỗi kết nối Redis:',
  stack: 'AggregateError [ECONNREFUSED]: \n' +
    '    at internalConnectMultiple (node:net:1134:18)\n' +
    '    at afterConnectMultiple (node:net:1715:7)',
  timestamp: '2026-08-03T19:37:09.365Z'
}
{
  message: '[Redis] Đang thử kết nối lại lần 73... (delay: 2000ms)',
  level: 'warn',
  timestamp: '2026-08-03T19:37:09.365Z'
}
{
  code: 'ECONNREFUSED',
  level: 'error',
  message: '[Redis] Lỗi kết nối Redis:',
  stack: 'AggregateError [ECONNREFUSED]: \n' +
    '    at internalConnectMultiple (node:net:1134:18)\n' +
    '    at afterConnectMultiple (node:net:1715:7)',
  timestamp: '2026-08-03T19:37:11.373Z'
}
{
  message: '[Redis] Đang thử kết nối lại lần 74... (delay: 2000ms)',
  level: 'warn',
  timestamp: '2026-08-03T19:37:11.374Z'
}
{
  code: 'ECONNREFUSED',
  level: 'error',
  message: '[Redis] Lỗi kết nối Redis:',
  stack: 'AggregateError [ECONNREFUSED]: \n' +
    '    at internalConnectMultiple (node:net:1134:18)\n' +
    '    at afterConnectMultiple (node:net:1715:7)',
  timestamp: '2026-08-03T19:37:13.382Z'
}
{
  message: '[Redis] Đang thử kết nối lại lần 75... (delay: 2000ms)',
  level: 'warn',
  timestamp: '2026-08-03T19:37:13.382Z'
}
{
  code: 'ECONNREFUSED',
  level: 'error',
  message: '[Redis] Lỗi kết nối Redis:',
  stack: 'AggregateError [ECONNREFUSED]: \n' +
    '    at internalConnectMultiple (node:net:1134:18)\n' +
    '    at afterConnectMultiple (node:net:1715:7)',
  timestamp: '2026-08-03T19:37:15.387Z'
}
{
  message: '[Redis] Đang thử kết nối lại lần 76... (delay: 2000ms)',
  level: 'warn',
  timestamp: '2026-08-03T19:37:15.387Z'
}
{
  code: 'ECONNREFUSED',
  level: 'error',
  message: '[Redis] Lỗi kết nối Redis:',
  stack: 'AggregateError [ECONNREFUSED]: \n' +
    '    at internalConnectMultiple (node:net:1134:18)\n' +
    '    at afterConnectMultiple (node:net:1715:7)',
  timestamp: '2026-08-03T19:37:17.404Z'
}
{
  message: '[Redis] Đang thử kết nối lại lần 77... (delay: 2000ms)',
  level: 'warn',
  timestamp: '2026-08-03T19:37:17.404Z'
}
{
  code: 'ECONNREFUSED',
  level: 'error',
  message: '[Redis] Lỗi kết nối Redis:',
  stack: 'AggregateError [ECONNREFUSED]: \n' +
    '    at internalConnectMultiple (node:net:1134:18)\n' +
    '    at afterConnectMultiple (node:net:1715:7)',
  timestamp: '2026-08-03T19:37:19.420Z'
}
{
  message: '[Redis] Đang thử kết nối lại lần 78... (delay: 2000ms)',
  level: 'warn',
  timestamp: '2026-08-03T19:37:19.421Z'
}
{
  code: 'ECONNREFUSED',
  level: 'error',
  message: '[Redis] Lỗi kết nối Redis:',
  stack: 'AggregateError [ECONNREFUSED]: \n' +
    '    at internalConnectMultiple (node:net:1134:18)\n' +
    '    at afterConnectMultiple (node:net:1715:7)',
  timestamp: '2026-08-03T19:37:21.432Z'
}
{
  message: '[Redis] Đang thử kết nối lại lần 79... (delay: 2000ms)',
  level: 'warn',
  timestamp: '2026-08-03T19:37:21.432Z'
}
{
  code: 'ECONNREFUSED',
  level: 'error',
  message: '[Redis] Lỗi kết nối Redis:',
  stack: 'AggregateError [ECONNREFUSED]: \n' +
    '    at internalConnectMultiple (node:net:1134:18)\n' +
    '    at afterConnectMultiple (node:net:1715:7)',
  timestamp: '2026-08-03T19:37:23.441Z'
}
{
  message: '[Redis] Đang thử kết nối lại lần 80... (delay: 2000ms)',
  level: 'warn',
  timestamp: '2026-08-03T19:37:23.442Z'
}
{
  code: 'ECONNREFUSED',
  level: 'error',
  message: '[Redis] Lỗi kết nối Redis:',
  stack: 'AggregateError [ECONNREFUSED]: \n' +
    '    at internalConnectMultiple (node:net:1134:18)\n' +
    '    at afterConnectMultiple (node:net:1715:7)',
  timestamp: '2026-08-03T19:37:25.456Z'
}
{
  message: '[Redis] Đang thử kết nối lại lần 81... (delay: 2000ms)',
  level: 'warn',
  timestamp: '2026-08-03T19:37:25.457Z'
}
{
  code: 'ECONNREFUSED',
  level: 'error',
  message: '[Redis] Lỗi kết nối Redis:',
  stack: 'AggregateError [ECONNREFUSED]: \n' +
    '    at internalConnectMultiple (node:net:1134:18)\n' +
    '    at afterConnectMultiple (node:net:1715:7)',
  timestamp: '2026-08-03T19:37:27.467Z'
}
{
  message: '[Redis] Đang thử kết nối lại lần 82... (delay: 2000ms)',
  level: 'warn',
  timestamp: '2026-08-03T19:37:27.468Z'
}
{
  code: 'ECONNREFUSED',
  level: 'error',
  message: '[Redis] Lỗi kết nối Redis:',
  stack: 'AggregateError [ECONNREFUSED]: \n' +
    '    at internalConnectMultiple (node:net:1134:18)\n' +
    '    at afterConnectMultiple (node:net:1715:7)',
  timestamp: '2026-08-03T19:37:29.479Z'
}
{
  message: '[Redis] Đang thử kết nối lại lần 83... (delay: 2000ms)',
  level: 'warn',
  timestamp: '2026-08-03T19:37:29.480Z'
}
{
  code: 'ECONNREFUSED',
  level: 'error',
  message: '[Redis] Lỗi kết nối Redis:',
  stack: 'AggregateError [ECONNREFUSED]: \n' +
    '    at internalConnectMultiple (node:net:1134:18)\n' +
    '    at afterConnectMultiple (node:net:1715:7)',
  timestamp: '2026-08-03T19:37:31.481Z'
}
{
  message: '[Redis] Đang thử kết nối lại lần 84... (delay: 2000ms)',
  level: 'warn',
  timestamp: '2026-08-03T19:37:31.481Z'
}
{
  code: 'ECONNREFUSED',
  level: 'error',
  message: '[Redis] Lỗi kết nối Redis:',
  stack: 'AggregateError [ECONNREFUSED]: \n' +
    '    at internalConnectMultiple (node:net:1134:18)\n' +
    '    at afterConnectMultiple (node:net:1715:7)',
  timestamp: '2026-08-03T19:37:33.497Z'
}
{
  message: '[Redis] Đang thử kết nối lại lần 85... (delay: 2000ms)',
  level: 'warn',
  timestamp: '2026-08-03T19:37:33.497Z'
}
{
  code: 'ECONNREFUSED',
  level: 'error',
  message: '[Redis] Lỗi kết nối Redis:',
  stack: 'AggregateError [ECONNREFUSED]: \n' +
    '    at internalConnectMultiple (node:net:1134:18)\n' +
    '    at afterConnectMultiple (node:net:1715:7)',
  timestamp: '2026-08-03T19:37:35.512Z'
}
{
  message: '[Redis] Đang thử kết nối lại lần 86... (delay: 2000ms)',
  level: 'warn',
  timestamp: '2026-08-03T19:37:35.513Z'
}
{
  code: 'ECONNREFUSED',
  level: 'error',
  message: '[Redis] Lỗi kết nối Redis:',
  stack: 'AggregateError [ECONNREFUSED]: \n' +
    '    at internalConnectMultiple (node:net:1134:18)\n' +
    '    at afterConnectMultiple (node:net:1715:7)',
  timestamp: '2026-08-03T19:37:37.516Z'
}
{
  message: '[Redis] Đang thử kết nối lại lần 87... (delay: 2000ms)',
  level: 'warn',
  timestamp: '2026-08-03T19:37:37.516Z'
}
{
  code: 'ECONNREFUSED',
  level: 'error',
  message: '[Redis] Lỗi kết nối Redis:',
  stack: 'AggregateError [ECONNREFUSED]: \n' +
    '    at internalConnectMultiple (node:net:1134:18)\n' +
    '    at afterConnectMultiple (node:net:1715:7)',
  timestamp: '2026-08-03T19:37:39.526Z'
}
{
  message: '[Redis] Đang thử kết nối lại lần 88... (delay: 2000ms)',
  level: 'warn',
  timestamp: '2026-08-03T19:37:39.527Z'
}
{
  code: 'ECONNREFUSED',
  level: 'error',
  message: '[Redis] Lỗi kết nối Redis:',
  stack: 'AggregateError [ECONNREFUSED]: \n' +
    '    at internalConnectMultiple (node:net:1134:18)\n' +
    '    at afterConnectMultiple (node:net:1715:7)',
  timestamp: '2026-08-03T19:37:41.540Z'
}
{
  message: '[Redis] Đang thử kết nối lại lần 89... (delay: 2000ms)',
  level: 'warn',
  timestamp: '2026-08-03T19:37:41.540Z'
}
{
  code: 'ECONNREFUSED',
  level: 'error',
  message: '[Redis] Lỗi kết nối Redis:',
  stack: 'AggregateError [ECONNREFUSED]: \n' +
    '    at internalConnectMultiple (node:net:1134:18)\n' +
    '    at afterConnectMultiple (node:net:1715:7)',
  timestamp: '2026-08-03T19:37:43.549Z'
}
{
  message: '[Redis] Đang thử kết nối lại lần 90... (delay: 2000ms)',
  level: 'warn',
  timestamp: '2026-08-03T19:37:43.550Z'
}
{
  code: 'ECONNREFUSED',
  level: 'error',
  message: '[Redis] Lỗi kết nối Redis:',
  stack: 'AggregateError [ECONNREFUSED]: \n' +
    '    at internalConnectMultiple (node:net:1134:18)\n' +
    '    at afterConnectMultiple (node:net:1715:7)',
  timestamp: '2026-08-03T19:37:45.563Z'
}
{
  message: '[Redis] Đang thử kết nối lại lần 91... (delay: 2000ms)',
  level: 'warn',
  timestamp: '2026-08-03T19:37:45.564Z'
}
{
  code: 'ECONNREFUSED',
  level: 'error',
  message: '[Redis] Lỗi kết nối Redis:',
  stack: 'AggregateError [ECONNREFUSED]: \n' +
    '    at internalConnectMultiple (node:net:1134:18)\n' +
    '    at afterConnectMultiple (node:net:1715:7)',
  timestamp: '2026-08-03T19:37:47.573Z'
}
{
  message: '[Redis] Đang thử kết nối lại lần 92... (delay: 2000ms)',
  level: 'warn',
  timestamp: '2026-08-03T19:37:47.573Z'
}
{
  code: 'ECONNREFUSED',
  level: 'error',
  message: '[Redis] Lỗi kết nối Redis:',
  stack: 'AggregateError [ECONNREFUSED]: \n' +
    '    at internalConnectMultiple (node:net:1134:18)\n' +
    '    at afterConnectMultiple (node:net:1715:7)',
  timestamp: '2026-08-03T19:37:49.584Z'
}
{
  message: '[Redis] Đang thử kết nối lại lần 93... (delay: 2000ms)',
  level: 'warn',
  timestamp: '2026-08-03T19:37:49.584Z'
}
{
  code: 'ECONNREFUSED',
  level: 'error',
  message: '[Redis] Lỗi kết nối Redis:',
  stack: 'AggregateError [ECONNREFUSED]: \n' +
    '    at internalConnectMultiple (node:net:1134:18)\n' +
    '    at afterConnectMultiple (node:net:1715:7)',
  timestamp: '2026-08-03T19:37:51.595Z'
}
{
  message: '[Redis] Đang thử kết nối lại lần 94... (delay: 2000ms)',
  level: 'warn',
  timestamp: '2026-08-03T19:37:51.596Z'
}
{
  code: 'ECONNREFUSED',
  level: 'error',
  message: '[Redis] Lỗi kết nối Redis:',
  stack: 'AggregateError [ECONNREFUSED]: \n' +
    '    at internalConnectMultiple (node:net:1134:18)\n' +
    '    at afterConnectMultiple (node:net:1715:7)',
  timestamp: '2026-08-03T19:37:53.606Z'
}
{
  message: '[Redis] Đang thử kết nối lại lần 95... (delay: 2000ms)',
  level: 'warn',
  timestamp: '2026-08-03T19:37:53.607Z'
}
{
  code: 'ECONNREFUSED',
  level: 'error',
  message: '[Redis] Lỗi kết nối Redis:',
  stack: 'AggregateError [ECONNREFUSED]: \n' +
    '    at internalConnectMultiple (node:net:1134:18)\n' +
    '    at afterConnectMultiple (node:net:1715:7)',
  timestamp: '2026-08-03T19:37:55.619Z'
}
{
  message: '[Redis] Đang thử kết nối lại lần 96... (delay: 2000ms)',
  level: 'warn',
  timestamp: '2026-08-03T19:37:55.619Z'
}
{
  code: 'ECONNREFUSED',
  level: 'error',
  message: '[Redis] Lỗi kết nối Redis:',
  stack: 'AggregateError [ECONNREFUSED]: \n' +
    '    at internalConnectMultiple (node:net:1134:18)\n' +
    '    at afterConnectMultiple (node:net:1715:7)',
  timestamp: '2026-08-03T19:37:57.632Z'
}
{
  message: '[Redis] Đang thử kết nối lại lần 97... (delay: 2000ms)',
  level: 'warn',
  timestamp: '2026-08-03T19:37:57.633Z'
}
{
  code: 'ECONNREFUSED',
  level: 'error',
  message: '[Redis] Lỗi kết nối Redis:',
  stack: 'AggregateError [ECONNREFUSED]: \n' +
    '    at internalConnectMultiple (node:net:1134:18)\n' +
    '    at afterConnectMultiple (node:net:1715:7)',
  timestamp: '2026-08-03T19:37:59.645Z'
}
{
  message: '[Redis] Đang thử kết nối lại lần 98... (delay: 2000ms)',
  level: 'warn',
  timestamp: '2026-08-03T19:37:59.645Z'
}
{
  code: 'ECONNREFUSED',
  level: 'error',
  message: '[Redis] Lỗi kết nối Redis:',
  stack: 'AggregateError [ECONNREFUSED]: \n' +
    '    at internalConnectMultiple (node:net:1134:18)\n' +
    '    at afterConnectMultiple (node:net:1715:7)',
  timestamp: '2026-08-03T19:38:01.654Z'
}
{
  message: '[Redis] Đang thử kết nối lại lần 99... (delay: 2000ms)',
  level: 'warn',
  timestamp: '2026-08-03T19:38:01.654Z'
}
{
  code: 'ECONNREFUSED',
  level: 'error',
  message: '[Redis] Lỗi kết nối Redis:',
  stack: 'AggregateError [ECONNREFUSED]: \n' +
    '    at internalConnectMultiple (node:net:1134:18)\n' +
    '    at afterConnectMultiple (node:net:1715:7)',
  timestamp: '2026-08-03T19:38:03.661Z'
}
{
  message: '[Redis] Đang thử kết nối lại lần 100... (delay: 2000ms)',
  level: 'warn',
  timestamp: '2026-08-03T19:38:03.661Z'
}
{
  code: 'ECONNREFUSED',
  level: 'error',
  message: '[Redis] Lỗi kết nối Redis:',
  stack: 'AggregateError [ECONNREFUSED]: \n' +
    '    at internalConnectMultiple (node:net:1134:18)\n' +
    '    at afterConnectMultiple (node:net:1715:7)',
  timestamp: '2026-08-03T19:38:05.672Z'
}
{
  message: '[Redis] Đang thử kết nối lại lần 101... (delay: 2000ms)',
  level: 'warn',
  timestamp: '2026-08-03T19:38:05.673Z'
}
{
  code: 'ECONNREFUSED',
  level: 'error',
  message: '[Redis] Lỗi kết nối Redis:',
  stack: 'AggregateError [ECONNREFUSED]: \n' +
    '    at internalConnectMultiple (node:net:1134:18)\n' +
    '    at afterConnectMultiple (node:net:1715:7)',
  timestamp: '2026-08-03T19:38:07.684Z'
}
{
  message: '[Redis] Đang thử kết nối lại lần 102... (delay: 2000ms)',
  level: 'warn',
  timestamp: '2026-08-03T19:38:07.685Z'
}
{
  code: 'ECONNREFUSED',
  level: 'error',
  message: '[Redis] Lỗi kết nối Redis:',
  stack: 'AggregateError [ECONNREFUSED]: \n' +
    '    at internalConnectMultiple (node:net:1134:18)\n' +
    '    at afterConnectMultiple (node:net:1715:7)',
  timestamp: '2026-08-03T19:38:09.697Z'
}
{
  message: '[Redis] Đang thử kết nối lại lần 103... (delay: 2000ms)',
  level: 'warn',
  timestamp: '2026-08-03T19:38:09.698Z'
}
{
  code: 'ECONNREFUSED',
  level: 'error',
  message: '[Redis] Lỗi kết nối Redis:',
  stack: 'AggregateError [ECONNREFUSED]: \n' +
    '    at internalConnectMultiple (node:net:1134:18)\n' +
    '    at afterConnectMultiple (node:net:1715:7)',
  timestamp: '2026-08-03T19:38:11.709Z'
}
{
  message: '[Redis] Đang thử kết nối lại lần 104... (delay: 2000ms)',
  level: 'warn',
  timestamp: '2026-08-03T19:38:11.709Z'
}
{
  code: 'ECONNREFUSED',
  level: 'error',
  message: '[Redis] Lỗi kết nối Redis:',
  stack: 'AggregateError [ECONNREFUSED]: \n' +
    '    at internalConnectMultiple (node:net:1134:18)\n' +
    '    at afterConnectMultiple (node:net:1715:7)',
  timestamp: '2026-08-03T19:38:13.723Z'
}
{
  message: '[Redis] Đang thử kết nối lại lần 105... (delay: 2000ms)',
  level: 'warn',
  timestamp: '2026-08-03T19:38:13.723Z'
}
{
  code: 'ECONNREFUSED',
  level: 'error',
  message: '[Redis] Lỗi kết nối Redis:',
  stack: 'AggregateError [ECONNREFUSED]: \n' +
    '    at internalConnectMultiple (node:net:1134:18)\n' +
    '    at afterConnectMultiple (node:net:1715:7)',
  timestamp: '2026-08-03T19:38:15.734Z'
}
{
  message: '[Redis] Đang thử kết nối lại lần 106... (delay: 2000ms)',
  level: 'warn',
  timestamp: '2026-08-03T19:38:15.735Z'
}
{
  code: 'ECONNREFUSED',
  level: 'error',
  message: '[Redis] Lỗi kết nối Redis:',
  stack: 'AggregateError [ECONNREFUSED]: \n' +
    '    at internalConnectMultiple (node:net:1134:18)\n' +
    '    at afterConnectMultiple (node:net:1715:7)',
  timestamp: '2026-08-03T19:38:17.747Z'
}
{
  message: '[Redis] Đang thử kết nối lại lần 107... (delay: 2000ms)',
  level: 'warn',
  timestamp: '2026-08-03T19:38:17.748Z'
}
{
  code: 'ECONNREFUSED',
  level: 'error',
  message: '[Redis] Lỗi kết nối Redis:',
  stack: 'AggregateError [ECONNREFUSED]: \n' +
    '    at internalConnectMultiple (node:net:1134:18)\n' +
    '    at afterConnectMultiple (node:net:1715:7)',
  timestamp: '2026-08-03T19:38:19.752Z'
}
{
  message: '[Redis] Đang thử kết nối lại lần 108... (delay: 2000ms)',
  level: 'warn',
  timestamp: '2026-08-03T19:38:19.752Z'
}
{
  code: 'ECONNREFUSED',
  level: 'error',
  message: '[Redis] Lỗi kết nối Redis:',
  stack: 'AggregateError [ECONNREFUSED]: \n' +
    '    at internalConnectMultiple (node:net:1134:18)\n' +
    '    at afterConnectMultiple (node:net:1715:7)',
  timestamp: '2026-08-03T19:38:21.768Z'
}
{
  message: '[Redis] Đang thử kết nối lại lần 109... (delay: 2000ms)',
  level: 'warn',
  timestamp: '2026-08-03T19:38:21.768Z'
}
{
  code: 'ECONNREFUSED',
  level: 'error',
  message: '[Redis] Lỗi kết nối Redis:',
  stack: 'AggregateError [ECONNREFUSED]: \n' +
    '    at internalConnectMultiple (node:net:1134:18)\n' +
    '    at afterConnectMultiple (node:net:1715:7)',
  timestamp: '2026-08-03T19:38:23.770Z'
}
{
  message: '[Redis] Đang thử kết nối lại lần 110... (delay: 2000ms)',
  level: 'warn',
  timestamp: '2026-08-03T19:38:23.770Z'
}
{
  code: 'ECONNREFUSED',
  level: 'error',
  message: '[Redis] Lỗi kết nối Redis:',
  stack: 'AggregateError [ECONNREFUSED]: \n' +
    '    at internalConnectMultiple (node:net:1134:18)\n' +
    '    at afterConnectMultiple (node:net:1715:7)',
  timestamp: '2026-08-03T19:38:25.780Z'
}
{
  message: '[Redis] Đang thử kết nối lại lần 111... (delay: 2000ms)',
  level: 'warn',
  timestamp: '2026-08-03T19:38:25.780Z'
}
{
  code: 'ECONNREFUSED',
  level: 'error',
  message: '[Redis] Lỗi kết nối Redis:',
  stack: 'AggregateError [ECONNREFUSED]: \n' +
    '    at internalConnectMultiple (node:net:1134:18)\n' +
    '    at afterConnectMultiple (node:net:1715:7)',
  timestamp: '2026-08-03T19:38:27.789Z'
}
{
  message: '[Redis] Đang thử kết nối lại lần 112... (delay: 2000ms)',
  level: 'warn',
  timestamp: '2026-08-03T19:38:27.789Z'
}
{
  code: 'ECONNREFUSED',
  level: 'error',
  message: '[Redis] Lỗi kết nối Redis:',
  stack: 'AggregateError [ECONNREFUSED]: \n' +
    '    at internalConnectMultiple (node:net:1134:18)\n' +
    '    at afterConnectMultiple (node:net:1715:7)',
  timestamp: '2026-08-03T19:38:29.807Z'
}
{
  message: '[Redis] Đang thử kết nối lại lần 113... (delay: 2000ms)',
  level: 'warn',
  timestamp: '2026-08-03T19:38:29.807Z'
}
{
  code: 'ECONNREFUSED',
  level: 'error',
  message: '[Redis] Lỗi kết nối Redis:',
  stack: 'AggregateError [ECONNREFUSED]: \n' +
    '    at internalConnectMultiple (node:net:1134:18)\n' +
    '    at afterConnectMultiple (node:net:1715:7)',
  timestamp: '2026-08-03T19:38:31.819Z'
}
{
  message: '[Redis] Đang thử kết nối lại lần 114... (delay: 2000ms)',
  level: 'warn',
  timestamp: '2026-08-03T19:38:31.820Z'
}
{
  code: 'ECONNREFUSED',
  level: 'error',
  message: '[Redis] Lỗi kết nối Redis:',
  stack: 'AggregateError [ECONNREFUSED]: \n' +
    '    at internalConnectMultiple (node:net:1134:18)\n' +
    '    at afterConnectMultiple (node:net:1715:7)',
  timestamp: '2026-08-03T19:38:33.835Z'
}
{
  message: '[Redis] Đang thử kết nối lại lần 115... (delay: 2000ms)',
  level: 'warn',
  timestamp: '2026-08-03T19:38:33.835Z'
}
{
  code: 'ECONNREFUSED',
  level: 'error',
  message: '[Redis] Lỗi kết nối Redis:',
  stack: 'AggregateError [ECONNREFUSED]: \n' +
    '    at internalConnectMultiple (node:net:1134:18)\n' +
    '    at afterConnectMultiple (node:net:1715:7)',
  timestamp: '2026-08-03T19:38:35.841Z'
}
{
  message: '[Redis] Đang thử kết nối lại lần 116... (delay: 2000ms)',
  level: 'warn',
  timestamp: '2026-08-03T19:38:35.842Z'
}
{
  code: 'ECONNREFUSED',
  level: 'error',
  message: '[Redis] Lỗi kết nối Redis:',
  stack: 'AggregateError [ECONNREFUSED]: \n' +
    '    at internalConnectMultiple (node:net:1134:18)\n' +
    '    at afterConnectMultiple (node:net:1715:7)',
  timestamp: '2026-08-03T19:38:37.857Z'
}
{
  message: '[Redis] Đang thử kết nối lại lần 117... (delay: 2000ms)',
  level: 'warn',
  timestamp: '2026-08-03T19:38:37.858Z'
}
{
  code: 'ECONNREFUSED',
  level: 'error',
  message: '[Redis] Lỗi kết nối Redis:',
  stack: 'AggregateError [ECONNREFUSED]: \n' +
    '    at internalConnectMultiple (node:net:1134:18)\n' +
    '    at afterConnectMultiple (node:net:1715:7)',
  timestamp: '2026-08-03T19:38:39.871Z'
}
{
  message: '[Redis] Đang thử kết nối lại lần 118... (delay: 2000ms)',
  level: 'warn',
  timestamp: '2026-08-03T19:38:39.871Z'
}
{
  code: 'ECONNREFUSED',
  level: 'error',
  message: '[Redis] Lỗi kết nối Redis:',
  stack: 'AggregateError [ECONNREFUSED]: \n' +
    '    at internalConnectMultiple (node:net:1134:18)\n' +
    '    at afterConnectMultiple (node:net:1715:7)',
  timestamp: '2026-08-03T19:38:41.886Z'
}
{
  message: '[Redis] Đang thử kết nối lại lần 119... (delay: 2000ms)',
  level: 'warn',
  timestamp: '2026-08-03T19:38:41.886Z'
}
{
  code: 'ECONNREFUSED',
  level: 'error',
  message: '[Redis] Lỗi kết nối Redis:',
  stack: 'AggregateError [ECONNREFUSED]: \n' +
    '    at internalConnectMultiple (node:net:1134:18)\n' +
    '    at afterConnectMultiple (node:net:1715:7)',
  timestamp: '2026-08-03T19:38:43.898Z'
}
{
  message: '[Redis] Đang thử kết nối lại lần 120... (delay: 2000ms)',
  level: 'warn',
  timestamp: '2026-08-03T19:38:43.898Z'
}
{
  code: 'ECONNREFUSED',
  level: 'error',
  message: '[Redis] Lỗi kết nối Redis:',
  stack: 'AggregateError [ECONNREFUSED]: \n' +
    '    at internalConnectMultiple (node:net:1134:18)\n' +
    '    at afterConnectMultiple (node:net:1715:7)',
  timestamp: '2026-08-03T19:38:45.907Z'
}
{
  message: '[Redis] Đang thử kết nối lại lần 121... (delay: 2000ms)',
  level: 'warn',
  timestamp: '2026-08-03T19:38:45.907Z'
}
{
  code: 'ECONNREFUSED',
  level: 'error',
  message: '[Redis] Lỗi kết nối Redis:',
  stack: 'AggregateError [ECONNREFUSED]: \n' +
    '    at internalConnectMultiple (node:net:1134:18)\n' +
    '    at afterConnectMultiple (node:net:1715:7)',
  timestamp: '2026-08-03T19:38:47.915Z'
}
{
  message: '[Redis] Đang thử kết nối lại lần 122... (delay: 2000ms)',
  level: 'warn',
  timestamp: '2026-08-03T19:38:47.915Z'
}
{
  code: 'ECONNREFUSED',
  level: 'error',
  message: '[Redis] Lỗi kết nối Redis:',
  stack: 'AggregateError [ECONNREFUSED]: \n' +
    '    at internalConnectMultiple (node:net:1134:18)\n' +
    '    at afterConnectMultiple (node:net:1715:7)',
  timestamp: '2026-08-03T19:38:49.928Z'
}
{
  message: '[Redis] Đang thử kết nối lại lần 123... (delay: 2000ms)',
  level: 'warn',
  timestamp: '2026-08-03T19:38:49.929Z'
}
{
  code: 'ECONNREFUSED',
  level: 'error',
  message: '[Redis] Lỗi kết nối Redis:',
  stack: 'AggregateError [ECONNREFUSED]: \n' +
    '    at internalConnectMultiple (node:net:1134:18)\n' +
    '    at afterConnectMultiple (node:net:1715:7)',
  timestamp: '2026-08-03T19:38:51.941Z'
}
{
  message: '[Redis] Đang thử kết nối lại lần 124... (delay: 2000ms)',
  level: 'warn',
  timestamp: '2026-08-03T19:38:51.941Z'
}
{
  code: 'ECONNREFUSED',
  level: 'error',
  message: '[Redis] Lỗi kết nối Redis:',
  stack: 'AggregateError [ECONNREFUSED]: \n' +
    '    at internalConnectMultiple (node:net:1134:18)\n' +
    '    at afterConnectMultiple (node:net:1715:7)',
  timestamp: '2026-08-03T19:38:53.951Z'
}
{
  message: '[Redis] Đang thử kết nối lại lần 125... (delay: 2000ms)',
  level: 'warn',
  timestamp: '2026-08-03T19:38:53.952Z'
}
{
  code: 'ECONNREFUSED',
  level: 'error',
  message: '[Redis] Lỗi kết nối Redis:',
  stack: 'AggregateError [ECONNREFUSED]: \n' +
    '    at internalConnectMultiple (node:net:1134:18)\n' +
    '    at afterConnectMultiple (node:net:1715:7)',
  timestamp: '2026-08-03T19:38:55.966Z'
}
{
  message: '[Redis] Đang thử kết nối lại lần 126... (delay: 2000ms)',
  level: 'warn',
  timestamp: '2026-08-03T19:38:55.966Z'
}
{
  code: 'ECONNREFUSED',
  level: 'error',
  message: '[Redis] Lỗi kết nối Redis:',
  stack: 'AggregateError [ECONNREFUSED]: \n' +
    '    at internalConnectMultiple (node:net:1134:18)\n' +
    '    at afterConnectMultiple (node:net:1715:7)',
  timestamp: '2026-08-03T19:38:57.982Z'
}
{
  message: '[Redis] Đang thử kết nối lại lần 127... (delay: 2000ms)',
  level: 'warn',
  timestamp: '2026-08-03T19:38:57.983Z'
}
{
  code: 'ECONNREFUSED',
  level: 'error',
  message: '[Redis] Lỗi kết nối Redis:',
  stack: 'AggregateError [ECONNREFUSED]: \n' +
    '    at internalConnectMultiple (node:net:1134:18)\n' +
    '    at afterConnectMultiple (node:net:1715:7)',
  timestamp: '2026-08-03T19:38:59.987Z'
}
{
  message: '[Redis] Đang thử kết nối lại lần 128... (delay: 2000ms)',
  level: 'warn',
  timestamp: '2026-08-03T19:38:59.987Z'
}
{
  code: 'ECONNREFUSED',
  level: 'error',
  message: '[Redis] Lỗi kết nối Redis:',
  stack: 'AggregateError [ECONNREFUSED]: \n' +
    '    at internalConnectMultiple (node:net:1134:18)\n' +
    '    at afterConnectMultiple (node:net:1715:7)',
  timestamp: '2026-08-03T19:39:01.996Z'
}
{
  message: '[Redis] Đang thử kết nối lại lần 129... (delay: 2000ms)',
  level: 'warn',
  timestamp: '2026-08-03T19:39:01.998Z'
}
{
  code: 'ECONNREFUSED',
  level: 'error',
  message: '[Redis] Lỗi kết nối Redis:',
  stack: 'AggregateError [ECONNREFUSED]: \n' +
    '    at internalConnectMultiple (node:net:1134:18)\n' +
    '    at afterConnectMultiple (node:net:1715:7)',
  timestamp: '2026-08-03T19:39:04.006Z'
}
{
  message: '[Redis] Đang thử kết nối lại lần 130... (delay: 2000ms)',
  level: 'warn',
  timestamp: '2026-08-03T19:39:04.006Z'
}
{
  code: 'ECONNREFUSED',
  level: 'error',
  message: '[Redis] Lỗi kết nối Redis:',
  stack: 'AggregateError [ECONNREFUSED]: \n' +
    '    at internalConnectMultiple (node:net:1134:18)\n' +
    '    at afterConnectMultiple (node:net:1715:7)',
  timestamp: '2026-08-03T19:39:06.023Z'
}
{
  message: '[Redis] Đang thử kết nối lại lần 131... (delay: 2000ms)',
  level: 'warn',
  timestamp: '2026-08-03T19:39:06.023Z'
}
{
  message: 'JWT Verification Error: jwt expired',
  level: 'error',
  timestamp: '2026-08-03T19:39:30.552Z'
}
{
  message: 'GLOBAL ERROR HANDLER CAUGHT: Error: Phiên đăng nhập đã hết hạn. Vui lòng lấy Token mới.\n' +
    '    at authMiddleware (/app/src/middlewares/authMiddleware.ts:80:9)\n' +
    '    at Layer.handleRequest (/app/node_modules/router/lib/layer.js:152:17)\n' +
    '    at trimPrefix (/app/node_modules/router/index.js:342:13)\n' +
    '    at /app/node_modules/router/index.js:297:9\n' +
    '    at processParams (/app/node_modules/router/index.js:582:12)\n' +
    '    at next (/app/node_modules/router/index.js:291:5)\n' +
    '    at Function.handle (/app/node_modules/router/index.js:186:3)\n' +
    '    at router (/app/node_modules/router/index.js:60:12)\n' +
    '    at Layer.handleRequest (/app/node_modules/router/lib/layer.js:152:17)\n' +
    '    at trimPrefix (/app/node_modules/router/index.js:342:13)',
  level: 'error',
  timestamp: '2026-08-03T19:39:30.565Z'
}
{
  message: '[AuthController] Refresh Tokens',
  level: 'info',
  timestamp: '2026-08-03T19:39:30.580Z'
}
{
  message: 'Fetching user details for ID: 0cbc0c7f-fda6-4929-b479-ad9d83ace8ce',
  level: 'debug',
  timestamp: '2026-08-03T19:39:30.635Z'
}
{
  message: '[Cache Hit] Lấy thông tin user ID: 0cbc0c7f-fda6-4929-b479-ad9d83ace8ce từ Redis',
  level: 'debug',
  timestamp: '2026-08-03T19:39:30.638Z'
}
{
  message: '[AuthService] Tokens refreshed successfully for user: agent1@booking.com',
  level: 'info',
  timestamp: '2026-08-03T19:39:30.669Z'
}
{
  message: '[SchedulerService] Đang kiểm tra các booking hết hạn thanh toán...',
  level: 'info',
  timestamp: '2026-08-03T19:40:00.025Z'
}
{
  message: 'Nhận tín hiệu SIGTERM. Đang đóng API Server...',
  level: 'info',
  timestamp: '2026-08-03T19:40:49.201Z'
}
{
  message: 'Express HTTP server đã đóng.',
  level: 'info',
  timestamp: '2026-08-03T19:40:49.205Z'
}
{
  message: '[Redis] Đã đóng kết nối Redis',
  level: 'info',
  timestamp: '2026-08-03T19:40:49.206Z'
}
{
  message: '[SchedulerService] Khởi tạo các cron job...',
  level: 'info',
  timestamp: '2026-08-03T19:41:14.240Z'
}
{
  message: 'Booking API Service đang chạy tại port 3000 (Môi trường: development)',
  level: 'info',
  timestamp: '2026-08-03T19:41:14.350Z'
}
{
  message: '[Redis] Kết nối thành công tới Redis server',
  level: 'info',
  timestamp: '2026-08-03T19:41:14.361Z'
}
{
  message: 'JWT Verification Error: jwt expired',
  level: 'error',
  timestamp: '2026-08-03T19:41:16.811Z'
}
{
  message: 'GLOBAL ERROR HANDLER CAUGHT: Error: Phiên đăng nhập đã hết hạn. Vui lòng lấy Token mới.\n' +
    '    at authMiddleware (/app/src/middlewares/authMiddleware.ts:80:9)\n' +
    '    at Layer.handleRequest (/app/node_modules/router/lib/layer.js:152:17)\n' +
    '    at next (/app/node_modules/router/lib/route.js:157:13)\n' +
    '    at Route.dispatch (/app/node_modules/router/lib/route.js:117:3)\n' +
    '    at handle (/app/node_modules/router/index.js:435:11)\n' +
    '    at Layer.handleRequest (/app/node_modules/router/lib/layer.js:152:17)\n' +
    '    at /app/node_modules/router/index.js:295:15\n' +
    '    at processParams (/app/node_modules/router/index.js:582:12)\n' +
    '    at next (/app/node_modules/router/index.js:291:5)\n' +
    '    at Function.handle (/app/node_modules/router/index.js:186:3)',
  level: 'error',
  timestamp: '2026-08-03T19:41:16.814Z'
}
{
  message: 'JWT Verification Error: jwt expired',
  level: 'error',
  timestamp: '2026-08-03T19:41:16.828Z'
}
{
  message: 'GLOBAL ERROR HANDLER CAUGHT: Error: Phiên đăng nhập đã hết hạn. Vui lòng lấy Token mới.\n' +
    '    at authMiddleware (/app/src/middlewares/authMiddleware.ts:80:9)\n' +
    '    at Layer.handleRequest (/app/node_modules/router/lib/layer.js:152:17)\n' +
    '    at next (/app/node_modules/router/lib/route.js:157:13)\n' +
    '    at Route.dispatch (/app/node_modules/router/lib/route.js:117:3)\n' +
    '    at handle (/app/node_modules/router/index.js:435:11)\n' +
    '    at Layer.handleRequest (/app/node_modules/router/lib/layer.js:152:17)\n' +
    '    at /app/node_modules/router/index.js:295:15\n' +
    '    at processParams (/app/node_modules/router/index.js:582:12)\n' +
    '    at next (/app/node_modules/router/index.js:291:5)\n' +
    '    at Function.handle (/app/node_modules/router/index.js:186:3)',
  level: 'error',
  timestamp: '2026-08-03T19:41:16.830Z'
}
{
  message: '[AuthController] Refresh Tokens',
  level: 'info',
  timestamp: '2026-08-03T19:41:16.859Z'
}
{
  message: 'Fetching user details for ID: 6173a954-cbea-43c4-bbf1-ace8f7b9bc1e',
  level: 'debug',
  timestamp: '2026-08-03T19:41:16.973Z'
}
{
  message: '[Cache Hit] Lấy thông tin user ID: 6173a954-cbea-43c4-bbf1-ace8f7b9bc1e từ Redis',
  level: 'debug',
  timestamp: '2026-08-03T19:41:16.974Z'
}
{
  message: '[AuthService] Tokens refreshed successfully for user: tranhieudz2024@gmail.com',
  level: 'info',
  timestamp: '2026-08-03T19:41:17.019Z'
}
{
  userId: '6173a954-cbea-43c4-bbf1-ace8f7b9bc1e',
  level: 'info',
  message: '[AuthController] Get Me',
  timestamp: '2026-08-03T19:41:17.073Z'
}
{
  message: 'Fetching user details for ID: 6173a954-cbea-43c4-bbf1-ace8f7b9bc1e',
  level: 'debug',
  timestamp: '2026-08-03T19:41:17.074Z'
}
{
  message: '[Cache Hit] Lấy thông tin user ID: 6173a954-cbea-43c4-bbf1-ace8f7b9bc1e từ Redis',
  level: 'debug',
  timestamp: '2026-08-03T19:41:17.077Z'
}
{
  userId: '6173a954-cbea-43c4-bbf1-ace8f7b9bc1e',
  level: 'info',
  message: '[AuthController] Get Me',
  timestamp: '2026-08-03T19:41:17.085Z'
}
{
  message: 'Fetching user details for ID: 6173a954-cbea-43c4-bbf1-ace8f7b9bc1e',
  level: 'debug',
  timestamp: '2026-08-03T19:41:17.086Z'
}
{
  message: '[Cache Hit] Lấy thông tin user ID: 6173a954-cbea-43c4-bbf1-ace8f7b9bc1e từ Redis',
  level: 'debug',
  timestamp: '2026-08-03T19:41:17.088Z'
}
{
  message: '[BookingController] Create booking',
  level: 'info',
  timestamp: '2026-08-03T19:41:22.536Z'
}
{
  hotelId: 'a9778731-bce8-4dbf-8b2f-ab2543bfdcdc',
  level: 'info',
  message: '[HotelController] Get hotel by id',
  timestamp: '2026-08-03T19:41:25.442Z'
}
{
  message: '[Cache Hit] Lấy thông tin hotel ID: a9778731-bce8-4dbf-8b2f-ab2543bfdcdc từ Redis',
  level: 'debug',
  timestamp: '2026-08-03T19:41:25.447Z'
}
{
  hotelId: 'a9778731-bce8-4dbf-8b2f-ab2543bfdcdc',
  level: 'info',
  message: '[HotelController] Get hotel by id',
  timestamp: '2026-08-03T19:41:25.451Z'
}
{
  message: '[Cache Hit] Lấy thông tin hotel ID: a9778731-bce8-4dbf-8b2f-ab2543bfdcdc từ Redis',
  level: 'debug',
  timestamp: '2026-08-03T19:41:25.452Z'
}
{
  page: '1',
  limit: '10',
  status: 'ACTIVE',
  level: 'info',
  message: '[HotelController] Get all hotels with queries',
  timestamp: '2026-08-03T19:41:26.589Z'
}
{
  message: '[Cache Hit] Lấy danh sách điểm đến hoạt động từ Redis',
  level: 'debug',
  timestamp: '2026-08-03T19:41:26.590Z'
}
{
  message: '[Cache Hit] Lấy danh sách điểm đến hoạt động từ Redis',
  level: 'debug',
  timestamp: '2026-08-03T19:41:26.595Z'
}
{
  page: '1',
  limit: '10',
  status: 'ACTIVE',
  level: 'info',
  message: '[HotelController] Get all hotels with queries',
  timestamp: '2026-08-03T19:41:26.600Z'
}
{
  message: '[Cache Hit] Lấy danh sách điểm đến hoạt động từ Redis',
  level: 'debug',
  timestamp: '2026-08-03T19:41:26.607Z'
}
{
  message: '[Cache Hit] Lấy danh sách điểm đến hoạt động từ Redis',
  level: 'debug',
  timestamp: '2026-08-03T19:41:26.612Z'
}
{
  userId: '6173a954-cbea-43c4-bbf1-ace8f7b9bc1e',
  level: 'info',
  message: '[AuthController] Get Me',
  timestamp: '2026-08-03T19:41:27.204Z'
}
{
  message: 'Fetching user details for ID: 6173a954-cbea-43c4-bbf1-ace8f7b9bc1e',
  level: 'debug',
  timestamp: '2026-08-03T19:41:27.204Z'
}
{
  message: '[Cache Hit] Lấy thông tin user ID: 6173a954-cbea-43c4-bbf1-ace8f7b9bc1e từ Redis',
  level: 'debug',
  timestamp: '2026-08-03T19:41:27.205Z'
}
{
  userId: '6173a954-cbea-43c4-bbf1-ace8f7b9bc1e',
  level: 'info',
  message: '[AuthController] Get Me',
  timestamp: '2026-08-03T19:41:27.209Z'
}
{
  message: 'Fetching user details for ID: 6173a954-cbea-43c4-bbf1-ace8f7b9bc1e',
  level: 'debug',
  timestamp: '2026-08-03T19:41:27.210Z'
}
{
  message: '[Cache Hit] Lấy thông tin user ID: 6173a954-cbea-43c4-bbf1-ace8f7b9bc1e từ Redis',
  level: 'debug',
  timestamp: '2026-08-03T19:41:27.211Z'
}
{
  page: '1',
  limit: '10',
  status: 'ACTIVE',
  level: 'info',
  message: '[HotelController] Get all hotels with queries',
  timestamp: '2026-08-03T19:41:27.527Z'
}
{
  message: '[Cache Hit] Lấy danh sách điểm đến hoạt động từ Redis',
  level: 'debug',
  timestamp: '2026-08-03T19:41:27.528Z'
}
{
  page: '1',
  limit: '10',
  status: 'ACTIVE',
  level: 'info',
  message: '[HotelController] Get all hotels with queries',
  timestamp: '2026-08-03T19:41:27.534Z'
}
{
  message: '[Cache Hit] Lấy danh sách điểm đến hoạt động từ Redis',
  level: 'debug',
  timestamp: '2026-08-03T19:41:27.536Z'
}
{
  message: '[Cache Hit] Lấy danh sách điểm đến hoạt động từ Redis',
  level: 'debug',
  timestamp: '2026-08-03T19:41:27.542Z'
}
{
  message: '[Cache Hit] Lấy danh sách điểm đến hoạt động từ Redis',
  level: 'debug',
  timestamp: '2026-08-03T19:41:27.548Z'
}
{
  message: '[Cache Hit] Lấy danh sách điểm đến hoạt động từ Redis',
  level: 'debug',
  timestamp: '2026-08-03T19:41:43.565Z'
}
{
  message: '[Cache Hit] Lấy danh sách điểm đến hoạt động từ Redis',
  level: 'debug',
  timestamp: '2026-08-03T19:41:43.569Z'
}
{
  query: [Object: null prototype] {},
  level: 'info',
  message: '[SearchController] Search hotels',
  timestamp: '2026-08-03T19:41:43.574Z'
}
{
  query: [Object: null prototype] {},
  level: 'info',
  message: '[SearchController] Search hotels',
  timestamp: '2026-08-03T19:41:43.628Z'
}
{
  hotelId: '3ff5cc53-9069-45bc-a39e-2295bebd3ea5',
  level: 'info',
  message: '[HotelController] Get hotel by id',
  timestamp: '2026-08-03T19:41:52.044Z'
}
{
  message: '[Cache Hit] Lấy thông tin hotel ID: 3ff5cc53-9069-45bc-a39e-2295bebd3ea5 từ Redis',
  level: 'debug',
  timestamp: '2026-08-03T19:41:52.046Z'
}
{
  hotelId: '3ff5cc53-9069-45bc-a39e-2295bebd3ea5',
  level: 'info',
  message: '[HotelController] Get hotel by id',
  timestamp: '2026-08-03T19:41:52.051Z'
}
{
  message: '[Cache Hit] Lấy thông tin hotel ID: 3ff5cc53-9069-45bc-a39e-2295bebd3ea5 từ Redis',
  level: 'debug',
  timestamp: '2026-08-03T19:41:52.054Z'
}
{
  message: '[BookingController] Create booking',
  level: 'info',
  timestamp: '2026-08-03T19:41:59.152Z'
}
{
  message: 'Nhận tín hiệu SIGTERM. Đang đóng API Server...',
  level: 'info',
  timestamp: '2026-08-03T19:42:46.979Z'
}
{
  message: 'Express HTTP server đã đóng.',
  level: 'info',
  timestamp: '2026-08-03T19:42:46.980Z'
}
{
  message: '[Redis] Đã đóng kết nối Redis',
  level: 'info',
  timestamp: '2026-08-03T19:42:46.980Z'
}
{
  message: '[SchedulerService] Khởi tạo các cron job...',
  level: 'info',
  timestamp: '2026-08-03T19:42:56.898Z'
}
{
  message: 'Booking API Service đang chạy tại port 3000 (Môi trường: development)',
  level: 'info',
  timestamp: '2026-08-03T19:42:56.952Z'
}
{
  message: '[Redis] Kết nối thành công tới Redis server',
  level: 'info',
  timestamp: '2026-08-03T19:42:56.962Z'
}
{
  message: 'JWT Verification Error: jwt expired',
  level: 'error',
  timestamp: '2026-08-03T19:43:29.559Z'
}
{
  message: 'GLOBAL ERROR HANDLER CAUGHT: Error: Phiên đăng nhập đã hết hạn. Vui lòng lấy Token mới.\n' +
    '    at authMiddleware (/app/src/middlewares/authMiddleware.ts:80:9)\n' +
    '    at Layer.handleRequest (/app/node_modules/router/lib/layer.js:152:17)\n' +
    '    at trimPrefix (/app/node_modules/router/index.js:342:13)\n' +
    '    at /app/node_modules/router/index.js:297:9\n' +
    '    at processParams (/app/node_modules/router/index.js:582:12)\n' +
    '    at next (/app/node_modules/router/index.js:291:5)\n' +
    '    at Function.handle (/app/node_modules/router/index.js:186:3)\n' +
    '    at router (/app/node_modules/router/index.js:60:12)\n' +
    '    at Layer.handleRequest (/app/node_modules/router/lib/layer.js:152:17)\n' +
    '    at trimPrefix (/app/node_modules/router/index.js:342:13)',
  level: 'error',
  timestamp: '2026-08-03T19:43:29.560Z'
}
{
  message: '[AuthController] Refresh Tokens',
  level: 'info',
  timestamp: '2026-08-03T19:43:29.578Z'
}
{
  message: 'Fetching user details for ID: 0cbc0c7f-fda6-4929-b479-ad9d83ace8ce',
  level: 'debug',
  timestamp: '2026-08-03T19:43:29.656Z'
}
{
  message: '[Cache Hit] Lấy thông tin user ID: 0cbc0c7f-fda6-4929-b479-ad9d83ace8ce từ Redis',
  level: 'debug',
  timestamp: '2026-08-03T19:43:29.658Z'
}
{
  message: '[AuthService] Tokens refreshed successfully for user: agent1@booking.com',
  level: 'info',
  timestamp: '2026-08-03T19:43:29.687Z'
}
{
  userId: '6173a954-cbea-43c4-bbf1-ace8f7b9bc1e',
  level: 'info',
  message: '[AuthController] Get Me',
  timestamp: '2026-08-03T19:43:41.649Z'
}
{
  message: 'Fetching user details for ID: 6173a954-cbea-43c4-bbf1-ace8f7b9bc1e',
  level: 'debug',
  timestamp: '2026-08-03T19:43:41.650Z'
}
{
  message: '[Cache Hit] Lấy thông tin user ID: 6173a954-cbea-43c4-bbf1-ace8f7b9bc1e từ Redis',
  level: 'debug',
  timestamp: '2026-08-03T19:43:41.651Z'
}
{
  userId: '6173a954-cbea-43c4-bbf1-ace8f7b9bc1e',
  level: 'info',
  message: '[AuthController] Get Me',
  timestamp: '2026-08-03T19:43:41.654Z'
}
{
  message: 'Fetching user details for ID: 6173a954-cbea-43c4-bbf1-ace8f7b9bc1e',
  level: 'debug',
  timestamp: '2026-08-03T19:43:41.655Z'
}
{
  message: '[Cache Hit] Lấy thông tin user ID: 6173a954-cbea-43c4-bbf1-ace8f7b9bc1e từ Redis',
  level: 'debug',
  timestamp: '2026-08-03T19:43:41.656Z'
}
{
  message: '[Cache Hit] Lấy danh sách điểm đến hoạt động từ Redis',
  level: 'debug',
  timestamp: '2026-08-03T19:43:42.230Z'
}
{
  page: '1',
  limit: '10',
  status: 'ACTIVE',
  level: 'info',
  message: '[HotelController] Get all hotels with queries',
  timestamp: '2026-08-03T19:43:42.248Z'
}
{
  message: '[Cache Hit] Lấy danh sách điểm đến hoạt động từ Redis',
  level: 'debug',
  timestamp: '2026-08-03T19:43:42.251Z'
}
{
  page: '1',
  limit: '10',
  status: 'ACTIVE',
  level: 'info',
  message: '[HotelController] Get all hotels with queries',
  timestamp: '2026-08-03T19:43:42.266Z'
}
{
  message: '[Cache Hit] Lấy danh sách điểm đến hoạt động từ Redis',
  level: 'debug',
  timestamp: '2026-08-03T19:43:42.268Z'
}
{
  message: '[Cache Hit] Lấy danh sách điểm đến hoạt động từ Redis',
  level: 'debug',
  timestamp: '2026-08-03T19:43:42.273Z'
}
{
  message: '[Cache Hit] Lấy danh sách điểm đến hoạt động từ Redis',
  level: 'debug',
  timestamp: '2026-08-03T19:43:44.192Z'
}
{
  query: [Object: null prototype] {},
  level: 'info',
  message: '[SearchController] Search hotels',
  timestamp: '2026-08-03T19:43:44.197Z'
}
{
  message: '[Cache Hit] Lấy danh sách điểm đến hoạt động từ Redis',
  level: 'debug',
  timestamp: '2026-08-03T19:43:44.225Z'
}
{
  query: [Object: null prototype] {},
  level: 'info',
  message: '[SearchController] Search hotels',
  timestamp: '2026-08-03T19:43:44.272Z'
}
{
  hotelId: 'a9778731-bce8-4dbf-8b2f-ab2543bfdcdc',
  level: 'info',
  message: '[HotelController] Get hotel by id',
  timestamp: '2026-08-03T19:43:49.462Z'
}
{
  message: '[Cache Hit] Lấy thông tin hotel ID: a9778731-bce8-4dbf-8b2f-ab2543bfdcdc từ Redis',
  level: 'debug',
  timestamp: '2026-08-03T19:43:49.464Z'
}
{
  hotelId: 'a9778731-bce8-4dbf-8b2f-ab2543bfdcdc',
  level: 'info',
  message: '[HotelController] Get hotel by id',
  timestamp: '2026-08-03T19:43:49.479Z'
}
{
  message: '[Cache Hit] Lấy thông tin hotel ID: a9778731-bce8-4dbf-8b2f-ab2543bfdcdc từ Redis',
  level: 'debug',
  timestamp: '2026-08-03T19:43:49.483Z'
}
{
  message: '[BookingController] Create booking',
  level: 'info',
  timestamp: '2026-08-03T19:43:53.572Z'
}
{
  message: '[SchedulerService] Đang kiểm tra các booking hết hạn thanh toán...',
  level: 'info',
  timestamp: '2026-08-03T19:45:00.009Z'
}
{
  message: 'JWT Verification Error: jwt expired',
  level: 'error',
  timestamp: '2026-08-03T19:46:30.313Z'
}
{
  message: 'GLOBAL ERROR HANDLER CAUGHT: Error: Phiên đăng nhập đã hết hạn. Vui lòng lấy Token mới.\n' +
    '    at authMiddleware (/app/src/middlewares/authMiddleware.ts:80:9)\n' +
    '    at Layer.handleRequest (/app/node_modules/router/lib/layer.js:152:17)\n' +
    '    at trimPrefix (/app/node_modules/router/index.js:342:13)\n' +
    '    at /app/node_modules/router/index.js:297:9\n' +
    '    at processParams (/app/node_modules/router/index.js:582:12)\n' +
    '    at next (/app/node_modules/router/index.js:291:5)\n' +
    '    at Function.handle (/app/node_modules/router/index.js:186:3)\n' +
    '    at router (/app/node_modules/router/index.js:60:12)\n' +
    '    at Layer.handleRequest (/app/node_modules/router/lib/layer.js:152:17)\n' +
    '    at trimPrefix (/app/node_modules/router/index.js:342:13)',
  level: 'error',
  timestamp: '2026-08-03T19:46:30.316Z'
}
{
  message: '[AuthController] Refresh Tokens',
  level: 'info',
  timestamp: '2026-08-03T19:46:30.333Z'
}
{
  message: 'Fetching user details for ID: 0cbc0c7f-fda6-4929-b479-ad9d83ace8ce',
  level: 'debug',
  timestamp: '2026-08-03T19:46:30.362Z'
}
{
  message: '[Cache Hit] Lấy thông tin user ID: 0cbc0c7f-fda6-4929-b479-ad9d83ace8ce từ Redis',
  level: 'debug',
  timestamp: '2026-08-03T19:46:30.363Z'
}
{
  message: '[AuthService] Tokens refreshed successfully for user: agent1@booking.com',
  level: 'info',
  timestamp: '2026-08-03T19:46:30.412Z'
}
{
  message: 'Đã gửi email tới tranhieudz2024@gmail.com',
  level: 'info',
  timestamp: '2026-08-03T19:47:17.388Z'
}
{
  message: 'JWT Verification Error: jwt expired',
  level: 'error',
  timestamp: '2026-08-03T19:47:17.804Z'
}
{
  message: 'GLOBAL ERROR HANDLER CAUGHT: Error: Phiên đăng nhập đã hết hạn. Vui lòng lấy Token mới.\n' +
    '    at authMiddleware (/app/src/middlewares/authMiddleware.ts:80:9)\n' +
    '    at Layer.handleRequest (/app/node_modules/router/lib/layer.js:152:17)\n' +
    '    at next (/app/node_modules/router/lib/route.js:157:13)\n' +
    '    at Route.dispatch (/app/node_modules/router/lib/route.js:117:3)\n' +
    '    at handle (/app/node_modules/router/index.js:435:11)\n' +
    '    at Layer.handleRequest (/app/node_modules/router/lib/layer.js:152:17)\n' +
    '    at /app/node_modules/router/index.js:295:15\n' +
    '    at processParams (/app/node_modules/router/index.js:582:12)\n' +
    '    at next (/app/node_modules/router/index.js:291:5)\n' +
    '    at Function.handle (/app/node_modules/router/index.js:186:3)',
  level: 'error',
  timestamp: '2026-08-03T19:47:17.805Z'
}
{
  message: 'JWT Verification Error: jwt expired',
  level: 'error',
  timestamp: '2026-08-03T19:47:17.808Z'
}
{
  message: 'GLOBAL ERROR HANDLER CAUGHT: Error: Phiên đăng nhập đã hết hạn. Vui lòng lấy Token mới.\n' +
    '    at authMiddleware (/app/src/middlewares/authMiddleware.ts:80:9)\n' +
    '    at Layer.handleRequest (/app/node_modules/router/lib/layer.js:152:17)\n' +
    '    at next (/app/node_modules/router/lib/route.js:157:13)\n' +
    '    at Route.dispatch (/app/node_modules/router/lib/route.js:117:3)\n' +
    '    at handle (/app/node_modules/router/index.js:435:11)\n' +
    '    at Layer.handleRequest (/app/node_modules/router/lib/layer.js:152:17)\n' +
    '    at /app/node_modules/router/index.js:295:15\n' +
    '    at processParams (/app/node_modules/router/index.js:582:12)\n' +
    '    at next (/app/node_modules/router/index.js:291:5)\n' +
    '    at Function.handle (/app/node_modules/router/index.js:186:3)',
  level: 'error',
  timestamp: '2026-08-03T19:47:17.809Z'
}
{
  message: '[AuthController] Refresh Tokens',
  level: 'info',
  timestamp: '2026-08-03T19:47:17.825Z'
}
{
  message: 'Fetching user details for ID: 6173a954-cbea-43c4-bbf1-ace8f7b9bc1e',
  level: 'debug',
  timestamp: '2026-08-03T19:47:17.831Z'
}
{
  message: '[Cache Hit] Lấy thông tin user ID: 6173a954-cbea-43c4-bbf1-ace8f7b9bc1e từ Redis',
  level: 'debug',
  timestamp: '2026-08-03T19:47:17.831Z'
}
{
  message: '[AuthService] Tokens refreshed successfully for user: tranhieudz2024@gmail.com',
  level: 'info',
  timestamp: '2026-08-03T19:47:17.841Z'
}
{
  userId: '6173a954-cbea-43c4-bbf1-ace8f7b9bc1e',
  level: 'info',
  message: '[AuthController] Get Me',
  timestamp: '2026-08-03T19:47:17.854Z'
}
{
  message: 'Fetching user details for ID: 6173a954-cbea-43c4-bbf1-ace8f7b9bc1e',
  level: 'debug',
  timestamp: '2026-08-03T19:47:17.855Z'
}
{
  message: '[Cache Hit] Lấy thông tin user ID: 6173a954-cbea-43c4-bbf1-ace8f7b9bc1e từ Redis',
  level: 'debug',
  timestamp: '2026-08-03T19:47:17.856Z'
}
{
  userId: '6173a954-cbea-43c4-bbf1-ace8f7b9bc1e',
  level: 'info',
  message: '[AuthController] Get Me',
  timestamp: '2026-08-03T19:47:17.858Z'
}
{
  message: 'Fetching user details for ID: 6173a954-cbea-43c4-bbf1-ace8f7b9bc1e',
  level: 'debug',
  timestamp: '2026-08-03T19:47:17.859Z'
}
{
  message: '[Cache Hit] Lấy thông tin user ID: 6173a954-cbea-43c4-bbf1-ace8f7b9bc1e từ Redis',
  level: 'debug',
  timestamp: '2026-08-03T19:47:17.860Z'
}
{
  message: '[BookingController] Get user bookings',
  level: 'info',
  timestamp: '2026-08-03T19:47:19.919Z'
}
{
  message: '[BookingController] Get user bookings',
  level: 'info',
  timestamp: '2026-08-03T19:47:19.943Z'
}
{
  userId: '0cbc0c7f-fda6-4929-b479-ad9d83ace8ce',
  level: 'info',
  message: '[AuthController] Get Me',
  timestamp: '2026-08-03T19:47:39.018Z'
}
{
  message: 'Fetching user details for ID: 0cbc0c7f-fda6-4929-b479-ad9d83ace8ce',
  level: 'debug',
  timestamp: '2026-08-03T19:47:39.019Z'
}
{
  message: '[Cache Hit] Lấy thông tin user ID: 0cbc0c7f-fda6-4929-b479-ad9d83ace8ce từ Redis',
  level: 'debug',
  timestamp: '2026-08-03T19:47:39.021Z'
}
{
  userId: '0cbc0c7f-fda6-4929-b479-ad9d83ace8ce',
  level: 'info',
  message: '[AuthController] Get Me',
  timestamp: '2026-08-03T19:47:39.025Z'
}
{
  message: 'Fetching user details for ID: 0cbc0c7f-fda6-4929-b479-ad9d83ace8ce',
  level: 'debug',
  timestamp: '2026-08-03T19:47:39.026Z'
}
{
  message: '[Cache Hit] Lấy thông tin user ID: 0cbc0c7f-fda6-4929-b479-ad9d83ace8ce từ Redis',
  level: 'debug',
  timestamp: '2026-08-03T19:47:39.027Z'
}
{
  message: '[HotelController] Get my hotels',
  level: 'info',
  timestamp: '2026-08-03T19:47:39.372Z'
}
{
  message: '[HotelController] Get my hotels',
  level: 'info',
  timestamp: '2026-08-03T19:47:39.430Z'
}
{
  hotelId: '47451836-dfa0-4b5c-b770-43e87150fe10',
  level: 'info',
  message: '[BookingController] Get hotel bookings',
  timestamp: '2026-08-03T19:47:39.457Z'
}
{
  hotelId: 'db71d087-b5a7-47be-b2a3-04e168e623b9',
  level: 'info',
  message: '[BookingController] Get hotel bookings',
  timestamp: '2026-08-03T19:47:39.468Z'
}
{
  message: '[Cache Hit] Lấy thông tin hotel ID: 47451836-dfa0-4b5c-b770-43e87150fe10 từ Redis',
  level: 'debug',
  timestamp: '2026-08-03T19:47:39.469Z'
}
{
  message: '[Cache Hit] Lấy thông tin hotel ID: db71d087-b5a7-47be-b2a3-04e168e623b9 từ Redis',
  level: 'debug',
  timestamp: '2026-08-03T19:47:39.469Z'
}
{
  hotelId: 'fda0f2da-56b2-46ac-afa7-7bb4e6d06edc',
  level: 'info',
  message: '[BookingController] Get hotel bookings',
  timestamp: '2026-08-03T19:47:39.508Z'
}
{
  message: '[Cache Hit] Lấy thông tin hotel ID: fda0f2da-56b2-46ac-afa7-7bb4e6d06edc từ Redis',
  level: 'debug',
  timestamp: '2026-08-03T19:47:39.525Z'
}
{
  hotelId: '45ea8129-6cde-4f0a-b8a5-701260e11966',
  level: 'info',
  message: '[BookingController] Get hotel bookings',
  timestamp: '2026-08-03T19:47:39.542Z'
}
{
  message: '[Cache Hit] Lấy thông tin hotel ID: 45ea8129-6cde-4f0a-b8a5-701260e11966 từ Redis',
  level: 'debug',
  timestamp: '2026-08-03T19:47:39.544Z'
}
{
  hotelId: 'd79e14bd-e09b-49c3-80d7-4442133e57d6',
  level: 'info',
  message: '[BookingController] Get hotel bookings',
  timestamp: '2026-08-03T19:47:39.556Z'
}
{
  hotelId: 'fdfc5eb7-97ff-450b-9edf-723739f36d56',
  level: 'info',
  message: '[BookingController] Get hotel bookings',
  timestamp: '2026-08-03T19:47:39.559Z'
}
{
  message: '[Cache Hit] Lấy thông tin hotel ID: d79e14bd-e09b-49c3-80d7-4442133e57d6 từ Redis',
  level: 'debug',
  timestamp: '2026-08-03T19:47:39.560Z'
}
{
  message: '[Cache Hit] Lấy thông tin hotel ID: fdfc5eb7-97ff-450b-9edf-723739f36d56 từ Redis',
  level: 'debug',
  timestamp: '2026-08-03T19:47:39.561Z'
}
{
  hotelId: '52eb4a25-dcb7-4bea-81ac-9d12053bd2c0',
  level: 'info',
  message: '[BookingController] Get hotel bookings',
  timestamp: '2026-08-03T19:47:39.563Z'
}
{
  message: '[Cache Hit] Lấy thông tin hotel ID: 52eb4a25-dcb7-4bea-81ac-9d12053bd2c0 từ Redis',
  level: 'debug',
  timestamp: '2026-08-03T19:47:39.565Z'
}
{
  hotelId: '6476b4b4-c8ba-4f05-a3ae-9ba776ad4be3',
  level: 'info',
  message: '[BookingController] Get hotel bookings',
  timestamp: '2026-08-03T19:47:39.573Z'
}
{
  message: '[Cache Hit] Lấy thông tin hotel ID: 6476b4b4-c8ba-4f05-a3ae-9ba776ad4be3 từ Redis',
  level: 'debug',
  timestamp: '2026-08-03T19:47:39.577Z'
}
{
  hotelId: '3ff5cc53-9069-45bc-a39e-2295bebd3ea5',
  level: 'info',
  message: '[BookingController] Get hotel bookings',
  timestamp: '2026-08-03T19:47:39.585Z'
}
{
  message: '[Cache Hit] Lấy thông tin hotel ID: 3ff5cc53-9069-45bc-a39e-2295bebd3ea5 từ Redis',
  level: 'debug',
  timestamp: '2026-08-03T19:47:39.587Z'
}
{
  hotelId: '1f63d07b-44ef-412e-8e8f-fc20853648c3',
  level: 'info',
  message: '[BookingController] Get hotel bookings',
  timestamp: '2026-08-03T19:47:39.595Z'
}
{
  message: '[Cache Hit] Lấy thông tin hotel ID: 1f63d07b-44ef-412e-8e8f-fc20853648c3 từ Redis',
  level: 'debug',
  timestamp: '2026-08-03T19:47:39.597Z'
}
{
  hotelId: 'a9778731-bce8-4dbf-8b2f-ab2543bfdcdc',
  level: 'info',
  message: '[BookingController] Get hotel bookings',
  timestamp: '2026-08-03T19:47:39.617Z'
}
{
  hotelId: '09928f48-b9bb-4700-85d2-51b072eef2c9',
  level: 'info',
  message: '[BookingController] Get hotel bookings',
  timestamp: '2026-08-03T19:47:39.619Z'
}
{
  message: '[Cache Hit] Lấy thông tin hotel ID: a9778731-bce8-4dbf-8b2f-ab2543bfdcdc từ Redis',
  level: 'debug',
  timestamp: '2026-08-03T19:47:39.619Z'
}
{
  message: '[Cache Hit] Lấy thông tin hotel ID: 09928f48-b9bb-4700-85d2-51b072eef2c9 từ Redis',
  level: 'debug',
  timestamp: '2026-08-03T19:47:39.620Z'
}
{
  hotelId: '61f3e4c1-cba1-48b1-851c-16bc9d413ec2',
  level: 'info',
  message: '[BookingController] Get hotel bookings',
  timestamp: '2026-08-03T19:47:39.628Z'
}
{
  hotelId: 'ae4ccd44-300e-4ca3-b16c-d3e71b6a0193',
  level: 'info',
  message: '[BookingController] Get hotel bookings',
  timestamp: '2026-08-03T19:47:39.631Z'
}
{
  message: '[Cache Hit] Lấy thông tin hotel ID: 61f3e4c1-cba1-48b1-851c-16bc9d413ec2 từ Redis',
  level: 'debug',
  timestamp: '2026-08-03T19:47:39.632Z'
}
{
  message: '[Cache Hit] Lấy thông tin hotel ID: ae4ccd44-300e-4ca3-b16c-d3e71b6a0193 từ Redis',
  level: 'debug',
  timestamp: '2026-08-03T19:47:39.633Z'
}
{
  hotelId: 'd29b2e2a-8af1-4273-8f2d-87053225f461',
  level: 'info',
  message: '[BookingController] Get hotel bookings',
  timestamp: '2026-08-03T19:47:39.662Z'
}
{
  hotelId: '47451836-dfa0-4b5c-b770-43e87150fe10',
  level: 'info',
  message: '[BookingController] Get hotel bookings',
  timestamp: '2026-08-03T19:47:39.664Z'
}
{
  hotelId: 'fda0f2da-56b2-46ac-afa7-7bb4e6d06edc',
  level: 'info',
  message: '[BookingController] Get hotel bookings',
  timestamp: '2026-08-03T19:47:39.668Z'
}
{
  message: '[Cache Hit] Lấy thông tin hotel ID: d29b2e2a-8af1-4273-8f2d-87053225f461 từ Redis',
  level: 'debug',
  timestamp: '2026-08-03T19:47:39.669Z'
}
{
  message: '[Cache Hit] Lấy thông tin hotel ID: 47451836-dfa0-4b5c-b770-43e87150fe10 từ Redis',
  level: 'debug',
  timestamp: '2026-08-03T19:47:39.669Z'
}
{
  message: '[Cache Hit] Lấy thông tin hotel ID: fda0f2da-56b2-46ac-afa7-7bb4e6d06edc từ Redis',
  level: 'debug',
  timestamp: '2026-08-03T19:47:39.669Z'
}
{
  hotelId: '45ea8129-6cde-4f0a-b8a5-701260e11966',
  level: 'info',
  message: '[BookingController] Get hotel bookings',
  timestamp: '2026-08-03T19:47:39.671Z'
}
{
  message: '[Cache Hit] Lấy thông tin hotel ID: 45ea8129-6cde-4f0a-b8a5-701260e11966 từ Redis',
  level: 'debug',
  timestamp: '2026-08-03T19:47:39.672Z'
}
{
  hotelId: 'd79e14bd-e09b-49c3-80d7-4442133e57d6',
  level: 'info',
  message: '[BookingController] Get hotel bookings',
  timestamp: '2026-08-03T19:47:39.679Z'
}
{
  message: '[Cache Hit] Lấy thông tin hotel ID: d79e14bd-e09b-49c3-80d7-4442133e57d6 từ Redis',
  level: 'debug',
  timestamp: '2026-08-03T19:47:39.680Z'
}
{
  hotelId: '6476b4b4-c8ba-4f05-a3ae-9ba776ad4be3',
  level: 'info',
  message: '[BookingController] Get hotel bookings',
  timestamp: '2026-08-03T19:47:39.683Z'
}
{
  hotelId: 'db71d087-b5a7-47be-b2a3-04e168e623b9',
  level: 'info',
  message: '[BookingController] Get hotel bookings',
  timestamp: '2026-08-03T19:47:39.688Z'
}
{
  hotelId: '3ff5cc53-9069-45bc-a39e-2295bebd3ea5',
  level: 'info',
  message: '[BookingController] Get hotel bookings',
  timestamp: '2026-08-03T19:47:39.690Z'
}
{
  message: '[Cache Hit] Lấy thông tin hotel ID: 6476b4b4-c8ba-4f05-a3ae-9ba776ad4be3 từ Redis',
  level: 'debug',
  timestamp: '2026-08-03T19:47:39.690Z'
}
{
  message: '[Cache Hit] Lấy thông tin hotel ID: db71d087-b5a7-47be-b2a3-04e168e623b9 từ Redis',
  level: 'debug',
  timestamp: '2026-08-03T19:47:39.690Z'
}
{
  message: '[Cache Hit] Lấy thông tin hotel ID: 3ff5cc53-9069-45bc-a39e-2295bebd3ea5 từ Redis',
  level: 'debug',
  timestamp: '2026-08-03T19:47:39.691Z'
}
{
  hotelId: '1f63d07b-44ef-412e-8e8f-fc20853648c3',
  level: 'info',
  message: '[BookingController] Get hotel bookings',
  timestamp: '2026-08-03T19:47:39.702Z'
}
{
  message: '[Cache Hit] Lấy thông tin hotel ID: 1f63d07b-44ef-412e-8e8f-fc20853648c3 từ Redis',
  level: 'debug',
  timestamp: '2026-08-03T19:47:39.704Z'
}
{
  hotelId: 'a9778731-bce8-4dbf-8b2f-ab2543bfdcdc',
  level: 'info',
  message: '[BookingController] Get hotel bookings',
  timestamp: '2026-08-03T19:47:39.706Z'
}
{
  hotelId: '52eb4a25-dcb7-4bea-81ac-9d12053bd2c0',
  level: 'info',
  message: '[BookingController] Get hotel bookings',
  timestamp: '2026-08-03T19:47:39.707Z'
}
{
  hotelId: 'fdfc5eb7-97ff-450b-9edf-723739f36d56',
  level: 'info',
  message: '[BookingController] Get hotel bookings',
  timestamp: '2026-08-03T19:47:39.709Z'
}
{
  message: '[Cache Hit] Lấy thông tin hotel ID: a9778731-bce8-4dbf-8b2f-ab2543bfdcdc từ Redis',
  level: 'debug',
  timestamp: '2026-08-03T19:47:39.710Z'
}
{
  message: '[Cache Hit] Lấy thông tin hotel ID: 52eb4a25-dcb7-4bea-81ac-9d12053bd2c0 từ Redis',
  level: 'debug',
  timestamp: '2026-08-03T19:47:39.711Z'
}
{
  message: '[Cache Hit] Lấy thông tin hotel ID: fdfc5eb7-97ff-450b-9edf-723739f36d56 từ Redis',
  level: 'debug',
  timestamp: '2026-08-03T19:47:39.711Z'
}
{
  hotelId: '61f3e4c1-cba1-48b1-851c-16bc9d413ec2',
  level: 'info',
  message: '[BookingController] Get hotel bookings',
  timestamp: '2026-08-03T19:47:39.722Z'
}
{
  hotelId: 'ae4ccd44-300e-4ca3-b16c-d3e71b6a0193',
  level: 'info',
  message: '[BookingController] Get hotel bookings',
  timestamp: '2026-08-03T19:47:39.723Z'
}
{
  message: '[Cache Hit] Lấy thông tin hotel ID: 61f3e4c1-cba1-48b1-851c-16bc9d413ec2 từ Redis',
  level: 'debug',
  timestamp: '2026-08-03T19:47:39.724Z'
}
{
  message: '[Cache Hit] Lấy thông tin hotel ID: ae4ccd44-300e-4ca3-b16c-d3e71b6a0193 từ Redis',
  level: 'debug',
  timestamp: '2026-08-03T19:47:39.724Z'
}
{
  hotelId: 'd29b2e2a-8af1-4273-8f2d-87053225f461',
  level: 'info',
  message: '[BookingController] Get hotel bookings',
  timestamp: '2026-08-03T19:47:39.726Z'
}
{
  message: '[Cache Hit] Lấy thông tin hotel ID: d29b2e2a-8af1-4273-8f2d-87053225f461 từ Redis',
  level: 'debug',
  timestamp: '2026-08-03T19:47:39.727Z'
}
{
  hotelId: '09928f48-b9bb-4700-85d2-51b072eef2c9',
  level: 'info',
  message: '[BookingController] Get hotel bookings',
  timestamp: '2026-08-03T19:47:39.733Z'
}
{
  message: '[Cache Hit] Lấy thông tin hotel ID: 09928f48-b9bb-4700-85d2-51b072eef2c9 từ Redis',
  level: 'debug',
  timestamp: '2026-08-03T19:47:39.734Z'
}
{
  userId: '0cbc0c7f-fda6-4929-b479-ad9d83ace8ce',
  level: 'info',
  message: '[AuthController] Get Me',
  timestamp: '2026-08-03T19:47:42.285Z'
}
{
  message: 'Fetching user details for ID: 0cbc0c7f-fda6-4929-b479-ad9d83ace8ce',
  level: 'debug',
  timestamp: '2026-08-03T19:47:42.285Z'
}
{
  message: '[Cache Hit] Lấy thông tin user ID: 0cbc0c7f-fda6-4929-b479-ad9d83ace8ce từ Redis',
  level: 'debug',
  timestamp: '2026-08-03T19:47:42.286Z'
}
{
  userId: '0cbc0c7f-fda6-4929-b479-ad9d83ace8ce',
  level: 'info',
  message: '[AuthController] Get Me',
  timestamp: '2026-08-03T19:47:42.289Z'
}
{
  message: 'Fetching user details for ID: 0cbc0c7f-fda6-4929-b479-ad9d83ace8ce',
  level: 'debug',
  timestamp: '2026-08-03T19:47:42.289Z'
}
{
  message: '[Cache Hit] Lấy thông tin user ID: 0cbc0c7f-fda6-4929-b479-ad9d83ace8ce từ Redis',
  level: 'debug',
  timestamp: '2026-08-03T19:47:42.290Z'
}
{
  message: '[HotelController] Get my hotels',
  level: 'info',
  timestamp: '2026-08-03T19:47:42.628Z'
}
{
  message: '[HotelController] Get my hotels',
  level: 'info',
  timestamp: '2026-08-03T19:47:42.661Z'
}
{
  hotelId: '47451836-dfa0-4b5c-b770-43e87150fe10',
  level: 'info',
  message: '[BookingController] Get hotel bookings',
  timestamp: '2026-08-03T19:47:42.665Z'
}
{
  hotelId: 'fda0f2da-56b2-46ac-afa7-7bb4e6d06edc',
  level: 'info',
  message: '[BookingController] Get hotel bookings',
  timestamp: '2026-08-03T19:47:42.668Z'
}
{
  hotelId: 'd79e14bd-e09b-49c3-80d7-4442133e57d6',
  level: 'info',
  message: '[BookingController] Get hotel bookings',
  timestamp: '2026-08-03T19:47:42.671Z'
}
{
  hotelId: '45ea8129-6cde-4f0a-b8a5-701260e11966',
  level: 'info',
  message: '[BookingController] Get hotel bookings',
  timestamp: '2026-08-03T19:47:42.673Z'
}
{
  message: '[Cache Hit] Lấy thông tin hotel ID: 47451836-dfa0-4b5c-b770-43e87150fe10 từ Redis',
  level: 'debug',
  timestamp: '2026-08-03T19:47:42.677Z'
}
{
  message: '[Cache Hit] Lấy thông tin hotel ID: fda0f2da-56b2-46ac-afa7-7bb4e6d06edc từ Redis',
  level: 'debug',
  timestamp: '2026-08-03T19:47:42.677Z'
}
{
  message: '[Cache Hit] Lấy thông tin hotel ID: d79e14bd-e09b-49c3-80d7-4442133e57d6 từ Redis',
  level: 'debug',
  timestamp: '2026-08-03T19:47:42.677Z'
}
{
  message: '[Cache Hit] Lấy thông tin hotel ID: 45ea8129-6cde-4f0a-b8a5-701260e11966 từ Redis',
  level: 'debug',
  timestamp: '2026-08-03T19:47:42.677Z'
}
{
  hotelId: 'db71d087-b5a7-47be-b2a3-04e168e623b9',
  level: 'info',
  message: '[BookingController] Get hotel bookings',
  timestamp: '2026-08-03T19:47:42.682Z'
}
{
  message: '[Cache Hit] Lấy thông tin hotel ID: db71d087-b5a7-47be-b2a3-04e168e623b9 từ Redis',
  level: 'debug',
  timestamp: '2026-08-03T19:47:42.685Z'
}
{
  hotelId: '1f63d07b-44ef-412e-8e8f-fc20853648c3',
  level: 'info',
  message: '[BookingController] Get hotel bookings',
  timestamp: '2026-08-03T19:47:42.689Z'
}
{
  hotelId: 'ae4ccd44-300e-4ca3-b16c-d3e71b6a0193',
  level: 'info',
  message: '[BookingController] Get hotel bookings',
  timestamp: '2026-08-03T19:47:42.691Z'
}
{
  hotelId: 'd29b2e2a-8af1-4273-8f2d-87053225f461',
  level: 'info',
  message: '[BookingController] Get hotel bookings',
  timestamp: '2026-08-03T19:47:42.693Z'
}
{
  hotelId: 'fdfc5eb7-97ff-450b-9edf-723739f36d56',
  level: 'info',
  message: '[BookingController] Get hotel bookings',
  timestamp: '2026-08-03T19:47:42.694Z'
}
{
  message: '[Cache Hit] Lấy thông tin hotel ID: 1f63d07b-44ef-412e-8e8f-fc20853648c3 từ Redis',
  level: 'debug',
  timestamp: '2026-08-03T19:47:42.695Z'
}
{
  message: '[Cache Hit] Lấy thông tin hotel ID: ae4ccd44-300e-4ca3-b16c-d3e71b6a0193 từ Redis',
  level: 'debug',
  timestamp: '2026-08-03T19:47:42.695Z'
}
{
  message: '[Cache Hit] Lấy thông tin hotel ID: d29b2e2a-8af1-4273-8f2d-87053225f461 từ Redis',
  level: 'debug',
  timestamp: '2026-08-03T19:47:42.695Z'
}
{
  message: '[Cache Hit] Lấy thông tin hotel ID: fdfc5eb7-97ff-450b-9edf-723739f36d56 từ Redis',
  level: 'debug',
  timestamp: '2026-08-03T19:47:42.696Z'
}
{
  hotelId: '52eb4a25-dcb7-4bea-81ac-9d12053bd2c0',
  level: 'info',
  message: '[BookingController] Get hotel bookings',
  timestamp: '2026-08-03T19:47:42.698Z'
}
{
  message: '[Cache Hit] Lấy thông tin hotel ID: 52eb4a25-dcb7-4bea-81ac-9d12053bd2c0 từ Redis',
  level: 'debug',
  timestamp: '2026-08-03T19:47:42.699Z'
}
{
  hotelId: '6476b4b4-c8ba-4f05-a3ae-9ba776ad4be3',
  level: 'info',
  message: '[BookingController] Get hotel bookings',
  timestamp: '2026-08-03T19:47:42.703Z'
}
{
  hotelId: '3ff5cc53-9069-45bc-a39e-2295bebd3ea5',
  level: 'info',
  message: '[BookingController] Get hotel bookings',
  timestamp: '2026-08-03T19:47:42.706Z'
}
{
  hotelId: '61f3e4c1-cba1-48b1-851c-16bc9d413ec2',
  level: 'info',
  message: '[BookingController] Get hotel bookings',
  timestamp: '2026-08-03T19:47:42.707Z'
}
{
  hotelId: 'a9778731-bce8-4dbf-8b2f-ab2543bfdcdc',
  level: 'info',
  message: '[BookingController] Get hotel bookings',
  timestamp: '2026-08-03T19:47:42.708Z'
}
{
  hotelId: '09928f48-b9bb-4700-85d2-51b072eef2c9',
  level: 'info',
  message: '[BookingController] Get hotel bookings',
  timestamp: '2026-08-03T19:47:42.711Z'
}
{
  message: '[Cache Hit] Lấy thông tin hotel ID: 6476b4b4-c8ba-4f05-a3ae-9ba776ad4be3 từ Redis',
  level: 'debug',
  timestamp: '2026-08-03T19:47:42.711Z'
}
{
  message: '[Cache Hit] Lấy thông tin hotel ID: 3ff5cc53-9069-45bc-a39e-2295bebd3ea5 từ Redis',
  level: 'debug',
  timestamp: '2026-08-03T19:47:42.712Z'
}
{
  message: '[Cache Hit] Lấy thông tin hotel ID: 61f3e4c1-cba1-48b1-851c-16bc9d413ec2 từ Redis',
  level: 'debug',
  timestamp: '2026-08-03T19:47:42.712Z'
}
{
  message: '[Cache Hit] Lấy thông tin hotel ID: a9778731-bce8-4dbf-8b2f-ab2543bfdcdc từ Redis',
  level: 'debug',
  timestamp: '2026-08-03T19:47:42.712Z'
}
{
  message: '[Cache Hit] Lấy thông tin hotel ID: 09928f48-b9bb-4700-85d2-51b072eef2c9 từ Redis',
  level: 'debug',
  timestamp: '2026-08-03T19:47:42.712Z'
}
{
  hotelId: '47451836-dfa0-4b5c-b770-43e87150fe10',
  level: 'info',
  message: '[BookingController] Get hotel bookings',
  timestamp: '2026-08-03T19:47:42.714Z'
}
{
  message: '[Cache Hit] Lấy thông tin hotel ID: 47451836-dfa0-4b5c-b770-43e87150fe10 từ Redis',
  level: 'debug',
  timestamp: '2026-08-03T19:47:42.715Z'
}
{
  hotelId: 'fda0f2da-56b2-46ac-afa7-7bb4e6d06edc',
  level: 'info',
  message: '[BookingController] Get hotel bookings',
  timestamp: '2026-08-03T19:47:42.723Z'
}
{
  hotelId: 'd79e14bd-e09b-49c3-80d7-4442133e57d6',
  level: 'info',
  message: '[BookingController] Get hotel bookings',
  timestamp: '2026-08-03T19:47:42.725Z'
}
{
  hotelId: '45ea8129-6cde-4f0a-b8a5-701260e11966',
  level: 'info',
  message: '[BookingController] Get hotel bookings',
  timestamp: '2026-08-03T19:47:42.727Z'
}
{
  message: '[Cache Hit] Lấy thông tin hotel ID: fda0f2da-56b2-46ac-afa7-7bb4e6d06edc từ Redis',
  level: 'debug',
  timestamp: '2026-08-03T19:47:42.728Z'
}
{
  message: '[Cache Hit] Lấy thông tin hotel ID: d79e14bd-e09b-49c3-80d7-4442133e57d6 từ Redis',
  level: 'debug',
  timestamp: '2026-08-03T19:47:42.728Z'
}
{
  message: '[Cache Hit] Lấy thông tin hotel ID: 45ea8129-6cde-4f0a-b8a5-701260e11966 từ Redis',
  level: 'debug',
  timestamp: '2026-08-03T19:47:42.728Z'
}
{
  hotelId: 'db71d087-b5a7-47be-b2a3-04e168e623b9',
  level: 'info',
  message: '[BookingController] Get hotel bookings',
  timestamp: '2026-08-03T19:47:42.729Z'
}
{
  hotelId: '1f63d07b-44ef-412e-8e8f-fc20853648c3',
  level: 'info',
  message: '[BookingController] Get hotel bookings',
  timestamp: '2026-08-03T19:47:42.731Z'
}
{
  hotelId: 'ae4ccd44-300e-4ca3-b16c-d3e71b6a0193',
  level: 'info',
  message: '[BookingController] Get hotel bookings',
  timestamp: '2026-08-03T19:47:42.732Z'
}
{
  message: '[Cache Hit] Lấy thông tin hotel ID: db71d087-b5a7-47be-b2a3-04e168e623b9 từ Redis',
  level: 'debug',
  timestamp: '2026-08-03T19:47:42.733Z'
}
{
  message: '[Cache Hit] Lấy thông tin hotel ID: 1f63d07b-44ef-412e-8e8f-fc20853648c3 từ Redis',
  level: 'debug',
  timestamp: '2026-08-03T19:47:42.733Z'
}
{
  message: '[Cache Hit] Lấy thông tin hotel ID: ae4ccd44-300e-4ca3-b16c-d3e71b6a0193 từ Redis',
  level: 'debug',
  timestamp: '2026-08-03T19:47:42.733Z'
}
{
  hotelId: 'd29b2e2a-8af1-4273-8f2d-87053225f461',
  level: 'info',
  message: '[BookingController] Get hotel bookings',
  timestamp: '2026-08-03T19:47:42.740Z'
}
{
  hotelId: '52eb4a25-dcb7-4bea-81ac-9d12053bd2c0',
  level: 'info',
  message: '[BookingController] Get hotel bookings',
  timestamp: '2026-08-03T19:47:42.742Z'
}
{
  hotelId: 'fdfc5eb7-97ff-450b-9edf-723739f36d56',
  level: 'info',
  message: '[BookingController] Get hotel bookings',
  timestamp: '2026-08-03T19:47:42.744Z'
}
{
  hotelId: '6476b4b4-c8ba-4f05-a3ae-9ba776ad4be3',
  level: 'info',
  message: '[BookingController] Get hotel bookings',
  timestamp: '2026-08-03T19:47:42.746Z'
}
{
  hotelId: '3ff5cc53-9069-45bc-a39e-2295bebd3ea5',
  level: 'info',
  message: '[BookingController] Get hotel bookings',
  timestamp: '2026-08-03T19:47:42.747Z'
}
{
  hotelId: '61f3e4c1-cba1-48b1-851c-16bc9d413ec2',
  level: 'info',
  message: '[BookingController] Get hotel bookings',
  timestamp: '2026-08-03T19:47:42.749Z'
}
{
  message: '[Cache Hit] Lấy thông tin hotel ID: d29b2e2a-8af1-4273-8f2d-87053225f461 từ Redis',
  level: 'debug',
  timestamp: '2026-08-03T19:47:42.750Z'
}
{
  message: '[Cache Hit] Lấy thông tin hotel ID: 52eb4a25-dcb7-4bea-81ac-9d12053bd2c0 từ Redis',
  level: 'debug',
  timestamp: '2026-08-03T19:47:42.750Z'
}
{
  message: '[Cache Hit] Lấy thông tin hotel ID: fdfc5eb7-97ff-450b-9edf-723739f36d56 từ Redis',
  level: 'debug',
  timestamp: '2026-08-03T19:47:42.750Z'
}
{
  message: '[Cache Hit] Lấy thông tin hotel ID: 6476b4b4-c8ba-4f05-a3ae-9ba776ad4be3 từ Redis',
  level: 'debug',
  timestamp: '2026-08-03T19:47:42.750Z'
}
{
  message: '[Cache Hit] Lấy thông tin hotel ID: 3ff5cc53-9069-45bc-a39e-2295bebd3ea5 từ Redis',
  level: 'debug',
  timestamp: '2026-08-03T19:47:42.750Z'
}
{
  message: '[Cache Hit] Lấy thông tin hotel ID: 61f3e4c1-cba1-48b1-851c-16bc9d413ec2 từ Redis',
  level: 'debug',
  timestamp: '2026-08-03T19:47:42.750Z'
}
{
  hotelId: 'a9778731-bce8-4dbf-8b2f-ab2543bfdcdc',
  level: 'info',
  message: '[BookingController] Get hotel bookings',
  timestamp: '2026-08-03T19:47:42.756Z'
}
{
  hotelId: '09928f48-b9bb-4700-85d2-51b072eef2c9',
  level: 'info',
  message: '[BookingController] Get hotel bookings',
  timestamp: '2026-08-03T19:47:42.757Z'
}
{
  message: '[Cache Hit] Lấy thông tin hotel ID: a9778731-bce8-4dbf-8b2f-ab2543bfdcdc từ Redis',
  level: 'debug',
  timestamp: '2026-08-03T19:47:42.758Z'
}
{
  message: '[Cache Hit] Lấy thông tin hotel ID: 09928f48-b9bb-4700-85d2-51b072eef2c9 từ Redis',
  level: 'debug',
  timestamp: '2026-08-03T19:47:42.758Z'
}
{
  bookingId: 'd4d14409-5bdf-4227-8af1-0e0d84b5da3f',
  level: 'info',
  message: '[BookingController] Update booking status',
  timestamp: '2026-08-03T19:47:49.889Z'
}
{
  message: '[Cache Hit] Lấy thông tin hotel ID: 3ff5cc53-9069-45bc-a39e-2295bebd3ea5 từ Redis',
  level: 'debug',
  timestamp: '2026-08-03T19:47:49.902Z'
}
{
  bookingId: 'cebd4d48-4abe-42e2-809b-c99a41d4f55b',
  level: 'info',
  message: '[BookingController] Update booking status',
  timestamp: '2026-08-03T19:47:52.287Z'
}
{
  message: '[Cache Hit] Lấy thông tin hotel ID: a9778731-bce8-4dbf-8b2f-ab2543bfdcdc từ Redis',
  level: 'debug',
  timestamp: '2026-08-03T19:47:52.304Z'
}
{
  bookingId: '4ba91e49-bb02-491f-a448-bd2099e94e99',
  level: 'info',
  message: '[BookingController] Update booking status',
  timestamp: '2026-08-03T19:47:54.561Z'
}
{
  message: '[Cache Hit] Lấy thông tin hotel ID: a9778731-bce8-4dbf-8b2f-ab2543bfdcdc từ Redis',
  level: 'debug',
  timestamp: '2026-08-03T19:47:54.568Z'
}
{
  message: '[RoomController] Get rooms by roomType',
  level: 'info',
  timestamp: '2026-08-03T19:47:55.522Z'
}
{
  bookingId: '6df9e511-372b-420d-aae2-868769154ae6',
  level: 'info',
  message: '[BookingController] Update booking status',
  timestamp: '2026-08-03T19:47:56.907Z'
}
{
  message: '[Cache Hit] Lấy thông tin hotel ID: a9778731-bce8-4dbf-8b2f-ab2543bfdcdc từ Redis',
  level: 'debug',
  timestamp: '2026-08-03T19:47:56.914Z'
}
{
  bookingId: '6df9e511-372b-420d-aae2-868769154ae6',
  level: 'info',
  message: '[BookingController] Update booking status',
  timestamp: '2026-08-03T19:47:58.191Z'
}
{
  message: '[Cache Hit] Lấy thông tin hotel ID: a9778731-bce8-4dbf-8b2f-ab2543bfdcdc từ Redis',
  level: 'debug',
  timestamp: '2026-08-03T19:47:58.195Z'
}
{
  message: '[SchedulerService] Đang kiểm tra các booking hết hạn thanh toán...',
  level: 'info',
  timestamp: '2026-08-03T19:50:00.004Z'
}
{
  message: 'JWT Verification Error: jwt expired',
  level: 'error',
  timestamp: '2026-08-03T19:50:29.425Z'
}
{
  message: 'GLOBAL ERROR HANDLER CAUGHT: Error: Phiên đăng nhập đã hết hạn. Vui lòng lấy Token mới.\n' +
    '    at authMiddleware (/app/src/middlewares/authMiddleware.ts:80:9)\n' +
    '    at Layer.handleRequest (/app/node_modules/router/lib/layer.js:152:17)\n' +
    '    at trimPrefix (/app/node_modules/router/index.js:342:13)\n' +
    '    at /app/node_modules/router/index.js:297:9\n' +
    '    at processParams (/app/node_modules/router/index.js:582:12)\n' +
    '    at next (/app/node_modules/router/index.js:291:5)\n' +
    '    at Function.handle (/app/node_modules/router/index.js:186:3)\n' +
    '    at router (/app/node_modules/router/index.js:60:12)\n' +
    '    at Layer.handleRequest (/app/node_modules/router/lib/layer.js:152:17)\n' +
    '    at trimPrefix (/app/node_modules/router/index.js:342:13)',
  level: 'error',
  timestamp: '2026-08-03T19:50:29.426Z'
}
{
  message: '[AuthController] Refresh Tokens',
  level: 'info',
  timestamp: '2026-08-03T19:50:29.439Z'
}
{
  message: 'Fetching user details for ID: 0cbc0c7f-fda6-4929-b479-ad9d83ace8ce',
  level: 'debug',
  timestamp: '2026-08-03T19:50:29.455Z'
}
{
  message: '[Cache Hit] Lấy thông tin user ID: 0cbc0c7f-fda6-4929-b479-ad9d83ace8ce từ Redis',
  level: 'debug',
  timestamp: '2026-08-03T19:50:29.456Z'
}
{
  message: '[AuthService] Tokens refreshed successfully for user: agent1@booking.com',
  level: 'info',
  timestamp: '2026-08-03T19:50:29.541Z'
}
{
  message: 'JWT Verification Error: jwt expired',
  level: 'error',
  timestamp: '2026-08-03T19:53:30.258Z'
}
{
  message: 'GLOBAL ERROR HANDLER CAUGHT: Error: Phiên đăng nhập đã hết hạn. Vui lòng lấy Token mới.\n' +
    '    at authMiddleware (/app/src/middlewares/authMiddleware.ts:80:9)\n' +
    '    at Layer.handleRequest (/app/node_modules/router/lib/layer.js:152:17)\n' +
    '    at trimPrefix (/app/node_modules/router/index.js:342:13)\n' +
    '    at /app/node_modules/router/index.js:297:9\n' +
    '    at processParams (/app/node_modules/router/index.js:582:12)\n' +
    '    at next (/app/node_modules/router/index.js:291:5)\n' +
    '    at Function.handle (/app/node_modules/router/index.js:186:3)\n' +
    '    at router (/app/node_modules/router/index.js:60:12)\n' +
    '    at Layer.handleRequest (/app/node_modules/router/lib/layer.js:152:17)\n' +
    '    at trimPrefix (/app/node_modules/router/index.js:342:13)',
  level: 'error',
  timestamp: '2026-08-03T19:53:30.259Z'
}
{
  message: '[AuthController] Refresh Tokens',
  level: 'info',
  timestamp: '2026-08-03T19:53:30.271Z'
}
{
  message: 'Fetching user details for ID: 0cbc0c7f-fda6-4929-b479-ad9d83ace8ce',
  level: 'debug',
  timestamp: '2026-08-03T19:53:30.294Z'
}
{
  message: '[Cache Hit] Lấy thông tin user ID: 0cbc0c7f-fda6-4929-b479-ad9d83ace8ce từ Redis',
  level: 'debug',
  timestamp: '2026-08-03T19:53:30.294Z'
}
{
  message: '[AuthService] Tokens refreshed successfully for user: agent1@booking.com',
  level: 'info',
  timestamp: '2026-08-03T19:53:30.304Z'
}
{
  message: '[SchedulerService] Đang kiểm tra các booking hết hạn thanh toán...',
  level: 'info',
  timestamp: '2026-08-03T19:55:00.022Z'
}
{
  message: 'JWT Verification Error: jwt expired',
  level: 'error',
  timestamp: '2026-08-03T19:57:29.331Z'
}
{
  message: 'GLOBAL ERROR HANDLER CAUGHT: Error: Phiên đăng nhập đã hết hạn. Vui lòng lấy Token mới.\n' +
    '    at authMiddleware (/app/src/middlewares/authMiddleware.ts:80:9)\n' +
    '    at Layer.handleRequest (/app/node_modules/router/lib/layer.js:152:17)\n' +
    '    at next (/app/node_modules/router/lib/route.js:157:13)\n' +
    '    at Route.dispatch (/app/node_modules/router/lib/route.js:117:3)\n' +
    '    at handle (/app/node_modules/router/index.js:435:11)\n' +
    '    at Layer.handleRequest (/app/node_modules/router/lib/layer.js:152:17)\n' +
    '    at /app/node_modules/router/index.js:295:15\n' +
    '    at processParams (/app/node_modules/router/index.js:582:12)\n' +
    '    at next (/app/node_modules/router/index.js:291:5)\n' +
    '    at Function.handle (/app/node_modules/router/index.js:186:3)',
  level: 'error',
  timestamp: '2026-08-03T19:57:29.333Z'
}
{
  message: 'JWT Verification Error: jwt expired',
  level: 'error',
  timestamp: '2026-08-03T19:57:29.344Z'
}
{
  message: 'GLOBAL ERROR HANDLER CAUGHT: Error: Phiên đăng nhập đã hết hạn. Vui lòng lấy Token mới.\n' +
    '    at authMiddleware (/app/src/middlewares/authMiddleware.ts:80:9)\n' +
    '    at Layer.handleRequest (/app/node_modules/router/lib/layer.js:152:17)\n' +
    '    at next (/app/node_modules/router/lib/route.js:157:13)\n' +
    '    at Route.dispatch (/app/node_modules/router/lib/route.js:117:3)\n' +
    '    at handle (/app/node_modules/router/index.js:435:11)\n' +
    '    at Layer.handleRequest (/app/node_modules/router/lib/layer.js:152:17)\n' +
    '    at /app/node_modules/router/index.js:295:15\n' +
    '    at processParams (/app/node_modules/router/index.js:582:12)\n' +
    '    at next (/app/node_modules/router/index.js:291:5)\n' +
    '    at Function.handle (/app/node_modules/router/index.js:186:3)',
  level: 'error',
  timestamp: '2026-08-03T19:57:29.346Z'
}
{
  message: '[AuthController] Refresh Tokens',
  level: 'info',
  timestamp: '2026-08-03T19:57:29.398Z'
}
{
  message: 'Fetching user details for ID: 6173a954-cbea-43c4-bbf1-ace8f7b9bc1e',
  level: 'debug',
  timestamp: '2026-08-03T19:57:29.457Z'
}
{
  message: '[Cache Hit] Lấy thông tin user ID: 6173a954-cbea-43c4-bbf1-ace8f7b9bc1e từ Redis',
  level: 'debug',
  timestamp: '2026-08-03T19:57:29.460Z'
}
{
  message: '[AuthService] Tokens refreshed successfully for user: tranhieudz2024@gmail.com',
  level: 'info',
  timestamp: '2026-08-03T19:57:29.540Z'
}
{
  message: 'JWT Verification Error: jwt expired',
  level: 'error',
  timestamp: '2026-08-03T19:57:29.719Z'
}
{
  message: 'GLOBAL ERROR HANDLER CAUGHT: Error: Phiên đăng nhập đã hết hạn. Vui lòng lấy Token mới.\n' +
    '    at authMiddleware (/app/src/middlewares/authMiddleware.ts:80:9)\n' +
    '    at Layer.handleRequest (/app/node_modules/router/lib/layer.js:152:17)\n' +
    '    at next (/app/node_modules/router/lib/route.js:157:13)\n' +
    '    at Route.dispatch (/app/node_modules/router/lib/route.js:117:3)\n' +
    '    at handle (/app/node_modules/router/index.js:435:11)\n' +
    '    at Layer.handleRequest (/app/node_modules/router/lib/layer.js:152:17)\n' +
    '    at /app/node_modules/router/index.js:295:15\n' +
    '    at processParams (/app/node_modules/router/index.js:582:12)\n' +
    '    at next (/app/node_modules/router/index.js:291:5)\n' +
    '    at Function.handle (/app/node_modules/router/index.js:186:3)',
  level: 'error',
  timestamp: '2026-08-03T19:57:29.720Z'
}
{
  message: 'JWT Verification Error: jwt expired',
  level: 'error',
  timestamp: '2026-08-03T19:57:29.727Z'
}
{
  message: 'GLOBAL ERROR HANDLER CAUGHT: Error: Phiên đăng nhập đã hết hạn. Vui lòng lấy Token mới.\n' +
    '    at authMiddleware (/app/src/middlewares/authMiddleware.ts:80:9)\n' +
    '    at Layer.handleRequest (/app/node_modules/router/lib/layer.js:152:17)\n' +
    '    at next (/app/node_modules/router/lib/route.js:157:13)\n' +
    '    at Route.dispatch (/app/node_modules/router/lib/route.js:117:3)\n' +
    '    at handle (/app/node_modules/router/index.js:435:11)\n' +
    '    at Layer.handleRequest (/app/node_modules/router/lib/layer.js:152:17)\n' +
    '    at /app/node_modules/router/index.js:295:15\n' +
    '    at processParams (/app/node_modules/router/index.js:582:12)\n' +
    '    at next (/app/node_modules/router/index.js:291:5)\n' +
    '    at Function.handle (/app/node_modules/router/index.js:186:3)',
  level: 'error',
  timestamp: '2026-08-03T19:57:29.728Z'
}
{
  userId: '6173a954-cbea-43c4-bbf1-ace8f7b9bc1e',
  level: 'info',
  message: '[AuthController] Get Me',
  timestamp: '2026-08-03T19:57:29.762Z'
}
{
  message: 'Fetching user details for ID: 6173a954-cbea-43c4-bbf1-ace8f7b9bc1e',
  level: 'debug',
  timestamp: '2026-08-03T19:57:29.763Z'
}
{
  message: '[Cache Hit] Lấy thông tin user ID: 6173a954-cbea-43c4-bbf1-ace8f7b9bc1e từ Redis',
  level: 'debug',
  timestamp: '2026-08-03T19:57:29.764Z'
}
{
  userId: '6173a954-cbea-43c4-bbf1-ace8f7b9bc1e',
  level: 'info',
  message: '[AuthController] Get Me',
  timestamp: '2026-08-03T19:57:29.772Z'
}
{
  message: 'Fetching user details for ID: 6173a954-cbea-43c4-bbf1-ace8f7b9bc1e',
  level: 'debug',
  timestamp: '2026-08-03T19:57:29.773Z'
}
{
  message: '[Cache Hit] Lấy thông tin user ID: 6173a954-cbea-43c4-bbf1-ace8f7b9bc1e từ Redis',
  level: 'debug',
  timestamp: '2026-08-03T19:57:29.784Z'
}
{
  message: '[AuthController] Refresh Tokens',
  level: 'info',
  timestamp: '2026-08-03T19:57:29.789Z'
}
{
  message: 'Fetching user details for ID: 0cbc0c7f-fda6-4929-b479-ad9d83ace8ce',
  level: 'debug',
  timestamp: '2026-08-03T19:57:29.806Z'
}
{
  message: '[Cache Hit] Lấy thông tin user ID: 0cbc0c7f-fda6-4929-b479-ad9d83ace8ce từ Redis',
  level: 'debug',
  timestamp: '2026-08-03T19:57:29.808Z'
}
{
  message: '[AuthService] Tokens refreshed successfully for user: agent1@booking.com',
  level: 'info',
  timestamp: '2026-08-03T19:57:29.831Z'
}
{
  userId: '0cbc0c7f-fda6-4929-b479-ad9d83ace8ce',
  level: 'info',
  message: '[AuthController] Get Me',
  timestamp: '2026-08-03T19:57:29.913Z'
}
{
  message: 'Fetching user details for ID: 0cbc0c7f-fda6-4929-b479-ad9d83ace8ce',
  level: 'debug',
  timestamp: '2026-08-03T19:57:29.914Z'
}
{
  message: '[Cache Hit] Lấy thông tin user ID: 0cbc0c7f-fda6-4929-b479-ad9d83ace8ce từ Redis',
  level: 'debug',
  timestamp: '2026-08-03T19:57:29.915Z'
}
{
  userId: '0cbc0c7f-fda6-4929-b479-ad9d83ace8ce',
  level: 'info',
  message: '[AuthController] Get Me',
  timestamp: '2026-08-03T19:57:29.923Z'
}
{
  message: 'Fetching user details for ID: 0cbc0c7f-fda6-4929-b479-ad9d83ace8ce',
  level: 'debug',
  timestamp: '2026-08-03T19:57:29.923Z'
}
{
  message: '[Cache Hit] Lấy thông tin user ID: 0cbc0c7f-fda6-4929-b479-ad9d83ace8ce từ Redis',
  level: 'debug',
  timestamp: '2026-08-03T19:57:29.924Z'
}
{
  message: '[BookingController] Get user bookings',
  level: 'info',
  timestamp: '2026-08-03T19:57:30.171Z'
}
{
  message: '[HotelController] Get my hotels',
  level: 'info',
  timestamp: '2026-08-03T19:57:30.199Z'
}
{
  message: '[HotelController] Get my hotels',
  level: 'info',
  timestamp: '2026-08-03T19:57:30.275Z'
}
{
  message: '[BookingController] Get user bookings',
  level: 'info',
  timestamp: '2026-08-03T19:57:30.291Z'
}
{
  hotelId: '47451836-dfa0-4b5c-b770-43e87150fe10',
  level: 'info',
  message: '[BookingController] Get hotel bookings',
  timestamp: '2026-08-03T19:57:30.394Z'
}
{
  hotelId: 'fda0f2da-56b2-46ac-afa7-7bb4e6d06edc',
  level: 'info',
  message: '[BookingController] Get hotel bookings',
  timestamp: '2026-08-03T19:57:30.409Z'
}
{
  message: '[Cache Hit] Lấy thông tin hotel ID: 47451836-dfa0-4b5c-b770-43e87150fe10 từ Redis',
  level: 'debug',
  timestamp: '2026-08-03T19:57:30.423Z'
}
{
  message: '[Cache Hit] Lấy thông tin hotel ID: fda0f2da-56b2-46ac-afa7-7bb4e6d06edc từ Redis',
  level: 'debug',
  timestamp: '2026-08-03T19:57:30.424Z'
}
{
  hotelId: '6476b4b4-c8ba-4f05-a3ae-9ba776ad4be3',
  level: 'info',
  message: '[BookingController] Get hotel bookings',
  timestamp: '2026-08-03T19:57:30.451Z'
}
{
  hotelId: '3ff5cc53-9069-45bc-a39e-2295bebd3ea5',
  level: 'info',
  message: '[BookingController] Get hotel bookings',
  timestamp: '2026-08-03T19:57:30.463Z'
}
{
  message: '[Cache Hit] Lấy thông tin hotel ID: 6476b4b4-c8ba-4f05-a3ae-9ba776ad4be3 từ Redis',
  level: 'debug',
  timestamp: '2026-08-03T19:57:30.468Z'
}
{
  message: '[Cache Hit] Lấy thông tin hotel ID: 3ff5cc53-9069-45bc-a39e-2295bebd3ea5 từ Redis',
  level: 'debug',
  timestamp: '2026-08-03T19:57:30.469Z'
}
{
  hotelId: 'd79e14bd-e09b-49c3-80d7-4442133e57d6',
  level: 'info',
  message: '[BookingController] Get hotel bookings',
  timestamp: '2026-08-03T19:57:30.486Z'
}
{
  message: '[Cache Hit] Lấy thông tin hotel ID: d79e14bd-e09b-49c3-80d7-4442133e57d6 từ Redis',
  level: 'debug',
  timestamp: '2026-08-03T19:57:30.488Z'
}
{
  hotelId: '52eb4a25-dcb7-4bea-81ac-9d12053bd2c0',
  level: 'info',
  message: '[BookingController] Get hotel bookings',
  timestamp: '2026-08-03T19:57:30.495Z'
}
{
  hotelId: '45ea8129-6cde-4f0a-b8a5-701260e11966',
  level: 'info',
  message: '[BookingController] Get hotel bookings',
  timestamp: '2026-08-03T19:57:30.506Z'
}
{
  message: '[Cache Hit] Lấy thông tin hotel ID: 52eb4a25-dcb7-4bea-81ac-9d12053bd2c0 từ Redis',
  level: 'debug',
  timestamp: '2026-08-03T19:57:30.508Z'
}
{
  message: '[Cache Hit] Lấy thông tin hotel ID: 45ea8129-6cde-4f0a-b8a5-701260e11966 từ Redis',
  level: 'debug',
  timestamp: '2026-08-03T19:57:30.509Z'
}
{
  hotelId: 'db71d087-b5a7-47be-b2a3-04e168e623b9',
  level: 'info',
  message: '[BookingController] Get hotel bookings',
  timestamp: '2026-08-03T19:57:30.526Z'
}
{
  message: '[Cache Hit] Lấy thông tin hotel ID: db71d087-b5a7-47be-b2a3-04e168e623b9 từ Redis',
  level: 'debug',
  timestamp: '2026-08-03T19:57:30.528Z'
}
{
  hotelId: 'ae4ccd44-300e-4ca3-b16c-d3e71b6a0193',
  level: 'info',
  message: '[BookingController] Get hotel bookings',
  timestamp: '2026-08-03T19:57:30.548Z'
}
{
  hotelId: '1f63d07b-44ef-412e-8e8f-fc20853648c3',
  level: 'info',
  message: '[BookingController] Get hotel bookings',
  timestamp: '2026-08-03T19:57:30.560Z'
}
{
  message: '[Cache Hit] Lấy thông tin hotel ID: ae4ccd44-300e-4ca3-b16c-d3e71b6a0193 từ Redis',
  level: 'debug',
  timestamp: '2026-08-03T19:57:30.562Z'
}
{
  hotelId: '61f3e4c1-cba1-48b1-851c-16bc9d413ec2',
  level: 'info',
  message: '[BookingController] Get hotel bookings',
  timestamp: '2026-08-03T19:57:30.580Z'
}
{
  hotelId: 'a9778731-bce8-4dbf-8b2f-ab2543bfdcdc',
  level: 'info',
  message: '[BookingController] Get hotel bookings',
  timestamp: '2026-08-03T19:57:30.585Z'
}
{
  message: '[Cache Hit] Lấy thông tin hotel ID: 1f63d07b-44ef-412e-8e8f-fc20853648c3 từ Redis',
  level: 'debug',
  timestamp: '2026-08-03T19:57:30.587Z'
}
{
  message: '[Cache Hit] Lấy thông tin hotel ID: 61f3e4c1-cba1-48b1-851c-16bc9d413ec2 từ Redis',
  level: 'debug',
  timestamp: '2026-08-03T19:57:30.588Z'
}
{
  message: '[Cache Hit] Lấy thông tin hotel ID: a9778731-bce8-4dbf-8b2f-ab2543bfdcdc từ Redis',
  level: 'debug',
  timestamp: '2026-08-03T19:57:30.588Z'
}
{
  hotelId: 'd29b2e2a-8af1-4273-8f2d-87053225f461',
  level: 'info',
  message: '[BookingController] Get hotel bookings',
  timestamp: '2026-08-03T19:57:30.594Z'
}
{
  hotelId: '09928f48-b9bb-4700-85d2-51b072eef2c9',
  level: 'info',
  message: '[BookingController] Get hotel bookings',
  timestamp: '2026-08-03T19:57:30.606Z'
}
{
  message: '[Cache Hit] Lấy thông tin hotel ID: d29b2e2a-8af1-4273-8f2d-87053225f461 từ Redis',
  level: 'debug',
  timestamp: '2026-08-03T19:57:30.609Z'
}
{
  message: '[Cache Hit] Lấy thông tin hotel ID: 09928f48-b9bb-4700-85d2-51b072eef2c9 từ Redis',
  level: 'debug',
  timestamp: '2026-08-03T19:57:30.609Z'
}
{
  hotelId: 'fdfc5eb7-97ff-450b-9edf-723739f36d56',
  level: 'info',
  message: '[BookingController] Get hotel bookings',
  timestamp: '2026-08-03T19:57:30.626Z'
}
{
  message: '[Cache Hit] Lấy thông tin hotel ID: fdfc5eb7-97ff-450b-9edf-723739f36d56 từ Redis',
  level: 'debug',
  timestamp: '2026-08-03T19:57:30.628Z'
}
{
  hotelId: '47451836-dfa0-4b5c-b770-43e87150fe10',
  level: 'info',
  message: '[BookingController] Get hotel bookings',
  timestamp: '2026-08-03T19:57:30.635Z'
}
{
  hotelId: 'fda0f2da-56b2-46ac-afa7-7bb4e6d06edc',
  level: 'info',
  message: '[BookingController] Get hotel bookings',
  timestamp: '2026-08-03T19:57:30.640Z'
}
{
  message: '[Cache Hit] Lấy thông tin hotel ID: 47451836-dfa0-4b5c-b770-43e87150fe10 từ Redis',
  level: 'debug',
  timestamp: '2026-08-03T19:57:30.645Z'
}
{
  message: '[Cache Hit] Lấy thông tin hotel ID: fda0f2da-56b2-46ac-afa7-7bb4e6d06edc từ Redis',
  level: 'debug',
  timestamp: '2026-08-03T19:57:30.645Z'
}
{
  hotelId: 'd79e14bd-e09b-49c3-80d7-4442133e57d6',
  level: 'info',
  message: '[BookingController] Get hotel bookings',
  timestamp: '2026-08-03T19:57:30.655Z'
}
{
  hotelId: '45ea8129-6cde-4f0a-b8a5-701260e11966',
  level: 'info',
  message: '[BookingController] Get hotel bookings',
  timestamp: '2026-08-03T19:57:30.662Z'
}
{
  message: '[Cache Hit] Lấy thông tin hotel ID: d79e14bd-e09b-49c3-80d7-4442133e57d6 từ Redis',
  level: 'debug',
  timestamp: '2026-08-03T19:57:30.663Z'
}
{
  message: '[Cache Hit] Lấy thông tin hotel ID: 45ea8129-6cde-4f0a-b8a5-701260e11966 từ Redis',
  level: 'debug',
  timestamp: '2026-08-03T19:57:30.664Z'
}
{
  hotelId: 'db71d087-b5a7-47be-b2a3-04e168e623b9',
  level: 'info',
  message: '[BookingController] Get hotel bookings',
  timestamp: '2026-08-03T19:57:30.673Z'
}
{
  message: '[Cache Hit] Lấy thông tin hotel ID: db71d087-b5a7-47be-b2a3-04e168e623b9 từ Redis',
  level: 'debug',
  timestamp: '2026-08-03T19:57:30.675Z'
}
{
  hotelId: '52eb4a25-dcb7-4bea-81ac-9d12053bd2c0',
  level: 'info',
  message: '[BookingController] Get hotel bookings',
  timestamp: '2026-08-03T19:57:30.685Z'
}
{
  hotelId: 'ae4ccd44-300e-4ca3-b16c-d3e71b6a0193',
  level: 'info',
  message: '[BookingController] Get hotel bookings',
  timestamp: '2026-08-03T19:57:30.692Z'
}
{
  message: '[Cache Hit] Lấy thông tin hotel ID: 52eb4a25-dcb7-4bea-81ac-9d12053bd2c0 từ Redis',
  level: 'debug',
  timestamp: '2026-08-03T19:57:30.694Z'
}
{
  message: '[Cache Hit] Lấy thông tin hotel ID: ae4ccd44-300e-4ca3-b16c-d3e71b6a0193 từ Redis',
  level: 'debug',
  timestamp: '2026-08-03T19:57:30.695Z'
}
{
  hotelId: '6476b4b4-c8ba-4f05-a3ae-9ba776ad4be3',
  level: 'info',
  message: '[BookingController] Get hotel bookings',
  timestamp: '2026-08-03T19:57:30.705Z'
}
{
  hotelId: '3ff5cc53-9069-45bc-a39e-2295bebd3ea5',
  level: 'info',
  message: '[BookingController] Get hotel bookings',
  timestamp: '2026-08-03T19:57:30.708Z'
}
{
  message: '[Cache Hit] Lấy thông tin hotel ID: 6476b4b4-c8ba-4f05-a3ae-9ba776ad4be3 từ Redis',
  level: 'debug',
  timestamp: '2026-08-03T19:57:30.710Z'
}
{
  message: '[Cache Hit] Lấy thông tin hotel ID: 3ff5cc53-9069-45bc-a39e-2295bebd3ea5 từ Redis',
  level: 'debug',
  timestamp: '2026-08-03T19:57:30.712Z'
}
{
  hotelId: '1f63d07b-44ef-412e-8e8f-fc20853648c3',
  level: 'info',
  message: '[BookingController] Get hotel bookings',
  timestamp: '2026-08-03T19:57:30.723Z'
}
{
  hotelId: '61f3e4c1-cba1-48b1-851c-16bc9d413ec2',
  level: 'info',
  message: '[BookingController] Get hotel bookings',
  timestamp: '2026-08-03T19:57:30.727Z'
}
{
  message: '[Cache Hit] Lấy thông tin hotel ID: 1f63d07b-44ef-412e-8e8f-fc20853648c3 từ Redis',
  level: 'debug',
  timestamp: '2026-08-03T19:57:30.728Z'
}
{
  message: '[Cache Hit] Lấy thông tin hotel ID: 61f3e4c1-cba1-48b1-851c-16bc9d413ec2 từ Redis',
  level: 'debug',
  timestamp: '2026-08-03T19:57:30.729Z'
}
{
  hotelId: 'd29b2e2a-8af1-4273-8f2d-87053225f461',
  level: 'info',
  message: '[BookingController] Get hotel bookings',
  timestamp: '2026-08-03T19:57:30.739Z'
}
{
  hotelId: '09928f48-b9bb-4700-85d2-51b072eef2c9',
  level: 'info',
  message: '[BookingController] Get hotel bookings',
  timestamp: '2026-08-03T19:57:30.743Z'
}
{
  message: '[Cache Hit] Lấy thông tin hotel ID: d29b2e2a-8af1-4273-8f2d-87053225f461 từ Redis',
  level: 'debug',
  timestamp: '2026-08-03T19:57:30.744Z'
}
{
  message: '[Cache Hit] Lấy thông tin hotel ID: 09928f48-b9bb-4700-85d2-51b072eef2c9 từ Redis',
  level: 'debug',
  timestamp: '2026-08-03T19:57:30.745Z'
}
{
  hotelId: 'fdfc5eb7-97ff-450b-9edf-723739f36d56',
  level: 'info',
  message: '[BookingController] Get hotel bookings',
  timestamp: '2026-08-03T19:57:30.757Z'
}
{
  hotelId: 'a9778731-bce8-4dbf-8b2f-ab2543bfdcdc',
  level: 'info',
  message: '[BookingController] Get hotel bookings',
  timestamp: '2026-08-03T19:57:30.761Z'
}
{
  message: '[Cache Hit] Lấy thông tin hotel ID: fdfc5eb7-97ff-450b-9edf-723739f36d56 từ Redis',
  level: 'debug',
  timestamp: '2026-08-03T19:57:30.765Z'
}
{
  message: '[Cache Hit] Lấy thông tin hotel ID: a9778731-bce8-4dbf-8b2f-ab2543bfdcdc từ Redis',
  level: 'debug',
  timestamp: '2026-08-03T19:57:30.767Z'
}
{
  message: '[SchedulerService] Đang kiểm tra các booking hết hạn thanh toán...',
  level: 'info',
  timestamp: '2026-08-03T20:00:00.005Z'
}
{
  message: '[SchedulerService] Đang kiểm tra các booking hết hạn thanh toán...',
  level: 'info',
  timestamp: '2026-08-03T20:05:00.007Z'
}
{
  message: '[SchedulerService] Đang kiểm tra các booking hết hạn thanh toán...',
  level: 'info',
  timestamp: '2026-08-03T20:10:00.004Z'
}
{
  message: 'JWT Verification Error: jwt expired',
  level: 'error',
  timestamp: '2026-08-03T20:12:36.735Z'
}
{
  message: 'GLOBAL ERROR HANDLER CAUGHT: Error: Phiên đăng nhập đã hết hạn. Vui lòng lấy Token mới.\n' +
    '    at authMiddleware (/app/src/middlewares/authMiddleware.ts:80:9)\n' +
    '    at Layer.handleRequest (/app/node_modules/router/lib/layer.js:152:17)\n' +
    '    at next (/app/node_modules/router/lib/route.js:157:13)\n' +
    '    at Route.dispatch (/app/node_modules/router/lib/route.js:117:3)\n' +
    '    at handle (/app/node_modules/router/index.js:435:11)\n' +
    '    at Layer.handleRequest (/app/node_modules/router/lib/layer.js:152:17)\n' +
    '    at /app/node_modules/router/index.js:295:15\n' +
    '    at processParams (/app/node_modules/router/index.js:582:12)\n' +
    '    at next (/app/node_modules/router/index.js:291:5)\n' +
    '    at Function.handle (/app/node_modules/router/index.js:186:3)',
  level: 'error',
  timestamp: '2026-08-03T20:12:36.738Z'
}
{
  message: 'JWT Verification Error: jwt expired',
  level: 'error',
  timestamp: '2026-08-03T20:12:36.746Z'
}
{
  message: 'GLOBAL ERROR HANDLER CAUGHT: Error: Phiên đăng nhập đã hết hạn. Vui lòng lấy Token mới.\n' +
    '    at authMiddleware (/app/src/middlewares/authMiddleware.ts:80:9)\n' +
    '    at Layer.handleRequest (/app/node_modules/router/lib/layer.js:152:17)\n' +
    '    at next (/app/node_modules/router/lib/route.js:157:13)\n' +
    '    at Route.dispatch (/app/node_modules/router/lib/route.js:117:3)\n' +
    '    at handle (/app/node_modules/router/index.js:435:11)\n' +
    '    at Layer.handleRequest (/app/node_modules/router/lib/layer.js:152:17)\n' +
    '    at /app/node_modules/router/index.js:295:15\n' +
    '    at processParams (/app/node_modules/router/index.js:582:12)\n' +
    '    at next (/app/node_modules/router/index.js:291:5)\n' +
    '    at Function.handle (/app/node_modules/router/index.js:186:3)',
  level: 'error',
  timestamp: '2026-08-03T20:12:36.747Z'
}
{
  message: '[AuthController] Refresh Tokens',
  level: 'info',
  timestamp: '2026-08-03T20:12:36.756Z'
}
{
  message: 'Fetching user details for ID: 6173a954-cbea-43c4-bbf1-ace8f7b9bc1e',
  level: 'debug',
  timestamp: '2026-08-03T20:12:36.779Z'
}
{
  message: '[Cache Miss] Tìm user ID: 6173a954-cbea-43c4-bbf1-ace8f7b9bc1e trong Database',
  level: 'debug',
  timestamp: '2026-08-03T20:12:36.785Z'
}
{
  message: '[AuthService] Tokens refreshed successfully for user: tranhieudz2024@gmail.com',
  level: 'info',
  timestamp: '2026-08-03T20:12:36.846Z'
}
{
  userId: '6173a954-cbea-43c4-bbf1-ace8f7b9bc1e',
  level: 'info',
  message: '[AuthController] Get Me',
  timestamp: '2026-08-03T20:12:36.872Z'
}
{
  message: 'Fetching user details for ID: 6173a954-cbea-43c4-bbf1-ace8f7b9bc1e',
  level: 'debug',
  timestamp: '2026-08-03T20:12:36.872Z'
}
{
  message: '[Cache Hit] Lấy thông tin user ID: 6173a954-cbea-43c4-bbf1-ace8f7b9bc1e từ Redis',
  level: 'debug',
  timestamp: '2026-08-03T20:12:36.873Z'
}
{
  userId: '6173a954-cbea-43c4-bbf1-ace8f7b9bc1e',
  level: 'info',
  message: '[AuthController] Get Me',
  timestamp: '2026-08-03T20:12:36.879Z'
}
{
  message: 'Fetching user details for ID: 6173a954-cbea-43c4-bbf1-ace8f7b9bc1e',
  level: 'debug',
  timestamp: '2026-08-03T20:12:36.879Z'
}
{
  message: '[Cache Hit] Lấy thông tin user ID: 6173a954-cbea-43c4-bbf1-ace8f7b9bc1e từ Redis',
  level: 'debug',
  timestamp: '2026-08-03T20:12:36.880Z'
}
{
  message: '[BookingController] Get user bookings',
  level: 'info',
  timestamp: '2026-08-03T20:12:37.787Z'
}
{
  message: '[BookingController] Get user bookings',
  level: 'info',
  timestamp: '2026-08-03T20:12:37.835Z'
}
{
  message: 'JWT Verification Error: jwt expired',
  level: 'error',
  timestamp: '2026-08-03T20:13:15.779Z'
}
{
  message: 'GLOBAL ERROR HANDLER CAUGHT: Error: Phiên đăng nhập đã hết hạn. Vui lòng lấy Token mới.\n' +
    '    at authMiddleware (/app/src/middlewares/authMiddleware.ts:80:9)\n' +
    '    at Layer.handleRequest (/app/node_modules/router/lib/layer.js:152:17)\n' +
    '    at next (/app/node_modules/router/lib/route.js:157:13)\n' +
    '    at Route.dispatch (/app/node_modules/router/lib/route.js:117:3)\n' +
    '    at handle (/app/node_modules/router/index.js:435:11)\n' +
    '    at Layer.handleRequest (/app/node_modules/router/lib/layer.js:152:17)\n' +
    '    at /app/node_modules/router/index.js:295:15\n' +
    '    at processParams (/app/node_modules/router/index.js:582:12)\n' +
    '    at next (/app/node_modules/router/index.js:291:5)\n' +
    '    at Function.handle (/app/node_modules/router/index.js:186:3)',
  level: 'error',
  timestamp: '2026-08-03T20:13:15.781Z'
}
{
  message: 'JWT Verification Error: jwt expired',
  level: 'error',
  timestamp: '2026-08-03T20:13:15.790Z'
}
{
  message: 'GLOBAL ERROR HANDLER CAUGHT: Error: Phiên đăng nhập đã hết hạn. Vui lòng lấy Token mới.\n' +
    '    at authMiddleware (/app/src/middlewares/authMiddleware.ts:80:9)\n' +
    '    at Layer.handleRequest (/app/node_modules/router/lib/layer.js:152:17)\n' +
    '    at next (/app/node_modules/router/lib/route.js:157:13)\n' +
    '    at Route.dispatch (/app/node_modules/router/lib/route.js:117:3)\n' +
    '    at handle (/app/node_modules/router/index.js:435:11)\n' +
    '    at Layer.handleRequest (/app/node_modules/router/lib/layer.js:152:17)\n' +
    '    at /app/node_modules/router/index.js:295:15\n' +
    '    at processParams (/app/node_modules/router/index.js:582:12)\n' +
    '    at next (/app/node_modules/router/index.js:291:5)\n' +
    '    at Function.handle (/app/node_modules/router/index.js:186:3)',
  level: 'error',
  timestamp: '2026-08-03T20:13:15.791Z'
}
{
  message: '[AuthController] Refresh Tokens',
  level: 'info',
  timestamp: '2026-08-03T20:13:15.814Z'
}
{
  message: 'Fetching user details for ID: 6173a954-cbea-43c4-bbf1-ace8f7b9bc1e',
  level: 'debug',
  timestamp: '2026-08-03T20:13:15.845Z'
}
{
  message: '[Cache Hit] Lấy thông tin user ID: 6173a954-cbea-43c4-bbf1-ace8f7b9bc1e từ Redis',
  level: 'debug',
  timestamp: '2026-08-03T20:13:15.851Z'
}
{
  message: '[AuthService] Tokens refreshed successfully for user: tranhieudz2024@gmail.com',
  level: 'info',
  timestamp: '2026-08-03T20:13:15.871Z'
}
{
  userId: '6173a954-cbea-43c4-bbf1-ace8f7b9bc1e',
  level: 'info',
  message: '[AuthController] Get Me',
  timestamp: '2026-08-03T20:13:15.980Z'
}
{
  message: 'Fetching user details for ID: 6173a954-cbea-43c4-bbf1-ace8f7b9bc1e',
  level: 'debug',
  timestamp: '2026-08-03T20:13:15.980Z'
}
{
  message: '[Cache Hit] Lấy thông tin user ID: 6173a954-cbea-43c4-bbf1-ace8f7b9bc1e từ Redis',
  level: 'debug',
  timestamp: '2026-08-03T20:13:15.981Z'
}
{
  message: '[BookingController] Get user bookings',
  level: 'info',
  timestamp: '2026-08-03T20:13:15.985Z'
}
{
  userId: '6173a954-cbea-43c4-bbf1-ace8f7b9bc1e',
  level: 'info',
  message: '[AuthController] Get Me',
  timestamp: '2026-08-03T20:13:15.988Z'
}
{
  message: 'Fetching user details for ID: 6173a954-cbea-43c4-bbf1-ace8f7b9bc1e',
  level: 'debug',
  timestamp: '2026-08-03T20:13:15.989Z'
}
{
  message: '[Cache Hit] Lấy thông tin user ID: 6173a954-cbea-43c4-bbf1-ace8f7b9bc1e từ Redis',
  level: 'debug',
  timestamp: '2026-08-03T20:13:15.989Z'
}
{
  message: '[BookingController] Get user bookings',
  level: 'info',
  timestamp: '2026-08-03T20:13:16.000Z'
}
{
  message: '[SchedulerService] Đang kiểm tra các booking hết hạn thanh toán...',
  level: 'info',
  timestamp: '2026-08-03T20:15:00.004Z'
}
{
  message: '[SchedulerService] Đang kiểm tra các booking hết hạn thanh toán...',
  level: 'info',
  timestamp: '2026-08-03T20:20:00.007Z'
}
{
  message: '[SchedulerService] Đang kiểm tra các booking hết hạn thanh toán...',
  level: 'info',
  timestamp: '2026-08-03T20:25:00.003Z'
}
{
  message: '[SchedulerService] Đang kiểm tra các booking hết hạn thanh toán...',
  level: 'info',
  timestamp: '2026-08-03T20:30:00.011Z'
}
{
  message: '[SchedulerService] Đang kiểm tra các booking hết hạn thanh toán...',
  level: 'info',
  timestamp: '2026-08-03T20:35:00.026Z'
}
{
  message: '[SchedulerService] Đang kiểm tra các booking hết hạn thanh toán...',
  level: 'info',
  timestamp: '2026-08-03T20:40:00.003Z'
}
{
  message: '[SchedulerService] Đang kiểm tra các booking hết hạn thanh toán...',
  level: 'info',
  timestamp: '2026-08-03T20:45:00.028Z'
}
{
  message: '[SchedulerService] Đang kiểm tra các booking hết hạn thanh toán...',
  level: 'info',
  timestamp: '2026-08-03T20:50:00.004Z'
}
{
  message: '[SchedulerService] Đang kiểm tra các booking hết hạn thanh toán...',
  level: 'info',
  timestamp: '2026-08-03T20:55:00.003Z'
}
{
  message: '[SchedulerService] Đang kiểm tra các booking hết hạn thanh toán...',
  level: 'info',
  timestamp: '2026-08-03T21:00:00.017Z'
}
{
  message: '[SchedulerService] Đang kiểm tra các booking hết hạn thanh toán...',
  level: 'info',
  timestamp: '2026-08-03T21:05:00.011Z'
}
{
  message: '[SchedulerService] Đang kiểm tra các booking hết hạn thanh toán...',
  level: 'info',
  timestamp: '2026-08-03T21:10:00.014Z'
}
{
  message: '[SchedulerService] Đang kiểm tra các booking hết hạn thanh toán...',
  level: 'info',
  timestamp: '2026-08-03T21:15:00.007Z'
}
{
  message: '[SchedulerService] Đang kiểm tra các booking hết hạn thanh toán...',
  level: 'info',
  timestamp: '2026-08-03T21:20:00.010Z'
}
{
  message: 'JWT Verification Error: jwt expired',
  level: 'error',
  timestamp: '2026-08-04T02:30:50.356Z'
}
{
  message: 'GLOBAL ERROR HANDLER CAUGHT: Error: Phiên đăng nhập đã hết hạn. Vui lòng lấy Token mới.\n' +
    '    at authMiddleware (/app/src/middlewares/authMiddleware.ts:80:9)\n' +
    '    at Layer.handleRequest (/app/node_modules/router/lib/layer.js:152:17)\n' +
    '    at next (/app/node_modules/router/lib/route.js:157:13)\n' +
    '    at Route.dispatch (/app/node_modules/router/lib/route.js:117:3)\n' +
    '    at handle (/app/node_modules/router/index.js:435:11)\n' +
    '    at Layer.handleRequest (/app/node_modules/router/lib/layer.js:152:17)\n' +
    '    at /app/node_modules/router/index.js:295:15\n' +
    '    at processParams (/app/node_modules/router/index.js:582:12)\n' +
    '    at next (/app/node_modules/router/index.js:291:5)\n' +
    '    at Function.handle (/app/node_modules/router/index.js:186:3)',
  level: 'error',
  timestamp: '2026-08-04T02:30:50.359Z'
}
{
  message: 'JWT Verification Error: jwt expired',
  level: 'error',
  timestamp: '2026-08-04T02:30:50.366Z'
}
{
  message: 'GLOBAL ERROR HANDLER CAUGHT: Error: Phiên đăng nhập đã hết hạn. Vui lòng lấy Token mới.\n' +
    '    at authMiddleware (/app/src/middlewares/authMiddleware.ts:80:9)\n' +
    '    at Layer.handleRequest (/app/node_modules/router/lib/layer.js:152:17)\n' +
    '    at next (/app/node_modules/router/lib/route.js:157:13)\n' +
    '    at Route.dispatch (/app/node_modules/router/lib/route.js:117:3)\n' +
    '    at handle (/app/node_modules/router/index.js:435:11)\n' +
    '    at Layer.handleRequest (/app/node_modules/router/lib/layer.js:152:17)\n' +
    '    at /app/node_modules/router/index.js:295:15\n' +
    '    at processParams (/app/node_modules/router/index.js:582:12)\n' +
    '    at next (/app/node_modules/router/index.js:291:5)\n' +
    '    at Function.handle (/app/node_modules/router/index.js:186:3)',
  level: 'error',
  timestamp: '2026-08-04T02:30:50.368Z'
}
{
  message: '[AuthController] Refresh Tokens',
  level: 'info',
  timestamp: '2026-08-04T02:30:50.392Z'
}
{
  message: 'Fetching user details for ID: 6173a954-cbea-43c4-bbf1-ace8f7b9bc1e',
  level: 'debug',
  timestamp: '2026-08-04T02:30:50.431Z'
}
{
  message: '[Cache Miss] Tìm user ID: 6173a954-cbea-43c4-bbf1-ace8f7b9bc1e trong Database',
  level: 'debug',
  timestamp: '2026-08-04T02:30:50.434Z'
}
{
  message: '[AuthService] Tokens refreshed successfully for user: tranhieudz2024@gmail.com',
  level: 'info',
  timestamp: '2026-08-04T02:30:50.470Z'
}
{
  userId: '6173a954-cbea-43c4-bbf1-ace8f7b9bc1e',
  level: 'info',
  message: '[AuthController] Get Me',
  timestamp: '2026-08-04T02:30:50.544Z'
}
{
  message: 'Fetching user details for ID: 6173a954-cbea-43c4-bbf1-ace8f7b9bc1e',
  level: 'debug',
  timestamp: '2026-08-04T02:30:50.545Z'
}
{
  message: '[Cache Hit] Lấy thông tin user ID: 6173a954-cbea-43c4-bbf1-ace8f7b9bc1e từ Redis',
  level: 'debug',
  timestamp: '2026-08-04T02:30:50.551Z'
}
{
  message: '[BookingController] Get user bookings',
  level: 'info',
  timestamp: '2026-08-04T02:30:50.558Z'
}
{
  userId: '6173a954-cbea-43c4-bbf1-ace8f7b9bc1e',
  level: 'info',
  message: '[AuthController] Get Me',
  timestamp: '2026-08-04T02:30:50.561Z'
}
{
  message: 'Fetching user details for ID: 6173a954-cbea-43c4-bbf1-ace8f7b9bc1e',
  level: 'debug',
  timestamp: '2026-08-04T02:30:50.562Z'
}
{
  message: '[Cache Hit] Lấy thông tin user ID: 6173a954-cbea-43c4-bbf1-ace8f7b9bc1e từ Redis',
  level: 'debug',
  timestamp: '2026-08-04T02:30:50.563Z'
}
{
  message: '[BookingController] Get user bookings',
  level: 'info',
  timestamp: '2026-08-04T02:30:50.595Z'
}
{
  message: '[SchedulerService] Đang kiểm tra các booking hết hạn thanh toán...',
  level: 'info',
  timestamp: '2026-08-04T02:35:00.003Z'
}
{
  message: '[SchedulerService] Đang kiểm tra các booking hết hạn thanh toán...',
  level: 'info',
  timestamp: '2026-08-04T02:40:00.011Z'
}
{
  message: '[SchedulerService] Đang kiểm tra các booking hết hạn thanh toán...',
  level: 'info',
  timestamp: '2026-08-04T02:45:00.002Z'
}
{
  message: '[SchedulerService] Đang kiểm tra các booking hết hạn thanh toán...',
  level: 'info',
  timestamp: '2026-08-04T02:50:00.003Z'
}
{
  message: 'JWT Verification Error: jwt expired',
  level: 'error',
  timestamp: '2026-08-04T02:53:31.762Z'
}
{
  message: 'GLOBAL ERROR HANDLER CAUGHT: Error: Phiên đăng nhập đã hết hạn. Vui lòng lấy Token mới.\n' +
    '    at authMiddleware (/app/src/middlewares/authMiddleware.ts:80:9)\n' +
    '    at Layer.handleRequest (/app/node_modules/router/lib/layer.js:152:17)\n' +
    '    at next (/app/node_modules/router/lib/route.js:157:13)\n' +
    '    at Route.dispatch (/app/node_modules/router/lib/route.js:117:3)\n' +
    '    at handle (/app/node_modules/router/index.js:435:11)\n' +
    '    at Layer.handleRequest (/app/node_modules/router/lib/layer.js:152:17)\n' +
    '    at /app/node_modules/router/index.js:295:15\n' +
    '    at processParams (/app/node_modules/router/index.js:582:12)\n' +
    '    at next (/app/node_modules/router/index.js:291:5)\n' +
    '    at Function.handle (/app/node_modules/router/index.js:186:3)',
  level: 'error',
  timestamp: '2026-08-04T02:53:31.766Z'
}
{
  message: 'JWT Verification Error: jwt expired',
  level: 'error',
  timestamp: '2026-08-04T02:53:31.772Z'
}
{
  message: 'GLOBAL ERROR HANDLER CAUGHT: Error: Phiên đăng nhập đã hết hạn. Vui lòng lấy Token mới.\n' +
    '    at authMiddleware (/app/src/middlewares/authMiddleware.ts:80:9)\n' +
    '    at Layer.handleRequest (/app/node_modules/router/lib/layer.js:152:17)\n' +
    '    at next (/app/node_modules/router/lib/route.js:157:13)\n' +
    '    at Route.dispatch (/app/node_modules/router/lib/route.js:117:3)\n' +
    '    at handle (/app/node_modules/router/index.js:435:11)\n' +
    '    at Layer.handleRequest (/app/node_modules/router/lib/layer.js:152:17)\n' +
    '    at /app/node_modules/router/index.js:295:15\n' +
    '    at processParams (/app/node_modules/router/index.js:582:12)\n' +
    '    at next (/app/node_modules/router/index.js:291:5)\n' +
    '    at Function.handle (/app/node_modules/router/index.js:186:3)',
  level: 'error',
  timestamp: '2026-08-04T02:53:31.773Z'
}
{
  message: '[AuthController] Refresh Tokens',
  level: 'info',
  timestamp: '2026-08-04T02:53:31.784Z'
}
{
  message: 'Fetching user details for ID: 0cbc0c7f-fda6-4929-b479-ad9d83ace8ce',
  level: 'debug',
  timestamp: '2026-08-04T02:53:31.815Z'
}
{
  message: '[Cache Miss] Tìm user ID: 0cbc0c7f-fda6-4929-b479-ad9d83ace8ce trong Database',
  level: 'debug',
  timestamp: '2026-08-04T02:53:31.817Z'
}
{
  message: '[AuthService] Tokens refreshed successfully for user: agent1@booking.com',
  level: 'info',
  timestamp: '2026-08-04T02:53:31.857Z'
}
{
  userId: '0cbc0c7f-fda6-4929-b479-ad9d83ace8ce',
  level: 'info',
  message: '[AuthController] Get Me',
  timestamp: '2026-08-04T02:53:31.902Z'
}
{
  message: 'Fetching user details for ID: 0cbc0c7f-fda6-4929-b479-ad9d83ace8ce',
  level: 'debug',
  timestamp: '2026-08-04T02:53:31.903Z'
}
{
  message: '[Cache Hit] Lấy thông tin user ID: 0cbc0c7f-fda6-4929-b479-ad9d83ace8ce từ Redis',
  level: 'debug',
  timestamp: '2026-08-04T02:53:31.905Z'
}
{
  userId: '0cbc0c7f-fda6-4929-b479-ad9d83ace8ce',
  level: 'info',
  message: '[AuthController] Get Me',
  timestamp: '2026-08-04T02:53:31.919Z'
}
{
  message: 'Fetching user details for ID: 0cbc0c7f-fda6-4929-b479-ad9d83ace8ce',
  level: 'debug',
  timestamp: '2026-08-04T02:53:31.920Z'
}
{
  message: '[Cache Hit] Lấy thông tin user ID: 0cbc0c7f-fda6-4929-b479-ad9d83ace8ce từ Redis',
  level: 'debug',
  timestamp: '2026-08-04T02:53:31.921Z'
}
{
  message: '[Cache Hit] Lấy danh sách điểm đến hoạt động từ Redis',
  level: 'debug',
  timestamp: '2026-08-04T02:53:32.297Z'
}
{
  message: '[Cache Hit] Lấy danh sách điểm đến hoạt động từ Redis',
  level: 'debug',
  timestamp: '2026-08-04T02:53:32.313Z'
}
{
  message: '[Cache Hit] Lấy danh sách điểm đến hoạt động từ Redis',
  level: 'debug',
  timestamp: '2026-08-04T02:53:32.322Z'
}
{
  page: '1',
  limit: '10',
  status: 'ACTIVE',
  level: 'info',
  message: '[HotelController] Get all hotels with queries',
  timestamp: '2026-08-04T02:53:32.328Z'
}
{
  message: '[Cache Hit] Lấy danh sách điểm đến hoạt động từ Redis',
  level: 'debug',
  timestamp: '2026-08-04T02:53:32.337Z'
}
{
  page: '1',
  limit: '10',
  status: 'ACTIVE',
  level: 'info',
  message: '[HotelController] Get all hotels with queries',
  timestamp: '2026-08-04T02:53:32.425Z'
}
{
  page: '1',
  limit: '10',
  status: 'ACTIVE',
  level: 'info',
  message: '[HotelController] Get all hotels with queries',
  timestamp: '2026-08-04T02:53:36.387Z'
}
{
  message: '[Cache Hit] Lấy danh sách điểm đến hoạt động từ Redis',
  level: 'debug',
  timestamp: '2026-08-04T02:53:36.388Z'
}
{
  page: '1',
  limit: '10',
  status: 'ACTIVE',
  level: 'info',
  message: '[HotelController] Get all hotels with queries',
  timestamp: '2026-08-04T02:53:36.394Z'
}
{
  message: '[Cache Hit] Lấy danh sách điểm đến hoạt động từ Redis',
  level: 'debug',
  timestamp: '2026-08-04T02:53:36.395Z'
}
{
  message: '[Cache Hit] Lấy danh sách điểm đến hoạt động từ Redis',
  level: 'debug',
  timestamp: '2026-08-04T02:53:36.405Z'
}
{
  message: '[Cache Hit] Lấy danh sách điểm đến hoạt động từ Redis',
  level: 'debug',
  timestamp: '2026-08-04T02:53:36.415Z'
}
{
  message: '[HotelController] Get my hotels',
  level: 'info',
  timestamp: '2026-08-04T02:53:37.986Z'
}
{
  message: '[HotelController] Get my hotels',
  level: 'info',
  timestamp: '2026-08-04T02:53:38.021Z'
}
{
  hotelId: '47451836-dfa0-4b5c-b770-43e87150fe10',
  level: 'info',
  message: '[BookingController] Get hotel bookings',
  timestamp: '2026-08-04T02:53:38.108Z'
}
{
  message: '[Cache Miss] Tìm hotel ID: 47451836-dfa0-4b5c-b770-43e87150fe10 trong Database',
  level: 'debug',
  timestamp: '2026-08-04T02:53:38.141Z'
}
{
  hotelId: 'd29b2e2a-8af1-4273-8f2d-87053225f461',
  level: 'info',
  message: '[BookingController] Get hotel bookings',
  timestamp: '2026-08-04T02:53:38.184Z'
}
{
  message: '[Cache Miss] Tìm hotel ID: d29b2e2a-8af1-4273-8f2d-87053225f461 trong Database',
  level: 'debug',
  timestamp: '2026-08-04T02:53:38.194Z'
}
{
  hotelId: 'fda0f2da-56b2-46ac-afa7-7bb4e6d06edc',
  level: 'info',
  message: '[BookingController] Get hotel bookings',
  timestamp: '2026-08-04T02:53:38.197Z'
}
{
  message: '[Cache Miss] Tìm hotel ID: fda0f2da-56b2-46ac-afa7-7bb4e6d06edc trong Database',
  level: 'debug',
  timestamp: '2026-08-04T02:53:38.202Z'
}
{
  hotelId: 'd79e14bd-e09b-49c3-80d7-4442133e57d6',
  level: 'info',
  message: '[BookingController] Get hotel bookings',
  timestamp: '2026-08-04T02:53:38.213Z'
}
{
  message: '[Cache Miss] Tìm hotel ID: d79e14bd-e09b-49c3-80d7-4442133e57d6 trong Database',
  level: 'debug',
  timestamp: '2026-08-04T02:53:38.215Z'
}
{
  hotelId: '45ea8129-6cde-4f0a-b8a5-701260e11966',
  level: 'info',
  message: '[BookingController] Get hotel bookings',
  timestamp: '2026-08-04T02:53:38.221Z'
}
{
  message: '[Cache Miss] Tìm hotel ID: 45ea8129-6cde-4f0a-b8a5-701260e11966 trong Database',
  level: 'debug',
  timestamp: '2026-08-04T02:53:38.224Z'
}
{
  hotelId: 'ae4ccd44-300e-4ca3-b16c-d3e71b6a0193',
  level: 'info',
  message: '[BookingController] Get hotel bookings',
  timestamp: '2026-08-04T02:53:38.231Z'
}
{
  message: '[Cache Miss] Tìm hotel ID: ae4ccd44-300e-4ca3-b16c-d3e71b6a0193 trong Database',
  level: 'debug',
  timestamp: '2026-08-04T02:53:38.233Z'
}
{
  hotelId: 'fdfc5eb7-97ff-450b-9edf-723739f36d56',
  level: 'info',
  message: '[BookingController] Get hotel bookings',
  timestamp: '2026-08-04T02:53:38.256Z'
}
{
  message: '[Cache Miss] Tìm hotel ID: fdfc5eb7-97ff-450b-9edf-723739f36d56 trong Database',
  level: 'debug',
  timestamp: '2026-08-04T02:53:38.260Z'
}
{
  hotelId: '52eb4a25-dcb7-4bea-81ac-9d12053bd2c0',
  level: 'info',
  message: '[BookingController] Get hotel bookings',
  timestamp: '2026-08-04T02:53:38.323Z'
}
{
  hotelId: '6476b4b4-c8ba-4f05-a3ae-9ba776ad4be3',
  level: 'info',
  message: '[BookingController] Get hotel bookings',
  timestamp: '2026-08-04T02:53:38.328Z'
}
{
  message: '[Cache Miss] Tìm hotel ID: 52eb4a25-dcb7-4bea-81ac-9d12053bd2c0 trong Database',
  level: 'debug',
  timestamp: '2026-08-04T02:53:38.335Z'
}
{
  message: '[Cache Miss] Tìm hotel ID: 6476b4b4-c8ba-4f05-a3ae-9ba776ad4be3 trong Database',
  level: 'debug',
  timestamp: '2026-08-04T02:53:38.336Z'
}
{
  hotelId: '61f3e4c1-cba1-48b1-851c-16bc9d413ec2',
  level: 'info',
  message: '[BookingController] Get hotel bookings',
  timestamp: '2026-08-04T02:53:38.390Z'
}
{
  hotelId: '3ff5cc53-9069-45bc-a39e-2295bebd3ea5',
  level: 'info',
  message: '[BookingController] Get hotel bookings',
  timestamp: '2026-08-04T02:53:38.393Z'
}
{
  hotelId: 'a9778731-bce8-4dbf-8b2f-ab2543bfdcdc',
  level: 'info',
  message: '[BookingController] Get hotel bookings',
  timestamp: '2026-08-04T02:53:38.400Z'
}
{
  message: '[Cache Miss] Tìm hotel ID: 61f3e4c1-cba1-48b1-851c-16bc9d413ec2 trong Database',
  level: 'debug',
  timestamp: '2026-08-04T02:53:38.401Z'
}
{
  message: '[Cache Miss] Tìm hotel ID: 3ff5cc53-9069-45bc-a39e-2295bebd3ea5 trong Database',
  level: 'debug',
  timestamp: '2026-08-04T02:53:38.402Z'
}
{
  message: '[Cache Miss] Tìm hotel ID: a9778731-bce8-4dbf-8b2f-ab2543bfdcdc trong Database',
  level: 'debug',
  timestamp: '2026-08-04T02:53:38.402Z'
}
{
  hotelId: 'db71d087-b5a7-47be-b2a3-04e168e623b9',
  level: 'info',
  message: '[BookingController] Get hotel bookings',
  timestamp: '2026-08-04T02:53:38.433Z'
}
{
  hotelId: '09928f48-b9bb-4700-85d2-51b072eef2c9',
  level: 'info',
  message: '[BookingController] Get hotel bookings',
  timestamp: '2026-08-04T02:53:38.439Z'
}
{
  message: '[Cache Miss] Tìm hotel ID: db71d087-b5a7-47be-b2a3-04e168e623b9 trong Database',
  level: 'debug',
  timestamp: '2026-08-04T02:53:38.446Z'
}
{
  message: '[Cache Miss] Tìm hotel ID: 09928f48-b9bb-4700-85d2-51b072eef2c9 trong Database',
  level: 'debug',
  timestamp: '2026-08-04T02:53:38.446Z'
}
{
  hotelId: '1f63d07b-44ef-412e-8e8f-fc20853648c3',
  level: 'info',
  message: '[BookingController] Get hotel bookings',
  timestamp: '2026-08-04T02:53:38.471Z'
}
{
  hotelId: '47451836-dfa0-4b5c-b770-43e87150fe10',
  level: 'info',
  message: '[BookingController] Get hotel bookings',
  timestamp: '2026-08-04T02:53:38.474Z'
}
{
  hotelId: 'fdfc5eb7-97ff-450b-9edf-723739f36d56',
  level: 'info',
  message: '[BookingController] Get hotel bookings',
  timestamp: '2026-08-04T02:53:38.478Z'
}
{
  hotelId: 'd29b2e2a-8af1-4273-8f2d-87053225f461',
  level: 'info',
  message: '[BookingController] Get hotel bookings',
  timestamp: '2026-08-04T02:53:38.482Z'
}
{
  message: '[Cache Miss] Tìm hotel ID: 1f63d07b-44ef-412e-8e8f-fc20853648c3 trong Database',
  level: 'debug',
  timestamp: '2026-08-04T02:53:38.486Z'
}
{
  message: '[Cache Hit] Lấy thông tin hotel ID: 47451836-dfa0-4b5c-b770-43e87150fe10 từ Redis',
  level: 'debug',
  timestamp: '2026-08-04T02:53:38.487Z'
}
{
  message: '[Cache Hit] Lấy thông tin hotel ID: fdfc5eb7-97ff-450b-9edf-723739f36d56 từ Redis',
  level: 'debug',
  timestamp: '2026-08-04T02:53:38.488Z'
}
{
  message: '[Cache Hit] Lấy thông tin hotel ID: d29b2e2a-8af1-4273-8f2d-87053225f461 từ Redis',
  level: 'debug',
  timestamp: '2026-08-04T02:53:38.488Z'
}
{
  hotelId: 'd79e14bd-e09b-49c3-80d7-4442133e57d6',
  level: 'info',
  message: '[BookingController] Get hotel bookings',
  timestamp: '2026-08-04T02:53:38.504Z'
}
{
  hotelId: '45ea8129-6cde-4f0a-b8a5-701260e11966',
  level: 'info',
  message: '[BookingController] Get hotel bookings',
  timestamp: '2026-08-04T02:53:38.511Z'
}
{
  hotelId: 'ae4ccd44-300e-4ca3-b16c-d3e71b6a0193',
  level: 'info',
  message: '[BookingController] Get hotel bookings',
  timestamp: '2026-08-04T02:53:38.517Z'
}
{
  message: '[Cache Hit] Lấy thông tin hotel ID: d79e14bd-e09b-49c3-80d7-4442133e57d6 từ Redis',
  level: 'debug',
  timestamp: '2026-08-04T02:53:38.517Z'
}
{
  message: '[Cache Hit] Lấy thông tin hotel ID: 45ea8129-6cde-4f0a-b8a5-701260e11966 từ Redis',
  level: 'debug',
  timestamp: '2026-08-04T02:53:38.518Z'
}
{
  message: '[Cache Hit] Lấy thông tin hotel ID: ae4ccd44-300e-4ca3-b16c-d3e71b6a0193 từ Redis',
  level: 'debug',
  timestamp: '2026-08-04T02:53:38.518Z'
}
{
  hotelId: '52eb4a25-dcb7-4bea-81ac-9d12053bd2c0',
  level: 'info',
  message: '[BookingController] Get hotel bookings',
  timestamp: '2026-08-04T02:53:38.533Z'
}
{
  hotelId: '6476b4b4-c8ba-4f05-a3ae-9ba776ad4be3',
  level: 'info',
  message: '[BookingController] Get hotel bookings',
  timestamp: '2026-08-04T02:53:38.537Z'
}
{
  hotelId: '61f3e4c1-cba1-48b1-851c-16bc9d413ec2',
  level: 'info',
  message: '[BookingController] Get hotel bookings',
  timestamp: '2026-08-04T02:53:38.541Z'
}
{
  hotelId: '3ff5cc53-9069-45bc-a39e-2295bebd3ea5',
  level: 'info',
  message: '[BookingController] Get hotel bookings',
  timestamp: '2026-08-04T02:53:38.544Z'
}
{
  hotelId: 'a9778731-bce8-4dbf-8b2f-ab2543bfdcdc',
  level: 'info',
  message: '[BookingController] Get hotel bookings',
  timestamp: '2026-08-04T02:53:38.547Z'
}
{
  message: '[Cache Hit] Lấy thông tin hotel ID: 52eb4a25-dcb7-4bea-81ac-9d12053bd2c0 từ Redis',
  level: 'debug',
  timestamp: '2026-08-04T02:53:38.549Z'
}
{
  message: '[Cache Hit] Lấy thông tin hotel ID: 6476b4b4-c8ba-4f05-a3ae-9ba776ad4be3 từ Redis',
  level: 'debug',
  timestamp: '2026-08-04T02:53:38.549Z'
}
{
  message: '[Cache Hit] Lấy thông tin hotel ID: 61f3e4c1-cba1-48b1-851c-16bc9d413ec2 từ Redis',
  level: 'debug',
  timestamp: '2026-08-04T02:53:38.550Z'
}
{
  message: '[Cache Hit] Lấy thông tin hotel ID: 3ff5cc53-9069-45bc-a39e-2295bebd3ea5 từ Redis',
  level: 'debug',
  timestamp: '2026-08-04T02:53:38.550Z'
}
{
  message: '[Cache Hit] Lấy thông tin hotel ID: a9778731-bce8-4dbf-8b2f-ab2543bfdcdc từ Redis',
  level: 'debug',
  timestamp: '2026-08-04T02:53:38.551Z'
}
{
  hotelId: 'fda0f2da-56b2-46ac-afa7-7bb4e6d06edc',
  level: 'info',
  message: '[BookingController] Get hotel bookings',
  timestamp: '2026-08-04T02:53:38.567Z'
}
{
  hotelId: '09928f48-b9bb-4700-85d2-51b072eef2c9',
  level: 'info',
  message: '[BookingController] Get hotel bookings',
  timestamp: '2026-08-04T02:53:38.570Z'
}
{
  hotelId: 'db71d087-b5a7-47be-b2a3-04e168e623b9',
  level: 'info',
  message: '[BookingController] Get hotel bookings',
  timestamp: '2026-08-04T02:53:38.573Z'
}
{
  message: '[Cache Hit] Lấy thông tin hotel ID: fda0f2da-56b2-46ac-afa7-7bb4e6d06edc từ Redis',
  level: 'debug',
  timestamp: '2026-08-04T02:53:38.577Z'
}
{
  message: '[Cache Hit] Lấy thông tin hotel ID: 09928f48-b9bb-4700-85d2-51b072eef2c9 từ Redis',
  level: 'debug',
  timestamp: '2026-08-04T02:53:38.578Z'
}
{
  message: '[Cache Hit] Lấy thông tin hotel ID: db71d087-b5a7-47be-b2a3-04e168e623b9 từ Redis',
  level: 'debug',
  timestamp: '2026-08-04T02:53:38.578Z'
}
{
  hotelId: '1f63d07b-44ef-412e-8e8f-fc20853648c3',
  level: 'info',
  message: '[BookingController] Get hotel bookings',
  timestamp: '2026-08-04T02:53:38.589Z'
}
{
  message: '[Cache Hit] Lấy thông tin hotel ID: 1f63d07b-44ef-412e-8e8f-fc20853648c3 từ Redis',
  level: 'debug',
  timestamp: '2026-08-04T02:53:38.591Z'
}
{
  message: '[HotelController] Get my hotels',
  level: 'info',
  timestamp: '2026-08-04T02:53:40.008Z'
}
{
  message: '[HotelController] Get my hotels',
  level: 'info',
  timestamp: '2026-08-04T02:53:40.026Z'
}
{
  message: '[HotelController] Get my hotels',
  level: 'info',
  timestamp: '2026-08-04T02:53:41.008Z'
}
{
  message: '[HotelController] Get my hotels',
  level: 'info',
  timestamp: '2026-08-04T02:53:41.020Z'
}
{
  hotelId: '47451836-dfa0-4b5c-b770-43e87150fe10',
  level: 'info',
  message: '[BookingController] Get hotel bookings',
  timestamp: '2026-08-04T02:53:41.029Z'
}
{
  hotelId: 'fda0f2da-56b2-46ac-afa7-7bb4e6d06edc',
  level: 'info',
  message: '[BookingController] Get hotel bookings',
  timestamp: '2026-08-04T02:53:41.033Z'
}
{
  hotelId: 'd79e14bd-e09b-49c3-80d7-4442133e57d6',
  level: 'info',
  message: '[BookingController] Get hotel bookings',
  timestamp: '2026-08-04T02:53:41.036Z'
}
{
  hotelId: '45ea8129-6cde-4f0a-b8a5-701260e11966',
  level: 'info',
  message: '[BookingController] Get hotel bookings',
  timestamp: '2026-08-04T02:53:41.039Z'
}
{
  hotelId: 'db71d087-b5a7-47be-b2a3-04e168e623b9',
  level: 'info',
  message: '[BookingController] Get hotel bookings',
  timestamp: '2026-08-04T02:53:41.043Z'
}
{
  message: '[Cache Hit] Lấy thông tin hotel ID: 47451836-dfa0-4b5c-b770-43e87150fe10 từ Redis',
  level: 'debug',
  timestamp: '2026-08-04T02:53:41.046Z'
}
{
  message: '[Cache Hit] Lấy thông tin hotel ID: fda0f2da-56b2-46ac-afa7-7bb4e6d06edc từ Redis',
  level: 'debug',
  timestamp: '2026-08-04T02:53:41.046Z'
}
{
  message: '[Cache Hit] Lấy thông tin hotel ID: d79e14bd-e09b-49c3-80d7-4442133e57d6 từ Redis',
  level: 'debug',
  timestamp: '2026-08-04T02:53:41.046Z'
}
{
  message: '[Cache Hit] Lấy thông tin hotel ID: 45ea8129-6cde-4f0a-b8a5-701260e11966 từ Redis',
  level: 'debug',
  timestamp: '2026-08-04T02:53:41.047Z'
}
{
  message: '[Cache Hit] Lấy thông tin hotel ID: db71d087-b5a7-47be-b2a3-04e168e623b9 từ Redis',
  level: 'debug',
  timestamp: '2026-08-04T02:53:41.047Z'
}
{
  hotelId: '1f63d07b-44ef-412e-8e8f-fc20853648c3',
  level: 'info',
  message: '[BookingController] Get hotel bookings',
  timestamp: '2026-08-04T02:53:41.059Z'
}
{
  hotelId: 'ae4ccd44-300e-4ca3-b16c-d3e71b6a0193',
  level: 'info',
  message: '[BookingController] Get hotel bookings',
  timestamp: '2026-08-04T02:53:41.062Z'
}
{
  hotelId: 'd29b2e2a-8af1-4273-8f2d-87053225f461',
  level: 'info',
  message: '[BookingController] Get hotel bookings',
  timestamp: '2026-08-04T02:53:41.067Z'
}
{
  hotelId: 'fdfc5eb7-97ff-450b-9edf-723739f36d56',
  level: 'info',
  message: '[BookingController] Get hotel bookings',
  timestamp: '2026-08-04T02:53:41.074Z'
}
{
  hotelId: '52eb4a25-dcb7-4bea-81ac-9d12053bd2c0',
  level: 'info',
  message: '[BookingController] Get hotel bookings',
  timestamp: '2026-08-04T02:53:41.078Z'
}
{
  hotelId: '6476b4b4-c8ba-4f05-a3ae-9ba776ad4be3',
  level: 'info',
  message: '[BookingController] Get hotel bookings',
  timestamp: '2026-08-04T02:53:41.088Z'
}
{
  message: '[Cache Hit] Lấy thông tin hotel ID: 1f63d07b-44ef-412e-8e8f-fc20853648c3 từ Redis',
  level: 'debug',
  timestamp: '2026-08-04T02:53:41.092Z'
}
{
  message: '[Cache Hit] Lấy thông tin hotel ID: ae4ccd44-300e-4ca3-b16c-d3e71b6a0193 từ Redis',
  level: 'debug',
  timestamp: '2026-08-04T02:53:41.093Z'
}
{
  message: '[Cache Hit] Lấy thông tin hotel ID: d29b2e2a-8af1-4273-8f2d-87053225f461 từ Redis',
  level: 'debug',
  timestamp: '2026-08-04T02:53:41.093Z'
}
{
  message: '[Cache Hit] Lấy thông tin hotel ID: fdfc5eb7-97ff-450b-9edf-723739f36d56 từ Redis',
  level: 'debug',
  timestamp: '2026-08-04T02:53:41.093Z'
}
{
  message: '[Cache Hit] Lấy thông tin hotel ID: 52eb4a25-dcb7-4bea-81ac-9d12053bd2c0 từ Redis',
  level: 'debug',
  timestamp: '2026-08-04T02:53:41.094Z'
}
{
  message: '[Cache Hit] Lấy thông tin hotel ID: 6476b4b4-c8ba-4f05-a3ae-9ba776ad4be3 từ Redis',
  level: 'debug',
  timestamp: '2026-08-04T02:53:41.094Z'
}
{
  hotelId: '3ff5cc53-9069-45bc-a39e-2295bebd3ea5',
  level: 'info',
  message: '[BookingController] Get hotel bookings',
  timestamp: '2026-08-04T02:53:41.104Z'
}
{
  hotelId: '61f3e4c1-cba1-48b1-851c-16bc9d413ec2',
  level: 'info',
  message: '[BookingController] Get hotel bookings',
  timestamp: '2026-08-04T02:53:41.112Z'
}
{
  hotelId: 'a9778731-bce8-4dbf-8b2f-ab2543bfdcdc',
  level: 'info',
  message: '[BookingController] Get hotel bookings',
  timestamp: '2026-08-04T02:53:41.116Z'
}
{
  hotelId: '09928f48-b9bb-4700-85d2-51b072eef2c9',
  level: 'info',
  message: '[BookingController] Get hotel bookings',
  timestamp: '2026-08-04T02:53:41.125Z'
}
{
  hotelId: '47451836-dfa0-4b5c-b770-43e87150fe10',
  level: 'info',
  message: '[BookingController] Get hotel bookings',
  timestamp: '2026-08-04T02:53:41.133Z'
}
{
  hotelId: 'fda0f2da-56b2-46ac-afa7-7bb4e6d06edc',
  level: 'info',
  message: '[BookingController] Get hotel bookings',
  timestamp: '2026-08-04T02:53:41.137Z'
}
{
  message: '[Cache Hit] Lấy thông tin hotel ID: 3ff5cc53-9069-45bc-a39e-2295bebd3ea5 từ Redis',
  level: 'debug',
  timestamp: '2026-08-04T02:53:41.141Z'
}
{
  message: '[Cache Hit] Lấy thông tin hotel ID: 61f3e4c1-cba1-48b1-851c-16bc9d413ec2 từ Redis',
  level: 'debug',
  timestamp: '2026-08-04T02:53:41.141Z'
}
{
  message: '[Cache Hit] Lấy thông tin hotel ID: a9778731-bce8-4dbf-8b2f-ab2543bfdcdc từ Redis',
  level: 'debug',
  timestamp: '2026-08-04T02:53:41.141Z'
}
{
  message: '[Cache Hit] Lấy thông tin hotel ID: 09928f48-b9bb-4700-85d2-51b072eef2c9 từ Redis',
  level: 'debug',
  timestamp: '2026-08-04T02:53:41.142Z'
}
{
  message: '[Cache Hit] Lấy thông tin hotel ID: 47451836-dfa0-4b5c-b770-43e87150fe10 từ Redis',
  level: 'debug',
  timestamp: '2026-08-04T02:53:41.142Z'
}
{
  message: '[Cache Hit] Lấy thông tin hotel ID: fda0f2da-56b2-46ac-afa7-7bb4e6d06edc từ Redis',
  level: 'debug',
  timestamp: '2026-08-04T02:53:41.142Z'
}
{
  hotelId: 'd79e14bd-e09b-49c3-80d7-4442133e57d6',
  level: 'info',
  message: '[BookingController] Get hotel bookings',
  timestamp: '2026-08-04T02:53:41.152Z'
}
{
  hotelId: '45ea8129-6cde-4f0a-b8a5-701260e11966',
  level: 'info',
  message: '[BookingController] Get hotel bookings',
  timestamp: '2026-08-04T02:53:41.157Z'
}
{
  hotelId: 'db71d087-b5a7-47be-b2a3-04e168e623b9',
  level: 'info',
  message: '[BookingController] Get hotel bookings',
  timestamp: '2026-08-04T02:53:41.162Z'
}
{
  hotelId: '1f63d07b-44ef-412e-8e8f-fc20853648c3',
  level: 'info',
  message: '[BookingController] Get hotel bookings',
  timestamp: '2026-08-04T02:53:41.167Z'
}
{
  hotelId: 'ae4ccd44-300e-4ca3-b16c-d3e71b6a0193',
  level: 'info',
  message: '[BookingController] Get hotel bookings',
  timestamp: '2026-08-04T02:53:41.169Z'
}
{
  hotelId: 'd29b2e2a-8af1-4273-8f2d-87053225f461',
  level: 'info',
  message: '[BookingController] Get hotel bookings',
  timestamp: '2026-08-04T02:53:41.171Z'
}
{
  message: '[Cache Hit] Lấy thông tin hotel ID: d79e14bd-e09b-49c3-80d7-4442133e57d6 từ Redis',
  level: 'debug',
  timestamp: '2026-08-04T02:53:41.173Z'
}
{
  message: '[Cache Hit] Lấy thông tin hotel ID: 45ea8129-6cde-4f0a-b8a5-701260e11966 từ Redis',
  level: 'debug',
  timestamp: '2026-08-04T02:53:41.173Z'
}
{
  message: '[Cache Hit] Lấy thông tin hotel ID: db71d087-b5a7-47be-b2a3-04e168e623b9 từ Redis',
  level: 'debug',
  timestamp: '2026-08-04T02:53:41.173Z'
}
{
  message: '[Cache Hit] Lấy thông tin hotel ID: 1f63d07b-44ef-412e-8e8f-fc20853648c3 từ Redis',
  level: 'debug',
  timestamp: '2026-08-04T02:53:41.174Z'
}
{
  message: '[Cache Hit] Lấy thông tin hotel ID: ae4ccd44-300e-4ca3-b16c-d3e71b6a0193 từ Redis',
  level: 'debug',
  timestamp: '2026-08-04T02:53:41.174Z'
}
{
  message: '[Cache Hit] Lấy thông tin hotel ID: d29b2e2a-8af1-4273-8f2d-87053225f461 từ Redis',
  level: 'debug',
  timestamp: '2026-08-04T02:53:41.174Z'
}
{
  hotelId: 'fdfc5eb7-97ff-450b-9edf-723739f36d56',
  level: 'info',
  message: '[BookingController] Get hotel bookings',
  timestamp: '2026-08-04T02:53:41.182Z'
}
{
  hotelId: '52eb4a25-dcb7-4bea-81ac-9d12053bd2c0',
  level: 'info',
  message: '[BookingController] Get hotel bookings',
  timestamp: '2026-08-04T02:53:41.189Z'
}
{
  hotelId: '6476b4b4-c8ba-4f05-a3ae-9ba776ad4be3',
  level: 'info',
  message: '[BookingController] Get hotel bookings',
  timestamp: '2026-08-04T02:53:41.195Z'
}
{
  hotelId: '3ff5cc53-9069-45bc-a39e-2295bebd3ea5',
  level: 'info',
  message: '[BookingController] Get hotel bookings',
  timestamp: '2026-08-04T02:53:41.198Z'
}
{
  hotelId: '61f3e4c1-cba1-48b1-851c-16bc9d413ec2',
  level: 'info',
  message: '[BookingController] Get hotel bookings',
  timestamp: '2026-08-04T02:53:41.203Z'
}
{
  message: '[Cache Hit] Lấy thông tin hotel ID: fdfc5eb7-97ff-450b-9edf-723739f36d56 từ Redis',
  level: 'debug',
  timestamp: '2026-08-04T02:53:41.204Z'
}
{
  message: '[Cache Hit] Lấy thông tin hotel ID: 52eb4a25-dcb7-4bea-81ac-9d12053bd2c0 từ Redis',
  level: 'debug',
  timestamp: '2026-08-04T02:53:41.204Z'
}
{
  message: '[Cache Hit] Lấy thông tin hotel ID: 6476b4b4-c8ba-4f05-a3ae-9ba776ad4be3 từ Redis',
  level: 'debug',
  timestamp: '2026-08-04T02:53:41.205Z'
}
{
  message: '[Cache Hit] Lấy thông tin hotel ID: 3ff5cc53-9069-45bc-a39e-2295bebd3ea5 từ Redis',
  level: 'debug',
  timestamp: '2026-08-04T02:53:41.205Z'
}
{
  message: '[Cache Hit] Lấy thông tin hotel ID: 61f3e4c1-cba1-48b1-851c-16bc9d413ec2 từ Redis',
  level: 'debug',
  timestamp: '2026-08-04T02:53:41.205Z'
}
{
  hotelId: 'a9778731-bce8-4dbf-8b2f-ab2543bfdcdc',
  level: 'info',
  message: '[BookingController] Get hotel bookings',
  timestamp: '2026-08-04T02:53:41.211Z'
}
{
  message: '[Cache Hit] Lấy thông tin hotel ID: a9778731-bce8-4dbf-8b2f-ab2543bfdcdc từ Redis',
  level: 'debug',
  timestamp: '2026-08-04T02:53:41.214Z'
}
{
  hotelId: '09928f48-b9bb-4700-85d2-51b072eef2c9',
  level: 'info',
  message: '[BookingController] Get hotel bookings',
  timestamp: '2026-08-04T02:53:41.229Z'
}
{
  message: '[Cache Hit] Lấy thông tin hotel ID: 09928f48-b9bb-4700-85d2-51b072eef2c9 từ Redis',
  level: 'debug',
  timestamp: '2026-08-04T02:53:41.232Z'
}
{
  message: '[HotelController] Get my hotels',
  level: 'info',
  timestamp: '2026-08-04T02:53:43.083Z'
}
{
  message: '[HotelController] Get my hotels',
  level: 'info',
  timestamp: '2026-08-04T02:53:43.134Z'
}
{
  message: '[HotelController] Get my hotels',
  level: 'info',
  timestamp: '2026-08-04T02:53:44.955Z'
}
{
  message: '[HotelController] Get my hotels',
  level: 'info',
  timestamp: '2026-08-04T02:53:44.986Z'
}
{
  hotelId: '47451836-dfa0-4b5c-b770-43e87150fe10',
  level: 'info',
  message: '[BookingController] Get hotel bookings',
  timestamp: '2026-08-04T02:53:45.019Z'
}
{
  hotelId: 'fda0f2da-56b2-46ac-afa7-7bb4e6d06edc',
  level: 'info',
  message: '[BookingController] Get hotel bookings',
  timestamp: '2026-08-04T02:53:45.027Z'
}
{
  hotelId: 'ae4ccd44-300e-4ca3-b16c-d3e71b6a0193',
  level: 'info',
  message: '[BookingController] Get hotel bookings',
  timestamp: '2026-08-04T02:53:45.052Z'
}
{
  message: '[Cache Hit] Lấy thông tin hotel ID: 47451836-dfa0-4b5c-b770-43e87150fe10 từ Redis',
  level: 'debug',
  timestamp: '2026-08-04T02:53:45.053Z'
}
{
  message: '[Cache Hit] Lấy thông tin hotel ID: fda0f2da-56b2-46ac-afa7-7bb4e6d06edc từ Redis',
  level: 'debug',
  timestamp: '2026-08-04T02:53:45.054Z'
}
{
  message: '[Cache Hit] Lấy thông tin hotel ID: ae4ccd44-300e-4ca3-b16c-d3e71b6a0193 từ Redis',
  level: 'debug',
  timestamp: '2026-08-04T02:53:45.054Z'
}
{
  hotelId: 'd29b2e2a-8af1-4273-8f2d-87053225f461',
  level: 'info',
  message: '[BookingController] Get hotel bookings',
  timestamp: '2026-08-04T02:53:45.057Z'
}
{
  message: '[Cache Hit] Lấy thông tin hotel ID: d29b2e2a-8af1-4273-8f2d-87053225f461 từ Redis',
  level: 'debug',
  timestamp: '2026-08-04T02:53:45.064Z'
}
{
  hotelId: 'd79e14bd-e09b-49c3-80d7-4442133e57d6',
  level: 'info',
  message: '[BookingController] Get hotel bookings',
  timestamp: '2026-08-04T02:53:45.073Z'
}
{
  hotelId: 'fdfc5eb7-97ff-450b-9edf-723739f36d56',
  level: 'info',
  message: '[BookingController] Get hotel bookings',
  timestamp: '2026-08-04T02:53:45.076Z'
}
{
  message: '[Cache Hit] Lấy thông tin hotel ID: d79e14bd-e09b-49c3-80d7-4442133e57d6 từ Redis',
  level: 'debug',
  timestamp: '2026-08-04T02:53:45.084Z'
}
{
  message: '[Cache Hit] Lấy thông tin hotel ID: fdfc5eb7-97ff-450b-9edf-723739f36d56 từ Redis',
  level: 'debug',
  timestamp: '2026-08-04T02:53:45.084Z'
}
{
  hotelId: '52eb4a25-dcb7-4bea-81ac-9d12053bd2c0',
  level: 'info',
  message: '[BookingController] Get hotel bookings',
  timestamp: '2026-08-04T02:53:45.096Z'
}
{
  hotelId: '45ea8129-6cde-4f0a-b8a5-701260e11966',
  level: 'info',
  message: '[BookingController] Get hotel bookings',
  timestamp: '2026-08-04T02:53:45.100Z'
}
{
  hotelId: '3ff5cc53-9069-45bc-a39e-2295bebd3ea5',
  level: 'info',
  message: '[BookingController] Get hotel bookings',
  timestamp: '2026-08-04T02:53:45.103Z'
}
{
  message: '[Cache Hit] Lấy thông tin hotel ID: 52eb4a25-dcb7-4bea-81ac-9d12053bd2c0 từ Redis',
  level: 'debug',
  timestamp: '2026-08-04T02:53:45.114Z'
}
{
  message: '[Cache Hit] Lấy thông tin hotel ID: 45ea8129-6cde-4f0a-b8a5-701260e11966 từ Redis',
  level: 'debug',
  timestamp: '2026-08-04T02:53:45.114Z'
}
{
  message: '[Cache Hit] Lấy thông tin hotel ID: 3ff5cc53-9069-45bc-a39e-2295bebd3ea5 từ Redis',
  level: 'debug',
  timestamp: '2026-08-04T02:53:45.115Z'
}
{
  hotelId: '61f3e4c1-cba1-48b1-851c-16bc9d413ec2',
  level: 'info',
  message: '[BookingController] Get hotel bookings',
  timestamp: '2026-08-04T02:53:45.125Z'
}
{
  message: '[Cache Hit] Lấy thông tin hotel ID: 61f3e4c1-cba1-48b1-851c-16bc9d413ec2 từ Redis',
  level: 'debug',
  timestamp: '2026-08-04T02:53:45.126Z'
}
{
  hotelId: '47451836-dfa0-4b5c-b770-43e87150fe10',
  level: 'info',
  message: '[BookingController] Get hotel bookings',
  timestamp: '2026-08-04T02:53:45.135Z'
}
{
  hotelId: 'fda0f2da-56b2-46ac-afa7-7bb4e6d06edc',
  level: 'info',
  message: '[BookingController] Get hotel bookings',
  timestamp: '2026-08-04T02:53:45.137Z'
}
{
  message: '[Cache Hit] Lấy thông tin hotel ID: 47451836-dfa0-4b5c-b770-43e87150fe10 từ Redis',
  level: 'debug',
  timestamp: '2026-08-04T02:53:45.137Z'
}
{
  message: '[Cache Hit] Lấy thông tin hotel ID: fda0f2da-56b2-46ac-afa7-7bb4e6d06edc từ Redis',
  level: 'debug',
  timestamp: '2026-08-04T02:53:45.138Z'
}
{
  hotelId: 'ae4ccd44-300e-4ca3-b16c-d3e71b6a0193',
  level: 'info',
  message: '[BookingController] Get hotel bookings',
  timestamp: '2026-08-04T02:53:45.143Z'
}
{
  hotelId: '6476b4b4-c8ba-4f05-a3ae-9ba776ad4be3',
  level: 'info',
  message: '[BookingController] Get hotel bookings',
  timestamp: '2026-08-04T02:53:45.146Z'
}
{
  hotelId: 'db71d087-b5a7-47be-b2a3-04e168e623b9',
  level: 'info',
  message: '[BookingController] Get hotel bookings',
  timestamp: '2026-08-04T02:53:45.151Z'
}
{
  message: '[Cache Hit] Lấy thông tin hotel ID: ae4ccd44-300e-4ca3-b16c-d3e71b6a0193 từ Redis',
  level: 'debug',
  timestamp: '2026-08-04T02:53:45.152Z'
}
{
  message: '[Cache Hit] Lấy thông tin hotel ID: 6476b4b4-c8ba-4f05-a3ae-9ba776ad4be3 từ Redis',
  level: 'debug',
  timestamp: '2026-08-04T02:53:45.153Z'
}
{
  hotelId: '09928f48-b9bb-4700-85d2-51b072eef2c9',
  level: 'info',
  message: '[BookingController] Get hotel bookings',
  timestamp: '2026-08-04T02:53:45.157Z'
}
{
  message: '[Cache Hit] Lấy thông tin hotel ID: db71d087-b5a7-47be-b2a3-04e168e623b9 từ Redis',
  level: 'debug',
  timestamp: '2026-08-04T02:53:45.160Z'
}
{
  message: '[Cache Hit] Lấy thông tin hotel ID: 09928f48-b9bb-4700-85d2-51b072eef2c9 từ Redis',
  level: 'debug',
  timestamp: '2026-08-04T02:53:45.161Z'
}
{
  hotelId: 'd29b2e2a-8af1-4273-8f2d-87053225f461',
  level: 'info',
  message: '[BookingController] Get hotel bookings',
  timestamp: '2026-08-04T02:53:45.168Z'
}
{
  hotelId: 'a9778731-bce8-4dbf-8b2f-ab2543bfdcdc',
  level: 'info',
  message: '[BookingController] Get hotel bookings',
  timestamp: '2026-08-04T02:53:45.170Z'
}
{
  message: '[Cache Hit] Lấy thông tin hotel ID: d29b2e2a-8af1-4273-8f2d-87053225f461 từ Redis',
  level: 'debug',
  timestamp: '2026-08-04T02:53:45.171Z'
}
{
  message: '[Cache Hit] Lấy thông tin hotel ID: a9778731-bce8-4dbf-8b2f-ab2543bfdcdc từ Redis',
  level: 'debug',
  timestamp: '2026-08-04T02:53:45.171Z'
}
{
  hotelId: '1f63d07b-44ef-412e-8e8f-fc20853648c3',
  level: 'info',
  message: '[BookingController] Get hotel bookings',
  timestamp: '2026-08-04T02:53:45.175Z'
}
{
  hotelId: 'd79e14bd-e09b-49c3-80d7-4442133e57d6',
  level: 'info',
  message: '[BookingController] Get hotel bookings',
  timestamp: '2026-08-04T02:53:45.178Z'
}
{
  message: '[Cache Hit] Lấy thông tin hotel ID: 1f63d07b-44ef-412e-8e8f-fc20853648c3 từ Redis',
  level: 'debug',
  timestamp: '2026-08-04T02:53:45.179Z'
}
{
  message: '[Cache Hit] Lấy thông tin hotel ID: d79e14bd-e09b-49c3-80d7-4442133e57d6 từ Redis',
  level: 'debug',
  timestamp: '2026-08-04T02:53:45.180Z'
}
{
  hotelId: 'fdfc5eb7-97ff-450b-9edf-723739f36d56',
  level: 'info',
  message: '[BookingController] Get hotel bookings',
  timestamp: '2026-08-04T02:53:45.185Z'
}
{
  hotelId: '52eb4a25-dcb7-4bea-81ac-9d12053bd2c0',
  level: 'info',
  message: '[BookingController] Get hotel bookings',
  timestamp: '2026-08-04T02:53:45.188Z'
}
{
  message: '[Cache Hit] Lấy thông tin hotel ID: fdfc5eb7-97ff-450b-9edf-723739f36d56 từ Redis',
  level: 'debug',
  timestamp: '2026-08-04T02:53:45.189Z'
}
{
  message: '[Cache Hit] Lấy thông tin hotel ID: 52eb4a25-dcb7-4bea-81ac-9d12053bd2c0 từ Redis',
  level: 'debug',
  timestamp: '2026-08-04T02:53:45.189Z'
}
{
  hotelId: '45ea8129-6cde-4f0a-b8a5-701260e11966',
  level: 'info',
  message: '[BookingController] Get hotel bookings',
  timestamp: '2026-08-04T02:53:45.194Z'
}
{
  hotelId: '3ff5cc53-9069-45bc-a39e-2295bebd3ea5',
  level: 'info',
  message: '[BookingController] Get hotel bookings',
  timestamp: '2026-08-04T02:53:45.197Z'
}
{
  message: '[Cache Hit] Lấy thông tin hotel ID: 45ea8129-6cde-4f0a-b8a5-701260e11966 từ Redis',
  level: 'debug',
  timestamp: '2026-08-04T02:53:45.198Z'
}
{
  message: '[Cache Hit] Lấy thông tin hotel ID: 3ff5cc53-9069-45bc-a39e-2295bebd3ea5 từ Redis',
  level: 'debug',
  timestamp: '2026-08-04T02:53:45.199Z'
}
{
  hotelId: '61f3e4c1-cba1-48b1-851c-16bc9d413ec2',
  level: 'info',
  message: '[BookingController] Get hotel bookings',
  timestamp: '2026-08-04T02:53:45.208Z'
}
{
  hotelId: '6476b4b4-c8ba-4f05-a3ae-9ba776ad4be3',
  level: 'info',
  message: '[BookingController] Get hotel bookings',
  timestamp: '2026-08-04T02:53:45.211Z'
}
{
  message: '[Cache Hit] Lấy thông tin hotel ID: 61f3e4c1-cba1-48b1-851c-16bc9d413ec2 từ Redis',
  level: 'debug',
  timestamp: '2026-08-04T02:53:45.213Z'
}
{
  message: '[Cache Hit] Lấy thông tin hotel ID: 6476b4b4-c8ba-4f05-a3ae-9ba776ad4be3 từ Redis',
  level: 'debug',
  timestamp: '2026-08-04T02:53:45.214Z'
}
{
  hotelId: 'db71d087-b5a7-47be-b2a3-04e168e623b9',
  level: 'info',
  message: '[BookingController] Get hotel bookings',
  timestamp: '2026-08-04T02:53:45.223Z'
}
{
  hotelId: '09928f48-b9bb-4700-85d2-51b072eef2c9',
  level: 'info',
  message: '[BookingController] Get hotel bookings',
  timestamp: '2026-08-04T02:53:45.229Z'
}
{
  message: '[Cache Hit] Lấy thông tin hotel ID: db71d087-b5a7-47be-b2a3-04e168e623b9 từ Redis',
  level: 'debug',
  timestamp: '2026-08-04T02:53:45.233Z'
}
{
  message: '[Cache Hit] Lấy thông tin hotel ID: 09928f48-b9bb-4700-85d2-51b072eef2c9 từ Redis',
  level: 'debug',
  timestamp: '2026-08-04T02:53:45.234Z'
}
{
  hotelId: 'a9778731-bce8-4dbf-8b2f-ab2543bfdcdc',
  level: 'info',
  message: '[BookingController] Get hotel bookings',
  timestamp: '2026-08-04T02:53:45.240Z'
}
{
  hotelId: '1f63d07b-44ef-412e-8e8f-fc20853648c3',
  level: 'info',
  message: '[BookingController] Get hotel bookings',
  timestamp: '2026-08-04T02:53:45.254Z'
}
{
  message: '[Cache Hit] Lấy thông tin hotel ID: a9778731-bce8-4dbf-8b2f-ab2543bfdcdc từ Redis',
  level: 'debug',
  timestamp: '2026-08-04T02:53:45.257Z'
}
{
  message: '[Cache Hit] Lấy thông tin hotel ID: 1f63d07b-44ef-412e-8e8f-fc20853648c3 từ Redis',
  level: 'debug',
  timestamp: '2026-08-04T02:53:45.257Z'
}
{
  message: '[HotelController] Get my hotels',
  level: 'info',
  timestamp: '2026-08-04T02:53:46.709Z'
}
{
  message: '[HotelController] Get my hotels',
  level: 'info',
  timestamp: '2026-08-04T02:53:46.727Z'
}
{
  message: '[HotelController] Get my hotels',
  level: 'info',
  timestamp: '2026-08-04T02:53:47.164Z'
}
{
  message: '[HotelController] Get my hotels',
  level: 'info',
  timestamp: '2026-08-04T02:53:47.190Z'
}
{
  hotelId: '47451836-dfa0-4b5c-b770-43e87150fe10',
  level: 'info',
  message: '[BookingController] Get hotel bookings',
  timestamp: '2026-08-04T02:53:47.208Z'
}
{
  hotelId: 'fda0f2da-56b2-46ac-afa7-7bb4e6d06edc',
  level: 'info',
  message: '[BookingController] Get hotel bookings',
  timestamp: '2026-08-04T02:53:47.215Z'
}
{
  hotelId: 'd79e14bd-e09b-49c3-80d7-4442133e57d6',
  level: 'info',
  message: '[BookingController] Get hotel bookings',
  timestamp: '2026-08-04T02:53:47.219Z'
}
{
  hotelId: '45ea8129-6cde-4f0a-b8a5-701260e11966',
  level: 'info',
  message: '[BookingController] Get hotel bookings',
  timestamp: '2026-08-04T02:53:47.225Z'
}
{
  hotelId: 'db71d087-b5a7-47be-b2a3-04e168e623b9',
  level: 'info',
  message: '[BookingController] Get hotel bookings',
  timestamp: '2026-08-04T02:53:47.227Z'
}
{
  message: '[Cache Hit] Lấy thông tin hotel ID: 47451836-dfa0-4b5c-b770-43e87150fe10 từ Redis',
  level: 'debug',
  timestamp: '2026-08-04T02:53:47.229Z'
}
{
  message: '[Cache Hit] Lấy thông tin hotel ID: fda0f2da-56b2-46ac-afa7-7bb4e6d06edc từ Redis',
  level: 'debug',
  timestamp: '2026-08-04T02:53:47.229Z'
}
{
  message: '[Cache Hit] Lấy thông tin hotel ID: d79e14bd-e09b-49c3-80d7-4442133e57d6 từ Redis',
  level: 'debug',
  timestamp: '2026-08-04T02:53:47.230Z'
}
{
  message: '[Cache Hit] Lấy thông tin hotel ID: 45ea8129-6cde-4f0a-b8a5-701260e11966 từ Redis',
  level: 'debug',
  timestamp: '2026-08-04T02:53:47.230Z'
}
{
  message: '[Cache Hit] Lấy thông tin hotel ID: db71d087-b5a7-47be-b2a3-04e168e623b9 từ Redis',
  level: 'debug',
  timestamp: '2026-08-04T02:53:47.230Z'
}
{
  hotelId: '1f63d07b-44ef-412e-8e8f-fc20853648c3',
  level: 'info',
  message: '[BookingController] Get hotel bookings',
  timestamp: '2026-08-04T02:53:47.251Z'
}
{
  hotelId: 'ae4ccd44-300e-4ca3-b16c-d3e71b6a0193',
  level: 'info',
  message: '[BookingController] Get hotel bookings',
  timestamp: '2026-08-04T02:53:47.255Z'
}
{
  hotelId: 'd29b2e2a-8af1-4273-8f2d-87053225f461',
  level: 'info',
  message: '[BookingController] Get hotel bookings',
  timestamp: '2026-08-04T02:53:47.263Z'
}
{
  hotelId: 'fdfc5eb7-97ff-450b-9edf-723739f36d56',
  level: 'info',
  message: '[BookingController] Get hotel bookings',
  timestamp: '2026-08-04T02:53:47.269Z'
}
{
  hotelId: '52eb4a25-dcb7-4bea-81ac-9d12053bd2c0',
  level: 'info',
  message: '[BookingController] Get hotel bookings',
  timestamp: '2026-08-04T02:53:47.272Z'
}
{
  hotelId: '6476b4b4-c8ba-4f05-a3ae-9ba776ad4be3',
  level: 'info',
  message: '[BookingController] Get hotel bookings',
  timestamp: '2026-08-04T02:53:47.275Z'
}
{
  message: '[Cache Hit] Lấy thông tin hotel ID: 1f63d07b-44ef-412e-8e8f-fc20853648c3 từ Redis',
  level: 'debug',
  timestamp: '2026-08-04T02:53:47.279Z'
}
{
  message: '[Cache Hit] Lấy thông tin hotel ID: ae4ccd44-300e-4ca3-b16c-d3e71b6a0193 từ Redis',
  level: 'debug',
  timestamp: '2026-08-04T02:53:47.280Z'
}
{
  message: '[Cache Hit] Lấy thông tin hotel ID: d29b2e2a-8af1-4273-8f2d-87053225f461 từ Redis',
  level: 'debug',
  timestamp: '2026-08-04T02:53:47.280Z'
}
{
  message: '[Cache Hit] Lấy thông tin hotel ID: fdfc5eb7-97ff-450b-9edf-723739f36d56 từ Redis',
  level: 'debug',
  timestamp: '2026-08-04T02:53:47.281Z'
}
{
  message: '[Cache Hit] Lấy thông tin hotel ID: 52eb4a25-dcb7-4bea-81ac-9d12053bd2c0 từ Redis',
  level: 'debug',
  timestamp: '2026-08-04T02:53:47.281Z'
}
{
  message: '[Cache Hit] Lấy thông tin hotel ID: 6476b4b4-c8ba-4f05-a3ae-9ba776ad4be3 từ Redis',
  level: 'debug',
  timestamp: '2026-08-04T02:53:47.281Z'
}
{
  hotelId: '3ff5cc53-9069-45bc-a39e-2295bebd3ea5',
  level: 'info',
  message: '[BookingController] Get hotel bookings',
  timestamp: '2026-08-04T02:53:47.296Z'
}
{
  hotelId: '61f3e4c1-cba1-48b1-851c-16bc9d413ec2',
  level: 'info',
  message: '[BookingController] Get hotel bookings',
  timestamp: '2026-08-04T02:53:47.302Z'
}
{
  hotelId: 'a9778731-bce8-4dbf-8b2f-ab2543bfdcdc',
  level: 'info',
  message: '[BookingController] Get hotel bookings',
  timestamp: '2026-08-04T02:53:47.305Z'
}
{
  hotelId: 'fda0f2da-56b2-46ac-afa7-7bb4e6d06edc',
  level: 'info',
  message: '[BookingController] Get hotel bookings',
  timestamp: '2026-08-04T02:53:47.308Z'
}
{
  hotelId: '47451836-dfa0-4b5c-b770-43e87150fe10',
  level: 'info',
  message: '[BookingController] Get hotel bookings',
  timestamp: '2026-08-04T02:53:47.314Z'
}
{
  hotelId: '09928f48-b9bb-4700-85d2-51b072eef2c9',
  level: 'info',
  message: '[BookingController] Get hotel bookings',
  timestamp: '2026-08-04T02:53:47.320Z'
}
{
  message: '[Cache Hit] Lấy thông tin hotel ID: 3ff5cc53-9069-45bc-a39e-2295bebd3ea5 từ Redis',
  level: 'debug',
  timestamp: '2026-08-04T02:53:47.322Z'
}
{
  message: '[Cache Hit] Lấy thông tin hotel ID: 61f3e4c1-cba1-48b1-851c-16bc9d413ec2 từ Redis',
  level: 'debug',
  timestamp: '2026-08-04T02:53:47.323Z'
}
{
  message: '[Cache Hit] Lấy thông tin hotel ID: a9778731-bce8-4dbf-8b2f-ab2543bfdcdc từ Redis',
  level: 'debug',
  timestamp: '2026-08-04T02:53:47.323Z'
}
{
  message: '[Cache Hit] Lấy thông tin hotel ID: fda0f2da-56b2-46ac-afa7-7bb4e6d06edc từ Redis',
  level: 'debug',
  timestamp: '2026-08-04T02:53:47.323Z'
}
{
  message: '[Cache Hit] Lấy thông tin hotel ID: 47451836-dfa0-4b5c-b770-43e87150fe10 từ Redis',
  level: 'debug',
  timestamp: '2026-08-04T02:53:47.323Z'
}
{
  message: '[Cache Hit] Lấy thông tin hotel ID: 09928f48-b9bb-4700-85d2-51b072eef2c9 từ Redis',
  level: 'debug',
  timestamp: '2026-08-04T02:53:47.324Z'
}
{
  hotelId: 'd79e14bd-e09b-49c3-80d7-4442133e57d6',
  level: 'info',
  message: '[BookingController] Get hotel bookings',
  timestamp: '2026-08-04T02:53:47.338Z'
}
{
  message: '[Cache Hit] Lấy thông tin hotel ID: d79e14bd-e09b-49c3-80d7-4442133e57d6 từ Redis',
  level: 'debug',
  timestamp: '2026-08-04T02:53:47.340Z'
}
{
  hotelId: 'db71d087-b5a7-47be-b2a3-04e168e623b9',
  level: 'info',
  message: '[BookingController] Get hotel bookings',
  timestamp: '2026-08-04T02:53:47.344Z'
}
{
  hotelId: '45ea8129-6cde-4f0a-b8a5-701260e11966',
  level: 'info',
  message: '[BookingController] Get hotel bookings',
  timestamp: '2026-08-04T02:53:47.348Z'
}
{
  hotelId: '1f63d07b-44ef-412e-8e8f-fc20853648c3',
  level: 'info',
  message: '[BookingController] Get hotel bookings',
  timestamp: '2026-08-04T02:53:47.352Z'
}
{
  hotelId: 'ae4ccd44-300e-4ca3-b16c-d3e71b6a0193',
  level: 'info',
  message: '[BookingController] Get hotel bookings',
  timestamp: '2026-08-04T02:53:47.358Z'
}
{
  hotelId: '6476b4b4-c8ba-4f05-a3ae-9ba776ad4be3',
  level: 'info',
  message: '[BookingController] Get hotel bookings',
  timestamp: '2026-08-04T02:53:47.361Z'
}
{
  message: '[Cache Hit] Lấy thông tin hotel ID: db71d087-b5a7-47be-b2a3-04e168e623b9 từ Redis',
  level: 'debug',
  timestamp: '2026-08-04T02:53:47.362Z'
}
{
  message: '[Cache Hit] Lấy thông tin hotel ID: 45ea8129-6cde-4f0a-b8a5-701260e11966 từ Redis',
  level: 'debug',
  timestamp: '2026-08-04T02:53:47.363Z'
}
{
  message: '[Cache Hit] Lấy thông tin hotel ID: 1f63d07b-44ef-412e-8e8f-fc20853648c3 từ Redis',
  level: 'debug',
  timestamp: '2026-08-04T02:53:47.363Z'
}
{
  message: '[Cache Hit] Lấy thông tin hotel ID: ae4ccd44-300e-4ca3-b16c-d3e71b6a0193 từ Redis',
  level: 'debug',
  timestamp: '2026-08-04T02:53:47.363Z'
}
{
  message: '[Cache Hit] Lấy thông tin hotel ID: 6476b4b4-c8ba-4f05-a3ae-9ba776ad4be3 từ Redis',
  level: 'debug',
  timestamp: '2026-08-04T02:53:47.364Z'
}
{
  hotelId: '52eb4a25-dcb7-4bea-81ac-9d12053bd2c0',
  level: 'info',
  message: '[BookingController] Get hotel bookings',
  timestamp: '2026-08-04T02:53:47.372Z'
}
{
  hotelId: 'fdfc5eb7-97ff-450b-9edf-723739f36d56',
  level: 'info',
  message: '[BookingController] Get hotel bookings',
  timestamp: '2026-08-04T02:53:47.378Z'
}
{
  hotelId: 'd29b2e2a-8af1-4273-8f2d-87053225f461',
  level: 'info',
  message: '[BookingController] Get hotel bookings',
  timestamp: '2026-08-04T02:53:47.384Z'
}
{
  hotelId: '3ff5cc53-9069-45bc-a39e-2295bebd3ea5',
  level: 'info',
  message: '[BookingController] Get hotel bookings',
  timestamp: '2026-08-04T02:53:47.387Z'
}
{
  hotelId: '61f3e4c1-cba1-48b1-851c-16bc9d413ec2',
  level: 'info',
  message: '[BookingController] Get hotel bookings',
  timestamp: '2026-08-04T02:53:47.390Z'
}
{
  hotelId: 'a9778731-bce8-4dbf-8b2f-ab2543bfdcdc',
  level: 'info',
  message: '[BookingController] Get hotel bookings',
  timestamp: '2026-08-04T02:53:47.395Z'
}
{
  message: '[Cache Hit] Lấy thông tin hotel ID: 52eb4a25-dcb7-4bea-81ac-9d12053bd2c0 từ Redis',
  level: 'debug',
  timestamp: '2026-08-04T02:53:47.397Z'
}
{
  message: '[Cache Hit] Lấy thông tin hotel ID: fdfc5eb7-97ff-450b-9edf-723739f36d56 từ Redis',
  level: 'debug',
  timestamp: '2026-08-04T02:53:47.398Z'
}
{
  message: '[Cache Hit] Lấy thông tin hotel ID: d29b2e2a-8af1-4273-8f2d-87053225f461 từ Redis',
  level: 'debug',
  timestamp: '2026-08-04T02:53:47.400Z'
}
{
  message: '[Cache Hit] Lấy thông tin hotel ID: 3ff5cc53-9069-45bc-a39e-2295bebd3ea5 từ Redis',
  level: 'debug',
  timestamp: '2026-08-04T02:53:47.401Z'
}
{
  message: '[Cache Hit] Lấy thông tin hotel ID: 61f3e4c1-cba1-48b1-851c-16bc9d413ec2 từ Redis',
  level: 'debug',
  timestamp: '2026-08-04T02:53:47.401Z'
}
{
  message: '[Cache Hit] Lấy thông tin hotel ID: a9778731-bce8-4dbf-8b2f-ab2543bfdcdc từ Redis',
  level: 'debug',
  timestamp: '2026-08-04T02:53:47.401Z'
}
{
  hotelId: '09928f48-b9bb-4700-85d2-51b072eef2c9',
  level: 'info',
  message: '[BookingController] Get hotel bookings',
  timestamp: '2026-08-04T02:53:47.420Z'
}
{
  message: '[HotelController] Get my hotels',
  level: 'info',
  timestamp: '2026-08-04T02:53:47.423Z'
}
{
  message: '[Cache Hit] Lấy thông tin hotel ID: 09928f48-b9bb-4700-85d2-51b072eef2c9 từ Redis',
  level: 'debug',
  timestamp: '2026-08-04T02:53:47.438Z'
}
{
  message: '[HotelController] Get my hotels',
  level: 'info',
  timestamp: '2026-08-04T02:53:47.473Z'
}
{
  message: '[HotelController] Get my hotels',
  level: 'info',
  timestamp: '2026-08-04T02:53:47.797Z'
}
{
  message: '[HotelController] Get my hotels',
  level: 'info',
  timestamp: '2026-08-04T02:53:47.815Z'
}
{
  hotelId: '47451836-dfa0-4b5c-b770-43e87150fe10',
  level: 'info',
  message: '[BookingController] Get hotel bookings',
  timestamp: '2026-08-04T02:53:47.821Z'
}
{
  hotelId: 'fda0f2da-56b2-46ac-afa7-7bb4e6d06edc',
  level: 'info',
  message: '[BookingController] Get hotel bookings',
  timestamp: '2026-08-04T02:53:47.828Z'
}
{
  hotelId: 'd79e14bd-e09b-49c3-80d7-4442133e57d6',
  level: 'info',
  message: '[BookingController] Get hotel bookings',
  timestamp: '2026-08-04T02:53:47.831Z'
}
{
  hotelId: '45ea8129-6cde-4f0a-b8a5-701260e11966',
  level: 'info',
  message: '[BookingController] Get hotel bookings',
  timestamp: '2026-08-04T02:53:47.836Z'
}
{
  hotelId: 'db71d087-b5a7-47be-b2a3-04e168e623b9',
  level: 'info',
  message: '[BookingController] Get hotel bookings',
  timestamp: '2026-08-04T02:53:47.839Z'
}
{
  message: '[Cache Hit] Lấy thông tin hotel ID: 47451836-dfa0-4b5c-b770-43e87150fe10 từ Redis',
  level: 'debug',
  timestamp: '2026-08-04T02:53:47.841Z'
}
{
  message: '[Cache Hit] Lấy thông tin hotel ID: fda0f2da-56b2-46ac-afa7-7bb4e6d06edc từ Redis',
  level: 'debug',
  timestamp: '2026-08-04T02:53:47.841Z'
}
{
  message: '[Cache Hit] Lấy thông tin hotel ID: d79e14bd-e09b-49c3-80d7-4442133e57d6 từ Redis',
  level: 'debug',
  timestamp: '2026-08-04T02:53:47.842Z'
}
{
  message: '[Cache Hit] Lấy thông tin hotel ID: 45ea8129-6cde-4f0a-b8a5-701260e11966 từ Redis',
  level: 'debug',
  timestamp: '2026-08-04T02:53:47.844Z'
}
{
  message: '[Cache Hit] Lấy thông tin hotel ID: db71d087-b5a7-47be-b2a3-04e168e623b9 từ Redis',
  level: 'debug',
  timestamp: '2026-08-04T02:53:47.847Z'
}
{
  hotelId: '1f63d07b-44ef-412e-8e8f-fc20853648c3',
  level: 'info',
  message: '[BookingController] Get hotel bookings',
  timestamp: '2026-08-04T02:53:47.864Z'
}
{
  hotelId: 'ae4ccd44-300e-4ca3-b16c-d3e71b6a0193',
  level: 'info',
  message: '[BookingController] Get hotel bookings',
  timestamp: '2026-08-04T02:53:47.867Z'
}
{
  hotelId: 'd29b2e2a-8af1-4273-8f2d-87053225f461',
  level: 'info',
  message: '[BookingController] Get hotel bookings',
  timestamp: '2026-08-04T02:53:47.868Z'
}
{
  hotelId: 'fdfc5eb7-97ff-450b-9edf-723739f36d56',
  level: 'info',
  message: '[BookingController] Get hotel bookings',
  timestamp: '2026-08-04T02:53:47.871Z'
}
{
  hotelId: '52eb4a25-dcb7-4bea-81ac-9d12053bd2c0',
  level: 'info',
  message: '[BookingController] Get hotel bookings',
  timestamp: '2026-08-04T02:53:47.874Z'
}
{
  hotelId: '6476b4b4-c8ba-4f05-a3ae-9ba776ad4be3',
  level: 'info',
  message: '[BookingController] Get hotel bookings',
  timestamp: '2026-08-04T02:53:47.876Z'
}
{
  message: '[Cache Hit] Lấy thông tin hotel ID: 1f63d07b-44ef-412e-8e8f-fc20853648c3 từ Redis',
  level: 'debug',
  timestamp: '2026-08-04T02:53:47.876Z'
}
{
  message: '[Cache Hit] Lấy thông tin hotel ID: ae4ccd44-300e-4ca3-b16c-d3e71b6a0193 từ Redis',
  level: 'debug',
  timestamp: '2026-08-04T02:53:47.877Z'
}
{
  message: '[Cache Hit] Lấy thông tin hotel ID: d29b2e2a-8af1-4273-8f2d-87053225f461 từ Redis',
  level: 'debug',
  timestamp: '2026-08-04T02:53:47.877Z'
}
{
  message: '[Cache Hit] Lấy thông tin hotel ID: fdfc5eb7-97ff-450b-9edf-723739f36d56 từ Redis',
  level: 'debug',
  timestamp: '2026-08-04T02:53:47.877Z'
}
{
  message: '[Cache Hit] Lấy thông tin hotel ID: 52eb4a25-dcb7-4bea-81ac-9d12053bd2c0 từ Redis',
  level: 'debug',
  timestamp: '2026-08-04T02:53:47.877Z'
}
{
  message: '[Cache Hit] Lấy thông tin hotel ID: 6476b4b4-c8ba-4f05-a3ae-9ba776ad4be3 từ Redis',
  level: 'debug',
  timestamp: '2026-08-04T02:53:47.877Z'
}
{
  hotelId: '3ff5cc53-9069-45bc-a39e-2295bebd3ea5',
  level: 'info',
  message: '[BookingController] Get hotel bookings',
  timestamp: '2026-08-04T02:53:47.894Z'
}
{
  hotelId: '61f3e4c1-cba1-48b1-851c-16bc9d413ec2',
  level: 'info',
  message: '[BookingController] Get hotel bookings',
  timestamp: '2026-08-04T02:53:47.899Z'
}
{
  hotelId: 'a9778731-bce8-4dbf-8b2f-ab2543bfdcdc',
  level: 'info',
  message: '[BookingController] Get hotel bookings',
  timestamp: '2026-08-04T02:53:47.904Z'
}
{
  hotelId: '09928f48-b9bb-4700-85d2-51b072eef2c9',
  level: 'info',
  message: '[BookingController] Get hotel bookings',
  timestamp: '2026-08-04T02:53:47.911Z'
}
{
  hotelId: '47451836-dfa0-4b5c-b770-43e87150fe10',
  level: 'info',
  message: '[BookingController] Get hotel bookings',
  timestamp: '2026-08-04T02:53:47.912Z'
}
{
  hotelId: 'fda0f2da-56b2-46ac-afa7-7bb4e6d06edc',
  level: 'info',
  message: '[BookingController] Get hotel bookings',
  timestamp: '2026-08-04T02:53:47.916Z'
}
{
  message: '[Cache Hit] Lấy thông tin hotel ID: 3ff5cc53-9069-45bc-a39e-2295bebd3ea5 từ Redis',
  level: 'debug',
  timestamp: '2026-08-04T02:53:47.918Z'
}
{
  message: '[Cache Hit] Lấy thông tin hotel ID: 61f3e4c1-cba1-48b1-851c-16bc9d413ec2 từ Redis',
  level: 'debug',
  timestamp: '2026-08-04T02:53:47.918Z'
}
{
  message: '[Cache Hit] Lấy thông tin hotel ID: a9778731-bce8-4dbf-8b2f-ab2543bfdcdc từ Redis',
  level: 'debug',
  timestamp: '2026-08-04T02:53:47.919Z'
}
{
  message: '[Cache Hit] Lấy thông tin hotel ID: 09928f48-b9bb-4700-85d2-51b072eef2c9 từ Redis',
  level: 'debug',
  timestamp: '2026-08-04T02:53:47.919Z'
}
{
  message: '[Cache Hit] Lấy thông tin hotel ID: 47451836-dfa0-4b5c-b770-43e87150fe10 từ Redis',
  level: 'debug',
  timestamp: '2026-08-04T02:53:47.919Z'
}
{
  message: '[Cache Hit] Lấy thông tin hotel ID: fda0f2da-56b2-46ac-afa7-7bb4e6d06edc từ Redis',
  level: 'debug',
  timestamp: '2026-08-04T02:53:47.919Z'
}
{
  hotelId: 'd79e14bd-e09b-49c3-80d7-4442133e57d6',
  level: 'info',
  message: '[BookingController] Get hotel bookings',
  timestamp: '2026-08-04T02:53:47.930Z'
}
{
  message: '[Cache Hit] Lấy thông tin hotel ID: d79e14bd-e09b-49c3-80d7-4442133e57d6 từ Redis',
  level: 'debug',
  timestamp: '2026-08-04T02:53:47.934Z'
}
{
  hotelId: '45ea8129-6cde-4f0a-b8a5-701260e11966',
  level: 'info',
  message: '[BookingController] Get hotel bookings',
  timestamp: '2026-08-04T02:53:47.938Z'
}
{
  hotelId: 'db71d087-b5a7-47be-b2a3-04e168e623b9',
  level: 'info',
  message: '[BookingController] Get hotel bookings',
  timestamp: '2026-08-04T02:53:47.942Z'
}
{
  hotelId: '1f63d07b-44ef-412e-8e8f-fc20853648c3',
  level: 'info',
  message: '[BookingController] Get hotel bookings',
  timestamp: '2026-08-04T02:53:47.946Z'
}
{
  hotelId: 'ae4ccd44-300e-4ca3-b16c-d3e71b6a0193',
  level: 'info',
  message: '[BookingController] Get hotel bookings',
  timestamp: '2026-08-04T02:53:47.950Z'
}
{
  hotelId: 'd29b2e2a-8af1-4273-8f2d-87053225f461',
  level: 'info',
  message: '[BookingController] Get hotel bookings',
  timestamp: '2026-08-04T02:53:47.954Z'
}
{
  message: '[Cache Hit] Lấy thông tin hotel ID: 45ea8129-6cde-4f0a-b8a5-701260e11966 từ Redis',
  level: 'debug',
  timestamp: '2026-08-04T02:53:47.955Z'
}
{
  message: '[Cache Hit] Lấy thông tin hotel ID: db71d087-b5a7-47be-b2a3-04e168e623b9 từ Redis',
  level: 'debug',
  timestamp: '2026-08-04T02:53:47.956Z'
}
{
  message: '[Cache Hit] Lấy thông tin hotel ID: 1f63d07b-44ef-412e-8e8f-fc20853648c3 từ Redis',
  level: 'debug',
  timestamp: '2026-08-04T02:53:47.956Z'
}
{
  message: '[Cache Hit] Lấy thông tin hotel ID: ae4ccd44-300e-4ca3-b16c-d3e71b6a0193 từ Redis',
  level: 'debug',
  timestamp: '2026-08-04T02:53:47.956Z'
}
{
  message: '[Cache Hit] Lấy thông tin hotel ID: d29b2e2a-8af1-4273-8f2d-87053225f461 từ Redis',
  level: 'debug',
  timestamp: '2026-08-04T02:53:47.956Z'
}
{
  hotelId: 'fdfc5eb7-97ff-450b-9edf-723739f36d56',
  level: 'info',
  message: '[BookingController] Get hotel bookings',
  timestamp: '2026-08-04T02:53:47.964Z'
}
{
  hotelId: '52eb4a25-dcb7-4bea-81ac-9d12053bd2c0',
  level: 'info',
  message: '[BookingController] Get hotel bookings',
  timestamp: '2026-08-04T02:53:47.968Z'
}
{
  hotelId: '6476b4b4-c8ba-4f05-a3ae-9ba776ad4be3',
  level: 'info',
  message: '[BookingController] Get hotel bookings',
  timestamp: '2026-08-04T02:53:47.972Z'
}
{
  hotelId: '3ff5cc53-9069-45bc-a39e-2295bebd3ea5',
  level: 'info',
  message: '[BookingController] Get hotel bookings',
  timestamp: '2026-08-04T02:53:47.973Z'
}
{
  hotelId: '61f3e4c1-cba1-48b1-851c-16bc9d413ec2',
  level: 'info',
  message: '[BookingController] Get hotel bookings',
  timestamp: '2026-08-04T02:53:47.974Z'
}
{
  hotelId: 'a9778731-bce8-4dbf-8b2f-ab2543bfdcdc',
  level: 'info',
  message: '[BookingController] Get hotel bookings',
  timestamp: '2026-08-04T02:53:47.976Z'
}
{
  message: '[Cache Hit] Lấy thông tin hotel ID: fdfc5eb7-97ff-450b-9edf-723739f36d56 từ Redis',
  level: 'debug',
  timestamp: '2026-08-04T02:53:47.977Z'
}
{
  message: '[Cache Hit] Lấy thông tin hotel ID: 52eb4a25-dcb7-4bea-81ac-9d12053bd2c0 từ Redis',
  level: 'debug',
  timestamp: '2026-08-04T02:53:47.978Z'
}
{
  message: '[Cache Hit] Lấy thông tin hotel ID: 6476b4b4-c8ba-4f05-a3ae-9ba776ad4be3 từ Redis',
  level: 'debug',
  timestamp: '2026-08-04T02:53:47.978Z'
}
{
  message: '[Cache Hit] Lấy thông tin hotel ID: 3ff5cc53-9069-45bc-a39e-2295bebd3ea5 từ Redis',
  level: 'debug',
  timestamp: '2026-08-04T02:53:47.978Z'
}
{
  message: '[Cache Hit] Lấy thông tin hotel ID: 61f3e4c1-cba1-48b1-851c-16bc9d413ec2 từ Redis',
  level: 'debug',
  timestamp: '2026-08-04T02:53:47.979Z'
}
{
  message: '[Cache Hit] Lấy thông tin hotel ID: a9778731-bce8-4dbf-8b2f-ab2543bfdcdc từ Redis',
  level: 'debug',
  timestamp: '2026-08-04T02:53:47.979Z'
}
{
  hotelId: '09928f48-b9bb-4700-85d2-51b072eef2c9',
  level: 'info',
  message: '[BookingController] Get hotel bookings',
  timestamp: '2026-08-04T02:53:47.988Z'
}
{
  message: '[Cache Hit] Lấy thông tin hotel ID: 09928f48-b9bb-4700-85d2-51b072eef2c9 từ Redis',
  level: 'debug',
  timestamp: '2026-08-04T02:53:47.991Z'
}
{
  page: '1',
  limit: '10',
  status: 'ACTIVE',
  level: 'info',
  message: '[HotelController] Get all hotels with queries',
  timestamp: '2026-08-04T02:53:49.454Z'
}
{
  message: '[Cache Hit] Lấy danh sách điểm đến hoạt động từ Redis',
  level: 'debug',
  timestamp: '2026-08-04T02:53:49.455Z'
}
{
  message: '[Cache Hit] Lấy danh sách điểm đến hoạt động từ Redis',
  level: 'debug',
  timestamp: '2026-08-04T02:53:49.461Z'
}
{
  page: '1',
  limit: '10',
  status: 'ACTIVE',
  level: 'info',
  message: '[HotelController] Get all hotels with queries',
  timestamp: '2026-08-04T02:53:49.468Z'
}
{
  message: '[Cache Hit] Lấy danh sách điểm đến hoạt động từ Redis',
  level: 'debug',
  timestamp: '2026-08-04T02:53:49.474Z'
}
{
  message: '[Cache Hit] Lấy danh sách điểm đến hoạt động từ Redis',
  level: 'debug',
  timestamp: '2026-08-04T02:53:49.483Z'
}
{
  query: [Object: null prototype] { location: 'Hà Nội' },
  level: 'info',
  message: '[SearchController] Search hotels',
  timestamp: '2026-08-04T02:54:06.439Z'
}
{
  message: '[Cache Hit] Lấy danh sách điểm đến hoạt động từ Redis',
  level: 'debug',
  timestamp: '2026-08-04T02:54:06.465Z'
}
{
  message: '[Cache Hit] Lấy danh sách điểm đến hoạt động từ Redis',
  level: 'debug',
  timestamp: '2026-08-04T02:54:06.479Z'
}
{
  query: [Object: null prototype] { location: 'Hà Nội' },
  level: 'info',
  message: '[SearchController] Search hotels',
  timestamp: '2026-08-04T02:54:06.556Z'
}
{
  message: '[SchedulerService] Đang kiểm tra các booking hết hạn thanh toán...',
  level: 'info',
  timestamp: '2026-08-04T02:55:00.016Z'
}
{
  message: '[SchedulerService] Đang kiểm tra các booking hết hạn thanh toán...',
  level: 'info',
  timestamp: '2026-08-04T03:00:00.023Z'
}
{
  message: 'JWT Verification Error: jwt expired',
  level: 'error',
  timestamp: '2026-08-04T03:02:49.825Z'
}
{
  message: 'GLOBAL ERROR HANDLER CAUGHT: Error: Phiên đăng nhập đã hết hạn. Vui lòng lấy Token mới.\n' +
    '    at authMiddleware (/app/src/middlewares/authMiddleware.ts:80:9)\n' +
    '    at Layer.handleRequest (/app/node_modules/router/lib/layer.js:152:17)\n' +
    '    at next (/app/node_modules/router/lib/route.js:157:13)\n' +
    '    at Route.dispatch (/app/node_modules/router/lib/route.js:117:3)\n' +
    '    at handle (/app/node_modules/router/index.js:435:11)\n' +
    '    at Layer.handleRequest (/app/node_modules/router/lib/layer.js:152:17)\n' +
    '    at /app/node_modules/router/index.js:295:15\n' +
    '    at processParams (/app/node_modules/router/index.js:582:12)\n' +
    '    at next (/app/node_modules/router/index.js:291:5)\n' +
    '    at Function.handle (/app/node_modules/router/index.js:186:3)',
  level: 'error',
  timestamp: '2026-08-04T03:02:49.828Z'
}
{
  message: 'JWT Verification Error: jwt expired',
  level: 'error',
  timestamp: '2026-08-04T03:02:49.840Z'
}
{
  message: 'GLOBAL ERROR HANDLER CAUGHT: Error: Phiên đăng nhập đã hết hạn. Vui lòng lấy Token mới.\n' +
    '    at authMiddleware (/app/src/middlewares/authMiddleware.ts:80:9)\n' +
    '    at Layer.handleRequest (/app/node_modules/router/lib/layer.js:152:17)\n' +
    '    at next (/app/node_modules/router/lib/route.js:157:13)\n' +
    '    at Route.dispatch (/app/node_modules/router/lib/route.js:117:3)\n' +
    '    at handle (/app/node_modules/router/index.js:435:11)\n' +
    '    at Layer.handleRequest (/app/node_modules/router/lib/layer.js:152:17)\n' +
    '    at /app/node_modules/router/index.js:295:15\n' +
    '    at processParams (/app/node_modules/router/index.js:582:12)\n' +
    '    at next (/app/node_modules/router/index.js:291:5)\n' +
    '    at Function.handle (/app/node_modules/router/index.js:186:3)',
  level: 'error',
  timestamp: '2026-08-04T03:02:49.841Z'
}
{
  message: '[AuthController] Refresh Tokens',
  level: 'info',
  timestamp: '2026-08-04T03:02:49.880Z'
}
{
  message: 'Fetching user details for ID: 0cbc0c7f-fda6-4929-b479-ad9d83ace8ce',
  level: 'debug',
  timestamp: '2026-08-04T03:02:49.949Z'
}
{
  message: '[Cache Hit] Lấy thông tin user ID: 0cbc0c7f-fda6-4929-b479-ad9d83ace8ce từ Redis',
  level: 'debug',
  timestamp: '2026-08-04T03:02:49.952Z'
}
{
  message: '[AuthService] Tokens refreshed successfully for user: agent1@booking.com',
  level: 'info',
  timestamp: '2026-08-04T03:02:49.996Z'
}
{
  userId: '0cbc0c7f-fda6-4929-b479-ad9d83ace8ce',
  level: 'info',
  message: '[AuthController] Get Me',
  timestamp: '2026-08-04T03:02:50.056Z'
}
{
  message: 'Fetching user details for ID: 0cbc0c7f-fda6-4929-b479-ad9d83ace8ce',
  level: 'debug',
  timestamp: '2026-08-04T03:02:50.057Z'
}
{
  message: '[Cache Hit] Lấy thông tin user ID: 0cbc0c7f-fda6-4929-b479-ad9d83ace8ce từ Redis',
  level: 'debug',
  timestamp: '2026-08-04T03:02:50.058Z'
}
{
  userId: '0cbc0c7f-fda6-4929-b479-ad9d83ace8ce',
  level: 'info',
  message: '[AuthController] Get Me',
  timestamp: '2026-08-04T03:02:50.066Z'
}
{
  message: 'Fetching user details for ID: 0cbc0c7f-fda6-4929-b479-ad9d83ace8ce',
  level: 'debug',
  timestamp: '2026-08-04T03:02:50.067Z'
}
{
  message: '[Cache Hit] Lấy thông tin user ID: 0cbc0c7f-fda6-4929-b479-ad9d83ace8ce từ Redis',
  level: 'debug',
  timestamp: '2026-08-04T03:02:50.069Z'
}
{
  message: '[Cache Hit] Lấy danh sách điểm đến hoạt động từ Redis',
  level: 'debug',
  timestamp: '2026-08-04T03:02:50.284Z'
}
{
  query: [Object: null prototype] { location: 'Hà Nội' },
  level: 'info',
  message: '[SearchController] Search hotels',
  timestamp: '2026-08-04T03:02:50.299Z'
}
{
  message: '[Cache Hit] Lấy danh sách điểm đến hoạt động từ Redis',
  level: 'debug',
  timestamp: '2026-08-04T03:02:50.308Z'
}
{
  query: [Object: null prototype] { location: 'Hà Nội' },
  level: 'info',
  message: '[SearchController] Search hotels',
  timestamp: '2026-08-04T03:02:50.353Z'
}
{
  userId: '0cbc0c7f-fda6-4929-b479-ad9d83ace8ce',
  level: 'info',
  message: '[AuthController] Get Me',
  timestamp: '2026-08-04T03:04:55.361Z'
}
{
  message: 'Fetching user details for ID: 0cbc0c7f-fda6-4929-b479-ad9d83ace8ce',
  level: 'debug',
  timestamp: '2026-08-04T03:04:55.363Z'
}
{
  message: '[Cache Hit] Lấy thông tin user ID: 0cbc0c7f-fda6-4929-b479-ad9d83ace8ce từ Redis',
  level: 'debug',
  timestamp: '2026-08-04T03:04:55.367Z'
}
{
  userId: '0cbc0c7f-fda6-4929-b479-ad9d83ace8ce',
  level: 'info',
  message: '[AuthController] Get Me',
  timestamp: '2026-08-04T03:04:55.380Z'
}
{
  message: 'Fetching user details for ID: 0cbc0c7f-fda6-4929-b479-ad9d83ace8ce',
  level: 'debug',
  timestamp: '2026-08-04T03:04:55.380Z'
}
{
  message: '[Cache Hit] Lấy thông tin user ID: 0cbc0c7f-fda6-4929-b479-ad9d83ace8ce từ Redis',
  level: 'debug',
  timestamp: '2026-08-04T03:04:55.381Z'
}
{
  message: '[Cache Hit] Lấy danh sách điểm đến hoạt động từ Redis',
  level: 'debug',
  timestamp: '2026-08-04T03:04:54.793Z'
}
{
  query: [Object: null prototype] { location: 'Hà Nội' },
  level: 'info',
  message: '[SearchController] Search hotels',
  timestamp: '2026-08-04T03:04:54.799Z'
}
{
  message: '[Cache Hit] Lấy danh sách điểm đến hoạt động từ Redis',
  level: 'debug',
  timestamp: '2026-08-04T03:04:54.804Z'
}
{
  query: [Object: null prototype] { location: 'Hà Nội' },
  level: 'info',
  message: '[SearchController] Search hotels',
  timestamp: '2026-08-04T03:04:54.861Z'
}
{
  message: '[SchedulerService] Đang kiểm tra các booking hết hạn thanh toán...',
  level: 'info',
  timestamp: '2026-08-04T03:05:00.003Z'
}
{
  message: '[SchedulerService] Đang kiểm tra các booking hết hạn thanh toán...',
  level: 'info',
  timestamp: '2026-08-04T03:10:00.019Z'
}
{
  message: 'JWT Verification Error: jwt expired',
  level: 'error',
  timestamp: '2026-08-04T03:10:53.812Z'
}
{
  message: 'GLOBAL ERROR HANDLER CAUGHT: Error: Phiên đăng nhập đã hết hạn. Vui lòng lấy Token mới.\n' +
    '    at authMiddleware (/app/src/middlewares/authMiddleware.ts:80:9)\n' +
    '    at Layer.handleRequest (/app/node_modules/router/lib/layer.js:152:17)\n' +
    '    at next (/app/node_modules/router/lib/route.js:157:13)\n' +
    '    at Route.dispatch (/app/node_modules/router/lib/route.js:117:3)\n' +
    '    at handle (/app/node_modules/router/index.js:435:11)\n' +
    '    at Layer.handleRequest (/app/node_modules/router/lib/layer.js:152:17)\n' +
    '    at /app/node_modules/router/index.js:295:15\n' +
    '    at processParams (/app/node_modules/router/index.js:582:12)\n' +
    '    at next (/app/node_modules/router/index.js:291:5)\n' +
    '    at Function.handle (/app/node_modules/router/index.js:186:3)',
  level: 'error',
  timestamp: '2026-08-04T03:10:53.814Z'
}
{
  message: 'JWT Verification Error: jwt expired',
  level: 'error',
  timestamp: '2026-08-04T03:10:53.831Z'
}
{
  message: 'GLOBAL ERROR HANDLER CAUGHT: Error: Phiên đăng nhập đã hết hạn. Vui lòng lấy Token mới.\n' +
    '    at authMiddleware (/app/src/middlewares/authMiddleware.ts:80:9)\n' +
    '    at Layer.handleRequest (/app/node_modules/router/lib/layer.js:152:17)\n' +
    '    at next (/app/node_modules/router/lib/route.js:157:13)\n' +
    '    at Route.dispatch (/app/node_modules/router/lib/route.js:117:3)\n' +
    '    at handle (/app/node_modules/router/index.js:435:11)\n' +
    '    at Layer.handleRequest (/app/node_modules/router/lib/layer.js:152:17)\n' +
    '    at /app/node_modules/router/index.js:295:15\n' +
    '    at processParams (/app/node_modules/router/index.js:582:12)\n' +
    '    at next (/app/node_modules/router/index.js:291:5)\n' +
    '    at Function.handle (/app/node_modules/router/index.js:186:3)',
  level: 'error',
  timestamp: '2026-08-04T03:10:53.833Z'
}
{
  message: '[AuthController] Refresh Tokens',
  level: 'info',
  timestamp: '2026-08-04T03:10:53.853Z'
}
{
  message: 'Fetching user details for ID: 0cbc0c7f-fda6-4929-b479-ad9d83ace8ce',
  level: 'debug',
  timestamp: '2026-08-04T03:10:53.915Z'
}
{
  message: '[Cache Hit] Lấy thông tin user ID: 0cbc0c7f-fda6-4929-b479-ad9d83ace8ce từ Redis',
  level: 'debug',
  timestamp: '2026-08-04T03:10:53.916Z'
}
{
  message: '[AuthService] Tokens refreshed successfully for user: agent1@booking.com',
  level: 'info',
  timestamp: '2026-08-04T03:10:53.941Z'
}
{
  userId: '0cbc0c7f-fda6-4929-b479-ad9d83ace8ce',
  level: 'info',
  message: '[AuthController] Get Me',
  timestamp: '2026-08-04T03:10:54.040Z'
}
{
  message: 'Fetching user details for ID: 0cbc0c7f-fda6-4929-b479-ad9d83ace8ce',
  level: 'debug',
  timestamp: '2026-08-04T03:10:54.041Z'
}
{
  message: '[Cache Hit] Lấy thông tin user ID: 0cbc0c7f-fda6-4929-b479-ad9d83ace8ce từ Redis',
  level: 'debug',
  timestamp: '2026-08-04T03:10:54.050Z'
}
{
  userId: '0cbc0c7f-fda6-4929-b479-ad9d83ace8ce',
  level: 'info',
  message: '[AuthController] Get Me',
  timestamp: '2026-08-04T03:10:54.070Z'
}
{
  message: 'Fetching user details for ID: 0cbc0c7f-fda6-4929-b479-ad9d83ace8ce',
  level: 'debug',
  timestamp: '2026-08-04T03:10:54.071Z'
}
{
  message: '[Cache Hit] Lấy danh sách điểm đến hoạt động từ Redis',
  level: 'debug',
  timestamp: '2026-08-04T03:10:54.075Z'
}
{
  message: '[Cache Hit] Lấy thông tin user ID: 0cbc0c7f-fda6-4929-b479-ad9d83ace8ce từ Redis',
  level: 'debug',
  timestamp: '2026-08-04T03:10:54.076Z'
}
{
  query: [Object: null prototype] { location: 'Hà Nội' },
  level: 'info',
  message: '[SearchController] Search hotels',
  timestamp: '2026-08-04T03:10:54.085Z'
}
{
  message: '[Cache Hit] Lấy danh sách điểm đến hoạt động từ Redis',
  level: 'debug',
  timestamp: '2026-08-04T03:10:54.091Z'
}
{
  query: [Object: null prototype] { location: 'Hà Nội' },
  level: 'info',
  message: '[SearchController] Search hotels',
  timestamp: '2026-08-04T03:10:54.132Z'
}
{
  message: '[Cache Hit] Lấy danh sách điểm đến hoạt động từ Redis',
  level: 'debug',
  timestamp: '2026-08-04T03:14:19.981Z'
}
{
  page: '1',
  limit: '10',
  status: 'ACTIVE',
  level: 'info',
  message: '[HotelController] Get all hotels with queries',
  timestamp: '2026-08-04T03:14:19.984Z'
}
{
  message: '[Cache Hit] Lấy danh sách điểm đến hoạt động từ Redis',
  level: 'debug',
  timestamp: '2026-08-04T03:14:20.008Z'
}
{
  page: '1',
  limit: '10',
  status: 'ACTIVE',
  level: 'info',
  message: '[HotelController] Get all hotels with queries',
  timestamp: '2026-08-04T03:14:20.036Z'
}
{
  message: '[Cache Hit] Lấy danh sách điểm đến hoạt động từ Redis',
  level: 'debug',
  timestamp: '2026-08-04T03:14:20.041Z'
}
{
  message: '[Cache Hit] Lấy danh sách điểm đến hoạt động từ Redis',
  level: 'debug',
  timestamp: '2026-08-04T03:14:20.049Z'
}
{
  message: '[SchedulerService] Đang kiểm tra các booking hết hạn thanh toán...',
  level: 'info',
  timestamp: '2026-08-04T03:15:00.002Z'
}
{
  message: '[SchedulerService] Đang kiểm tra các booking hết hạn thanh toán...',
  level: 'info',
  timestamp: '2026-08-04T03:20:00.003Z'
}
{
  message: 'JWT Verification Error: jwt expired',
  level: 'error',
  timestamp: '2026-08-04T03:21:17.694Z'
}
{
  message: 'GLOBAL ERROR HANDLER CAUGHT: Error: Phiên đăng nhập đã hết hạn. Vui lòng lấy Token mới.\n' +
    '    at authMiddleware (/app/src/middlewares/authMiddleware.ts:80:9)\n' +
    '    at Layer.handleRequest (/app/node_modules/router/lib/layer.js:152:17)\n' +
    '    at next (/app/node_modules/router/lib/route.js:157:13)\n' +
    '    at Route.dispatch (/app/node_modules/router/lib/route.js:117:3)\n' +
    '    at handle (/app/node_modules/router/index.js:435:11)\n' +
    '    at Layer.handleRequest (/app/node_modules/router/lib/layer.js:152:17)\n' +
    '    at /app/node_modules/router/index.js:295:15\n' +
    '    at processParams (/app/node_modules/router/index.js:582:12)\n' +
    '    at next (/app/node_modules/router/index.js:291:5)\n' +
    '    at Function.handle (/app/node_modules/router/index.js:186:3)',
  level: 'error',
  timestamp: '2026-08-04T03:21:17.695Z'
}
{
  message: 'JWT Verification Error: jwt expired',
  level: 'error',
  timestamp: '2026-08-04T03:21:17.706Z'
}
{
  message: 'GLOBAL ERROR HANDLER CAUGHT: Error: Phiên đăng nhập đã hết hạn. Vui lòng lấy Token mới.\n' +
    '    at authMiddleware (/app/src/middlewares/authMiddleware.ts:80:9)\n' +
    '    at Layer.handleRequest (/app/node_modules/router/lib/layer.js:152:17)\n' +
    '    at next (/app/node_modules/router/lib/route.js:157:13)\n' +
    '    at Route.dispatch (/app/node_modules/router/lib/route.js:117:3)\n' +
    '    at handle (/app/node_modules/router/index.js:435:11)\n' +
    '    at Layer.handleRequest (/app/node_modules/router/lib/layer.js:152:17)\n' +
    '    at /app/node_modules/router/index.js:295:15\n' +
    '    at processParams (/app/node_modules/router/index.js:582:12)\n' +
    '    at next (/app/node_modules/router/index.js:291:5)\n' +
    '    at Function.handle (/app/node_modules/router/index.js:186:3)',
  level: 'error',
  timestamp: '2026-08-04T03:21:17.710Z'
}
{
  message: '[AuthController] Refresh Tokens',
  level: 'info',
  timestamp: '2026-08-04T03:21:17.720Z'
}
{
  message: 'Fetching user details for ID: 0cbc0c7f-fda6-4929-b479-ad9d83ace8ce',
  level: 'debug',
  timestamp: '2026-08-04T03:21:17.746Z'
}
{
  message: '[Cache Hit] Lấy thông tin user ID: 0cbc0c7f-fda6-4929-b479-ad9d83ace8ce từ Redis',
  level: 'debug',
  timestamp: '2026-08-04T03:21:17.747Z'
}
{
  message: '[AuthService] Tokens refreshed successfully for user: agent1@booking.com',
  level: 'info',
  timestamp: '2026-08-04T03:21:17.774Z'
}
{
  userId: '0cbc0c7f-fda6-4929-b479-ad9d83ace8ce',
  level: 'info',
  message: '[AuthController] Get Me',
  timestamp: '2026-08-04T03:21:17.819Z'
}
{
  message: 'Fetching user details for ID: 0cbc0c7f-fda6-4929-b479-ad9d83ace8ce',
  level: 'debug',
  timestamp: '2026-08-04T03:21:17.822Z'
}
{
  message: '[Cache Hit] Lấy thông tin user ID: 0cbc0c7f-fda6-4929-b479-ad9d83ace8ce từ Redis',
  level: 'debug',
  timestamp: '2026-08-04T03:21:17.824Z'
}
{
  userId: '0cbc0c7f-fda6-4929-b479-ad9d83ace8ce',
  level: 'info',
  message: '[AuthController] Get Me',
  timestamp: '2026-08-04T03:21:17.832Z'
}
{
  message: 'Fetching user details for ID: 0cbc0c7f-fda6-4929-b479-ad9d83ace8ce',
  level: 'debug',
  timestamp: '2026-08-04T03:21:17.833Z'
}
{
  message: '[Cache Hit] Lấy thông tin user ID: 0cbc0c7f-fda6-4929-b479-ad9d83ace8ce từ Redis',
  level: 'debug',
  timestamp: '2026-08-04T03:21:17.834Z'
}
{
  message: '[Cache Hit] Lấy danh sách điểm đến hoạt động từ Redis',
  level: 'debug',
  timestamp: '2026-08-04T03:21:18.012Z'
}
{
  page: '1',
  limit: '10',
  status: 'ACTIVE',
  level: 'info',
  message: '[HotelController] Get all hotels with queries',
  timestamp: '2026-08-04T03:21:18.016Z'
}
{
  message: '[Cache Hit] Lấy danh sách điểm đến hoạt động từ Redis',
  level: 'debug',
  timestamp: '2026-08-04T03:21:18.020Z'
}
{
  page: '1',
  limit: '10',
  status: 'ACTIVE',
  level: 'info',
  message: '[HotelController] Get all hotels with queries',
  timestamp: '2026-08-04T03:21:18.036Z'
}
{
  message: '[Cache Hit] Lấy danh sách điểm đến hoạt động từ Redis',
  level: 'debug',
  timestamp: '2026-08-04T03:21:18.040Z'
}
{
  message: '[Cache Hit] Lấy danh sách điểm đến hoạt động từ Redis',
  level: 'debug',
  timestamp: '2026-08-04T03:21:18.047Z'
}
{
  userId: '0cbc0c7f-fda6-4929-b479-ad9d83ace8ce',
  level: 'info',
  message: '[AuthController] Get Me',
  timestamp: '2026-08-04T03:22:05.931Z'
}
{
  message: 'Fetching user details for ID: 0cbc0c7f-fda6-4929-b479-ad9d83ace8ce',
  level: 'debug',
  timestamp: '2026-08-04T03:22:05.932Z'
}
{
  message: '[Cache Hit] Lấy thông tin user ID: 0cbc0c7f-fda6-4929-b479-ad9d83ace8ce từ Redis',
  level: 'debug',
  timestamp: '2026-08-04T03:22:05.933Z'
}
{
  userId: '0cbc0c7f-fda6-4929-b479-ad9d83ace8ce',
  level: 'info',
  message: '[AuthController] Get Me',
  timestamp: '2026-08-04T03:22:05.944Z'
}
{
  message: 'Fetching user details for ID: 0cbc0c7f-fda6-4929-b479-ad9d83ace8ce',
  level: 'debug',
  timestamp: '2026-08-04T03:22:05.944Z'
}
{
  message: '[Cache Hit] Lấy thông tin user ID: 0cbc0c7f-fda6-4929-b479-ad9d83ace8ce từ Redis',
  level: 'debug',
  timestamp: '2026-08-04T03:22:05.946Z'
}
{
  message: '[Cache Hit] Lấy danh sách điểm đến hoạt động từ Redis',
  level: 'debug',
  timestamp: '2026-08-04T03:22:07.290Z'
}
{
  page: '1',
  limit: '10',
  status: 'ACTIVE',
  level: 'info',
  message: '[HotelController] Get all hotels with queries',
  timestamp: '2026-08-04T03:22:07.295Z'
}
{
  message: '[Cache Hit] Lấy danh sách điểm đến hoạt động từ Redis',
  level: 'debug',
  timestamp: '2026-08-04T03:22:07.297Z'
}
{
  page: '1',
  limit: '10',
  status: 'ACTIVE',
  level: 'info',
  message: '[HotelController] Get all hotels with queries',
  timestamp: '2026-08-04T03:22:07.303Z'
}
{
  message: '[Cache Hit] Lấy danh sách điểm đến hoạt động từ Redis',
  level: 'debug',
  timestamp: '2026-08-04T03:22:07.308Z'
}
{
  message: '[Cache Hit] Lấy danh sách điểm đến hoạt động từ Redis',
  level: 'debug',
  timestamp: '2026-08-04T03:22:07.317Z'
}
{
  page: '1',
  limit: '10',
  status: 'ACTIVE',
  level: 'info',
  message: '[HotelController] Get all hotels with queries',
  timestamp: '2026-08-04T03:22:12.919Z'
}
{
  userId: '0cbc0c7f-fda6-4929-b479-ad9d83ace8ce',
  level: 'info',
  message: '[AuthController] Get Me',
  timestamp: '2026-08-04T03:23:37.287Z'
}
{
  message: 'Fetching user details for ID: 0cbc0c7f-fda6-4929-b479-ad9d83ace8ce',
  level: 'debug',
  timestamp: '2026-08-04T03:23:37.287Z'
}
{
  message: '[Cache Hit] Lấy thông tin user ID: 0cbc0c7f-fda6-4929-b479-ad9d83ace8ce từ Redis',
  level: 'debug',
  timestamp: '2026-08-04T03:23:37.291Z'
}
{
  userId: '0cbc0c7f-fda6-4929-b479-ad9d83ace8ce',
  level: 'info',
  message: '[AuthController] Get Me',
  timestamp: '2026-08-04T03:23:37.312Z'
}
{
  message: 'Fetching user details for ID: 0cbc0c7f-fda6-4929-b479-ad9d83ace8ce',
  level: 'debug',
  timestamp: '2026-08-04T03:23:37.312Z'
}
{
  message: '[Cache Hit] Lấy thông tin user ID: 0cbc0c7f-fda6-4929-b479-ad9d83ace8ce từ Redis',
  level: 'debug',
  timestamp: '2026-08-04T03:23:37.314Z'
}
{
  message: '[Cache Hit] Lấy danh sách điểm đến hoạt động từ Redis',
  level: 'debug',
  timestamp: '2026-08-04T03:23:36.780Z'
}
{
  message: '[Cache Hit] Lấy danh sách điểm đến hoạt động từ Redis',
  level: 'debug',
  timestamp: '2026-08-04T03:23:36.792Z'
}
{
  message: '[Cache Hit] Lấy danh sách điểm đến hoạt động từ Redis',
  level: 'debug',
  timestamp: '2026-08-04T03:23:36.804Z'
}
{
  message: '[Cache Hit] Lấy danh sách điểm đến hoạt động từ Redis',
  level: 'debug',
  timestamp: '2026-08-04T03:23:36.816Z'
}
{
  userId: '0cbc0c7f-fda6-4929-b479-ad9d83ace8ce',
  level: 'info',
  message: '[AuthController] Get Me',
  timestamp: '2026-08-04T03:23:41.894Z'
}
{
  message: 'Fetching user details for ID: 0cbc0c7f-fda6-4929-b479-ad9d83ace8ce',
  level: 'debug',
  timestamp: '2026-08-04T03:23:41.894Z'
}
{
  message: '[Cache Hit] Lấy thông tin user ID: 0cbc0c7f-fda6-4929-b479-ad9d83ace8ce từ Redis',
  level: 'debug',
  timestamp: '2026-08-04T03:23:41.896Z'
}
{
  message: '[Cache Hit] Lấy danh sách điểm đến hoạt động từ Redis',
  level: 'debug',
  timestamp: '2026-08-04T03:23:43.260Z'
}
{
  message: '[Cache Hit] Lấy danh sách điểm đến hoạt động từ Redis',
  level: 'debug',
  timestamp: '2026-08-04T03:23:43.278Z'
}
{
  page: '1',
  limit: '10',
  status: 'ACTIVE',
  level: 'info',
  message: '[HotelController] Get all hotels with queries',
  timestamp: '2026-08-04T03:23:43.283Z'
}
{
  message: '[Cache Hit] Lấy danh sách điểm đến hoạt động từ Redis',
  level: 'debug',
  timestamp: '2026-08-04T03:23:43.287Z'
}
{
  message: '[Cache Hit] Lấy danh sách điểm đến hoạt động từ Redis',
  level: 'debug',
  timestamp: '2026-08-04T03:23:43.298Z'
}
{
  page: '1',
  limit: '10',
  status: 'ACTIVE',
  level: 'info',
  message: '[HotelController] Get all hotels with queries',
  timestamp: '2026-08-04T03:23:43.357Z'
}
{
  message: '[Cache Hit] Lấy danh sách điểm đến hoạt động từ Redis',
  level: 'debug',
  timestamp: '2026-08-04T03:23:48.545Z'
}
{
  userId: '0cbc0c7f-fda6-4929-b479-ad9d83ace8ce',
  level: 'info',
  message: '[AuthController] Get Me',
  timestamp: '2026-08-04T03:24:05.748Z'
}
{
  message: 'Fetching user details for ID: 0cbc0c7f-fda6-4929-b479-ad9d83ace8ce',
  level: 'debug',
  timestamp: '2026-08-04T03:24:05.750Z'
}
{
  message: '[Cache Hit] Lấy thông tin user ID: 0cbc0c7f-fda6-4929-b479-ad9d83ace8ce từ Redis',
  level: 'debug',
  timestamp: '2026-08-04T03:24:05.754Z'
}
{
  userId: '0cbc0c7f-fda6-4929-b479-ad9d83ace8ce',
  level: 'info',
  message: '[AuthController] Get Me',
  timestamp: '2026-08-04T03:24:10.124Z'
}
{
  message: 'Fetching user details for ID: 0cbc0c7f-fda6-4929-b479-ad9d83ace8ce',
  level: 'debug',
  timestamp: '2026-08-04T03:24:10.124Z'
}
{
  message: '[Cache Hit] Lấy thông tin user ID: 0cbc0c7f-fda6-4929-b479-ad9d83ace8ce từ Redis',
  level: 'debug',
  timestamp: '2026-08-04T03:24:10.130Z'
}
{
  userId: '0cbc0c7f-fda6-4929-b479-ad9d83ace8ce',
  level: 'info',
  message: '[AuthController] Get Me',
  timestamp: '2026-08-04T03:24:10.143Z'
}
{
  message: 'Fetching user details for ID: 0cbc0c7f-fda6-4929-b479-ad9d83ace8ce',
  level: 'debug',
  timestamp: '2026-08-04T03:24:10.144Z'
}
{
  message: '[Cache Hit] Lấy thông tin user ID: 0cbc0c7f-fda6-4929-b479-ad9d83ace8ce từ Redis',
  level: 'debug',
  timestamp: '2026-08-04T03:24:10.146Z'
}
{
  message: '[Cache Hit] Lấy danh sách điểm đến hoạt động từ Redis',
  level: 'debug',
  timestamp: '2026-08-04T03:24:10.395Z'
}
{
  message: '[Cache Hit] Lấy danh sách điểm đến hoạt động từ Redis',
  level: 'debug',
  timestamp: '2026-08-04T03:24:10.409Z'
}
{
  page: '1',
  limit: '10',
  status: 'ACTIVE',
  level: 'info',
  message: '[HotelController] Get all hotels with queries',
  timestamp: '2026-08-04T03:24:10.421Z'
}
{
  message: '[Cache Hit] Lấy danh sách điểm đến hoạt động từ Redis',
  level: 'debug',
  timestamp: '2026-08-04T03:24:10.424Z'
}
{
  message: '[Cache Hit] Lấy danh sách điểm đến hoạt động từ Redis',
  level: 'debug',
  timestamp: '2026-08-04T03:24:10.443Z'
}
{
  page: '1',
  limit: '10',
  status: 'ACTIVE',
  level: 'info',
  message: '[HotelController] Get all hotels with queries',
  timestamp: '2026-08-04T03:24:10.447Z'
}
{
  userId: '0cbc0c7f-fda6-4929-b479-ad9d83ace8ce',
  level: 'info',
  message: '[AuthController] Get Me',
  timestamp: '2026-08-04T03:24:12.113Z'
}
{
  message: 'Fetching user details for ID: 0cbc0c7f-fda6-4929-b479-ad9d83ace8ce',
  level: 'debug',
  timestamp: '2026-08-04T03:24:12.113Z'
}
{
  message: '[Cache Hit] Lấy thông tin user ID: 0cbc0c7f-fda6-4929-b479-ad9d83ace8ce từ Redis',
  level: 'debug',
  timestamp: '2026-08-04T03:24:12.114Z'
}
{
  userId: '0cbc0c7f-fda6-4929-b479-ad9d83ace8ce',
  level: 'info',
  message: '[AuthController] Get Me',
  timestamp: '2026-08-04T03:24:12.121Z'
}
{
  message: 'Fetching user details for ID: 0cbc0c7f-fda6-4929-b479-ad9d83ace8ce',
  level: 'debug',
  timestamp: '2026-08-04T03:24:12.122Z'
}
{
  message: '[Cache Hit] Lấy thông tin user ID: 0cbc0c7f-fda6-4929-b479-ad9d83ace8ce từ Redis',
  level: 'debug',
  timestamp: '2026-08-04T03:24:12.122Z'
}
{
  page: '1',
  limit: '10',
  status: 'ACTIVE',
  level: 'info',
  message: '[HotelController] Get all hotels with queries',
  timestamp: '2026-08-04T03:24:12.441Z'
}
{
  message: '[Cache Hit] Lấy danh sách điểm đến hoạt động từ Redis',
  level: 'debug',
  timestamp: '2026-08-04T03:24:12.444Z'
}
{
  message: '[Cache Hit] Lấy danh sách điểm đến hoạt động từ Redis',
  level: 'debug',
  timestamp: '2026-08-04T03:24:12.505Z'
}
{
  page: '1',
  limit: '10',
  status: 'ACTIVE',
  level: 'info',
  message: '[HotelController] Get all hotels with queries',
  timestamp: '2026-08-04T03:24:12.508Z'
}
{
  message: '[Cache Hit] Lấy danh sách điểm đến hoạt động từ Redis',
  level: 'debug',
  timestamp: '2026-08-04T03:24:12.513Z'
}
{
  message: '[Cache Hit] Lấy danh sách điểm đến hoạt động từ Redis',
  level: 'debug',
  timestamp: '2026-08-04T03:24:12.520Z'
}
{
  userId: '0cbc0c7f-fda6-4929-b479-ad9d83ace8ce',
  level: 'info',
  message: '[AuthController] Get Me',
  timestamp: '2026-08-04T03:24:13.660Z'
}
{
  message: 'Fetching user details for ID: 0cbc0c7f-fda6-4929-b479-ad9d83ace8ce',
  level: 'debug',
  timestamp: '2026-08-04T03:24:13.661Z'
}
{
  message: '[Cache Hit] Lấy thông tin user ID: 0cbc0c7f-fda6-4929-b479-ad9d83ace8ce từ Redis',
  level: 'debug',
  timestamp: '2026-08-04T03:24:13.662Z'
}
{
  userId: '0cbc0c7f-fda6-4929-b479-ad9d83ace8ce',
  level: 'info',
  message: '[AuthController] Get Me',
  timestamp: '2026-08-04T03:24:13.667Z'
}
{
  message: 'Fetching user details for ID: 0cbc0c7f-fda6-4929-b479-ad9d83ace8ce',
  level: 'debug',
  timestamp: '2026-08-04T03:24:13.668Z'
}
{
  message: '[Cache Hit] Lấy thông tin user ID: 0cbc0c7f-fda6-4929-b479-ad9d83ace8ce từ Redis',
  level: 'debug',
  timestamp: '2026-08-04T03:24:13.669Z'
}
{
  page: '1',
  limit: '10',
  status: 'ACTIVE',
  level: 'info',
  message: '[HotelController] Get all hotels with queries',
  timestamp: '2026-08-04T03:24:14.005Z'
}
{
  message: '[Cache Hit] Lấy danh sách điểm đến hoạt động từ Redis',
  level: 'debug',
  timestamp: '2026-08-04T03:24:14.009Z'
}
{
  message: '[Cache Hit] Lấy danh sách điểm đến hoạt động từ Redis',
  level: 'debug',
  timestamp: '2026-08-04T03:24:14.053Z'
}
{
  page: '1',
  limit: '10',
  status: 'ACTIVE',
  level: 'info',
  message: '[HotelController] Get all hotels with queries',
  timestamp: '2026-08-04T03:24:14.059Z'
}
{
  message: '[Cache Hit] Lấy danh sách điểm đến hoạt động từ Redis',
  level: 'debug',
  timestamp: '2026-08-04T03:24:14.065Z'
}
{
  message: '[Cache Hit] Lấy danh sách điểm đến hoạt động từ Redis',
  level: 'debug',
  timestamp: '2026-08-04T03:24:14.072Z'
}
{
  message: '[Cache Hit] Lấy danh sách điểm đến hoạt động từ Redis',
  level: 'debug',
  timestamp: '2026-08-04T03:24:23.382Z'
}
{
  message: '[Cache Hit] Lấy danh sách điểm đến hoạt động từ Redis',
  level: 'debug',
  timestamp: '2026-08-04T03:24:23.396Z'
}
{
  page: '1',
  limit: '10',
  status: 'ACTIVE',
  level: 'info',
  message: '[HotelController] Get all hotels with queries',
  timestamp: '2026-08-04T03:24:23.419Z'
}
{
  message: '[Cache Hit] Lấy danh sách điểm đến hoạt động từ Redis',
  level: 'debug',
  timestamp: '2026-08-04T03:24:23.433Z'
}
{
  page: '1',
  limit: '10',
  status: 'ACTIVE',
  level: 'info',
  message: '[HotelController] Get all hotels with queries',
  timestamp: '2026-08-04T03:24:23.446Z'
}
{
  message: '[Cache Hit] Lấy danh sách điểm đến hoạt động từ Redis',
  level: 'debug',
  timestamp: '2026-08-04T03:24:23.450Z'
}
{
  message: '[Cache Hit] Lấy danh sách điểm đến hoạt động từ Redis',
  level: 'debug',
  timestamp: '2026-08-04T03:24:24.391Z'
}
{
  query: [Object: null prototype] {},
  level: 'info',
  message: '[SearchController] Search hotels',
  timestamp: '2026-08-04T03:24:24.393Z'
}
{
  message: '[Cache Hit] Lấy danh sách điểm đến hoạt động từ Redis',
  level: 'debug',
  timestamp: '2026-08-04T03:24:24.396Z'
}
{
  query: [Object: null prototype] {},
  level: 'info',
  message: '[SearchController] Search hotels',
  timestamp: '2026-08-04T03:24:24.479Z'
}
{
  message: '[SchedulerService] Đang kiểm tra các booking hết hạn thanh toán...',
  level: 'info',
  timestamp: '2026-08-04T03:25:00.033Z'
}
{
  page: '1',
  limit: '10',
  status: 'ACTIVE',
  level: 'info',
  message: '[HotelController] Get all hotels with queries',
  timestamp: '2026-08-04T03:26:29.129Z'
}
{
  message: '[Cache Hit] Lấy danh sách điểm đến hoạt động từ Redis',
  level: 'debug',
  timestamp: '2026-08-04T03:26:29.130Z'
}
{
  page: '1',
  limit: '10',
  status: 'ACTIVE',
  level: 'info',
  message: '[HotelController] Get all hotels with queries',
  timestamp: '2026-08-04T03:26:29.143Z'
}
{
  message: '[Cache Hit] Lấy danh sách điểm đến hoạt động từ Redis',
  level: 'debug',
  timestamp: '2026-08-04T03:26:29.146Z'
}
{
  message: '[Cache Hit] Lấy danh sách điểm đến hoạt động từ Redis',
  level: 'debug',
  timestamp: '2026-08-04T03:26:29.155Z'
}
{
  message: '[Cache Hit] Lấy danh sách điểm đến hoạt động từ Redis',
  level: 'debug',
  timestamp: '2026-08-04T03:26:29.162Z'
}
{
  message: '[SchedulerService] Đang kiểm tra các booking hết hạn thanh toán...',
  level: 'info',
  timestamp: '2026-08-04T03:30:00.003Z'
}
{
  message: '[Cache Hit] Lấy danh sách điểm đến hoạt động từ Redis',
  level: 'debug',
  timestamp: '2026-08-04T03:30:02.770Z'
}
{
  query: [Object: null prototype] { location: 'Ninh Bình' },
  level: 'info',
  message: '[SearchController] Search hotels',
  timestamp: '2026-08-04T03:30:02.774Z'
}
{
  message: '[Cache Hit] Lấy danh sách điểm đến hoạt động từ Redis',
  level: 'debug',
  timestamp: '2026-08-04T03:30:02.785Z'
}
{
  query: [Object: null prototype] { location: 'Ninh Bình' },
  level: 'info',
  message: '[SearchController] Search hotels',
  timestamp: '2026-08-04T03:30:02.819Z'
}
{
  message: '[Cache Hit] Lấy danh sách điểm đến hoạt động từ Redis',
  level: 'debug',
  timestamp: '2026-08-04T03:32:54.949Z'
}
{
  page: '1',
  limit: '10',
  status: 'ACTIVE',
  level: 'info',
  message: '[HotelController] Get all hotels with queries',
  timestamp: '2026-08-04T03:32:54.968Z'
}
{
  message: '[Cache Hit] Lấy danh sách điểm đến hoạt động từ Redis',
  level: 'debug',
  timestamp: '2026-08-04T03:32:54.969Z'
}
{
  page: '1',
  limit: '10',
  status: 'ACTIVE',
  level: 'info',
  message: '[HotelController] Get all hotels with queries',
  timestamp: '2026-08-04T03:32:54.986Z'
}
{
  message: '[Cache Hit] Lấy danh sách điểm đến hoạt động từ Redis',
  level: 'debug',
  timestamp: '2026-08-04T03:32:54.988Z'
}
{
  message: '[Cache Hit] Lấy danh sách điểm đến hoạt động từ Redis',
  level: 'debug',
  timestamp: '2026-08-04T03:32:55.000Z'
}
{
  message: '[SchedulerService] Đang kiểm tra các booking hết hạn thanh toán...',
  level: 'info',
  timestamp: '2026-08-04T03:35:00.006Z'
}
{
  message: '[SchedulerService] Đang kiểm tra các booking hết hạn thanh toán...',
  level: 'info',
  timestamp: '2026-08-04T03:40:00.009Z'
}
{
  message: 'Nhận tín hiệu SIGTERM. Đang đóng API Server...',
  level: 'info',
  timestamp: '2026-08-04T03:41:13.778Z'
}
{
  message: 'Express HTTP server đã đóng.',
  level: 'info',
  timestamp: '2026-08-04T03:41:13.780Z'
}
{
  message: '[Redis] Đã đóng kết nối Redis',
  level: 'info',
  timestamp: '2026-08-04T03:41:13.782Z'
}
