{
  message: '[SchedulerService] Khởi tạo các cron job...',
  level: 'info',
  timestamp: '2026-08-01T05:32:26.761Z'
}
{
  message: 'Booking API Service đang chạy tại port 3000 (Môi trường: development)',
  level: 'info',
  timestamp: '2026-08-01T05:32:26.842Z'
}
{
  message: '[Redis] Kết nối thành công tới Redis server',
  level: 'info',
  timestamp: '2026-08-01T05:32:26.860Z'
}
{
  email: 'tranhieudz2024@gmail.com',
  level: 'info',
  message: '[AuthController] Register user',
  timestamp: '2026-08-01T05:33:10.489Z'
}
{
  message: 'Fetching user details for Email: tranhieudz2024@gmail.com',
  level: 'debug',
  timestamp: '2026-08-01T05:33:10.490Z'
}
{
  message: '[Cache Miss] Tìm email tranhieudz2024@gmail.com trong Database',
  level: 'debug',
  timestamp: '2026-08-01T05:33:10.494Z'
}
{
  message: 'User with Email tranhieudz2024@gmail.com not found',
  level: 'warn',
  timestamp: '2026-08-01T05:33:10.606Z'
}
{
  userId: '9dbe936f-2daa-420a-9328-7859e9417ed1',
  email: 'tranhieudz2024@gmail.com',
  level: 'info',
  message: 'User created successfully by admin',
  timestamp: '2026-08-01T05:33:10.707Z'
}
{
  message: '[AuthService] Password registration successful for user: tranhieudz2024@gmail.com',
  level: 'info',
  timestamp: '2026-08-01T05:33:10.732Z'
}
{
  userId: '9dbe936f-2daa-420a-9328-7859e9417ed1',
  level: 'info',
  message: '[AuthController] Get Me',
  timestamp: '2026-08-01T05:33:10.765Z'
}
{
  message: 'Fetching user details for ID: 9dbe936f-2daa-420a-9328-7859e9417ed1',
  level: 'debug',
  timestamp: '2026-08-01T05:33:10.767Z'
}
{
  message: '[Cache Miss] Tìm user ID: 9dbe936f-2daa-420a-9328-7859e9417ed1 trong Database',
  level: 'debug',
  timestamp: '2026-08-01T05:33:10.772Z'
}
{
  page: '1',
  limit: '10',
  status: 'ACTIVE',
  level: 'info',
  message: '[HotelController] Get all hotels with queries',
  timestamp: '2026-08-01T05:33:11.149Z'
}
{
  page: '1',
  limit: '10',
  status: 'ACTIVE',
  level: 'info',
  message: '[HotelController] Get all hotels with queries',
  timestamp: '2026-08-01T05:33:11.234Z'
}
{
  userId: '9dbe936f-2daa-420a-9328-7859e9417ed1',
  level: 'info',
  message: '[AuthController] Register Partner',
  timestamp: '2026-08-01T05:33:30.300Z'
}
{
  message: 'Fetching user details for ID: 9dbe936f-2daa-420a-9328-7859e9417ed1',
  level: 'debug',
  timestamp: '2026-08-01T05:33:30.300Z'
}
{
  message: '[Cache Hit] Lấy thông tin user ID: 9dbe936f-2daa-420a-9328-7859e9417ed1 từ Redis',
  level: 'debug',
  timestamp: '2026-08-01T05:33:30.301Z'
}
{
  message: '[AuthService] Partner registered/upgraded successfully: tranhieudz2024@gmail.com',
  level: 'info',
  timestamp: '2026-08-01T05:33:30.347Z'
}
{
  message: '[HotelController] Get my hotels',
  level: 'info',
  timestamp: '2026-08-01T05:33:31.852Z'
}
{
  message: '[HotelController] Get my hotels',
  level: 'info',
  timestamp: '2026-08-01T05:33:31.938Z'
}
{
  message: '[HotelController] Get my hotels',
  level: 'info',
  timestamp: '2026-08-01T05:33:40.389Z'
}
{
  message: '[HotelController] Get my hotels',
  level: 'info',
  timestamp: '2026-08-01T05:33:40.421Z'
}
{
  message: '[HotelController] Create hotel',
  level: 'info',
  timestamp: '2026-08-01T05:34:43.473Z'
}
{
  message: '[Cache Miss] Tìm hotel ID: 3761e807-bdad-4393-9ebe-cc1e5e724112 trong Database',
  level: 'debug',
  timestamp: '2026-08-01T05:34:43.626Z'
}
{
  message: '[SchedulerService] Đang kiểm tra các booking hết hạn thanh toán...',
  level: 'info',
  timestamp: '2026-08-01T05:35:00.005Z'
}
{
  userId: '9dbe936f-2daa-420a-9328-7859e9417ed1',
  level: 'info',
  message: '[AuthController] Get Me',
  timestamp: '2026-08-01T05:35:03.818Z'
}
{
  message: 'Fetching user details for ID: 9dbe936f-2daa-420a-9328-7859e9417ed1',
  level: 'debug',
  timestamp: '2026-08-01T05:35:03.819Z'
}
{
  message: '[Cache Hit] Lấy thông tin user ID: 9dbe936f-2daa-420a-9328-7859e9417ed1 từ Redis',
  level: 'debug',
  timestamp: '2026-08-01T05:35:03.820Z'
}
{
  userId: '9dbe936f-2daa-420a-9328-7859e9417ed1',
  level: 'info',
  message: '[AuthController] Get Me',
  timestamp: '2026-08-01T05:35:03.826Z'
}
{
  message: 'Fetching user details for ID: 9dbe936f-2daa-420a-9328-7859e9417ed1',
  level: 'debug',
  timestamp: '2026-08-01T05:35:03.829Z'
}
{
  message: '[Cache Hit] Lấy thông tin user ID: 9dbe936f-2daa-420a-9328-7859e9417ed1 từ Redis',
  level: 'debug',
  timestamp: '2026-08-01T05:35:03.832Z'
}
{
  page: '1',
  limit: '10',
  status: 'ACTIVE',
  level: 'info',
  message: '[HotelController] Get all hotels with queries',
  timestamp: '2026-08-01T05:35:05.298Z'
}
{
  page: '1',
  limit: '10',
  status: 'ACTIVE',
  level: 'info',
  message: '[HotelController] Get all hotels with queries',
  timestamp: '2026-08-01T05:35:05.306Z'
}
{
  userId: '9dbe936f-2daa-420a-9328-7859e9417ed1',
  level: 'info',
  message: '[AuthController] Get Me',
  timestamp: '2026-08-01T05:35:09.561Z'
}
{
  message: 'Fetching user details for ID: 9dbe936f-2daa-420a-9328-7859e9417ed1',
  level: 'debug',
  timestamp: '2026-08-01T05:35:09.562Z'
}
{
  message: '[Cache Hit] Lấy thông tin user ID: 9dbe936f-2daa-420a-9328-7859e9417ed1 từ Redis',
  level: 'debug',
  timestamp: '2026-08-01T05:35:09.563Z'
}
{
  userId: '9dbe936f-2daa-420a-9328-7859e9417ed1',
  level: 'info',
  message: '[AuthController] Get Me',
  timestamp: '2026-08-01T05:35:09.567Z'
}
{
  message: 'Fetching user details for ID: 9dbe936f-2daa-420a-9328-7859e9417ed1',
  level: 'debug',
  timestamp: '2026-08-01T05:35:09.568Z'
}
{
  message: '[Cache Hit] Lấy thông tin user ID: 9dbe936f-2daa-420a-9328-7859e9417ed1 từ Redis',
  level: 'debug',
  timestamp: '2026-08-01T05:35:09.569Z'
}
{
  page: '1',
  limit: '10',
  status: 'ACTIVE',
  level: 'info',
  message: '[HotelController] Get all hotels with queries',
  timestamp: '2026-08-01T05:35:09.871Z'
}
{
  page: '1',
  limit: '10',
  status: 'ACTIVE',
  level: 'info',
  message: '[HotelController] Get all hotels with queries',
  timestamp: '2026-08-01T05:35:09.878Z'
}
{
  userId: '9dbe936f-2daa-420a-9328-7859e9417ed1',
  level: 'info',
  message: '[AuthController] Get Me',
  timestamp: '2026-08-01T05:35:12.475Z'
}
{
  message: 'Fetching user details for ID: 9dbe936f-2daa-420a-9328-7859e9417ed1',
  level: 'debug',
  timestamp: '2026-08-01T05:35:12.476Z'
}
{
  message: '[Cache Hit] Lấy thông tin user ID: 9dbe936f-2daa-420a-9328-7859e9417ed1 từ Redis',
  level: 'debug',
  timestamp: '2026-08-01T05:35:12.477Z'
}
{
  userId: '9dbe936f-2daa-420a-9328-7859e9417ed1',
  level: 'info',
  message: '[AuthController] Get Me',
  timestamp: '2026-08-01T05:35:12.487Z'
}
{
  message: 'Fetching user details for ID: 9dbe936f-2daa-420a-9328-7859e9417ed1',
  level: 'debug',
  timestamp: '2026-08-01T05:35:12.488Z'
}
{
  message: '[Cache Hit] Lấy thông tin user ID: 9dbe936f-2daa-420a-9328-7859e9417ed1 từ Redis',
  level: 'debug',
  timestamp: '2026-08-01T05:35:12.490Z'
}
{
  email: 'admin@booking.com',
  level: 'info',
  message: '[AuthController] Login with Password',
  timestamp: '2026-08-01T05:35:14.478Z'
}
{
  message: 'GLOBAL ERROR HANDLER CAUGHT: Error: Tài khoản hoặc mật khẩu không chính xác.\n' +
    '    at AuthService.loginWithPassword (/app/src/modules/auth/services/authService.ts:126:13)\n' +
    '    at process.processTicksAndRejections (node:internal/process/task_queues:95:5)\n' +
    '    at async loginWithPassword (/app/src/modules/auth/controllers/authController.ts:118:20)',
  level: 'error',
  timestamp: '2026-08-01T05:35:14.519Z'
}
{
  message: '[AuthController] Refresh Tokens',
  level: 'info',
  timestamp: '2026-08-01T05:35:14.536Z'
}
{
  message: 'Fetching user details for ID: 9dbe936f-2daa-420a-9328-7859e9417ed1',
  level: 'debug',
  timestamp: '2026-08-01T05:35:14.542Z'
}
{
  message: '[Cache Hit] Lấy thông tin user ID: 9dbe936f-2daa-420a-9328-7859e9417ed1 từ Redis',
  level: 'debug',
  timestamp: '2026-08-01T05:35:14.543Z'
}
{
  message: '[AuthService] Tokens refreshed successfully for user: tranhieudz2024@gmail.com',
  level: 'info',
  timestamp: '2026-08-01T05:35:14.554Z'
}
{
  email: 'admin@booking.com',
  level: 'info',
  message: '[AuthController] Login with Password',
  timestamp: '2026-08-01T05:35:14.609Z'
}
{
  message: 'GLOBAL ERROR HANDLER CAUGHT: Error: Tài khoản hoặc mật khẩu không chính xác.\n' +
    '    at AuthService.loginWithPassword (/app/src/modules/auth/services/authService.ts:126:13)\n' +
    '    at process.processTicksAndRejections (node:internal/process/task_queues:95:5)\n' +
    '    at async loginWithPassword (/app/src/modules/auth/controllers/authController.ts:118:20)',
  level: 'error',
  timestamp: '2026-08-01T05:35:14.611Z'
}
{
  email: 'admin@booking.com',
  level: 'info',
  message: '[AuthController] Login with Password',
  timestamp: '2026-08-01T05:35:21.290Z'
}
{
  message: 'GLOBAL ERROR HANDLER CAUGHT: Error: Tài khoản hoặc mật khẩu không chính xác.\n' +
    '    at AuthService.loginWithPassword (/app/src/modules/auth/services/authService.ts:126:13)\n' +
    '    at process.processTicksAndRejections (node:internal/process/task_queues:95:5)\n' +
    '    at async loginWithPassword (/app/src/modules/auth/controllers/authController.ts:118:20)',
  level: 'error',
  timestamp: '2026-08-01T05:35:21.293Z'
}
{
  message: '[AuthController] Refresh Tokens',
  level: 'info',
  timestamp: '2026-08-01T05:35:21.301Z'
}
{
  message: 'Fetching user details for ID: 9dbe936f-2daa-420a-9328-7859e9417ed1',
  level: 'debug',
  timestamp: '2026-08-01T05:35:21.304Z'
}
{
  message: '[Cache Hit] Lấy thông tin user ID: 9dbe936f-2daa-420a-9328-7859e9417ed1 từ Redis',
  level: 'debug',
  timestamp: '2026-08-01T05:35:21.306Z'
}
{
  message: '[AuthService] Tokens refreshed successfully for user: tranhieudz2024@gmail.com',
  level: 'info',
  timestamp: '2026-08-01T05:35:21.358Z'
}
{
  email: 'admin@booking.com',
  level: 'info',
  message: '[AuthController] Login with Password',
  timestamp: '2026-08-01T05:35:21.388Z'
}
{
  message: 'GLOBAL ERROR HANDLER CAUGHT: Error: Tài khoản hoặc mật khẩu không chính xác.\n' +
    '    at AuthService.loginWithPassword (/app/src/modules/auth/services/authService.ts:126:13)\n' +
    '    at process.processTicksAndRejections (node:internal/process/task_queues:95:5)\n' +
    '    at async loginWithPassword (/app/src/modules/auth/controllers/authController.ts:118:20)',
  level: 'error',
  timestamp: '2026-08-01T05:35:21.393Z'
}
{
  email: 'admin@booking.com',
  level: 'info',
  message: '[AuthController] Login with Password',
  timestamp: '2026-08-01T05:35:42.747Z'
}
{
  message: 'GLOBAL ERROR HANDLER CAUGHT: Error: Tài khoản hoặc mật khẩu không chính xác.\n' +
    '    at AuthService.loginWithPassword (/app/src/modules/auth/services/authService.ts:126:13)\n' +
    '    at process.processTicksAndRejections (node:internal/process/task_queues:95:5)\n' +
    '    at async loginWithPassword (/app/src/modules/auth/controllers/authController.ts:118:20)',
  level: 'error',
  timestamp: '2026-08-01T05:35:42.753Z'
}
{
  message: '[AuthController] Refresh Tokens',
  level: 'info',
  timestamp: '2026-08-01T05:35:42.773Z'
}
{
  message: 'Fetching user details for ID: 9dbe936f-2daa-420a-9328-7859e9417ed1',
  level: 'debug',
  timestamp: '2026-08-01T05:35:42.779Z'
}
{
  message: '[Cache Hit] Lấy thông tin user ID: 9dbe936f-2daa-420a-9328-7859e9417ed1 từ Redis',
  level: 'debug',
  timestamp: '2026-08-01T05:35:42.779Z'
}
{
  message: '[AuthService] Tokens refreshed successfully for user: tranhieudz2024@gmail.com',
  level: 'info',
  timestamp: '2026-08-01T05:35:42.803Z'
}
{
  userId: '9dbe936f-2daa-420a-9328-7859e9417ed1',
  level: 'info',
  message: '[AuthController] Get Me',
  timestamp: '2026-08-01T05:37:13.578Z'
}
{
  message: 'Fetching user details for ID: 9dbe936f-2daa-420a-9328-7859e9417ed1',
  level: 'debug',
  timestamp: '2026-08-01T05:37:13.578Z'
}
{
  message: '[Cache Hit] Lấy thông tin user ID: 9dbe936f-2daa-420a-9328-7859e9417ed1 từ Redis',
  level: 'debug',
  timestamp: '2026-08-01T05:37:13.579Z'
}
{
  userId: '9dbe936f-2daa-420a-9328-7859e9417ed1',
  level: 'info',
  message: '[AuthController] Get Me',
  timestamp: '2026-08-01T05:37:13.588Z'
}
{
  message: 'Fetching user details for ID: 9dbe936f-2daa-420a-9328-7859e9417ed1',
  level: 'debug',
  timestamp: '2026-08-01T05:37:13.589Z'
}
{
  message: '[Cache Hit] Lấy thông tin user ID: 9dbe936f-2daa-420a-9328-7859e9417ed1 từ Redis',
  level: 'debug',
  timestamp: '2026-08-01T05:37:13.591Z'
}
{
  page: '1',
  limit: '10',
  status: 'ACTIVE',
  level: 'info',
  message: '[HotelController] Get all hotels with queries',
  timestamp: '2026-08-01T05:37:13.785Z'
}
{
  page: '1',
  limit: '10',
  status: 'ACTIVE',
  level: 'info',
  message: '[HotelController] Get all hotels with queries',
  timestamp: '2026-08-01T05:37:13.798Z'
}
{
  page: '1',
  limit: '10',
  status: 'ACTIVE',
  level: 'info',
  message: '[HotelController] Get all hotels with queries',
  timestamp: '2026-08-01T05:37:26.649Z'
}
{
  page: '1',
  limit: '10',
  status: 'ACTIVE',
  level: 'info',
  message: '[HotelController] Get all hotels with queries',
  timestamp: '2026-08-01T05:37:26.658Z'
}
{
  query: [Object: null prototype] { location: 'Ninh Bình' },
  level: 'info',
  message: '[SearchController] Search hotels',
  timestamp: '2026-08-01T05:37:35.769Z'
}
{
  query: [Object: null prototype] { location: 'Ninh Bình' },
  level: 'info',
  message: '[SearchController] Search hotels',
  timestamp: '2026-08-01T05:37:35.841Z'
}
{
  hotelId: '4ae8aa74-5d12-4c14-9904-1a09cd67b79d',
  level: 'info',
  message: '[HotelController] Get hotel by id',
  timestamp: '2026-08-01T05:37:37.765Z'
}
{
  message: '[Cache Miss] Tìm hotel ID: 4ae8aa74-5d12-4c14-9904-1a09cd67b79d trong Database',
  level: 'debug',
  timestamp: '2026-08-01T05:37:37.766Z'
}
{
  hotelId: '4ae8aa74-5d12-4c14-9904-1a09cd67b79d',
  level: 'info',
  message: '[HotelController] Get hotel by id',
  timestamp: '2026-08-01T05:37:37.774Z'
}
{
  message: '[Cache Hit] Lấy thông tin hotel ID: 4ae8aa74-5d12-4c14-9904-1a09cd67b79d từ Redis',
  level: 'debug',
  timestamp: '2026-08-01T05:37:37.775Z'
}
{
  query: [Object: null prototype] { location: 'Ninh Bình' },
  level: 'info',
  message: '[SearchController] Search hotels',
  timestamp: '2026-08-01T05:37:39.758Z'
}
{
  query: [Object: null prototype] { location: 'Ninh Bình' },
  level: 'info',
  message: '[SearchController] Search hotels',
  timestamp: '2026-08-01T05:37:39.782Z'
}
{
  hotelId: '4ae8aa74-5d12-4c14-9904-1a09cd67b79d',
  level: 'info',
  message: '[HotelController] Get hotel by id',
  timestamp: '2026-08-01T05:37:45.572Z'
}
{
  message: '[Cache Hit] Lấy thông tin hotel ID: 4ae8aa74-5d12-4c14-9904-1a09cd67b79d từ Redis',
  level: 'debug',
  timestamp: '2026-08-01T05:37:45.573Z'
}
{
  hotelId: '4ae8aa74-5d12-4c14-9904-1a09cd67b79d',
  level: 'info',
  message: '[HotelController] Get hotel by id',
  timestamp: '2026-08-01T05:37:45.580Z'
}
{
  message: '[Cache Hit] Lấy thông tin hotel ID: 4ae8aa74-5d12-4c14-9904-1a09cd67b79d từ Redis',
  level: 'debug',
  timestamp: '2026-08-01T05:37:45.587Z'
}
{
  query: [Object: null prototype] { location: 'Ninh Bình' },
  level: 'info',
  message: '[SearchController] Search hotels',
  timestamp: '2026-08-01T05:37:55.234Z'
}
{
  query: [Object: null prototype] { location: 'Ninh Bình' },
  level: 'info',
  message: '[SearchController] Search hotels',
  timestamp: '2026-08-01T05:37:55.280Z'
}
{
  page: '1',
  limit: '10',
  status: 'ACTIVE',
  level: 'info',
  message: '[HotelController] Get all hotels with queries',
  timestamp: '2026-08-01T05:37:59.770Z'
}
{
  page: '1',
  limit: '10',
  status: 'ACTIVE',
  level: 'info',
  message: '[HotelController] Get all hotels with queries',
  timestamp: '2026-08-01T05:37:59.783Z'
}
{
  email: 'admin@booking.com',
  level: 'info',
  message: '[AuthController] Login with Password',
  timestamp: '2026-08-01T05:39:57.907Z'
}
{
  message: 'User ID 39b157f6-953b-4520-ad7e-0bc0e58a85fd đăng nhập thành công. Đã làm sạch lịch sử đăng nhập sai.',
  level: 'info',
  timestamp: '2026-08-01T05:39:58.001Z'
}
{
  message: '[AuthService] Password login successful for user: admin@booking.com',
  level: 'info',
  timestamp: '2026-08-01T05:39:58.007Z'
}
{
  message: '[UserController] Get all users',
  level: 'info',
  timestamp: '2026-08-01T05:39:58.649Z'
}
{
  message: 'Fetching all users from repository',
  level: 'info',
  timestamp: '2026-08-01T05:39:58.650Z'
}
{
  message: '[UserController] Get all users',
  level: 'info',
  timestamp: '2026-08-01T05:39:58.736Z'
}
{
  message: 'Fetching all users from repository',
  level: 'info',
  timestamp: '2026-08-01T05:39:58.736Z'
}
{
  message: '[SchedulerService] Đang kiểm tra các booking hết hạn thanh toán...',
  level: 'info',
  timestamp: '2026-08-01T05:40:00.008Z'
}
{
  message: '[UserController] Get all users',
  level: 'info',
  timestamp: '2026-08-01T05:40:11.633Z'
}
{
  message: 'Fetching all users from repository',
  level: 'info',
  timestamp: '2026-08-01T05:40:11.633Z'
}
{
  message: '[UserController] Get all users',
  level: 'info',
  timestamp: '2026-08-01T05:40:11.669Z'
}
{
  message: 'Fetching all users from repository',
  level: 'info',
  timestamp: '2026-08-01T05:40:11.670Z'
}
{
  message: 'GLOBAL ERROR HANDLER CAUGHT: ZodError: [\n' +
    '  {\n' +
    '    "code": "too_small",\n' +
    '    "minimum": 10,\n' +
    '    "type": "string",\n' +
    '    "inclusive": true,\n' +
    '    "exact": false,\n' +
    '    "message": "Số điện thoại không hợp lệ.",\n' +
    '    "path": [\n' +
    '      "body",\n' +
    '      "phoneNumber"\n' +
    '    ]\n' +
    '  }\n' +
    ']\n' +
    '    at get error [as error] (file:///app/node_modules/zod/v3/types.js:39:31)\n' +
    '    at ZodObject.parseAsync (file:///app/node_modules/zod/v3/types.js:177:22)\n' +
    '    at process.processTicksAndRejections (node:internal/process/task_queues:95:5)\n' +
    '    at async <anonymous> (/app/src/middlewares/validationMiddleware.ts:12:23)',
  level: 'error',
  timestamp: '2026-08-01T05:40:24.591Z'
}
{
  message: 'GLOBAL ERROR HANDLER CAUGHT: ZodError: [\n' +
    '  {\n' +
    '    "code": "too_small",\n' +
    '    "minimum": 10,\n' +
    '    "type": "string",\n' +
    '    "inclusive": true,\n' +
    '    "exact": false,\n' +
    '    "message": "Số điện thoại không hợp lệ.",\n' +
    '    "path": [\n' +
    '      "body",\n' +
    '      "phoneNumber"\n' +
    '    ]\n' +
    '  }\n' +
    ']\n' +
    '    at get error [as error] (file:///app/node_modules/zod/v3/types.js:39:31)\n' +
    '    at ZodObject.parseAsync (file:///app/node_modules/zod/v3/types.js:177:22)\n' +
    '    at process.processTicksAndRejections (node:internal/process/task_queues:95:5)\n' +
    '    at async <anonymous> (/app/src/middlewares/validationMiddleware.ts:12:23)',
  level: 'error',
  timestamp: '2026-08-01T05:40:33.352Z'
}
{
  message: "GLOBAL ERROR HANDLER CAUGHT: SyntaxError: Expected property name or '}' in JSON at position 1\n" +
    '    at JSON.parse (<anonymous>)\n' +
    '    at parse (/app/node_modules/body-parser/lib/types/json.js:91:21)\n' +
    '    at /app/node_modules/body-parser/lib/read.js:162:18\n' +
    '    at AsyncResource.runInAsyncScope (node:async_hooks:206:9)\n' +
    '    at invokeCallback (/app/node_modules/raw-body/index.js:238:16)\n' +
    '    at done (/app/node_modules/raw-body/index.js:227:7)\n' +
    '    at IncomingMessage.onEnd (/app/node_modules/raw-body/index.js:287:7)\n' +
    '    at IncomingMessage.emit (node:events:524:28)\n' +
    '    at endReadableNT (node:internal/streams/readable:1698:12)\n' +
    '    at process.processTicksAndRejections (node:internal/process/task_queues:82:21)',
  level: 'error',
  timestamp: '2026-08-01T05:41:57.382Z'
}
{
  message: 'JWT Verification Error: Bạn chưa đăng nhập hoặc thiếu Access Token',
  level: 'error',
  timestamp: '2026-08-01T05:42:03.795Z'
}
{
  message: 'GLOBAL ERROR HANDLER CAUGHT: Error: Token không hợp lệ hoặc đã bị giả mạo. Chi tiết: Bạn chưa đăng nhập hoặc thiếu Access Token\n' +
    '    at authMiddleware (/app/src/middlewares/authMiddleware.ts:85:12)\n' +
    '    at Layer.handleRequest (/app/node_modules/router/lib/layer.js:152:17)\n' +
    '    at next (/app/node_modules/router/lib/route.js:157:13)\n' +
    '    at Route.dispatch (/app/node_modules/router/lib/route.js:117:3)\n' +
    '    at handle (/app/node_modules/router/index.js:435:11)\n' +
    '    at Layer.handleRequest (/app/node_modules/router/lib/layer.js:152:17)\n' +
    '    at /app/node_modules/router/index.js:295:15\n' +
    '    at processParams (/app/node_modules/router/index.js:582:12)\n' +
    '    at next (/app/node_modules/router/index.js:291:5)\n' +
    '    at Function.handle (/app/node_modules/router/index.js:186:3)',
  level: 'error',
  timestamp: '2026-08-01T05:42:03.798Z'
}
{
  userId: '39b157f6-953b-4520-ad7e-0bc0e58a85fd',
  level: 'info',
  message: '[AuthController] Get Me',
  timestamp: '2026-08-01T05:42:55.936Z'
}
{
  message: 'Fetching user details for ID: 39b157f6-953b-4520-ad7e-0bc0e58a85fd',
  level: 'debug',
  timestamp: '2026-08-01T05:42:55.936Z'
}
{
  message: '[Cache Miss] Tìm user ID: 39b157f6-953b-4520-ad7e-0bc0e58a85fd trong Database',
  level: 'debug',
  timestamp: '2026-08-01T05:42:55.937Z'
}
{
  userId: '39b157f6-953b-4520-ad7e-0bc0e58a85fd',
  level: 'info',
  message: '[AuthController] Get Me',
  timestamp: '2026-08-01T05:42:55.967Z'
}
{
  message: 'Fetching user details for ID: 39b157f6-953b-4520-ad7e-0bc0e58a85fd',
  level: 'debug',
  timestamp: '2026-08-01T05:42:55.968Z'
}
{
  message: '[Cache Hit] Lấy thông tin user ID: 39b157f6-953b-4520-ad7e-0bc0e58a85fd từ Redis',
  level: 'debug',
  timestamp: '2026-08-01T05:42:55.969Z'
}
{
  page: '1',
  limit: '10',
  status: 'ACTIVE',
  level: 'info',
  message: '[HotelController] Get all hotels with queries',
  timestamp: '2026-08-01T05:42:59.262Z'
}
{
  email: 'user1@booking.com',
  level: 'info',
  message: '[AuthController] Login with Password',
  timestamp: '2026-08-01T05:43:15.395Z'
}
{
  message: 'User ID bc0a7612-7bf9-4c5a-9729-d2bc67dccb87 đăng nhập thành công. Đã làm sạch lịch sử đăng nhập sai.',
  level: 'info',
  timestamp: '2026-08-01T05:43:15.472Z'
}
{
  message: '[AuthService] Password login successful for user: user1@booking.com',
  level: 'info',
  timestamp: '2026-08-01T05:43:15.476Z'
}
{
  userId: 'bc0a7612-7bf9-4c5a-9729-d2bc67dccb87',
  level: 'info',
  message: '[AuthController] Get Me',
  timestamp: '2026-08-01T05:43:15.501Z'
}
{
  message: 'Fetching user details for ID: bc0a7612-7bf9-4c5a-9729-d2bc67dccb87',
  level: 'debug',
  timestamp: '2026-08-01T05:43:15.502Z'
}
{
  message: '[Cache Miss] Tìm user ID: bc0a7612-7bf9-4c5a-9729-d2bc67dccb87 trong Database',
  level: 'debug',
  timestamp: '2026-08-01T05:43:15.503Z'
}
{
  page: '1',
  limit: '10',
  status: 'ACTIVE',
  level: 'info',
  message: '[HotelController] Get all hotels with queries',
  timestamp: '2026-08-01T05:43:15.607Z'
}
{
  page: '1',
  limit: '10',
  status: 'ACTIVE',
  level: 'info',
  message: '[HotelController] Get all hotels with queries',
  timestamp: '2026-08-01T05:43:15.627Z'
}
{
  userId: 'bc0a7612-7bf9-4c5a-9729-d2bc67dccb87',
  level: 'info',
  message: '[AuthController] Register Partner',
  timestamp: '2026-08-01T05:43:24.074Z'
}
{
  message: 'Fetching user details for ID: bc0a7612-7bf9-4c5a-9729-d2bc67dccb87',
  level: 'debug',
  timestamp: '2026-08-01T05:43:24.074Z'
}
{
  message: '[Cache Hit] Lấy thông tin user ID: bc0a7612-7bf9-4c5a-9729-d2bc67dccb87 từ Redis',
  level: 'debug',
  timestamp: '2026-08-01T05:43:24.075Z'
}
{
  message: '[AuthService] Partner registered/upgraded successfully: user1@booking.com',
  level: 'info',
  timestamp: '2026-08-01T05:43:24.092Z'
}
{
  message: '[HotelController] Get my hotels',
  level: 'info',
  timestamp: '2026-08-01T05:43:28.054Z'
}
{
  message: '[HotelController] Get my hotels',
  level: 'info',
  timestamp: '2026-08-01T05:43:28.111Z'
}
{
  userId: 'bc0a7612-7bf9-4c5a-9729-d2bc67dccb87',
  level: 'info',
  message: '[AuthController] Get Me',
  timestamp: '2026-08-01T05:43:30.164Z'
}
{
  message: 'Fetching user details for ID: bc0a7612-7bf9-4c5a-9729-d2bc67dccb87',
  level: 'debug',
  timestamp: '2026-08-01T05:43:30.165Z'
}
{
  message: '[Cache Hit] Lấy thông tin user ID: bc0a7612-7bf9-4c5a-9729-d2bc67dccb87 từ Redis',
  level: 'debug',
  timestamp: '2026-08-01T05:43:30.166Z'
}
{
  userId: 'bc0a7612-7bf9-4c5a-9729-d2bc67dccb87',
  level: 'info',
  message: '[AuthController] Get Me',
  timestamp: '2026-08-01T05:43:30.179Z'
}
{
  message: 'Fetching user details for ID: bc0a7612-7bf9-4c5a-9729-d2bc67dccb87',
  level: 'debug',
  timestamp: '2026-08-01T05:43:30.180Z'
}
{
  message: '[Cache Hit] Lấy thông tin user ID: bc0a7612-7bf9-4c5a-9729-d2bc67dccb87 từ Redis',
  level: 'debug',
  timestamp: '2026-08-01T05:43:30.182Z'
}
{
  page: '1',
  limit: '10',
  status: 'ACTIVE',
  level: 'info',
  message: '[HotelController] Get all hotels with queries',
  timestamp: '2026-08-01T05:43:30.350Z'
}
{
  userId: 'bc0a7612-7bf9-4c5a-9729-d2bc67dccb87',
  level: 'info',
  message: '[AuthController] Get Me',
  timestamp: '2026-08-01T05:43:45.048Z'
}
{
  message: 'Fetching user details for ID: bc0a7612-7bf9-4c5a-9729-d2bc67dccb87',
  level: 'debug',
  timestamp: '2026-08-01T05:43:45.049Z'
}
{
  message: '[Cache Hit] Lấy thông tin user ID: bc0a7612-7bf9-4c5a-9729-d2bc67dccb87 từ Redis',
  level: 'debug',
  timestamp: '2026-08-01T05:43:45.050Z'
}
{
  userId: 'bc0a7612-7bf9-4c5a-9729-d2bc67dccb87',
  level: 'info',
  message: '[AuthController] Get Me',
  timestamp: '2026-08-01T05:43:45.054Z'
}
{
  message: 'Fetching user details for ID: bc0a7612-7bf9-4c5a-9729-d2bc67dccb87',
  level: 'debug',
  timestamp: '2026-08-01T05:43:45.054Z'
}
{
  message: '[Cache Hit] Lấy thông tin user ID: bc0a7612-7bf9-4c5a-9729-d2bc67dccb87 từ Redis',
  level: 'debug',
  timestamp: '2026-08-01T05:43:45.055Z'
}
{
  page: '1',
  limit: '10',
  status: 'ACTIVE',
  level: 'info',
  message: '[HotelController] Get all hotels with queries',
  timestamp: '2026-08-01T05:43:45.554Z'
}
{
  page: '1',
  limit: '10',
  status: 'ACTIVE',
  level: 'info',
  message: '[HotelController] Get all hotels with queries',
  timestamp: '2026-08-01T05:43:45.558Z'
}
{
  userId: 'bc0a7612-7bf9-4c5a-9729-d2bc67dccb87',
  level: 'info',
  message: '[AuthController] Get Me',
  timestamp: '2026-08-01T05:43:50.888Z'
}
{
  message: 'Fetching user details for ID: bc0a7612-7bf9-4c5a-9729-d2bc67dccb87',
  level: 'debug',
  timestamp: '2026-08-01T05:43:50.888Z'
}
{
  message: '[Cache Hit] Lấy thông tin user ID: bc0a7612-7bf9-4c5a-9729-d2bc67dccb87 từ Redis',
  level: 'debug',
  timestamp: '2026-08-01T05:43:50.891Z'
}
{
  userId: 'bc0a7612-7bf9-4c5a-9729-d2bc67dccb87',
  level: 'info',
  message: '[AuthController] Get Me',
  timestamp: '2026-08-01T05:43:50.904Z'
}
{
  message: 'Fetching user details for ID: bc0a7612-7bf9-4c5a-9729-d2bc67dccb87',
  level: 'debug',
  timestamp: '2026-08-01T05:43:50.905Z'
}
{
  message: '[Cache Hit] Lấy thông tin user ID: bc0a7612-7bf9-4c5a-9729-d2bc67dccb87 từ Redis',
  level: 'debug',
  timestamp: '2026-08-01T05:43:50.906Z'
}
{
  page: '1',
  limit: '10',
  status: 'ACTIVE',
  level: 'info',
  message: '[HotelController] Get all hotels with queries',
  timestamp: '2026-08-01T05:43:51.250Z'
}
{
  page: '1',
  limit: '10',
  status: 'ACTIVE',
  level: 'info',
  message: '[HotelController] Get all hotels with queries',
  timestamp: '2026-08-01T05:43:51.257Z'
}
{
  userId: 'bc0a7612-7bf9-4c5a-9729-d2bc67dccb87',
  level: 'info',
  message: '[AuthController] Get Me',
  timestamp: '2026-08-01T05:44:00.441Z'
}
{
  message: 'Fetching user details for ID: bc0a7612-7bf9-4c5a-9729-d2bc67dccb87',
  level: 'debug',
  timestamp: '2026-08-01T05:44:00.441Z'
}
{
  message: '[Cache Hit] Lấy thông tin user ID: bc0a7612-7bf9-4c5a-9729-d2bc67dccb87 từ Redis',
  level: 'debug',
  timestamp: '2026-08-01T05:44:00.442Z'
}
{
  userId: 'bc0a7612-7bf9-4c5a-9729-d2bc67dccb87',
  level: 'info',
  message: '[AuthController] Get Me',
  timestamp: '2026-08-01T05:44:00.446Z'
}
{
  message: 'Fetching user details for ID: bc0a7612-7bf9-4c5a-9729-d2bc67dccb87',
  level: 'debug',
  timestamp: '2026-08-01T05:44:00.446Z'
}
{
  message: '[Cache Hit] Lấy thông tin user ID: bc0a7612-7bf9-4c5a-9729-d2bc67dccb87 từ Redis',
  level: 'debug',
  timestamp: '2026-08-01T05:44:00.447Z'
}
{
  email: 'admin@booking.com',
  level: 'info',
  message: '[AuthController] Login with Password',
  timestamp: '2026-08-01T05:44:02.589Z'
}
{
  message: 'User ID 39b157f6-953b-4520-ad7e-0bc0e58a85fd đăng nhập thành công. Đã làm sạch lịch sử đăng nhập sai.',
  level: 'info',
  timestamp: '2026-08-01T05:44:02.659Z'
}
{
  message: '[AuthService] Password login successful for user: admin@booking.com',
  level: 'info',
  timestamp: '2026-08-01T05:44:02.664Z'
}
{
  userId: '39b157f6-953b-4520-ad7e-0bc0e58a85fd',
  level: 'info',
  message: '[AuthController] Get Me',
  timestamp: '2026-08-01T05:44:08.996Z'
}
{
  message: 'Fetching user details for ID: 39b157f6-953b-4520-ad7e-0bc0e58a85fd',
  level: 'debug',
  timestamp: '2026-08-01T05:44:08.997Z'
}
{
  message: '[Cache Hit] Lấy thông tin user ID: 39b157f6-953b-4520-ad7e-0bc0e58a85fd từ Redis',
  level: 'debug',
  timestamp: '2026-08-01T05:44:08.999Z'
}
{
  userId: '39b157f6-953b-4520-ad7e-0bc0e58a85fd',
  level: 'info',
  message: '[AuthController] Get Me',
  timestamp: '2026-08-01T05:44:09.010Z'
}
{
  message: 'Fetching user details for ID: 39b157f6-953b-4520-ad7e-0bc0e58a85fd',
  level: 'debug',
  timestamp: '2026-08-01T05:44:09.010Z'
}
{
  message: '[Cache Hit] Lấy thông tin user ID: 39b157f6-953b-4520-ad7e-0bc0e58a85fd từ Redis',
  level: 'debug',
  timestamp: '2026-08-01T05:44:09.011Z'
}
{
  page: '1',
  limit: '10',
  status: 'ACTIVE',
  level: 'info',
  message: '[HotelController] Get all hotels with queries',
  timestamp: '2026-08-01T05:44:09.158Z'
}
{
  userId: '39b157f6-953b-4520-ad7e-0bc0e58a85fd',
  level: 'info',
  message: '[AuthController] Get Me',
  timestamp: '2026-08-01T05:44:15.817Z'
}
{
  message: 'Fetching user details for ID: 39b157f6-953b-4520-ad7e-0bc0e58a85fd',
  level: 'debug',
  timestamp: '2026-08-01T05:44:15.818Z'
}
{
  message: '[Cache Hit] Lấy thông tin user ID: 39b157f6-953b-4520-ad7e-0bc0e58a85fd từ Redis',
  level: 'debug',
  timestamp: '2026-08-01T05:44:15.820Z'
}
{
  userId: '39b157f6-953b-4520-ad7e-0bc0e58a85fd',
  level: 'info',
  message: '[AuthController] Get Me',
  timestamp: '2026-08-01T05:44:15.830Z'
}
{
  message: 'Fetching user details for ID: 39b157f6-953b-4520-ad7e-0bc0e58a85fd',
  level: 'debug',
  timestamp: '2026-08-01T05:44:15.831Z'
}
{
  message: '[Cache Hit] Lấy thông tin user ID: 39b157f6-953b-4520-ad7e-0bc0e58a85fd từ Redis',
  level: 'debug',
  timestamp: '2026-08-01T05:44:15.832Z'
}
{
  userId: '39b157f6-953b-4520-ad7e-0bc0e58a85fd',
  level: 'info',
  message: '[AuthController] Get Me',
  timestamp: '2026-08-01T05:44:17.535Z'
}
{
  message: 'Fetching user details for ID: 39b157f6-953b-4520-ad7e-0bc0e58a85fd',
  level: 'debug',
  timestamp: '2026-08-01T05:44:17.535Z'
}
{
  message: '[Cache Hit] Lấy thông tin user ID: 39b157f6-953b-4520-ad7e-0bc0e58a85fd từ Redis',
  level: 'debug',
  timestamp: '2026-08-01T05:44:17.536Z'
}
{
  userId: '39b157f6-953b-4520-ad7e-0bc0e58a85fd',
  level: 'info',
  message: '[AuthController] Get Me',
  timestamp: '2026-08-01T05:44:17.541Z'
}
{
  message: 'Fetching user details for ID: 39b157f6-953b-4520-ad7e-0bc0e58a85fd',
  level: 'debug',
  timestamp: '2026-08-01T05:44:17.541Z'
}
{
  message: '[Cache Hit] Lấy thông tin user ID: 39b157f6-953b-4520-ad7e-0bc0e58a85fd từ Redis',
  level: 'debug',
  timestamp: '2026-08-01T05:44:17.542Z'
}
{
  message: '[UserController] Get all users',
  level: 'info',
  timestamp: '2026-08-01T05:44:30.473Z'
}
{
  message: 'Fetching all users from repository',
  level: 'info',
  timestamp: '2026-08-01T05:44:30.474Z'
}
{
  userId: '39b157f6-953b-4520-ad7e-0bc0e58a85fd',
  level: 'info',
  message: '[AuthController] Get Me',
  timestamp: '2026-08-01T05:44:30.699Z'
}
{
  message: 'Fetching user details for ID: 39b157f6-953b-4520-ad7e-0bc0e58a85fd',
  level: 'debug',
  timestamp: '2026-08-01T05:44:30.700Z'
}
{
  message: '[Cache Hit] Lấy thông tin user ID: 39b157f6-953b-4520-ad7e-0bc0e58a85fd từ Redis',
  level: 'debug',
  timestamp: '2026-08-01T05:44:30.702Z'
}
{
  userId: '39b157f6-953b-4520-ad7e-0bc0e58a85fd',
  level: 'info',
  message: '[AuthController] Get Me',
  timestamp: '2026-08-01T05:44:30.710Z'
}
{
  message: 'Fetching user details for ID: 39b157f6-953b-4520-ad7e-0bc0e58a85fd',
  level: 'debug',
  timestamp: '2026-08-01T05:44:30.711Z'
}
{
  message: '[Cache Hit] Lấy thông tin user ID: 39b157f6-953b-4520-ad7e-0bc0e58a85fd từ Redis',
  level: 'debug',
  timestamp: '2026-08-01T05:44:30.713Z'
}
{
  message: '[UserController] Get all users',
  level: 'info',
  timestamp: '2026-08-01T05:44:47.222Z'
}
{
  message: 'Fetching all users from repository',
  level: 'info',
  timestamp: '2026-08-01T05:44:47.223Z'
}
{
  message: '[UserController] Get all users',
  level: 'info',
  timestamp: '2026-08-01T05:44:47.277Z'
}
{
  message: 'Fetching all users from repository',
  level: 'info',
  timestamp: '2026-08-01T05:44:47.278Z'
}
{
  message: '[UserController] Get all users',
  level: 'info',
  timestamp: '2026-08-01T05:44:47.292Z'
}
{
  message: 'Fetching all users from repository',
  level: 'info',
  timestamp: '2026-08-01T05:44:47.293Z'
}
{
  message: '[UserController] Get all users',
  level: 'info',
  timestamp: '2026-08-01T05:44:47.319Z'
}
{
  message: 'Fetching all users from repository',
  level: 'info',
  timestamp: '2026-08-01T05:44:47.319Z'
}
{
  message: '[UserController] Get all users',
  level: 'info',
  timestamp: '2026-08-01T05:44:47.347Z'
}
{
  message: 'Fetching all users from repository',
  level: 'info',
  timestamp: '2026-08-01T05:44:47.347Z'
}
{
  message: '[UserController] Get all users',
  level: 'info',
  timestamp: '2026-08-01T05:44:47.365Z'
}
{
  message: 'Fetching all users from repository',
  level: 'info',
  timestamp: '2026-08-01T05:44:47.365Z'
}
{
  message: '[UserController] Get all users',
  level: 'info',
  timestamp: '2026-08-01T05:44:47.385Z'
}
{
  message: 'Fetching all users from repository',
  level: 'info',
  timestamp: '2026-08-01T05:44:47.386Z'
}
{
  message: '[UserController] Get all users',
  level: 'info',
  timestamp: '2026-08-01T05:44:47.393Z'
}
{
  message: 'Fetching all users from repository',
  level: 'info',
  timestamp: '2026-08-01T05:44:47.394Z'
}
{
  message: '[UserController] Get all users',
  level: 'info',
  timestamp: '2026-08-01T05:44:47.402Z'
}
{
  message: 'Fetching all users from repository',
  level: 'info',
  timestamp: '2026-08-01T05:44:47.402Z'
}
{
  message: '[UserController] Get all users',
  level: 'info',
  timestamp: '2026-08-01T05:44:49.684Z'
}
{
  message: 'Fetching all users from repository',
  level: 'info',
  timestamp: '2026-08-01T05:44:49.685Z'
}
{
  message: '[UserController] Get all users',
  level: 'info',
  timestamp: '2026-08-01T05:44:49.697Z'
}
{
  message: 'Fetching all users from repository',
  level: 'info',
  timestamp: '2026-08-01T05:44:49.697Z'
}
{
  message: '[UserController] Get all users',
  level: 'info',
  timestamp: '2026-08-01T05:44:50.332Z'
}
{
  message: 'Fetching all users from repository',
  level: 'info',
  timestamp: '2026-08-01T05:44:50.332Z'
}
{
  message: '[UserController] Get all users',
  level: 'info',
  timestamp: '2026-08-01T05:44:50.359Z'
}
{
  message: 'Fetching all users from repository',
  level: 'info',
  timestamp: '2026-08-01T05:44:50.362Z'
}
{
  message: '[SchedulerService] Đang kiểm tra các booking hết hạn thanh toán...',
  level: 'info',
  timestamp: '2026-08-01T05:45:00.003Z'
}
{
  page: '1',
  limit: '10',
  status: 'ACTIVE',
  level: 'info',
  message: '[HotelController] Get all hotels with queries',
  timestamp: '2026-08-01T05:45:24.945Z'
}
{
  page: '1',
  limit: '10',
  status: 'ACTIVE',
  level: 'info',
  message: '[HotelController] Get all hotels with queries',
  timestamp: '2026-08-01T05:45:24.953Z'
}
{
  email: 'ab@gmail.com',
  level: 'info',
  message: '[AuthController] Register user',
  timestamp: '2026-08-01T05:46:03.482Z'
}
{
  message: 'Fetching user details for Email: ab@gmail.com',
  level: 'debug',
  timestamp: '2026-08-01T05:46:03.482Z'
}
{
  message: '[Cache Miss] Tìm email ab@gmail.com trong Database',
  level: 'debug',
  timestamp: '2026-08-01T05:46:03.484Z'
}
{
  message: 'User with Email ab@gmail.com not found',
  level: 'warn',
  timestamp: '2026-08-01T05:46:03.498Z'
}
{
  userId: '44feb254-e27c-44ff-88de-82edf0a8ca0d',
  email: 'ab@gmail.com',
  level: 'info',
  message: 'User created successfully by admin',
  timestamp: '2026-08-01T05:46:03.563Z'
}
{
  message: '[AuthService] Password registration successful for user: ab@gmail.com',
  level: 'info',
  timestamp: '2026-08-01T05:46:03.571Z'
}
{
  userId: '44feb254-e27c-44ff-88de-82edf0a8ca0d',
  level: 'info',
  message: '[AuthController] Get Me',
  timestamp: '2026-08-01T05:46:03.589Z'
}
{
  message: 'Fetching user details for ID: 44feb254-e27c-44ff-88de-82edf0a8ca0d',
  level: 'debug',
  timestamp: '2026-08-01T05:46:03.590Z'
}
{
  message: '[Cache Miss] Tìm user ID: 44feb254-e27c-44ff-88de-82edf0a8ca0d trong Database',
  level: 'debug',
  timestamp: '2026-08-01T05:46:03.591Z'
}
{
  page: '1',
  limit: '10',
  status: 'ACTIVE',
  level: 'info',
  message: '[HotelController] Get all hotels with queries',
  timestamp: '2026-08-01T05:46:17.739Z'
}
{
  userId: '44feb254-e27c-44ff-88de-82edf0a8ca0d',
  level: 'info',
  message: '[AuthController] Register Partner',
  timestamp: '2026-08-01T05:46:20.681Z'
}
{
  message: 'Fetching user details for ID: 44feb254-e27c-44ff-88de-82edf0a8ca0d',
  level: 'debug',
  timestamp: '2026-08-01T05:46:20.681Z'
}
{
  message: '[Cache Hit] Lấy thông tin user ID: 44feb254-e27c-44ff-88de-82edf0a8ca0d từ Redis',
  level: 'debug',
  timestamp: '2026-08-01T05:46:20.682Z'
}
{
  message: '[AuthService] Partner registered/upgraded successfully: ab@gmail.com',
  level: 'info',
  timestamp: '2026-08-01T05:46:20.703Z'
}
{
  message: '[HotelController] Get my hotels',
  level: 'info',
  timestamp: '2026-08-01T05:46:22.055Z'
}
{
  message: '[HotelController] Get my hotels',
  level: 'info',
  timestamp: '2026-08-01T05:46:22.100Z'
}
{
  message: 'JWT Verification Error: jwt expired',
  level: 'error',
  timestamp: '2026-08-01T05:47:03.430Z'
}
{
  message: 'GLOBAL ERROR HANDLER CAUGHT: Error: Phiên đăng nhập đã hết hạn. Vui lòng lấy Token mới.\n' +
    '    at authMiddleware (/app/src/middlewares/authMiddleware.ts:80:9)\n' +
    '    at Layer.handleRequest (/app/node_modules/router/lib/layer.js:152:17)\n' +
    '    at next (/app/node_modules/router/lib/route.js:157:13)\n' +
    '    at Route.dispatch (/app/node_modules/router/lib/route.js:117:3)\n' +
    '    at handle (/app/node_modules/router/index.js:435:11)\n' +
    '    at Layer.handleRequest (/app/node_modules/router/lib/layer.js:152:17)\n' +
    '    at /app/node_modules/router/index.js:295:15\n' +
    '    at processParams (/app/node_modules/router/index.js:582:12)\n' +
    '    at next (/app/node_modules/router/index.js:291:5)\n' +
    '    at Function.handle (/app/node_modules/router/index.js:186:3)',
  level: 'error',
  timestamp: '2026-08-01T05:47:03.432Z'
}
{
  message: 'JWT Verification Error: jwt expired',
  level: 'error',
  timestamp: '2026-08-01T05:47:03.446Z'
}
{
  message: 'GLOBAL ERROR HANDLER CAUGHT: Error: Phiên đăng nhập đã hết hạn. Vui lòng lấy Token mới.\n' +
    '    at authMiddleware (/app/src/middlewares/authMiddleware.ts:80:9)\n' +
    '    at Layer.handleRequest (/app/node_modules/router/lib/layer.js:152:17)\n' +
    '    at next (/app/node_modules/router/lib/route.js:157:13)\n' +
    '    at Route.dispatch (/app/node_modules/router/lib/route.js:117:3)\n' +
    '    at handle (/app/node_modules/router/index.js:435:11)\n' +
    '    at Layer.handleRequest (/app/node_modules/router/lib/layer.js:152:17)\n' +
    '    at /app/node_modules/router/index.js:295:15\n' +
    '    at processParams (/app/node_modules/router/index.js:582:12)\n' +
    '    at next (/app/node_modules/router/index.js:291:5)\n' +
    '    at Function.handle (/app/node_modules/router/index.js:186:3)',
  level: 'error',
  timestamp: '2026-08-01T05:47:03.447Z'
}
{
  message: '[AuthController] Refresh Tokens',
  level: 'info',
  timestamp: '2026-08-01T05:47:03.456Z'
}
{
  message: 'Fetching user details for ID: 39b157f6-953b-4520-ad7e-0bc0e58a85fd',
  level: 'debug',
  timestamp: '2026-08-01T05:47:03.480Z'
}
{
  message: '[Cache Hit] Lấy thông tin user ID: 39b157f6-953b-4520-ad7e-0bc0e58a85fd từ Redis',
  level: 'debug',
  timestamp: '2026-08-01T05:47:03.480Z'
}
{
  message: '[AuthService] Tokens refreshed successfully for user: admin@booking.com',
  level: 'info',
  timestamp: '2026-08-01T05:47:03.495Z'
}
{
  message: 'JWT Verification Error: jwt expired',
  level: 'error',
  timestamp: '2026-08-01T05:47:12.356Z'
}
{
  message: 'GLOBAL ERROR HANDLER CAUGHT: Error: Phiên đăng nhập đã hết hạn. Vui lòng lấy Token mới.\n' +
    '    at authMiddleware (/app/src/middlewares/authMiddleware.ts:80:9)\n' +
    '    at Layer.handleRequest (/app/node_modules/router/lib/layer.js:152:17)\n' +
    '    at next (/app/node_modules/router/lib/route.js:157:13)\n' +
    '    at Route.dispatch (/app/node_modules/router/lib/route.js:117:3)\n' +
    '    at handle (/app/node_modules/router/index.js:435:11)\n' +
    '    at Layer.handleRequest (/app/node_modules/router/lib/layer.js:152:17)\n' +
    '    at /app/node_modules/router/index.js:295:15\n' +
    '    at processParams (/app/node_modules/router/index.js:582:12)\n' +
    '    at next (/app/node_modules/router/index.js:291:5)\n' +
    '    at Function.handle (/app/node_modules/router/index.js:186:3)',
  level: 'error',
  timestamp: '2026-08-01T05:47:12.360Z'
}
{
  message: 'JWT Verification Error: jwt expired',
  level: 'error',
  timestamp: '2026-08-01T05:47:12.372Z'
}
{
  message: 'GLOBAL ERROR HANDLER CAUGHT: Error: Phiên đăng nhập đã hết hạn. Vui lòng lấy Token mới.\n' +
    '    at authMiddleware (/app/src/middlewares/authMiddleware.ts:80:9)\n' +
    '    at Layer.handleRequest (/app/node_modules/router/lib/layer.js:152:17)\n' +
    '    at next (/app/node_modules/router/lib/route.js:157:13)\n' +
    '    at Route.dispatch (/app/node_modules/router/lib/route.js:117:3)\n' +
    '    at handle (/app/node_modules/router/index.js:435:11)\n' +
    '    at Layer.handleRequest (/app/node_modules/router/lib/layer.js:152:17)\n' +
    '    at /app/node_modules/router/index.js:295:15\n' +
    '    at processParams (/app/node_modules/router/index.js:582:12)\n' +
    '    at next (/app/node_modules/router/index.js:291:5)\n' +
    '    at Function.handle (/app/node_modules/router/index.js:186:3)',
  level: 'error',
  timestamp: '2026-08-01T05:47:12.374Z'
}
{
  message: '[UserController] Get all users',
  level: 'info',
  timestamp: '2026-08-01T05:47:12.383Z'
}
{
  message: 'Fetching all users from repository',
  level: 'info',
  timestamp: '2026-08-01T05:47:12.383Z'
}
{
  message: '[UserController] Get all users',
  level: 'info',
  timestamp: '2026-08-01T05:47:12.398Z'
}
{
  message: 'Fetching all users from repository',
  level: 'info',
  timestamp: '2026-08-01T05:47:12.398Z'
}
{
  message: '[UserController] Get all users',
  level: 'info',
  timestamp: '2026-08-01T05:47:12.404Z'
}
{
  message: 'Fetching all users from repository',
  level: 'info',
  timestamp: '2026-08-01T05:47:12.404Z'
}
{
  message: '[UserController] Get all users',
  level: 'info',
  timestamp: '2026-08-01T05:47:12.410Z'
}
{
  message: 'Fetching all users from repository',
  level: 'info',
  timestamp: '2026-08-01T05:47:12.411Z'
}
{
  message: '[AuthController] Refresh Tokens',
  level: 'info',
  timestamp: '2026-08-01T05:47:12.438Z'
}
{
  message: 'Fetching user details for ID: 39b157f6-953b-4520-ad7e-0bc0e58a85fd',
  level: 'debug',
  timestamp: '2026-08-01T05:47:12.446Z'
}
{
  message: '[Cache Hit] Lấy thông tin user ID: 39b157f6-953b-4520-ad7e-0bc0e58a85fd từ Redis',
  level: 'debug',
  timestamp: '2026-08-01T05:47:12.449Z'
}
{
  message: '[AuthService] Tokens refreshed successfully for user: admin@booking.com',
  level: 'info',
  timestamp: '2026-08-01T05:47:12.470Z'
}
{
  message: '[UserController] Get all users',
  level: 'info',
  timestamp: '2026-08-01T05:47:12.512Z'
}
{
  message: 'Fetching all users from repository',
  level: 'info',
  timestamp: '2026-08-01T05:47:12.512Z'
}
{
  userId: '39b157f6-953b-4520-ad7e-0bc0e58a85fd',
  level: 'info',
  message: '[AuthController] Get Me',
  timestamp: '2026-08-01T05:47:12.522Z'
}
{
  message: 'Fetching user details for ID: 39b157f6-953b-4520-ad7e-0bc0e58a85fd',
  level: 'debug',
  timestamp: '2026-08-01T05:47:12.522Z'
}
{
  message: '[Cache Hit] Lấy thông tin user ID: 39b157f6-953b-4520-ad7e-0bc0e58a85fd từ Redis',
  level: 'debug',
  timestamp: '2026-08-01T05:47:12.525Z'
}
{
  message: '[UserController] Get all users',
  level: 'info',
  timestamp: '2026-08-01T05:47:12.539Z'
}
{
  message: 'Fetching all users from repository',
  level: 'info',
  timestamp: '2026-08-01T05:47:12.540Z'
}
{
  email: 'admin@booking.com',
  level: 'info',
  message: '[AuthController] Login with Password',
  timestamp: '2026-08-01T05:47:12.908Z'
}
{
  message: 'User ID 39b157f6-953b-4520-ad7e-0bc0e58a85fd đăng nhập thành công. Đã làm sạch lịch sử đăng nhập sai.',
  level: 'info',
  timestamp: '2026-08-01T05:47:12.968Z'
}
{
  message: '[AuthService] Password login successful for user: admin@booking.com',
  level: 'info',
  timestamp: '2026-08-01T05:47:12.971Z'
}
{
  message: '[UserController] Get all users',
  level: 'info',
  timestamp: '2026-08-01T05:47:13.257Z'
}
{
  message: 'Fetching all users from repository',
  level: 'info',
  timestamp: '2026-08-01T05:47:13.258Z'
}
{
  message: '[UserController] Get all users',
  level: 'info',
  timestamp: '2026-08-01T05:47:13.305Z'
}
{
  message: 'Fetching all users from repository',
  level: 'info',
  timestamp: '2026-08-01T05:47:13.306Z'
}
{
  message: '[UserController] Get all users',
  level: 'info',
  timestamp: '2026-08-01T05:47:18.399Z'
}
{
  message: 'Fetching all users from repository',
  level: 'info',
  timestamp: '2026-08-01T05:47:18.400Z'
}
{
  message: '[UserController] Get all users',
  level: 'info',
  timestamp: '2026-08-01T05:47:18.420Z'
}
{
  message: 'Fetching all users from repository',
  level: 'info',
  timestamp: '2026-08-01T05:47:18.420Z'
}
{
  message: '[UserController] Get all users',
  level: 'info',
  timestamp: '2026-08-01T05:47:20.430Z'
}
{
  message: 'Fetching all users from repository',
  level: 'info',
  timestamp: '2026-08-01T05:47:20.430Z'
}
{
  message: '[UserController] Get all users',
  level: 'info',
  timestamp: '2026-08-01T05:47:20.434Z'
}
{
  message: 'Fetching all users from repository',
  level: 'info',
  timestamp: '2026-08-01T05:47:20.435Z'
}
{
  message: '[UserController] Get all users',
  level: 'info',
  timestamp: '2026-08-01T05:47:21.458Z'
}
{
  message: 'Fetching all users from repository',
  level: 'info',
  timestamp: '2026-08-01T05:47:21.458Z'
}
{
  message: '[UserController] Get all users',
  level: 'info',
  timestamp: '2026-08-01T05:47:21.474Z'
}
{
  message: 'Fetching all users from repository',
  level: 'info',
  timestamp: '2026-08-01T05:47:21.474Z'
}
{
  message: '[UserController] Get all users',
  level: 'info',
  timestamp: '2026-08-01T05:47:32.241Z'
}
{
  message: 'Fetching all users from repository',
  level: 'info',
  timestamp: '2026-08-01T05:47:32.241Z'
}
{
  message: '[UserController] Get all users',
  level: 'info',
  timestamp: '2026-08-01T05:47:39.207Z'
}
{
  message: 'Fetching all users from repository',
  level: 'info',
  timestamp: '2026-08-01T05:47:39.208Z'
}
{
  message: '[UserController] Get all users',
  level: 'info',
  timestamp: '2026-08-01T05:47:39.224Z'
}
{
  message: 'Fetching all users from repository',
  level: 'info',
  timestamp: '2026-08-01T05:47:39.224Z'
}
{
  query: [Object: null prototype] {
    location: 'Sa Pa',
    checkInDate: '2026-08-01T17:00:00.000Z',
    checkOutDate: '2026-08-02T17:00:00.000Z',
    adults: '2',
    children: '0',
    rooms: '1'
  },
  level: 'info',
  message: '[SearchController] Search hotels',
  timestamp: '2026-08-01T05:48:33.679Z'
}
{
  query: [Object: null prototype] {
    location: 'Sa Pa',
    checkInDate: '2026-07-31T17:00:00.000Z',
    checkOutDate: '2026-08-01T17:00:00.000Z',
    adults: '2',
    children: '0',
    rooms: '1'
  },
  level: 'info',
  message: '[SearchController] Search hotels',
  timestamp: '2026-08-01T05:48:52.076Z'
}
{
  message: 'GLOBAL ERROR HANDLER CAUGHT: Error: Ngày nhận phòng không được trong quá khứ.\n' +
    '    at SearchService.searchHotels (/app/src/modules/search/services/searchService.ts:44:15)\n' +
    '    at searchHotels (/app/src/modules/search/controllers/searchController.ts:19:45)\n' +
    '    at <anonymous> (/app/src/utils/asyncHandler.ts:5:25)\n' +
    '    at Layer.handleRequest (/app/node_modules/router/lib/layer.js:152:17)\n' +
    '    at next (/app/node_modules/router/lib/route.js:157:13)\n' +
    '    at <anonymous> (/app/src/middlewares/validationMiddleware.ts:32:7)\n' +
    '    at process.processTicksAndRejections (node:internal/process/task_queues:95:5)',
  level: 'error',
  timestamp: '2026-08-01T05:48:52.081Z'
}
{
  query: [Object: null prototype] {
    location: 'Hà Nội',
    checkInDate: '2026-07-31T17:00:00.000Z',
    checkOutDate: '2026-08-01T17:00:00.000Z',
    adults: '2',
    children: '0',
    rooms: '1'
  },
  level: 'info',
  message: '[SearchController] Search hotels',
  timestamp: '2026-08-01T05:49:02.487Z'
}
{
  message: 'GLOBAL ERROR HANDLER CAUGHT: Error: Ngày nhận phòng không được trong quá khứ.\n' +
    '    at SearchService.searchHotels (/app/src/modules/search/services/searchService.ts:44:15)\n' +
    '    at searchHotels (/app/src/modules/search/controllers/searchController.ts:19:45)\n' +
    '    at <anonymous> (/app/src/utils/asyncHandler.ts:5:25)\n' +
    '    at Layer.handleRequest (/app/node_modules/router/lib/layer.js:152:17)\n' +
    '    at next (/app/node_modules/router/lib/route.js:157:13)\n' +
    '    at <anonymous> (/app/src/middlewares/validationMiddleware.ts:32:7)\n' +
    '    at process.processTicksAndRejections (node:internal/process/task_queues:95:5)',
  level: 'error',
  timestamp: '2026-08-01T05:49:02.488Z'
}
{
  query: [Object: null prototype] {
    location: 'Hạ Long',
    checkInDate: '2026-07-31T17:00:00.000Z',
    checkOutDate: '2026-08-01T17:00:00.000Z',
    adults: '2',
    children: '0',
    rooms: '1'
  },
  level: 'info',
  message: '[SearchController] Search hotels',
  timestamp: '2026-08-01T05:49:07.909Z'
}
{
  message: 'GLOBAL ERROR HANDLER CAUGHT: Error: Ngày nhận phòng không được trong quá khứ.\n' +
    '    at SearchService.searchHotels (/app/src/modules/search/services/searchService.ts:44:15)\n' +
    '    at searchHotels (/app/src/modules/search/controllers/searchController.ts:19:45)\n' +
    '    at <anonymous> (/app/src/utils/asyncHandler.ts:5:25)\n' +
    '    at Layer.handleRequest (/app/node_modules/router/lib/layer.js:152:17)\n' +
    '    at next (/app/node_modules/router/lib/route.js:157:13)\n' +
    '    at <anonymous> (/app/src/middlewares/validationMiddleware.ts:32:7)\n' +
    '    at process.processTicksAndRejections (node:internal/process/task_queues:95:5)',
  level: 'error',
  timestamp: '2026-08-01T05:49:07.911Z'
}
{
  message: '[SchedulerService] Đang kiểm tra các booking hết hạn thanh toán...',
  level: 'info',
  timestamp: '2026-08-01T05:50:00.018Z'
}
{
  query: [Object: null prototype] {
    location: 'Sa Pa',
    checkInDate: '2026-08-01T17:00:00.000Z',
    checkOutDate: '2026-08-02T17:00:00.000Z',
    adults: '2',
    children: '0',
    rooms: '1'
  },
  level: 'info',
  message: '[SearchController] Search hotels',
  timestamp: '2026-08-01T05:50:41.206Z'
}
{
  message: 'Nhận tín hiệu SIGTERM. Đang đóng API Server...',
  level: 'info',
  timestamp: '2026-08-01T05:51:26.906Z'
}
{
  message: 'Express HTTP server đã đóng.',
  level: 'info',
  timestamp: '2026-08-01T05:51:26.907Z'
}
{
  message: '[Redis] Đã đóng kết nối Redis',
  level: 'info',
  timestamp: '2026-08-01T05:51:26.908Z'
}
{
  message: '[SchedulerService] Khởi tạo các cron job...',
  level: 'info',
  timestamp: '2026-08-01T05:51:42.151Z'
}
{
  message: 'Booking API Service đang chạy tại port 3000 (Môi trường: development)',
  level: 'info',
  timestamp: '2026-08-01T05:51:42.231Z'
}
{
  message: '[Redis] Kết nối thành công tới Redis server',
  level: 'info',
  timestamp: '2026-08-01T05:51:42.243Z'
}
{
  message: 'JWT Verification Error: jwt expired',
  level: 'error',
  timestamp: '2026-08-01T05:52:35.001Z'
}
{
  message: 'GLOBAL ERROR HANDLER CAUGHT: Error: Phiên đăng nhập đã hết hạn. Vui lòng lấy Token mới.\n' +
    '    at authMiddleware (/app/src/middlewares/authMiddleware.ts:80:9)\n' +
    '    at Layer.handleRequest (/app/node_modules/router/lib/layer.js:152:17)\n' +
    '    at trimPrefix (/app/node_modules/router/index.js:342:13)\n' +
    '    at /app/node_modules/router/index.js:297:9\n' +
    '    at processParams (/app/node_modules/router/index.js:582:12)\n' +
    '    at next (/app/node_modules/router/index.js:291:5)\n' +
    '    at Function.handle (/app/node_modules/router/index.js:186:3)\n' +
    '    at router (/app/node_modules/router/index.js:60:12)\n' +
    '    at Layer.handleRequest (/app/node_modules/router/lib/layer.js:152:17)\n' +
    '    at trimPrefix (/app/node_modules/router/index.js:342:13)',
  level: 'error',
  timestamp: '2026-08-01T05:52:35.007Z'
}
{
  message: '[AuthController] Refresh Tokens',
  level: 'info',
  timestamp: '2026-08-01T05:52:35.056Z'
}
{
  message: 'Fetching user details for ID: 44feb254-e27c-44ff-88de-82edf0a8ca0d',
  level: 'debug',
  timestamp: '2026-08-01T05:52:35.155Z'
}
{
  message: '[Cache Hit] Lấy thông tin user ID: 44feb254-e27c-44ff-88de-82edf0a8ca0d từ Redis',
  level: 'debug',
  timestamp: '2026-08-01T05:52:35.159Z'
}
{
  message: '[AuthService] Tokens refreshed successfully for user: ab@gmail.com',
  level: 'info',
  timestamp: '2026-08-01T05:52:35.205Z'
}
{
  page: '1',
  limit: '10',
  status: 'ACTIVE',
  level: 'info',
  message: '[HotelController] Get all hotels with queries',
  timestamp: '2026-08-01T05:53:45.618Z'
}
{
  query: [Object: null prototype] {
    location: 'Sa Pa',
    checkInDate: '2026-07-31T17:00:00.000Z',
    checkOutDate: '2026-08-01T17:00:00.000Z',
    adults: '2',
    children: '0',
    rooms: '1'
  },
  level: 'info',
  message: '[SearchController] Search hotels',
  timestamp: '2026-08-01T05:54:11.927Z'
}
{
  message: 'GLOBAL ERROR HANDLER CAUGHT: Error: Ngày nhận phòng không được trong quá khứ.\n' +
    '    at SearchService.searchHotels (/app/src/modules/search/services/searchService.ts:44:15)\n' +
    '    at searchHotels (/app/src/modules/search/controllers/searchController.ts:19:45)\n' +
    '    at <anonymous> (/app/src/utils/asyncHandler.ts:5:25)\n' +
    '    at Layer.handleRequest (/app/node_modules/router/lib/layer.js:152:17)\n' +
    '    at next (/app/node_modules/router/lib/route.js:157:13)\n' +
    '    at <anonymous> (/app/src/middlewares/validationMiddleware.ts:32:7)\n' +
    '    at process.processTicksAndRejections (node:internal/process/task_queues:95:5)',
  level: 'error',
  timestamp: '2026-08-01T05:54:11.934Z'
}
{
  message: '[SchedulerService] Đang kiểm tra các booking hết hạn thanh toán...',
  level: 'info',
  timestamp: '2026-08-01T05:55:00.003Z'
}
{
  message: '[SchedulerService] Đã hủy 1 booking do hết hạn thanh toán.',
  level: 'info',
  timestamp: '2026-08-01T05:55:00.060Z'
}
{
  query: [Object: null prototype] {
    location: 'Sa Pa',
    checkInDate: '2026-07-31T17:00:00.000Z',
    checkOutDate: '2026-08-01T17:00:00.000Z',
    adults: '2',
    children: '0',
    rooms: '1'
  },
  level: 'info',
  message: '[SearchController] Search hotels',
  timestamp: '2026-08-01T05:55:04.109Z'
}
{
  message: 'GLOBAL ERROR HANDLER CAUGHT: Error: Ngày nhận phòng không được trong quá khứ.\n' +
    '    at SearchService.searchHotels (/app/src/modules/search/services/searchService.ts:44:15)\n' +
    '    at searchHotels (/app/src/modules/search/controllers/searchController.ts:19:45)\n' +
    '    at <anonymous> (/app/src/utils/asyncHandler.ts:5:25)\n' +
    '    at Layer.handleRequest (/app/node_modules/router/lib/layer.js:152:17)\n' +
    '    at next (/app/node_modules/router/lib/route.js:157:13)\n' +
    '    at <anonymous> (/app/src/middlewares/validationMiddleware.ts:32:7)\n' +
    '    at process.processTicksAndRejections (node:internal/process/task_queues:95:5)',
  level: 'error',
  timestamp: '2026-08-01T05:55:04.110Z'
}
{
  hotelId: '7806d7b1-469e-4a3e-b855-cc649c51efc9',
  level: 'info',
  message: '[HotelController] Get hotel by id',
  timestamp: '2026-08-01T05:55:15.218Z'
}
{
  message: '[Cache Miss] Tìm hotel ID: 7806d7b1-469e-4a3e-b855-cc649c51efc9 trong Database',
  level: 'debug',
  timestamp: '2026-08-01T05:55:15.221Z'
}
{
  hotelId: '7806d7b1-469e-4a3e-b855-cc649c51efc9',
  level: 'info',
  message: '[HotelController] Get hotel by id',
  timestamp: '2026-08-01T05:55:15.281Z'
}
{
  message: '[Cache Hit] Lấy thông tin hotel ID: 7806d7b1-469e-4a3e-b855-cc649c51efc9 từ Redis',
  level: 'debug',
  timestamp: '2026-08-01T05:55:15.284Z'
}
{
  message: 'Nhận tín hiệu SIGTERM. Đang đóng API Server...',
  level: 'info',
  timestamp: '2026-08-01T05:55:29.112Z'
}
{
  message: 'Express HTTP server đã đóng.',
  level: 'info',
  timestamp: '2026-08-01T05:55:29.113Z'
}
{
  message: '[SchedulerService] Khởi tạo các cron job...',
  level: 'info',
  timestamp: '2026-08-01T05:55:41.137Z'
}
{
  message: 'Booking API Service đang chạy tại port 3000 (Môi trường: development)',
  level: 'info',
  timestamp: '2026-08-01T05:55:41.226Z'
}
{
  message: '[Redis] Kết nối thành công tới Redis server',
  level: 'info',
  timestamp: '2026-08-01T05:55:41.234Z'
}
{
  query: [Object: null prototype] {
    location: 'Sa Pa',
    checkInDate: '2026-07-31T17:00:00.000Z',
    checkOutDate: '2026-08-01T17:00:00.000Z',
    adults: '2',
    children: '0',
    rooms: '1'
  },
  level: 'info',
  message: '[SearchController] Search hotels',
  timestamp: '2026-08-01T05:55:42.602Z'
}
{
  page: '1',
  limit: '10',
  status: 'ACTIVE',
  level: 'info',
  message: '[HotelController] Get all hotels with queries',
  timestamp: '2026-08-01T05:56:30.917Z'
}
{
  page: '1',
  limit: '10',
  status: 'ACTIVE',
  level: 'info',
  message: '[HotelController] Get all hotels with queries',
  timestamp: '2026-08-01T05:56:30.953Z'
}
{
  message: 'JWT Verification Error: jwt expired',
  level: 'error',
  timestamp: '2026-08-01T05:56:31.889Z'
}
{
  message: 'GLOBAL ERROR HANDLER CAUGHT: Error: Phiên đăng nhập đã hết hạn. Vui lòng lấy Token mới.\n' +
    '    at authMiddleware (/app/src/middlewares/authMiddleware.ts:80:9)\n' +
    '    at Layer.handleRequest (/app/node_modules/router/lib/layer.js:152:17)\n' +
    '    at next (/app/node_modules/router/lib/route.js:157:13)\n' +
    '    at Route.dispatch (/app/node_modules/router/lib/route.js:117:3)\n' +
    '    at handle (/app/node_modules/router/index.js:435:11)\n' +
    '    at Layer.handleRequest (/app/node_modules/router/lib/layer.js:152:17)\n' +
    '    at /app/node_modules/router/index.js:295:15\n' +
    '    at processParams (/app/node_modules/router/index.js:582:12)\n' +
    '    at next (/app/node_modules/router/index.js:291:5)\n' +
    '    at Function.handle (/app/node_modules/router/index.js:186:3)',
  level: 'error',
  timestamp: '2026-08-01T05:56:31.890Z'
}
{
  message: 'JWT Verification Error: jwt expired',
  level: 'error',
  timestamp: '2026-08-01T05:56:31.902Z'
}
{
  message: 'GLOBAL ERROR HANDLER CAUGHT: Error: Phiên đăng nhập đã hết hạn. Vui lòng lấy Token mới.\n' +
    '    at authMiddleware (/app/src/middlewares/authMiddleware.ts:80:9)\n' +
    '    at Layer.handleRequest (/app/node_modules/router/lib/layer.js:152:17)\n' +
    '    at next (/app/node_modules/router/lib/route.js:157:13)\n' +
    '    at Route.dispatch (/app/node_modules/router/lib/route.js:117:3)\n' +
    '    at handle (/app/node_modules/router/index.js:435:11)\n' +
    '    at Layer.handleRequest (/app/node_modules/router/lib/layer.js:152:17)\n' +
    '    at /app/node_modules/router/index.js:295:15\n' +
    '    at processParams (/app/node_modules/router/index.js:582:12)\n' +
    '    at next (/app/node_modules/router/index.js:291:5)\n' +
    '    at Function.handle (/app/node_modules/router/index.js:186:3)',
  level: 'error',
  timestamp: '2026-08-01T05:56:31.903Z'
}
{
  message: '[AuthController] Refresh Tokens',
  level: 'info',
  timestamp: '2026-08-01T05:56:31.965Z'
}
{
  message: 'Fetching user details for ID: 39b157f6-953b-4520-ad7e-0bc0e58a85fd',
  level: 'debug',
  timestamp: '2026-08-01T05:56:31.990Z'
}
{
  message: '[Cache Hit] Lấy thông tin user ID: 39b157f6-953b-4520-ad7e-0bc0e58a85fd từ Redis',
  level: 'debug',
  timestamp: '2026-08-01T05:56:31.993Z'
}
{
  message: '[AuthService] Tokens refreshed successfully for user: admin@booking.com',
  level: 'info',
  timestamp: '2026-08-01T05:56:32.059Z'
}
{
  userId: '39b157f6-953b-4520-ad7e-0bc0e58a85fd',
  level: 'info',
  message: '[AuthController] Get Me',
  timestamp: '2026-08-01T05:56:32.149Z'
}
{
  message: 'Fetching user details for ID: 39b157f6-953b-4520-ad7e-0bc0e58a85fd',
  level: 'debug',
  timestamp: '2026-08-01T05:56:32.151Z'
}
{
  page: '1',
  limit: '10',
  status: 'ACTIVE',
  level: 'info',
  message: '[HotelController] Get all hotels with queries',
  timestamp: '2026-08-01T05:56:32.159Z'
}
{
  message: '[Cache Hit] Lấy thông tin user ID: 39b157f6-953b-4520-ad7e-0bc0e58a85fd từ Redis',
  level: 'debug',
  timestamp: '2026-08-01T05:56:32.161Z'
}
{
  page: '1',
  limit: '10',
  status: 'ACTIVE',
  level: 'info',
  message: '[HotelController] Get all hotels with queries',
  timestamp: '2026-08-01T05:56:32.191Z'
}
{
  userId: '39b157f6-953b-4520-ad7e-0bc0e58a85fd',
  level: 'info',
  message: '[AuthController] Get Me',
  timestamp: '2026-08-01T05:56:32.211Z'
}
{
  message: 'Fetching user details for ID: 39b157f6-953b-4520-ad7e-0bc0e58a85fd',
  level: 'debug',
  timestamp: '2026-08-01T05:56:32.211Z'
}
{
  message: '[Cache Hit] Lấy thông tin user ID: 39b157f6-953b-4520-ad7e-0bc0e58a85fd từ Redis',
  level: 'debug',
  timestamp: '2026-08-01T05:56:32.220Z'
}
{
  message: 'JWT Verification Error: jwt expired',
  level: 'error',
  timestamp: '2026-08-01T05:56:34.189Z'
}
{
  message: 'GLOBAL ERROR HANDLER CAUGHT: Error: Phiên đăng nhập đã hết hạn. Vui lòng lấy Token mới.\n' +
    '    at authMiddleware (/app/src/middlewares/authMiddleware.ts:80:9)\n' +
    '    at Layer.handleRequest (/app/node_modules/router/lib/layer.js:152:17)\n' +
    '    at trimPrefix (/app/node_modules/router/index.js:342:13)\n' +
    '    at /app/node_modules/router/index.js:297:9\n' +
    '    at processParams (/app/node_modules/router/index.js:582:12)\n' +
    '    at next (/app/node_modules/router/index.js:291:5)\n' +
    '    at Function.handle (/app/node_modules/router/index.js:186:3)\n' +
    '    at router (/app/node_modules/router/index.js:60:12)\n' +
    '    at Layer.handleRequest (/app/node_modules/router/lib/layer.js:152:17)\n' +
    '    at trimPrefix (/app/node_modules/router/index.js:342:13)',
  level: 'error',
  timestamp: '2026-08-01T05:56:34.190Z'
}
{
  message: '[AuthController] Refresh Tokens',
  level: 'info',
  timestamp: '2026-08-01T05:56:34.206Z'
}
{
  message: 'Fetching user details for ID: 44feb254-e27c-44ff-88de-82edf0a8ca0d',
  level: 'debug',
  timestamp: '2026-08-01T05:56:34.213Z'
}
{
  message: '[Cache Hit] Lấy thông tin user ID: 44feb254-e27c-44ff-88de-82edf0a8ca0d từ Redis',
  level: 'debug',
  timestamp: '2026-08-01T05:56:34.214Z'
}
{
  message: '[AuthService] Tokens refreshed successfully for user: ab@gmail.com',
  level: 'info',
  timestamp: '2026-08-01T05:56:34.232Z'
}
{
  message: 'JWT Verification Error: jwt expired',
  level: 'error',
  timestamp: '2026-08-01T05:59:35.065Z'
}
{
  message: 'GLOBAL ERROR HANDLER CAUGHT: Error: Phiên đăng nhập đã hết hạn. Vui lòng lấy Token mới.\n' +
    '    at authMiddleware (/app/src/middlewares/authMiddleware.ts:80:9)\n' +
    '    at Layer.handleRequest (/app/node_modules/router/lib/layer.js:152:17)\n' +
    '    at trimPrefix (/app/node_modules/router/index.js:342:13)\n' +
    '    at /app/node_modules/router/index.js:297:9\n' +
    '    at processParams (/app/node_modules/router/index.js:582:12)\n' +
    '    at next (/app/node_modules/router/index.js:291:5)\n' +
    '    at Function.handle (/app/node_modules/router/index.js:186:3)\n' +
    '    at router (/app/node_modules/router/index.js:60:12)\n' +
    '    at Layer.handleRequest (/app/node_modules/router/lib/layer.js:152:17)\n' +
    '    at trimPrefix (/app/node_modules/router/index.js:342:13)',
  level: 'error',
  timestamp: '2026-08-01T05:59:35.068Z'
}
{
  message: '[AuthController] Refresh Tokens',
  level: 'info',
  timestamp: '2026-08-01T05:59:35.082Z'
}
{
  message: 'Fetching user details for ID: 44feb254-e27c-44ff-88de-82edf0a8ca0d',
  level: 'debug',
  timestamp: '2026-08-01T05:59:35.100Z'
}
{
  message: '[Cache Hit] Lấy thông tin user ID: 44feb254-e27c-44ff-88de-82edf0a8ca0d từ Redis',
  level: 'debug',
  timestamp: '2026-08-01T05:59:35.102Z'
}
{
  message: '[AuthService] Tokens refreshed successfully for user: ab@gmail.com',
  level: 'info',
  timestamp: '2026-08-01T05:59:35.113Z'
}
{
  message: '[SchedulerService] Đang kiểm tra các booking hết hạn thanh toán...',
  level: 'info',
  timestamp: '2026-08-01T06:00:00.010Z'
}
{
  message: 'Nhận tín hiệu SIGTERM. Đang đóng API Server...',
  level: 'info',
  timestamp: '2026-08-01T06:00:02.657Z'
}
{
  message: 'Express HTTP server đã đóng.',
  level: 'info',
  timestamp: '2026-08-01T06:00:02.659Z'
}
{
  message: '[Redis] Đã đóng kết nối Redis',
  level: 'info',
  timestamp: '2026-08-01T06:00:02.661Z'
}
{
  message: '[SchedulerService] Khởi tạo các cron job...',
  level: 'info',
  timestamp: '2026-08-01T06:00:20.808Z'
}
{
  message: 'Booking API Service đang chạy tại port 3000 (Môi trường: development)',
  level: 'info',
  timestamp: '2026-08-01T06:00:20.885Z'
}
{
  message: '[Redis] Kết nối thành công tới Redis server',
  level: 'info',
  timestamp: '2026-08-01T06:00:20.903Z'
}
{
  message: 'JWT Verification Error: jwt expired',
  level: 'error',
  timestamp: '2026-08-01T06:02:35.980Z'
}
{
  message: 'GLOBAL ERROR HANDLER CAUGHT: Error: Phiên đăng nhập đã hết hạn. Vui lòng lấy Token mới.\n' +
    '    at authMiddleware (/app/src/middlewares/authMiddleware.ts:80:9)\n' +
    '    at Layer.handleRequest (/app/node_modules/router/lib/layer.js:152:17)\n' +
    '    at trimPrefix (/app/node_modules/router/index.js:342:13)\n' +
    '    at /app/node_modules/router/index.js:297:9\n' +
    '    at processParams (/app/node_modules/router/index.js:582:12)\n' +
    '    at next (/app/node_modules/router/index.js:291:5)\n' +
    '    at Function.handle (/app/node_modules/router/index.js:186:3)\n' +
    '    at router (/app/node_modules/router/index.js:60:12)\n' +
    '    at Layer.handleRequest (/app/node_modules/router/lib/layer.js:152:17)\n' +
    '    at trimPrefix (/app/node_modules/router/index.js:342:13)',
  level: 'error',
  timestamp: '2026-08-01T06:02:35.985Z'
}
{
  message: '[AuthController] Refresh Tokens',
  level: 'info',
  timestamp: '2026-08-01T06:02:35.308Z'
}
{
  message: 'Fetching user details for ID: 44feb254-e27c-44ff-88de-82edf0a8ca0d',
  level: 'debug',
  timestamp: '2026-08-01T06:02:35.329Z'
}
{
  message: '[Cache Hit] Lấy thông tin user ID: 44feb254-e27c-44ff-88de-82edf0a8ca0d từ Redis',
  level: 'debug',
  timestamp: '2026-08-01T06:02:35.330Z'
}
{
  message: '[AuthService] Tokens refreshed successfully for user: ab@gmail.com',
  level: 'info',
  timestamp: '2026-08-01T06:02:35.371Z'
}
{
  message: 'Nhận tín hiệu SIGTERM. Đang đóng API Server...',
  level: 'info',
  timestamp: '2026-08-01T06:04:26.477Z'
}
{
  message: 'Express HTTP server đã đóng.',
  level: 'info',
  timestamp: '2026-08-01T06:04:26.479Z'
}
{
  message: '[Redis] Đã đóng kết nối Redis',
  level: 'info',
  timestamp: '2026-08-01T06:04:26.481Z'
}
{
  message: '[SchedulerService] Khởi tạo các cron job...',
  level: 'info',
  timestamp: '2026-08-01T06:04:36.088Z'
}
{
  message: 'Booking API Service đang chạy tại port 3000 (Môi trường: development)',
  level: 'info',
  timestamp: '2026-08-01T06:04:36.171Z'
}
{
  message: '[Redis] Kết nối thành công tới Redis server',
  level: 'info',
  timestamp: '2026-08-01T06:04:36.185Z'
}
{
  message: '[SchedulerService] Đang kiểm tra các booking hết hạn thanh toán...',
  level: 'info',
  timestamp: '2026-08-01T06:05:00.007Z'
}
{
  message: 'JWT Verification Error: jwt expired',
  level: 'error',
  timestamp: '2026-08-01T06:06:03.134Z'
}
{
  message: 'GLOBAL ERROR HANDLER CAUGHT: Error: Phiên đăng nhập đã hết hạn. Vui lòng lấy Token mới.\n' +
    '    at authMiddleware (/app/src/middlewares/authMiddleware.ts:80:9)\n' +
    '    at Layer.handleRequest (/app/node_modules/router/lib/layer.js:152:17)\n' +
    '    at next (/app/node_modules/router/lib/route.js:157:13)\n' +
    '    at Route.dispatch (/app/node_modules/router/lib/route.js:117:3)\n' +
    '    at handle (/app/node_modules/router/index.js:435:11)\n' +
    '    at Layer.handleRequest (/app/node_modules/router/lib/layer.js:152:17)\n' +
    '    at /app/node_modules/router/index.js:295:15\n' +
    '    at processParams (/app/node_modules/router/index.js:582:12)\n' +
    '    at next (/app/node_modules/router/index.js:291:5)\n' +
    '    at Function.handle (/app/node_modules/router/index.js:186:3)',
  level: 'error',
  timestamp: '2026-08-01T06:06:03.137Z'
}
{
  message: 'JWT Verification Error: jwt expired',
  level: 'error',
  timestamp: '2026-08-01T06:06:03.151Z'
}
{
  message: 'GLOBAL ERROR HANDLER CAUGHT: Error: Phiên đăng nhập đã hết hạn. Vui lòng lấy Token mới.\n' +
    '    at authMiddleware (/app/src/middlewares/authMiddleware.ts:80:9)\n' +
    '    at Layer.handleRequest (/app/node_modules/router/lib/layer.js:152:17)\n' +
    '    at next (/app/node_modules/router/lib/route.js:157:13)\n' +
    '    at Route.dispatch (/app/node_modules/router/lib/route.js:117:3)\n' +
    '    at handle (/app/node_modules/router/index.js:435:11)\n' +
    '    at Layer.handleRequest (/app/node_modules/router/lib/layer.js:152:17)\n' +
    '    at /app/node_modules/router/index.js:295:15\n' +
    '    at processParams (/app/node_modules/router/index.js:582:12)\n' +
    '    at next (/app/node_modules/router/index.js:291:5)\n' +
    '    at Function.handle (/app/node_modules/router/index.js:186:3)',
  level: 'error',
  timestamp: '2026-08-01T06:06:03.153Z'
}
{
  message: '[AuthController] Refresh Tokens',
  level: 'info',
  timestamp: '2026-08-01T06:06:03.214Z'
}
{
  message: 'Fetching user details for ID: 39b157f6-953b-4520-ad7e-0bc0e58a85fd',
  level: 'debug',
  timestamp: '2026-08-01T06:06:03.268Z'
}
{
  message: '[Cache Hit] Lấy thông tin user ID: 39b157f6-953b-4520-ad7e-0bc0e58a85fd từ Redis',
  level: 'debug',
  timestamp: '2026-08-01T06:06:03.273Z'
}
{
  message: '[AuthService] Tokens refreshed successfully for user: admin@booking.com',
  level: 'info',
  timestamp: '2026-08-01T06:06:03.317Z'
}
{
  userId: '39b157f6-953b-4520-ad7e-0bc0e58a85fd',
  level: 'info',
  message: '[AuthController] Get Me',
  timestamp: '2026-08-01T06:06:03.395Z'
}
{
  message: 'Fetching user details for ID: 39b157f6-953b-4520-ad7e-0bc0e58a85fd',
  level: 'debug',
  timestamp: '2026-08-01T06:06:03.396Z'
}
{
  message: '[Cache Hit] Lấy thông tin user ID: 39b157f6-953b-4520-ad7e-0bc0e58a85fd từ Redis',
  level: 'debug',
  timestamp: '2026-08-01T06:06:03.413Z'
}
{
  page: '1',
  limit: '10',
  status: 'ACTIVE',
  level: 'info',
  message: '[HotelController] Get all hotels with queries',
  timestamp: '2026-08-01T06:06:03.434Z'
}
{
  page: '1',
  limit: '10',
  status: 'ACTIVE',
  level: 'info',
  message: '[HotelController] Get all hotels with queries',
  timestamp: '2026-08-01T06:06:03.472Z'
}
{
  message: '[Cache Miss] Tìm danh sách điểm đến hoạt động trong Database',
  level: 'debug',
  timestamp: '2026-08-01T06:06:03.478Z'
}
{
  userId: '39b157f6-953b-4520-ad7e-0bc0e58a85fd',
  level: 'info',
  message: '[AuthController] Get Me',
  timestamp: '2026-08-01T06:06:03.494Z'
}
{
  message: 'Fetching user details for ID: 39b157f6-953b-4520-ad7e-0bc0e58a85fd',
  level: 'debug',
  timestamp: '2026-08-01T06:06:03.495Z'
}
{
  message: '[Cache Hit] Lấy thông tin user ID: 39b157f6-953b-4520-ad7e-0bc0e58a85fd từ Redis',
  level: 'debug',
  timestamp: '2026-08-01T06:06:03.499Z'
}
{
  message: '[Cache Hit] Lấy danh sách điểm đến hoạt động từ Redis',
  level: 'debug',
  timestamp: '2026-08-01T06:06:03.524Z'
}
{
  message: '[Cache Hit] Lấy danh sách điểm đến hoạt động từ Redis',
  level: 'debug',
  timestamp: '2026-08-01T06:06:03.531Z'
}
{
  message: '[Cache Hit] Lấy danh sách điểm đến hoạt động từ Redis',
  level: 'debug',
  timestamp: '2026-08-01T06:06:03.539Z'
}
{
  message: '[Cache Hit] Lấy danh sách điểm đến hoạt động từ Redis',
  level: 'debug',
  timestamp: '2026-08-01T06:06:12.627Z'
}
{
  page: '1',
  limit: '10',
  status: 'ACTIVE',
  level: 'info',
  message: '[HotelController] Get all hotels with queries',
  timestamp: '2026-08-01T06:06:12.630Z'
}
{
  message: '[Cache Hit] Lấy danh sách điểm đến hoạt động từ Redis',
  level: 'debug',
  timestamp: '2026-08-01T06:06:12.636Z'
}
{
  page: '1',
  limit: '10',
  status: 'ACTIVE',
  level: 'info',
  message: '[HotelController] Get all hotels with queries',
  timestamp: '2026-08-01T06:06:12.638Z'
}
{
  message: '[Cache Hit] Lấy danh sách điểm đến hoạt động từ Redis',
  level: 'debug',
  timestamp: '2026-08-01T06:06:12.643Z'
}
{
  message: '[Cache Hit] Lấy danh sách điểm đến hoạt động từ Redis',
  level: 'debug',
  timestamp: '2026-08-01T06:06:12.647Z'
}
{
  message: '[Cache Hit] Lấy danh sách điểm đến hoạt động từ Redis',
  level: 'debug',
  timestamp: '2026-08-01T06:06:14.857Z'
}
{
  query: [Object: null prototype] { location: 'Hà Nội' },
  level: 'info',
  message: '[SearchController] Search hotels',
  timestamp: '2026-08-01T06:06:14.867Z'
}
{
  message: '[Cache Hit] Lấy danh sách điểm đến hoạt động từ Redis',
  level: 'debug',
  timestamp: '2026-08-01T06:06:14.893Z'
}
{
  query: [Object: null prototype] { location: 'Hà Nội' },
  level: 'info',
  message: '[SearchController] Search hotels',
  timestamp: '2026-08-01T06:06:14.949Z'
}
{
  message: '[Cache Hit] Lấy danh sách điểm đến hoạt động từ Redis',
  level: 'debug',
  timestamp: '2026-08-01T06:06:19.564Z'
}
{
  page: '1',
  limit: '10',
  status: 'ACTIVE',
  level: 'info',
  message: '[HotelController] Get all hotels with queries',
  timestamp: '2026-08-01T06:06:19.569Z'
}
{
  message: '[Cache Hit] Lấy danh sách điểm đến hoạt động từ Redis',
  level: 'debug',
  timestamp: '2026-08-01T06:06:19.579Z'
}
{
  page: '1',
  limit: '10',
  status: 'ACTIVE',
  level: 'info',
  message: '[HotelController] Get all hotels with queries',
  timestamp: '2026-08-01T06:06:19.585Z'
}
{
  message: '[Cache Hit] Lấy danh sách điểm đến hoạt động từ Redis',
  level: 'debug',
  timestamp: '2026-08-01T06:06:19.589Z'
}
{
  message: '[Cache Hit] Lấy danh sách điểm đến hoạt động từ Redis',
  level: 'debug',
  timestamp: '2026-08-01T06:06:19.600Z'
}
{
  message: '[Cache Hit] Lấy danh sách điểm đến hoạt động từ Redis',
  level: 'debug',
  timestamp: '2026-08-01T06:06:19.224Z'
}
{
  query: [Object: null prototype] {
    location: 'Hà Nội',
    checkInDate: '2026-08-01T17:00:00.000Z',
    checkOutDate: '2026-08-02T17:00:00.000Z',
    adults: '2',
    children: '0',
    rooms: '1'
  },
  level: 'info',
  message: '[SearchController] Search hotels',
  timestamp: '2026-08-01T06:06:19.229Z'
}
{
  message: '[Cache Hit] Lấy danh sách điểm đến hoạt động từ Redis',
  level: 'debug',
  timestamp: '2026-08-01T06:06:19.268Z'
}
{
  query: [Object: null prototype] {
    location: 'Hà Nội',
    checkInDate: '2026-08-01T17:00:00.000Z',
    checkOutDate: '2026-08-02T17:00:00.000Z',
    adults: '2',
    children: '0',
    rooms: '1'
  },
  level: 'info',
  message: '[SearchController] Search hotels',
  timestamp: '2026-08-01T06:06:19.290Z'
}
{
  hotelId: '99d133ab-5625-4527-9f6a-1c3784ec4888',
  level: 'info',
  message: '[HotelController] Get hotel by id',
  timestamp: '2026-08-01T06:06:22.917Z'
}
{
  message: '[Cache Miss] Tìm hotel ID: 99d133ab-5625-4527-9f6a-1c3784ec4888 trong Database',
  level: 'debug',
  timestamp: '2026-08-01T06:06:22.919Z'
}
{
  hotelId: '99d133ab-5625-4527-9f6a-1c3784ec4888',
  level: 'info',
  message: '[HotelController] Get hotel by id',
  timestamp: '2026-08-01T06:06:22.951Z'
}
{
  message: '[Cache Hit] Lấy thông tin hotel ID: 99d133ab-5625-4527-9f6a-1c3784ec4888 từ Redis',
  level: 'debug',
  timestamp: '2026-08-01T06:06:22.953Z'
}
{
  message: 'JWT Verification Error: jwt expired',
  level: 'error',
  timestamp: '2026-08-01T06:06:35.129Z'
}
{
  message: 'GLOBAL ERROR HANDLER CAUGHT: Error: Phiên đăng nhập đã hết hạn. Vui lòng lấy Token mới.\n' +
    '    at authMiddleware (/app/src/middlewares/authMiddleware.ts:80:9)\n' +
    '    at Layer.handleRequest (/app/node_modules/router/lib/layer.js:152:17)\n' +
    '    at trimPrefix (/app/node_modules/router/index.js:342:13)\n' +
    '    at /app/node_modules/router/index.js:297:9\n' +
    '    at processParams (/app/node_modules/router/index.js:582:12)\n' +
    '    at next (/app/node_modules/router/index.js:291:5)\n' +
    '    at Function.handle (/app/node_modules/router/index.js:186:3)\n' +
    '    at router (/app/node_modules/router/index.js:60:12)\n' +
    '    at Layer.handleRequest (/app/node_modules/router/lib/layer.js:152:17)\n' +
    '    at trimPrefix (/app/node_modules/router/index.js:342:13)',
  level: 'error',
  timestamp: '2026-08-01T06:06:35.130Z'
}
{
  message: '[AuthController] Refresh Tokens',
  level: 'info',
  timestamp: '2026-08-01T06:06:35.137Z'
}
{
  message: 'Fetching user details for ID: 44feb254-e27c-44ff-88de-82edf0a8ca0d',
  level: 'debug',
  timestamp: '2026-08-01T06:06:35.152Z'
}
{
  message: '[Cache Hit] Lấy thông tin user ID: 44feb254-e27c-44ff-88de-82edf0a8ca0d từ Redis',
  level: 'debug',
  timestamp: '2026-08-01T06:06:35.152Z'
}
{
  message: '[AuthService] Tokens refreshed successfully for user: ab@gmail.com',
  level: 'info',
  timestamp: '2026-08-01T06:06:35.166Z'
}
{
  email: 'a@gmail.com',
  level: 'info',
  message: '[AuthController] Register user',
  timestamp: '2026-08-01T06:06:59.834Z'
}
{
  message: 'Fetching user details for Email: a@gmail.com',
  level: 'debug',
  timestamp: '2026-08-01T06:06:59.835Z'
}
{
  message: '[Cache Miss] Tìm email a@gmail.com trong Database',
  level: 'debug',
  timestamp: '2026-08-01T06:06:59.836Z'
}
{
  message: 'User with Email a@gmail.com not found',
  level: 'warn',
  timestamp: '2026-08-01T06:06:59.855Z'
}
{
  userId: '71034607-b42d-4d0f-8535-023392821610',
  email: 'a@gmail.com',
  level: 'info',
  message: 'User created successfully by admin',
  timestamp: '2026-08-01T06:06:59.948Z'
}
{
  message: '[AuthService] Password registration successful for user: a@gmail.com',
  level: 'info',
  timestamp: '2026-08-01T06:06:59.955Z'
}
{
  userId: '71034607-b42d-4d0f-8535-023392821610',
  level: 'info',
  message: '[AuthController] Get Me',
  timestamp: '2026-08-01T06:06:59.979Z'
}
{
  message: 'Fetching user details for ID: 71034607-b42d-4d0f-8535-023392821610',
  level: 'debug',
  timestamp: '2026-08-01T06:06:59.980Z'
}
{
  message: '[Cache Miss] Tìm user ID: 71034607-b42d-4d0f-8535-023392821610 trong Database',
  level: 'debug',
  timestamp: '2026-08-01T06:06:59.983Z'
}
{
  message: '[SchedulerService] Đang kiểm tra các booking hết hạn thanh toán...',
  level: 'info',
  timestamp: '2026-08-01T06:10:00.017Z'
}
{
  message: 'JWT Verification Error: jwt expired',
  level: 'error',
  timestamp: '2026-08-01T06:10:34.268Z'
}
{
  message: 'GLOBAL ERROR HANDLER CAUGHT: Error: Phiên đăng nhập đã hết hạn. Vui lòng lấy Token mới.\n' +
    '    at authMiddleware (/app/src/middlewares/authMiddleware.ts:80:9)\n' +
    '    at Layer.handleRequest (/app/node_modules/router/lib/layer.js:152:17)\n' +
    '    at trimPrefix (/app/node_modules/router/index.js:342:13)\n' +
    '    at /app/node_modules/router/index.js:297:9\n' +
    '    at processParams (/app/node_modules/router/index.js:582:12)\n' +
    '    at next (/app/node_modules/router/index.js:291:5)\n' +
    '    at Function.handle (/app/node_modules/router/index.js:186:3)\n' +
    '    at router (/app/node_modules/router/index.js:60:12)\n' +
    '    at Layer.handleRequest (/app/node_modules/router/lib/layer.js:152:17)\n' +
    '    at trimPrefix (/app/node_modules/router/index.js:342:13)',
  level: 'error',
  timestamp: '2026-08-01T06:10:34.269Z'
}
{
  message: '[AuthController] Refresh Tokens',
  level: 'info',
  timestamp: '2026-08-01T06:10:34.278Z'
}
{
  message: 'Fetching user details for ID: 44feb254-e27c-44ff-88de-82edf0a8ca0d',
  level: 'debug',
  timestamp: '2026-08-01T06:10:34.290Z'
}
{
  message: '[Cache Hit] Lấy thông tin user ID: 44feb254-e27c-44ff-88de-82edf0a8ca0d từ Redis',
  level: 'debug',
  timestamp: '2026-08-01T06:10:34.291Z'
}
{
  message: '[AuthService] Tokens refreshed successfully for user: ab@gmail.com',
  level: 'info',
  timestamp: '2026-08-01T06:10:34.300Z'
}
{
  message: '[Cache Hit] Lấy danh sách điểm đến hoạt động từ Redis',
  level: 'debug',
  timestamp: '2026-08-01T06:11:54.314Z'
}
{
  page: '1',
  limit: '10',
  status: 'ACTIVE',
  level: 'info',
  message: '[HotelController] Get all hotels with queries',
  timestamp: '2026-08-01T06:11:54.318Z'
}
{
  message: '[Cache Hit] Lấy danh sách điểm đến hoạt động từ Redis',
  level: 'debug',
  timestamp: '2026-08-01T06:11:54.332Z'
}
{
  page: '1',
  limit: '10',
  status: 'ACTIVE',
  level: 'info',
  message: '[HotelController] Get all hotels with queries',
  timestamp: '2026-08-01T06:11:54.335Z'
}
{
  message: '[Cache Hit] Lấy danh sách điểm đến hoạt động từ Redis',
  level: 'debug',
  timestamp: '2026-08-01T06:11:54.350Z'
}
{
  message: '[Cache Hit] Lấy danh sách điểm đến hoạt động từ Redis',
  level: 'debug',
  timestamp: '2026-08-01T06:11:54.355Z'
}
{
  message: 'JWT Verification Error: jwt expired',
  level: 'error',
  timestamp: '2026-08-01T06:13:35.207Z'
}
{
  message: 'GLOBAL ERROR HANDLER CAUGHT: Error: Phiên đăng nhập đã hết hạn. Vui lòng lấy Token mới.\n' +
    '    at authMiddleware (/app/src/middlewares/authMiddleware.ts:80:9)\n' +
    '    at Layer.handleRequest (/app/node_modules/router/lib/layer.js:152:17)\n' +
    '    at trimPrefix (/app/node_modules/router/index.js:342:13)\n' +
    '    at /app/node_modules/router/index.js:297:9\n' +
    '    at processParams (/app/node_modules/router/index.js:582:12)\n' +
    '    at next (/app/node_modules/router/index.js:291:5)\n' +
    '    at Function.handle (/app/node_modules/router/index.js:186:3)\n' +
    '    at router (/app/node_modules/router/index.js:60:12)\n' +
    '    at Layer.handleRequest (/app/node_modules/router/lib/layer.js:152:17)\n' +
    '    at trimPrefix (/app/node_modules/router/index.js:342:13)',
  level: 'error',
  timestamp: '2026-08-01T06:13:35.209Z'
}
{
  message: '[AuthController] Refresh Tokens',
  level: 'info',
  timestamp: '2026-08-01T06:13:35.221Z'
}
{
  message: 'Fetching user details for ID: 44feb254-e27c-44ff-88de-82edf0a8ca0d',
  level: 'debug',
  timestamp: '2026-08-01T06:13:35.239Z'
}
{
  message: '[Cache Hit] Lấy thông tin user ID: 44feb254-e27c-44ff-88de-82edf0a8ca0d từ Redis',
  level: 'debug',
  timestamp: '2026-08-01T06:13:35.243Z'
}
{
  message: '[AuthService] Tokens refreshed successfully for user: ab@gmail.com',
  level: 'info',
  timestamp: '2026-08-01T06:13:35.256Z'
}
{
  message: 'GLOBAL ERROR HANDLER CAUGHT: Error: Bạn không có quyền truy cập vào tính năng này.\n' +
    '    at <anonymous> (/app/src/middlewares/roleMiddleware.ts:16:9)\n' +
    '    at Layer.handleRequest (/app/node_modules/router/lib/layer.js:152:17)\n' +
    '    at next (/app/node_modules/router/lib/route.js:157:13)\n' +
    '    at authMiddleware (/app/src/middlewares/authMiddleware.ts:74:5)\n' +
    '    at Layer.handleRequest (/app/node_modules/router/lib/layer.js:152:17)\n' +
    '    at next (/app/node_modules/router/lib/route.js:157:13)\n' +
    '    at Route.dispatch (/app/node_modules/router/lib/route.js:117:3)\n' +
    '    at handle (/app/node_modules/router/index.js:435:11)\n' +
    '    at Layer.handleRequest (/app/node_modules/router/lib/layer.js:152:17)\n' +
    '    at /app/node_modules/router/index.js:295:15',
  level: 'error',
  timestamp: '2026-08-01T06:13:56.538Z'
}
{
  message: 'GLOBAL ERROR HANDLER CAUGHT: Error: Bạn không có quyền truy cập vào tính năng này.\n' +
    '    at <anonymous> (/app/src/middlewares/roleMiddleware.ts:16:9)\n' +
    '    at Layer.handleRequest (/app/node_modules/router/lib/layer.js:152:17)\n' +
    '    at next (/app/node_modules/router/lib/route.js:157:13)\n' +
    '    at authMiddleware (/app/src/middlewares/authMiddleware.ts:74:5)\n' +
    '    at Layer.handleRequest (/app/node_modules/router/lib/layer.js:152:17)\n' +
    '    at next (/app/node_modules/router/lib/route.js:157:13)\n' +
    '    at Route.dispatch (/app/node_modules/router/lib/route.js:117:3)\n' +
    '    at handle (/app/node_modules/router/index.js:435:11)\n' +
    '    at Layer.handleRequest (/app/node_modules/router/lib/layer.js:152:17)\n' +
    '    at /app/node_modules/router/index.js:295:15',
  level: 'error',
  timestamp: '2026-08-01T06:13:56.548Z'
}
{
  message: '[AuthController] Refresh Tokens',
  level: 'info',
  timestamp: '2026-08-01T06:13:56.557Z'
}
{
  message: 'Fetching user details for ID: 44feb254-e27c-44ff-88de-82edf0a8ca0d',
  level: 'debug',
  timestamp: '2026-08-01T06:13:56.565Z'
}
{
  message: '[Cache Hit] Lấy thông tin user ID: 44feb254-e27c-44ff-88de-82edf0a8ca0d từ Redis',
  level: 'debug',
  timestamp: '2026-08-01T06:13:56.566Z'
}
{
  message: '[AuthService] Tokens refreshed successfully for user: ab@gmail.com',
  level: 'info',
  timestamp: '2026-08-01T06:13:56.574Z'
}
{
  message: 'GLOBAL ERROR HANDLER CAUGHT: Error: Bạn không có quyền truy cập vào tính năng này.\n' +
    '    at <anonymous> (/app/src/middlewares/roleMiddleware.ts:16:9)\n' +
    '    at Layer.handleRequest (/app/node_modules/router/lib/layer.js:152:17)\n' +
    '    at next (/app/node_modules/router/lib/route.js:157:13)\n' +
    '    at authMiddleware (/app/src/middlewares/authMiddleware.ts:74:5)\n' +
    '    at Layer.handleRequest (/app/node_modules/router/lib/layer.js:152:17)\n' +
    '    at next (/app/node_modules/router/lib/route.js:157:13)\n' +
    '    at Route.dispatch (/app/node_modules/router/lib/route.js:117:3)\n' +
    '    at handle (/app/node_modules/router/index.js:435:11)\n' +
    '    at Layer.handleRequest (/app/node_modules/router/lib/layer.js:152:17)\n' +
    '    at /app/node_modules/router/index.js:295:15',
  level: 'error',
  timestamp: '2026-08-01T06:13:56.590Z'
}
{
  message: 'GLOBAL ERROR HANDLER CAUGHT: Error: Bạn không có quyền truy cập vào tính năng này.\n' +
    '    at <anonymous> (/app/src/middlewares/roleMiddleware.ts:16:9)\n' +
    '    at Layer.handleRequest (/app/node_modules/router/lib/layer.js:152:17)\n' +
    '    at next (/app/node_modules/router/lib/route.js:157:13)\n' +
    '    at authMiddleware (/app/src/middlewares/authMiddleware.ts:74:5)\n' +
    '    at Layer.handleRequest (/app/node_modules/router/lib/layer.js:152:17)\n' +
    '    at next (/app/node_modules/router/lib/route.js:157:13)\n' +
    '    at Route.dispatch (/app/node_modules/router/lib/route.js:117:3)\n' +
    '    at handle (/app/node_modules/router/index.js:435:11)\n' +
    '    at Layer.handleRequest (/app/node_modules/router/lib/layer.js:152:17)\n' +
    '    at /app/node_modules/router/index.js:295:15',
  level: 'error',
  timestamp: '2026-08-01T06:13:56.596Z'
}
{
  message: '[AuthController] Refresh Tokens',
  level: 'info',
  timestamp: '2026-08-01T06:13:56.619Z'
}
{
  message: 'Fetching user details for ID: 44feb254-e27c-44ff-88de-82edf0a8ca0d',
  level: 'debug',
  timestamp: '2026-08-01T06:13:56.622Z'
}
{
  message: '[Cache Hit] Lấy thông tin user ID: 44feb254-e27c-44ff-88de-82edf0a8ca0d từ Redis',
  level: 'debug',
  timestamp: '2026-08-01T06:13:56.623Z'
}
{
  message: '[AuthService] Tokens refreshed successfully for user: ab@gmail.com',
  level: 'info',
  timestamp: '2026-08-01T06:13:56.632Z'
}
{
  message: 'GLOBAL ERROR HANDLER CAUGHT: Error: Bạn không có quyền truy cập vào tính năng này.\n' +
    '    at <anonymous> (/app/src/middlewares/roleMiddleware.ts:16:9)\n' +
    '    at Layer.handleRequest (/app/node_modules/router/lib/layer.js:152:17)\n' +
    '    at next (/app/node_modules/router/lib/route.js:157:13)\n' +
    '    at authMiddleware (/app/src/middlewares/authMiddleware.ts:74:5)\n' +
    '    at Layer.handleRequest (/app/node_modules/router/lib/layer.js:152:17)\n' +
    '    at next (/app/node_modules/router/lib/route.js:157:13)\n' +
    '    at Route.dispatch (/app/node_modules/router/lib/route.js:117:3)\n' +
    '    at handle (/app/node_modules/router/index.js:435:11)\n' +
    '    at Layer.handleRequest (/app/node_modules/router/lib/layer.js:152:17)\n' +
    '    at /app/node_modules/router/index.js:295:15',
  level: 'error',
  timestamp: '2026-08-01T06:13:56.655Z'
}
{
  message: 'GLOBAL ERROR HANDLER CAUGHT: Error: Bạn không có quyền truy cập vào tính năng này.\n' +
    '    at <anonymous> (/app/src/middlewares/roleMiddleware.ts:16:9)\n' +
    '    at Layer.handleRequest (/app/node_modules/router/lib/layer.js:152:17)\n' +
    '    at next (/app/node_modules/router/lib/route.js:157:13)\n' +
    '    at authMiddleware (/app/src/middlewares/authMiddleware.ts:74:5)\n' +
    '    at Layer.handleRequest (/app/node_modules/router/lib/layer.js:152:17)\n' +
    '    at next (/app/node_modules/router/lib/route.js:157:13)\n' +
    '    at Route.dispatch (/app/node_modules/router/lib/route.js:117:3)\n' +
    '    at handle (/app/node_modules/router/index.js:435:11)\n' +
    '    at Layer.handleRequest (/app/node_modules/router/lib/layer.js:152:17)\n' +
    '    at /app/node_modules/router/index.js:295:15',
  level: 'error',
  timestamp: '2026-08-01T06:13:57.498Z'
}
{
  message: 'GLOBAL ERROR HANDLER CAUGHT: Error: Bạn không có quyền truy cập vào tính năng này.\n' +
    '    at <anonymous> (/app/src/middlewares/roleMiddleware.ts:16:9)\n' +
    '    at Layer.handleRequest (/app/node_modules/router/lib/layer.js:152:17)\n' +
    '    at next (/app/node_modules/router/lib/route.js:157:13)\n' +
    '    at authMiddleware (/app/src/middlewares/authMiddleware.ts:74:5)\n' +
    '    at Layer.handleRequest (/app/node_modules/router/lib/layer.js:152:17)\n' +
    '    at next (/app/node_modules/router/lib/route.js:157:13)\n' +
    '    at Route.dispatch (/app/node_modules/router/lib/route.js:117:3)\n' +
    '    at handle (/app/node_modules/router/index.js:435:11)\n' +
    '    at Layer.handleRequest (/app/node_modules/router/lib/layer.js:152:17)\n' +
    '    at /app/node_modules/router/index.js:295:15',
  level: 'error',
  timestamp: '2026-08-01T06:13:57.505Z'
}
{
  message: '[AuthController] Refresh Tokens',
  level: 'info',
  timestamp: '2026-08-01T06:13:57.512Z'
}
{
  message: '[AuthService] Token reuse detected for user 44feb254-e27c-44ff-88de-82edf0a8ca0d! Revoking all tokens.',
  level: 'warn',
  timestamp: '2026-08-01T06:13:57.520Z'
}
{
  message: 'GLOBAL ERROR HANDLER CAUGHT: Error: Refresh Token không hợp lệ hoặc đã bị đăng xuất.\n' +
    '    at AuthService.refreshTokens (/app/src/modules/auth/services/authService.ts:284:13)\n' +
    '    at process.processTicksAndRejections (node:internal/process/task_queues:95:5)\n' +
    '    at async refreshTokens (/app/src/modules/auth/controllers/authController.ts:177:20)',
  level: 'error',
  timestamp: '2026-08-01T06:13:57.542Z'
}
{
  page: '1',
  limit: '10',
  status: 'ACTIVE',
  level: 'info',
  message: '[HotelController] Get all hotels with queries',
  timestamp: '2026-08-01T06:14:01.063Z'
}
{
  message: '[Cache Hit] Lấy danh sách điểm đến hoạt động từ Redis',
  level: 'debug',
  timestamp: '2026-08-01T06:14:01.067Z'
}
{
  page: '1',
  limit: '10',
  status: 'ACTIVE',
  level: 'info',
  message: '[HotelController] Get all hotels with queries',
  timestamp: '2026-08-01T06:14:01.073Z'
}
{
  message: '[Cache Hit] Lấy danh sách điểm đến hoạt động từ Redis',
  level: 'debug',
  timestamp: '2026-08-01T06:14:01.077Z'
}
{
  message: '[Cache Hit] Lấy danh sách điểm đến hoạt động từ Redis',
  level: 'debug',
  timestamp: '2026-08-01T06:14:01.086Z'
}
{
  message: '[Cache Hit] Lấy danh sách điểm đến hoạt động từ Redis',
  level: 'debug',
  timestamp: '2026-08-01T06:14:01.095Z'
}
{
  message: '[SchedulerService] Đang kiểm tra các booking hết hạn thanh toán...',
  level: 'info',
  timestamp: '2026-08-01T06:15:00.008Z'
}
{
  message: '[SchedulerService] Đang kiểm tra các booking hết hạn thanh toán...',
  level: 'info',
  timestamp: '2026-08-01T06:20:00.004Z'
}
{
  message: '[SchedulerService] Đang kiểm tra các booking hết hạn thanh toán...',
  level: 'info',
  timestamp: '2026-08-01T06:25:00.004Z'
}
{
  message: '[SchedulerService] Đang kiểm tra các booking hết hạn thanh toán...',
  level: 'info',
  timestamp: '2026-08-01T06:30:00.001Z'
}
{
  message: '[SchedulerService] Đang kiểm tra các booking hết hạn thanh toán...',
  level: 'info',
  timestamp: '2026-08-01T06:35:00.002Z'
}
{
  message: '[SchedulerService] Đang kiểm tra các booking hết hạn thanh toán...',
  level: 'info',
  timestamp: '2026-08-01T06:40:00.004Z'
}
{
  message: 'JWT Verification Error: jwt expired',
  level: 'error',
  timestamp: '2026-08-01T06:40:33.197Z'
}
{
  message: 'GLOBAL ERROR HANDLER CAUGHT: Error: Phiên đăng nhập đã hết hạn. Vui lòng lấy Token mới.\n' +
    '    at authMiddleware (/app/src/middlewares/authMiddleware.ts:80:9)\n' +
    '    at Layer.handleRequest (/app/node_modules/router/lib/layer.js:152:17)\n' +
    '    at next (/app/node_modules/router/lib/route.js:157:13)\n' +
    '    at Route.dispatch (/app/node_modules/router/lib/route.js:117:3)\n' +
    '    at handle (/app/node_modules/router/index.js:435:11)\n' +
    '    at Layer.handleRequest (/app/node_modules/router/lib/layer.js:152:17)\n' +
    '    at /app/node_modules/router/index.js:295:15\n' +
    '    at processParams (/app/node_modules/router/index.js:582:12)\n' +
    '    at next (/app/node_modules/router/index.js:291:5)\n' +
    '    at Function.handle (/app/node_modules/router/index.js:186:3)',
  level: 'error',
  timestamp: '2026-08-01T06:40:33.199Z'
}
{
  page: '1',
  limit: '10',
  status: 'ACTIVE',
  level: 'info',
  message: '[HotelController] Get all hotels with queries',
  timestamp: '2026-08-01T06:40:33.204Z'
}
{
  message: 'JWT Verification Error: jwt expired',
  level: 'error',
  timestamp: '2026-08-01T06:40:45.160Z'
}
{
  message: 'GLOBAL ERROR HANDLER CAUGHT: Error: Phiên đăng nhập đã hết hạn. Vui lòng lấy Token mới.\n' +
    '    at authMiddleware (/app/src/middlewares/authMiddleware.ts:80:9)\n' +
    '    at Layer.handleRequest (/app/node_modules/router/lib/layer.js:152:17)\n' +
    '    at next (/app/node_modules/router/lib/route.js:157:13)\n' +
    '    at Route.dispatch (/app/node_modules/router/lib/route.js:117:3)\n' +
    '    at handle (/app/node_modules/router/index.js:435:11)\n' +
    '    at Layer.handleRequest (/app/node_modules/router/lib/layer.js:152:17)\n' +
    '    at /app/node_modules/router/index.js:295:15\n' +
    '    at processParams (/app/node_modules/router/index.js:582:12)\n' +
    '    at next (/app/node_modules/router/index.js:291:5)\n' +
    '    at Function.handle (/app/node_modules/router/index.js:186:3)',
  level: 'error',
  timestamp: '2026-08-01T06:40:45.161Z'
}
{
  message: 'JWT Verification Error: jwt expired',
  level: 'error',
  timestamp: '2026-08-01T06:40:45.170Z'
}
{
  message: 'GLOBAL ERROR HANDLER CAUGHT: Error: Phiên đăng nhập đã hết hạn. Vui lòng lấy Token mới.\n' +
    '    at authMiddleware (/app/src/middlewares/authMiddleware.ts:80:9)\n' +
    '    at Layer.handleRequest (/app/node_modules/router/lib/layer.js:152:17)\n' +
    '    at next (/app/node_modules/router/lib/route.js:157:13)\n' +
    '    at Route.dispatch (/app/node_modules/router/lib/route.js:117:3)\n' +
    '    at handle (/app/node_modules/router/index.js:435:11)\n' +
    '    at Layer.handleRequest (/app/node_modules/router/lib/layer.js:152:17)\n' +
    '    at /app/node_modules/router/index.js:295:15\n' +
    '    at processParams (/app/node_modules/router/index.js:582:12)\n' +
    '    at next (/app/node_modules/router/index.js:291:5)\n' +
    '    at Function.handle (/app/node_modules/router/index.js:186:3)',
  level: 'error',
  timestamp: '2026-08-01T06:40:45.171Z'
}
{
  message: '[AuthController] Refresh Tokens',
  level: 'info',
  timestamp: '2026-08-01T06:40:45.178Z'
}
{
  message: 'Fetching user details for ID: 71034607-b42d-4d0f-8535-023392821610',
  level: 'debug',
  timestamp: '2026-08-01T06:40:45.197Z'
}
{
  message: '[Cache Hit] Lấy thông tin user ID: 71034607-b42d-4d0f-8535-023392821610 từ Redis',
  level: 'debug',
  timestamp: '2026-08-01T06:40:45.198Z'
}
{
  message: '[AuthService] Tokens refreshed successfully for user: a@gmail.com',
  level: 'info',
  timestamp: '2026-08-01T06:40:45.208Z'
}
{
  message: '[BookingController] Get user bookings',
  level: 'info',
  timestamp: '2026-08-01T06:40:45.232Z'
}
{
  message: '[BookingController] Get user bookings',
  level: 'info',
  timestamp: '2026-08-01T06:40:45.259Z'
}
{
  message: 'JWT Verification Error: jwt expired',
  level: 'error',
  timestamp: '2026-08-01T06:40:47.477Z'
}
{
  message: 'GLOBAL ERROR HANDLER CAUGHT: Error: Phiên đăng nhập đã hết hạn. Vui lòng lấy Token mới.\n' +
    '    at authMiddleware (/app/src/middlewares/authMiddleware.ts:80:9)\n' +
    '    at Layer.handleRequest (/app/node_modules/router/lib/layer.js:152:17)\n' +
    '    at next (/app/node_modules/router/lib/route.js:157:13)\n' +
    '    at Route.dispatch (/app/node_modules/router/lib/route.js:117:3)\n' +
    '    at handle (/app/node_modules/router/index.js:435:11)\n' +
    '    at Layer.handleRequest (/app/node_modules/router/lib/layer.js:152:17)\n' +
    '    at /app/node_modules/router/index.js:295:15\n' +
    '    at processParams (/app/node_modules/router/index.js:582:12)\n' +
    '    at next (/app/node_modules/router/index.js:291:5)\n' +
    '    at Function.handle (/app/node_modules/router/index.js:186:3)',
  level: 'error',
  timestamp: '2026-08-01T06:40:47.480Z'
}
{
  message: '[SchedulerService] Đang kiểm tra các booking hết hạn thanh toán...',
  level: 'info',
  timestamp: '2026-08-01T06:45:00.003Z'
}
{
  message: '[SchedulerService] Đang kiểm tra các booking hết hạn thanh toán...',
  level: 'info',
  timestamp: '2026-08-01T06:50:00.018Z'
}
{
  message: '[SchedulerService] Đang kiểm tra các booking hết hạn thanh toán...',
  level: 'info',
  timestamp: '2026-08-01T06:55:00.005Z'
}
{
  message: '[SchedulerService] Đang kiểm tra các booking hết hạn thanh toán...',
  level: 'info',
  timestamp: '2026-08-01T07:00:00.006Z'
}
{
  message: '[SchedulerService] Đang kiểm tra các booking hết hạn thanh toán...',
  level: 'info',
  timestamp: '2026-08-01T07:05:00.005Z'
}
{
  message: '[SchedulerService] Đang kiểm tra các booking hết hạn thanh toán...',
  level: 'info',
  timestamp: '2026-08-01T07:10:00.016Z'
}
{
  message: '[SchedulerService] Đang kiểm tra các booking hết hạn thanh toán...',
  level: 'info',
  timestamp: '2026-08-01T07:20:00.001Z'
}
{
  message: '[SchedulerService] Đang kiểm tra các booking hết hạn thanh toán...',
  level: 'info',
  timestamp: '2026-08-01T07:25:00.002Z'
}
{
  message: '[SchedulerService] Đang kiểm tra các booking hết hạn thanh toán...',
  level: 'info',
  timestamp: '2026-08-01T07:30:00.014Z'
}
{
  message: '[SchedulerService] Đang kiểm tra các booking hết hạn thanh toán...',
  level: 'info',
  timestamp: '2026-08-01T07:35:00.003Z'
}
{
  message: '[SchedulerService] Đang kiểm tra các booking hết hạn thanh toán...',
  level: 'info',
  timestamp: '2026-08-01T07:40:00.004Z'
}
{
  message: '[SchedulerService] Đang kiểm tra các booking hết hạn thanh toán...',
  level: 'info',
  timestamp: '2026-08-01T07:45:00.003Z'
}
{
  message: '[SchedulerService] Đang kiểm tra các booking hết hạn thanh toán...',
  level: 'info',
  timestamp: '2026-08-01T07:50:00.018Z'
}
{
  message: '[SchedulerService] Đang kiểm tra các booking hết hạn thanh toán...',
  level: 'info',
  timestamp: '2026-08-01T07:55:00.002Z'
}
{
  message: '[SchedulerService] Đang kiểm tra các booking hết hạn thanh toán...',
  level: 'info',
  timestamp: '2026-08-01T08:00:00.008Z'
}
{
  message: '[SchedulerService] Đang kiểm tra các booking hết hạn thanh toán...',
  level: 'info',
  timestamp: '2026-08-01T08:05:00.004Z'
}
{
  message: '[SchedulerService] Đang kiểm tra các booking hết hạn thanh toán...',
  level: 'info',
  timestamp: '2026-08-01T08:10:00.004Z'
}
{
  message: '[Redis] Đang thử kết nối lại lần 1... (delay: 50ms)',
  level: 'warn',
  timestamp: '2026-08-01T08:14:14.846Z'
}
{
  errno: -111,
  code: 'ECONNREFUSED',
  syscall: 'connect',
  address: '172.18.0.3',
  port: 6379,
  level: 'error',
  message: '[Redis] Lỗi kết nối Redis: connect ECONNREFUSED 172.18.0.3:6379',
  stack: 'Error: connect ECONNREFUSED 172.18.0.3:6379\n' +
    '    at TCPConnectWrap.afterConnect [as oncomplete] (node:net:1611:16)',
  timestamp: '2026-08-01T08:14:15.082Z'
}
{
  message: '[Redis] Đang thử kết nối lại lần 2... (delay: 100ms)',
  level: 'warn',
  timestamp: '2026-08-01T08:14:15.087Z'
}
{
  errno: -111,
  code: 'ECONNREFUSED',
  syscall: 'connect',
  address: '172.18.0.3',
  port: 6379,
  level: 'error',
  message: '[Redis] Lỗi kết nối Redis: connect ECONNREFUSED 172.18.0.3:6379',
  stack: 'Error: connect ECONNREFUSED 172.18.0.3:6379\n' +
    '    at TCPConnectWrap.afterConnect [as oncomplete] (node:net:1611:16)',
  timestamp: '2026-08-01T08:14:15.195Z'
}
{
  message: '[Redis] Đang thử kết nối lại lần 3... (delay: 150ms)',
  level: 'warn',
  timestamp: '2026-08-01T08:14:15.196Z'
}
{
  message: 'Nhận tín hiệu SIGTERM. Đang đóng API Server...',
  level: 'info',
  timestamp: '2026-08-01T08:14:15.283Z'
}
