{
  message: '[SchedulerService] Đang kiểm tra các booking hết hạn thanh toán...',
  level: 'info',
  timestamp: '2026-08-04T17:00:00.003Z'
}
{
  message: '[SchedulerService] Đang kiểm tra các booking hết hạn thanh toán...',
  level: 'info',
  timestamp: '2026-08-04T17:00:00.005Z'
}
{
  code: 'ECONNREFUSED',
  level: 'error',
  message: '[Redis] Lỗi kết nối Redis:',
  stack: 'AggregateError [ECONNREFUSED]: \n' +
    '    at internalConnectMultiple (node:net:1134:18)\n' +
    '    at afterConnectMultiple (node:net:1715:7)',
  timestamp: '2026-08-04T17:00:01.654Z'
}
{
  message: '[Redis] Đang thử kết nối lại lần 71... (delay: 2000ms)',
  level: 'warn',
  timestamp: '2026-08-04T17:00:01.655Z'
}
{
  code: 'ECONNREFUSED',
  level: 'error',
  message: '[Redis] Lỗi kết nối Redis:',
  stack: 'AggregateError [ECONNREFUSED]: \n' +
    '    at internalConnectMultiple (node:net:1134:18)\n' +
    '    at afterConnectMultiple (node:net:1715:7)',
  timestamp: '2026-08-04T17:00:03.660Z'
}
{
  message: '[Redis] Đang thử kết nối lại lần 72... (delay: 2000ms)',
  level: 'warn',
  timestamp: '2026-08-04T17:00:03.660Z'
}
{
  code: 'ECONNREFUSED',
  level: 'error',
  message: '[Redis] Lỗi kết nối Redis:',
  stack: 'AggregateError [ECONNREFUSED]: \n' +
    '    at internalConnectMultiple (node:net:1134:18)\n' +
    '    at afterConnectMultiple (node:net:1715:7)',
  timestamp: '2026-08-04T17:00:05.665Z'
}
{
  message: '[Redis] Đang thử kết nối lại lần 73... (delay: 2000ms)',
  level: 'warn',
  timestamp: '2026-08-04T17:00:05.665Z'
}
{
  code: 'ECONNREFUSED',
  level: 'error',
  message: '[Redis] Lỗi kết nối Redis:',
  stack: 'AggregateError [ECONNREFUSED]: \n' +
    '    at internalConnectMultiple (node:net:1134:18)\n' +
    '    at afterConnectMultiple (node:net:1715:7)',
  timestamp: '2026-08-04T17:00:07.681Z'
}
{
  message: '[Redis] Đang thử kết nối lại lần 74... (delay: 2000ms)',
  level: 'warn',
  timestamp: '2026-08-04T17:00:07.681Z'
}
{
  code: 'ECONNREFUSED',
  level: 'error',
  message: '[Redis] Lỗi kết nối Redis:',
  stack: 'AggregateError [ECONNREFUSED]: \n' +
    '    at internalConnectMultiple (node:net:1134:18)\n' +
    '    at afterConnectMultiple (node:net:1715:7)',
  timestamp: '2026-08-04T17:00:09.696Z'
}
{
  message: '[Redis] Đang thử kết nối lại lần 75... (delay: 2000ms)',
  level: 'warn',
  timestamp: '2026-08-04T17:00:09.696Z'
}
{
  code: 'ECONNREFUSED',
  level: 'error',
  message: '[Redis] Lỗi kết nối Redis:',
  stack: 'AggregateError [ECONNREFUSED]: \n' +
    '    at internalConnectMultiple (node:net:1134:18)\n' +
    '    at afterConnectMultiple (node:net:1715:7)',
  timestamp: '2026-08-04T17:00:11.708Z'
}
{
  message: '[Redis] Đang thử kết nối lại lần 76... (delay: 2000ms)',
  level: 'warn',
  timestamp: '2026-08-04T17:00:11.708Z'
}
{
  code: 'ECONNREFUSED',
  level: 'error',
  message: '[Redis] Lỗi kết nối Redis:',
  stack: 'AggregateError [ECONNREFUSED]: \n' +
    '    at internalConnectMultiple (node:net:1134:18)\n' +
    '    at afterConnectMultiple (node:net:1715:7)',
  timestamp: '2026-08-04T17:00:13.713Z'
}
{
  message: '[Redis] Đang thử kết nối lại lần 77... (delay: 2000ms)',
  level: 'warn',
  timestamp: '2026-08-04T17:00:13.713Z'
}
{
  code: 'ECONNREFUSED',
  level: 'error',
  message: '[Redis] Lỗi kết nối Redis:',
  stack: 'AggregateError [ECONNREFUSED]: \n' +
    '    at internalConnectMultiple (node:net:1134:18)\n' +
    '    at afterConnectMultiple (node:net:1715:7)',
  timestamp: '2026-08-04T17:00:15.716Z'
}
{
  message: '[Redis] Đang thử kết nối lại lần 78... (delay: 2000ms)',
  level: 'warn',
  timestamp: '2026-08-04T17:00:15.716Z'
}
{
  code: 'ECONNREFUSED',
  level: 'error',
  message: '[Redis] Lỗi kết nối Redis:',
  stack: 'AggregateError [ECONNREFUSED]: \n' +
    '    at internalConnectMultiple (node:net:1134:18)\n' +
    '    at afterConnectMultiple (node:net:1715:7)',
  timestamp: '2026-08-04T17:00:17.721Z'
}
{
  message: '[Redis] Đang thử kết nối lại lần 79... (delay: 2000ms)',
  level: 'warn',
  timestamp: '2026-08-04T17:00:17.722Z'
}
{
  code: 'ECONNREFUSED',
  level: 'error',
  message: '[Redis] Lỗi kết nối Redis:',
  stack: 'AggregateError [ECONNREFUSED]: \n' +
    '    at internalConnectMultiple (node:net:1134:18)\n' +
    '    at afterConnectMultiple (node:net:1715:7)',
  timestamp: '2026-08-04T17:00:19.736Z'
}
{
  message: '[Redis] Đang thử kết nối lại lần 80... (delay: 2000ms)',
  level: 'warn',
  timestamp: '2026-08-04T17:00:19.736Z'
}
{
  code: 'ECONNREFUSED',
  level: 'error',
  message: '[Redis] Lỗi kết nối Redis:',
  stack: 'AggregateError [ECONNREFUSED]: \n' +
    '    at internalConnectMultiple (node:net:1134:18)\n' +
    '    at afterConnectMultiple (node:net:1715:7)',
  timestamp: '2026-08-04T17:00:21.744Z'
}
{
  message: '[Redis] Đang thử kết nối lại lần 81... (delay: 2000ms)',
  level: 'warn',
  timestamp: '2026-08-04T17:00:21.744Z'
}
{
  code: 'ECONNREFUSED',
  level: 'error',
  message: '[Redis] Lỗi kết nối Redis:',
  stack: 'AggregateError [ECONNREFUSED]: \n' +
    '    at internalConnectMultiple (node:net:1134:18)\n' +
    '    at afterConnectMultiple (node:net:1715:7)',
  timestamp: '2026-08-04T17:00:23.757Z'
}
{
  message: '[Redis] Đang thử kết nối lại lần 82... (delay: 2000ms)',
  level: 'warn',
  timestamp: '2026-08-04T17:00:23.757Z'
}
{
  code: 'ECONNREFUSED',
  level: 'error',
  message: '[Redis] Lỗi kết nối Redis:',
  stack: 'AggregateError [ECONNREFUSED]: \n' +
    '    at internalConnectMultiple (node:net:1134:18)\n' +
    '    at afterConnectMultiple (node:net:1715:7)',
  timestamp: '2026-08-04T17:00:25.773Z'
}
{
  message: '[Redis] Đang thử kết nối lại lần 83... (delay: 2000ms)',
  level: 'warn',
  timestamp: '2026-08-04T17:00:25.773Z'
}
{
  code: 'ECONNREFUSED',
  level: 'error',
  message: '[Redis] Lỗi kết nối Redis:',
  stack: 'AggregateError [ECONNREFUSED]: \n' +
    '    at internalConnectMultiple (node:net:1134:18)\n' +
    '    at afterConnectMultiple (node:net:1715:7)',
  timestamp: '2026-08-04T17:00:27.782Z'
}
{
  message: '[Redis] Đang thử kết nối lại lần 84... (delay: 2000ms)',
  level: 'warn',
  timestamp: '2026-08-04T17:00:27.782Z'
}
{
  code: 'ECONNREFUSED',
  level: 'error',
  message: '[Redis] Lỗi kết nối Redis:',
  stack: 'AggregateError [ECONNREFUSED]: \n' +
    '    at internalConnectMultiple (node:net:1134:18)\n' +
    '    at afterConnectMultiple (node:net:1715:7)',
  timestamp: '2026-08-04T17:00:29.792Z'
}
{
  message: '[Redis] Đang thử kết nối lại lần 85... (delay: 2000ms)',
  level: 'warn',
  timestamp: '2026-08-04T17:00:29.792Z'
}
{
  code: 'ECONNREFUSED',
  level: 'error',
  message: '[Redis] Lỗi kết nối Redis:',
  stack: 'AggregateError [ECONNREFUSED]: \n' +
    '    at internalConnectMultiple (node:net:1134:18)\n' +
    '    at afterConnectMultiple (node:net:1715:7)',
  timestamp: '2026-08-04T17:00:31.798Z'
}
{
  message: '[Redis] Đang thử kết nối lại lần 86... (delay: 2000ms)',
  level: 'warn',
  timestamp: '2026-08-04T17:00:31.799Z'
}
{
  code: 'ECONNREFUSED',
  level: 'error',
  message: '[Redis] Lỗi kết nối Redis:',
  stack: 'AggregateError [ECONNREFUSED]: \n' +
    '    at internalConnectMultiple (node:net:1134:18)\n' +
    '    at afterConnectMultiple (node:net:1715:7)',
  timestamp: '2026-08-04T17:00:33.805Z'
}
{
  message: '[Redis] Đang thử kết nối lại lần 87... (delay: 2000ms)',
  level: 'warn',
  timestamp: '2026-08-04T17:00:33.806Z'
}
{
  code: 'ECONNREFUSED',
  level: 'error',
  message: '[Redis] Lỗi kết nối Redis:',
  stack: 'AggregateError [ECONNREFUSED]: \n' +
    '    at internalConnectMultiple (node:net:1134:18)\n' +
    '    at afterConnectMultiple (node:net:1715:7)',
  timestamp: '2026-08-04T17:00:35.816Z'
}
{
  message: '[Redis] Đang thử kết nối lại lần 88... (delay: 2000ms)',
  level: 'warn',
  timestamp: '2026-08-04T17:00:35.817Z'
}
{
  code: 'ECONNREFUSED',
  level: 'error',
  message: '[Redis] Lỗi kết nối Redis:',
  stack: 'AggregateError [ECONNREFUSED]: \n' +
    '    at internalConnectMultiple (node:net:1134:18)\n' +
    '    at afterConnectMultiple (node:net:1715:7)',
  timestamp: '2026-08-04T17:00:37.834Z'
}
{
  message: '[Redis] Đang thử kết nối lại lần 89... (delay: 2000ms)',
  level: 'warn',
  timestamp: '2026-08-04T17:00:37.834Z'
}
{
  code: 'ECONNREFUSED',
  level: 'error',
  message: '[Redis] Lỗi kết nối Redis:',
  stack: 'AggregateError [ECONNREFUSED]: \n' +
    '    at internalConnectMultiple (node:net:1134:18)\n' +
    '    at afterConnectMultiple (node:net:1715:7)',
  timestamp: '2026-08-04T17:00:39.840Z'
}
{
  message: '[Redis] Đang thử kết nối lại lần 90... (delay: 2000ms)',
  level: 'warn',
  timestamp: '2026-08-04T17:00:39.840Z'
}
{
  code: 'ECONNREFUSED',
  level: 'error',
  message: '[Redis] Lỗi kết nối Redis:',
  stack: 'AggregateError [ECONNREFUSED]: \n' +
    '    at internalConnectMultiple (node:net:1134:18)\n' +
    '    at afterConnectMultiple (node:net:1715:7)',
  timestamp: '2026-08-04T17:00:41.848Z'
}
{
  message: '[Redis] Đang thử kết nối lại lần 91... (delay: 2000ms)',
  level: 'warn',
  timestamp: '2026-08-04T17:00:41.849Z'
}
{
  code: 'ECONNREFUSED',
  level: 'error',
  message: '[Redis] Lỗi kết nối Redis:',
  stack: 'AggregateError [ECONNREFUSED]: \n' +
    '    at internalConnectMultiple (node:net:1134:18)\n' +
    '    at afterConnectMultiple (node:net:1715:7)',
  timestamp: '2026-08-04T17:00:43.861Z'
}
{
  message: '[Redis] Đang thử kết nối lại lần 92... (delay: 2000ms)',
  level: 'warn',
  timestamp: '2026-08-04T17:00:43.861Z'
}
{
  code: 'ECONNREFUSED',
  level: 'error',
  message: '[Redis] Lỗi kết nối Redis:',
  stack: 'AggregateError [ECONNREFUSED]: \n' +
    '    at internalConnectMultiple (node:net:1134:18)\n' +
    '    at afterConnectMultiple (node:net:1715:7)',
  timestamp: '2026-08-04T17:00:45.864Z'
}
{
  message: '[Redis] Đang thử kết nối lại lần 93... (delay: 2000ms)',
  level: 'warn',
  timestamp: '2026-08-04T17:00:45.864Z'
}
{
  code: 'ECONNREFUSED',
  level: 'error',
  message: '[Redis] Lỗi kết nối Redis:',
  stack: 'AggregateError [ECONNREFUSED]: \n' +
    '    at internalConnectMultiple (node:net:1134:18)\n' +
    '    at afterConnectMultiple (node:net:1715:7)',
  timestamp: '2026-08-04T17:00:47.877Z'
}
{
  message: '[Redis] Đang thử kết nối lại lần 94... (delay: 2000ms)',
  level: 'warn',
  timestamp: '2026-08-04T17:00:47.878Z'
}
{
  code: 'ECONNREFUSED',
  level: 'error',
  message: '[Redis] Lỗi kết nối Redis:',
  stack: 'AggregateError [ECONNREFUSED]: \n' +
    '    at internalConnectMultiple (node:net:1134:18)\n' +
    '    at afterConnectMultiple (node:net:1715:7)',
  timestamp: '2026-08-04T17:00:49.891Z'
}
{
  message: '[Redis] Đang thử kết nối lại lần 95... (delay: 2000ms)',
  level: 'warn',
  timestamp: '2026-08-04T17:00:49.891Z'
}
{
  code: 'ECONNREFUSED',
  level: 'error',
  message: '[Redis] Lỗi kết nối Redis:',
  stack: 'AggregateError [ECONNREFUSED]: \n' +
    '    at internalConnectMultiple (node:net:1134:18)\n' +
    '    at afterConnectMultiple (node:net:1715:7)',
  timestamp: '2026-08-04T17:00:51.902Z'
}
{
  message: '[Redis] Đang thử kết nối lại lần 96... (delay: 2000ms)',
  level: 'warn',
  timestamp: '2026-08-04T17:00:51.902Z'
}
{
  code: 'ECONNREFUSED',
  level: 'error',
  message: '[Redis] Lỗi kết nối Redis:',
  stack: 'AggregateError [ECONNREFUSED]: \n' +
    '    at internalConnectMultiple (node:net:1134:18)\n' +
    '    at afterConnectMultiple (node:net:1715:7)',
  timestamp: '2026-08-04T17:00:53.920Z'
}
{
  message: '[Redis] Đang thử kết nối lại lần 97... (delay: 2000ms)',
  level: 'warn',
  timestamp: '2026-08-04T17:00:53.921Z'
}
{
  code: 'ECONNREFUSED',
  level: 'error',
  message: '[Redis] Lỗi kết nối Redis:',
  stack: 'AggregateError [ECONNREFUSED]: \n' +
    '    at internalConnectMultiple (node:net:1134:18)\n' +
    '    at afterConnectMultiple (node:net:1715:7)',
  timestamp: '2026-08-04T17:00:55.935Z'
}
{
  message: '[Redis] Đang thử kết nối lại lần 98... (delay: 2000ms)',
  level: 'warn',
  timestamp: '2026-08-04T17:00:55.936Z'
}
{
  code: 'ECONNREFUSED',
  level: 'error',
  message: '[Redis] Lỗi kết nối Redis:',
  stack: 'AggregateError [ECONNREFUSED]: \n' +
    '    at internalConnectMultiple (node:net:1134:18)\n' +
    '    at afterConnectMultiple (node:net:1715:7)',
  timestamp: '2026-08-04T17:00:57.939Z'
}
{
  message: '[Redis] Đang thử kết nối lại lần 99... (delay: 2000ms)',
  level: 'warn',
  timestamp: '2026-08-04T17:00:57.939Z'
}
{
  code: 'ECONNREFUSED',
  level: 'error',
  message: '[Redis] Lỗi kết nối Redis:',
  stack: 'AggregateError [ECONNREFUSED]: \n' +
    '    at internalConnectMultiple (node:net:1134:18)\n' +
    '    at afterConnectMultiple (node:net:1715:7)',
  timestamp: '2026-08-04T17:00:59.953Z'
}
{
  message: '[Redis] Đang thử kết nối lại lần 100... (delay: 2000ms)',
  level: 'warn',
  timestamp: '2026-08-04T17:00:59.953Z'
}
{
  code: 'ECONNREFUSED',
  level: 'error',
  message: '[Redis] Lỗi kết nối Redis:',
  stack: 'AggregateError [ECONNREFUSED]: \n' +
    '    at internalConnectMultiple (node:net:1134:18)\n' +
    '    at afterConnectMultiple (node:net:1715:7)',
  timestamp: '2026-08-04T17:01:01.956Z'
}
{
  message: '[Redis] Đang thử kết nối lại lần 101... (delay: 2000ms)',
  level: 'warn',
  timestamp: '2026-08-04T17:01:01.956Z'
}
{
  code: 'ECONNREFUSED',
  level: 'error',
  message: '[Redis] Lỗi kết nối Redis:',
  stack: 'AggregateError [ECONNREFUSED]: \n' +
    '    at internalConnectMultiple (node:net:1134:18)\n' +
    '    at afterConnectMultiple (node:net:1715:7)',
  timestamp: '2026-08-04T17:01:03.973Z'
}
{
  message: '[Redis] Đang thử kết nối lại lần 102... (delay: 2000ms)',
  level: 'warn',
  timestamp: '2026-08-04T17:01:03.973Z'
}
{
  code: 'ECONNREFUSED',
  level: 'error',
  message: '[Redis] Lỗi kết nối Redis:',
  stack: 'AggregateError [ECONNREFUSED]: \n' +
    '    at internalConnectMultiple (node:net:1134:18)\n' +
    '    at afterConnectMultiple (node:net:1715:7)',
  timestamp: '2026-08-04T17:01:05.982Z'
}
{
  message: '[Redis] Đang thử kết nối lại lần 103... (delay: 2000ms)',
  level: 'warn',
  timestamp: '2026-08-04T17:01:05.982Z'
}
{
  code: 'ECONNREFUSED',
  level: 'error',
  message: '[Redis] Lỗi kết nối Redis:',
  stack: 'AggregateError [ECONNREFUSED]: \n' +
    '    at internalConnectMultiple (node:net:1134:18)\n' +
    '    at afterConnectMultiple (node:net:1715:7)',
  timestamp: '2026-08-04T17:01:07.997Z'
}
{
  message: '[Redis] Đang thử kết nối lại lần 104... (delay: 2000ms)',
  level: 'warn',
  timestamp: '2026-08-04T17:01:07.997Z'
}
{
  code: 'ECONNREFUSED',
  level: 'error',
  message: '[Redis] Lỗi kết nối Redis:',
  stack: 'AggregateError [ECONNREFUSED]: \n' +
    '    at internalConnectMultiple (node:net:1134:18)\n' +
    '    at afterConnectMultiple (node:net:1715:7)',
  timestamp: '2026-08-04T17:01:10.008Z'
}
{
  message: '[Redis] Đang thử kết nối lại lần 105... (delay: 2000ms)',
  level: 'warn',
  timestamp: '2026-08-04T17:01:10.008Z'
}
{
  code: 'ECONNREFUSED',
  level: 'error',
  message: '[Redis] Lỗi kết nối Redis:',
  stack: 'AggregateError [ECONNREFUSED]: \n' +
    '    at internalConnectMultiple (node:net:1134:18)\n' +
    '    at afterConnectMultiple (node:net:1715:7)',
  timestamp: '2026-08-04T17:01:12.015Z'
}
{
  message: '[Redis] Đang thử kết nối lại lần 106... (delay: 2000ms)',
  level: 'warn',
  timestamp: '2026-08-04T17:01:12.015Z'
}
{
  code: 'ECONNREFUSED',
  level: 'error',
  message: '[Redis] Lỗi kết nối Redis:',
  stack: 'AggregateError [ECONNREFUSED]: \n' +
    '    at internalConnectMultiple (node:net:1134:18)\n' +
    '    at afterConnectMultiple (node:net:1715:7)',
  timestamp: '2026-08-04T17:01:14.030Z'
}
{
  message: '[Redis] Đang thử kết nối lại lần 107... (delay: 2000ms)',
  level: 'warn',
  timestamp: '2026-08-04T17:01:14.030Z'
}
{
  code: 'ECONNREFUSED',
  level: 'error',
  message: '[Redis] Lỗi kết nối Redis:',
  stack: 'AggregateError [ECONNREFUSED]: \n' +
    '    at internalConnectMultiple (node:net:1134:18)\n' +
    '    at afterConnectMultiple (node:net:1715:7)',
  timestamp: '2026-08-04T17:01:16.038Z'
}
{
  message: '[Redis] Đang thử kết nối lại lần 108... (delay: 2000ms)',
  level: 'warn',
  timestamp: '2026-08-04T17:01:16.038Z'
}
{
  code: 'ECONNREFUSED',
  level: 'error',
  message: '[Redis] Lỗi kết nối Redis:',
  stack: 'AggregateError [ECONNREFUSED]: \n' +
    '    at internalConnectMultiple (node:net:1134:18)\n' +
    '    at afterConnectMultiple (node:net:1715:7)',
  timestamp: '2026-08-04T17:01:18.044Z'
}
{
  message: '[Redis] Đang thử kết nối lại lần 109... (delay: 2000ms)',
  level: 'warn',
  timestamp: '2026-08-04T17:01:18.044Z'
}
{
  code: 'ECONNREFUSED',
  level: 'error',
  message: '[Redis] Lỗi kết nối Redis:',
  stack: 'AggregateError [ECONNREFUSED]: \n' +
    '    at internalConnectMultiple (node:net:1134:18)\n' +
    '    at afterConnectMultiple (node:net:1715:7)',
  timestamp: '2026-08-04T17:01:20.063Z'
}
{
  message: '[Redis] Đang thử kết nối lại lần 110... (delay: 2000ms)',
  level: 'warn',
  timestamp: '2026-08-04T17:01:20.064Z'
}
{
  code: 'ECONNREFUSED',
  level: 'error',
  message: '[Redis] Lỗi kết nối Redis:',
  stack: 'AggregateError [ECONNREFUSED]: \n' +
    '    at internalConnectMultiple (node:net:1134:18)\n' +
    '    at afterConnectMultiple (node:net:1715:7)',
  timestamp: '2026-08-04T17:01:22.073Z'
}
{
  message: '[Redis] Đang thử kết nối lại lần 111... (delay: 2000ms)',
  level: 'warn',
  timestamp: '2026-08-04T17:01:22.073Z'
}
{
  code: 'ECONNREFUSED',
  level: 'error',
  message: '[Redis] Lỗi kết nối Redis:',
  stack: 'AggregateError [ECONNREFUSED]: \n' +
    '    at internalConnectMultiple (node:net:1134:18)\n' +
    '    at afterConnectMultiple (node:net:1715:7)',
  timestamp: '2026-08-04T17:01:24.089Z'
}
{
  message: '[Redis] Đang thử kết nối lại lần 112... (delay: 2000ms)',
  level: 'warn',
  timestamp: '2026-08-04T17:01:24.089Z'
}
{
  code: 'ECONNREFUSED',
  level: 'error',
  message: '[Redis] Lỗi kết nối Redis:',
  stack: 'AggregateError [ECONNREFUSED]: \n' +
    '    at internalConnectMultiple (node:net:1134:18)\n' +
    '    at afterConnectMultiple (node:net:1715:7)',
  timestamp: '2026-08-04T17:01:26.106Z'
}
{
  message: '[Redis] Đang thử kết nối lại lần 113... (delay: 2000ms)',
  level: 'warn',
  timestamp: '2026-08-04T17:01:26.106Z'
}
{
  code: 'ECONNREFUSED',
  level: 'error',
  message: '[Redis] Lỗi kết nối Redis:',
  stack: 'AggregateError [ECONNREFUSED]: \n' +
    '    at internalConnectMultiple (node:net:1134:18)\n' +
    '    at afterConnectMultiple (node:net:1715:7)',
  timestamp: '2026-08-04T17:01:28.116Z'
}
{
  message: '[Redis] Đang thử kết nối lại lần 114... (delay: 2000ms)',
  level: 'warn',
  timestamp: '2026-08-04T17:01:28.117Z'
}
{
  code: 'ECONNREFUSED',
  level: 'error',
  message: '[Redis] Lỗi kết nối Redis:',
  stack: 'AggregateError [ECONNREFUSED]: \n' +
    '    at internalConnectMultiple (node:net:1134:18)\n' +
    '    at afterConnectMultiple (node:net:1715:7)',
  timestamp: '2026-08-04T17:01:30.126Z'
}
{
  message: '[Redis] Đang thử kết nối lại lần 115... (delay: 2000ms)',
  level: 'warn',
  timestamp: '2026-08-04T17:01:30.127Z'
}
{
  code: 'ECONNREFUSED',
  level: 'error',
  message: '[Redis] Lỗi kết nối Redis:',
  stack: 'AggregateError [ECONNREFUSED]: \n' +
    '    at internalConnectMultiple (node:net:1134:18)\n' +
    '    at afterConnectMultiple (node:net:1715:7)',
  timestamp: '2026-08-04T17:01:32.129Z'
}
{
  message: '[Redis] Đang thử kết nối lại lần 116... (delay: 2000ms)',
  level: 'warn',
  timestamp: '2026-08-04T17:01:32.130Z'
}
{
  code: 'ECONNREFUSED',
  level: 'error',
  message: '[Redis] Lỗi kết nối Redis:',
  stack: 'AggregateError [ECONNREFUSED]: \n' +
    '    at internalConnectMultiple (node:net:1134:18)\n' +
    '    at afterConnectMultiple (node:net:1715:7)',
  timestamp: '2026-08-04T17:01:34.138Z'
}
{
  message: '[Redis] Đang thử kết nối lại lần 117... (delay: 2000ms)',
  level: 'warn',
  timestamp: '2026-08-04T17:01:34.139Z'
}
{
  code: 'ECONNREFUSED',
  level: 'error',
  message: '[Redis] Lỗi kết nối Redis:',
  stack: 'AggregateError [ECONNREFUSED]: \n' +
    '    at internalConnectMultiple (node:net:1134:18)\n' +
    '    at afterConnectMultiple (node:net:1715:7)',
  timestamp: '2026-08-04T17:01:36.143Z'
}
{
  message: '[Redis] Đang thử kết nối lại lần 118... (delay: 2000ms)',
  level: 'warn',
  timestamp: '2026-08-04T17:01:36.143Z'
}
{
  code: 'ECONNREFUSED',
  level: 'error',
  message: '[Redis] Lỗi kết nối Redis:',
  stack: 'AggregateError [ECONNREFUSED]: \n' +
    '    at internalConnectMultiple (node:net:1134:18)\n' +
    '    at afterConnectMultiple (node:net:1715:7)',
  timestamp: '2026-08-04T17:01:38.155Z'
}
{
  message: '[Redis] Đang thử kết nối lại lần 119... (delay: 2000ms)',
  level: 'warn',
  timestamp: '2026-08-04T17:01:38.155Z'
}
{
  code: 'ECONNREFUSED',
  level: 'error',
  message: '[Redis] Lỗi kết nối Redis:',
  stack: 'AggregateError [ECONNREFUSED]: \n' +
    '    at internalConnectMultiple (node:net:1134:18)\n' +
    '    at afterConnectMultiple (node:net:1715:7)',
  timestamp: '2026-08-04T17:01:40.159Z'
}
{
  message: '[Redis] Đang thử kết nối lại lần 120... (delay: 2000ms)',
  level: 'warn',
  timestamp: '2026-08-04T17:01:40.160Z'
}
{
  code: 'ECONNREFUSED',
  level: 'error',
  message: '[Redis] Lỗi kết nối Redis:',
  stack: 'AggregateError [ECONNREFUSED]: \n' +
    '    at internalConnectMultiple (node:net:1134:18)\n' +
    '    at afterConnectMultiple (node:net:1715:7)',
  timestamp: '2026-08-04T17:01:42.165Z'
}
{
  message: '[Redis] Đang thử kết nối lại lần 121... (delay: 2000ms)',
  level: 'warn',
  timestamp: '2026-08-04T17:01:42.165Z'
}
{
  code: 'ECONNREFUSED',
  level: 'error',
  message: '[Redis] Lỗi kết nối Redis:',
  stack: 'AggregateError [ECONNREFUSED]: \n' +
    '    at internalConnectMultiple (node:net:1134:18)\n' +
    '    at afterConnectMultiple (node:net:1715:7)',
  timestamp: '2026-08-04T17:01:44.182Z'
}
{
  message: '[Redis] Đang thử kết nối lại lần 122... (delay: 2000ms)',
  level: 'warn',
  timestamp: '2026-08-04T17:01:44.182Z'
}
{
  code: 'ECONNREFUSED',
  level: 'error',
  message: '[Redis] Lỗi kết nối Redis:',
  stack: 'AggregateError [ECONNREFUSED]: \n' +
    '    at internalConnectMultiple (node:net:1134:18)\n' +
    '    at afterConnectMultiple (node:net:1715:7)',
  timestamp: '2026-08-04T17:01:46.184Z'
}
{
  message: '[Redis] Đang thử kết nối lại lần 123... (delay: 2000ms)',
  level: 'warn',
  timestamp: '2026-08-04T17:01:46.185Z'
}
{
  code: 'ECONNREFUSED',
  level: 'error',
  message: '[Redis] Lỗi kết nối Redis:',
  stack: 'AggregateError [ECONNREFUSED]: \n' +
    '    at internalConnectMultiple (node:net:1134:18)\n' +
    '    at afterConnectMultiple (node:net:1715:7)',
  timestamp: '2026-08-04T17:01:48.191Z'
}
{
  message: '[Redis] Đang thử kết nối lại lần 124... (delay: 2000ms)',
  level: 'warn',
  timestamp: '2026-08-04T17:01:48.191Z'
}
{
  code: 'ECONNREFUSED',
  level: 'error',
  message: '[Redis] Lỗi kết nối Redis:',
  stack: 'AggregateError [ECONNREFUSED]: \n' +
    '    at internalConnectMultiple (node:net:1134:18)\n' +
    '    at afterConnectMultiple (node:net:1715:7)',
  timestamp: '2026-08-04T17:01:50.203Z'
}
{
  message: '[Redis] Đang thử kết nối lại lần 125... (delay: 2000ms)',
  level: 'warn',
  timestamp: '2026-08-04T17:01:50.203Z'
}
{
  code: 'ECONNREFUSED',
  level: 'error',
  message: '[Redis] Lỗi kết nối Redis:',
  stack: 'AggregateError [ECONNREFUSED]: \n' +
    '    at internalConnectMultiple (node:net:1134:18)\n' +
    '    at afterConnectMultiple (node:net:1715:7)',
  timestamp: '2026-08-04T17:01:52.215Z'
}
{
  message: '[Redis] Đang thử kết nối lại lần 126... (delay: 2000ms)',
  level: 'warn',
  timestamp: '2026-08-04T17:01:52.216Z'
}
{
  code: 'ECONNREFUSED',
  level: 'error',
  message: '[Redis] Lỗi kết nối Redis:',
  stack: 'AggregateError [ECONNREFUSED]: \n' +
    '    at internalConnectMultiple (node:net:1134:18)\n' +
    '    at afterConnectMultiple (node:net:1715:7)',
  timestamp: '2026-08-04T17:01:54.224Z'
}
{
  message: '[Redis] Đang thử kết nối lại lần 127... (delay: 2000ms)',
  level: 'warn',
  timestamp: '2026-08-04T17:01:54.225Z'
}
{
  message: '[Redis] Kết nối thành công tới Redis server',
  level: 'info',
  timestamp: '2026-08-04T17:01:56.234Z'
}
{
  page: '1',
  limit: '10',
  status: 'ACTIVE',
  level: 'info',
  message: '[HotelController] Get all hotels with queries',
  timestamp: '2026-08-04T17:04:57.221Z'
}
{
  message: '[Cache Hit] Lấy danh sách điểm đến hoạt động từ Redis',
  level: 'debug',
  timestamp: '2026-08-04T17:04:57.225Z'
}
{
  message: '[Cache Hit] Lấy danh sách điểm đến hoạt động từ Redis',
  level: 'debug',
  timestamp: '2026-08-04T17:04:57.247Z'
}
{
  message: '[Cache Hit] Lấy danh sách điểm đến hoạt động từ Redis',
  level: 'debug',
  timestamp: '2026-08-04T17:04:57.250Z'
}
{
  message: '[Cache Hit] Lấy danh sách điểm đến hoạt động từ Redis',
  level: 'debug',
  timestamp: '2026-08-04T17:04:57.255Z'
}
{
  page: '1',
  limit: '10',
  status: 'ACTIVE',
  level: 'info',
  message: '[HotelController] Get all hotels with queries',
  timestamp: '2026-08-04T17:04:57.289Z'
}
{
  message: '[SchedulerService] Đang kiểm tra các booking hết hạn thanh toán...',
  level: 'info',
  timestamp: '2026-08-04T17:05:00.012Z'
}
{
  message: '[SchedulerService] Đang kiểm tra các booking hết hạn thanh toán...',
  level: 'info',
  timestamp: '2026-08-04T17:05:00.761Z'
}
{
  query: [Object: null prototype] {},
  level: 'info',
  message: '[SearchController] Search hotels',
  timestamp: '2026-08-04T17:07:34.721Z'
}
{
  message: '[Cache Hit] Lấy danh sách điểm đến hoạt động từ Redis',
  level: 'debug',
  timestamp: '2026-08-04T17:07:34.729Z'
}
{
  message: '[Cache Hit] Lấy danh sách điểm đến hoạt động từ Redis',
  level: 'debug',
  timestamp: '2026-08-04T17:07:34.738Z'
}
{
  query: [Object: null prototype] {},
  level: 'info',
  message: '[SearchController] Search hotels',
  timestamp: '2026-08-04T17:07:34.798Z'
}
{
  message: '[SchedulerService] Đang kiểm tra các booking hết hạn thanh toán...',
  level: 'info',
  timestamp: '2026-08-04T17:10:00.013Z'
}
{
  message: '[SchedulerService] Đang kiểm tra các booking hết hạn thanh toán...',
  level: 'info',
  timestamp: '2026-08-04T17:10:00.008Z'
}
{
  message: '[SchedulerService] Đang kiểm tra các booking hết hạn thanh toán...',
  level: 'info',
  timestamp: '2026-08-04T17:15:00.012Z'
}
{
  message: '[SchedulerService] Đang kiểm tra các booking hết hạn thanh toán...',
  level: 'info',
  timestamp: '2026-08-04T17:15:00.005Z'
}
{
  message: '[SchedulerService] Đang kiểm tra các booking hết hạn thanh toán...',
  level: 'info',
  timestamp: '2026-08-04T17:20:00.010Z'
}
{
  message: '[SchedulerService] Đang kiểm tra các booking hết hạn thanh toán...',
  level: 'info',
  timestamp: '2026-08-04T17:20:00.016Z'
}
{
  message: 'JWT Verification Error: jwt expired',
  level: 'error',
  timestamp: '2026-08-04T17:23:45.334Z'
}
{
  message: 'GLOBAL ERROR HANDLER CAUGHT: Error: Phiên đăng nhập đã hết hạn. Vui lòng lấy Token mới.\n' +
    '    at authMiddleware (/app/src/middlewares/authMiddleware.ts:80:9)\n' +
    '    at Layer.handleRequest (/app/node_modules/router/lib/layer.js:152:17)\n' +
    '    at next (/app/node_modules/router/lib/route.js:157:13)\n' +
    '    at Route.dispatch (/app/node_modules/router/lib/route.js:117:3)\n' +
    '    at handle (/app/node_modules/router/index.js:435:11)\n' +
    '    at Layer.handleRequest (/app/node_modules/router/lib/layer.js:152:17)\n' +
    '    at /app/node_modules/router/index.js:295:15\n' +
    '    at processParams (/app/node_modules/router/index.js:582:12)\n' +
    '    at next (/app/node_modules/router/index.js:291:5)\n' +
    '    at Function.handle (/app/node_modules/router/index.js:186:3)',
  level: 'error',
  timestamp: '2026-08-04T17:23:45.339Z'
}
{
  message: 'JWT Verification Error: jwt expired',
  level: 'error',
  timestamp: '2026-08-04T17:23:45.346Z'
}
{
  message: 'GLOBAL ERROR HANDLER CAUGHT: Error: Phiên đăng nhập đã hết hạn. Vui lòng lấy Token mới.\n' +
    '    at authMiddleware (/app/src/middlewares/authMiddleware.ts:80:9)\n' +
    '    at Layer.handleRequest (/app/node_modules/router/lib/layer.js:152:17)\n' +
    '    at next (/app/node_modules/router/lib/route.js:157:13)\n' +
    '    at Route.dispatch (/app/node_modules/router/lib/route.js:117:3)\n' +
    '    at handle (/app/node_modules/router/index.js:435:11)\n' +
    '    at Layer.handleRequest (/app/node_modules/router/lib/layer.js:152:17)\n' +
    '    at /app/node_modules/router/index.js:295:15\n' +
    '    at processParams (/app/node_modules/router/index.js:582:12)\n' +
    '    at next (/app/node_modules/router/index.js:291:5)\n' +
    '    at Function.handle (/app/node_modules/router/index.js:186:3)',
  level: 'error',
  timestamp: '2026-08-04T17:23:45.347Z'
}
{
  message: '[AuthController] Refresh Tokens',
  level: 'info',
  timestamp: '2026-08-04T17:23:45.367Z'
}
{
  message: 'Fetching user details for ID: b88403bb-85f1-4be4-ac3b-a7abcc4e9a10',
  level: 'debug',
  timestamp: '2026-08-04T17:23:45.399Z'
}
{
  message: '[Cache Miss] Tìm user ID: b88403bb-85f1-4be4-ac3b-a7abcc4e9a10 trong Database',
  level: 'debug',
  timestamp: '2026-08-04T17:23:45.402Z'
}
{
  message: '[AuthService] Tokens refreshed successfully for user: locdz8c@gmail.com',
  level: 'info',
  timestamp: '2026-08-04T17:23:45.458Z'
}
{
  userId: 'b88403bb-85f1-4be4-ac3b-a7abcc4e9a10',
  level: 'info',
  message: '[AuthController] Get Me',
  timestamp: '2026-08-04T17:23:45.789Z'
}
{
  message: 'Fetching user details for ID: b88403bb-85f1-4be4-ac3b-a7abcc4e9a10',
  level: 'debug',
  timestamp: '2026-08-04T17:23:45.790Z'
}
{
  message: '[Cache Hit] Lấy thông tin user ID: b88403bb-85f1-4be4-ac3b-a7abcc4e9a10 từ Redis',
  level: 'debug',
  timestamp: '2026-08-04T17:23:45.792Z'
}
{
  userId: 'b88403bb-85f1-4be4-ac3b-a7abcc4e9a10',
  level: 'info',
  message: '[AuthController] Get Me',
  timestamp: '2026-08-04T17:23:45.807Z'
}
{
  message: 'Fetching user details for ID: b88403bb-85f1-4be4-ac3b-a7abcc4e9a10',
  level: 'debug',
  timestamp: '2026-08-04T17:23:45.807Z'
}
{
  page: '1',
  limit: '10',
  status: 'ACTIVE',
  level: 'info',
  message: '[HotelController] Get all hotels with queries',
  timestamp: '2026-08-04T17:23:45.814Z'
}
{
  message: '[Cache Hit] Lấy thông tin user ID: b88403bb-85f1-4be4-ac3b-a7abcc4e9a10 từ Redis',
  level: 'debug',
  timestamp: '2026-08-04T17:23:45.817Z'
}
{
  message: '[Cache Hit] Lấy danh sách điểm đến hoạt động từ Redis',
  level: 'debug',
  timestamp: '2026-08-04T17:23:45.818Z'
}
{
  message: '[Cache Hit] Lấy danh sách điểm đến hoạt động từ Redis',
  level: 'debug',
  timestamp: '2026-08-04T17:23:45.828Z'
}
{
  page: '1',
  limit: '10',
  status: 'ACTIVE',
  level: 'info',
  message: '[HotelController] Get all hotels with queries',
  timestamp: '2026-08-04T17:23:45.835Z'
}
{
  message: '[Cache Hit] Lấy danh sách điểm đến hoạt động từ Redis',
  level: 'debug',
  timestamp: '2026-08-04T17:23:45.838Z'
}
{
  message: '[Cache Hit] Lấy danh sách điểm đến hoạt động từ Redis',
  level: 'debug',
  timestamp: '2026-08-04T17:23:45.844Z'
}
{
  message: '[Redis] Đang thử kết nối lại lần 1... (delay: 50ms)',
  level: 'warn',
  timestamp: '2026-08-04T17:24:04.595Z'
}
{
  message: '[Redis] Kết nối thành công tới Redis server',
  level: 'info',
  timestamp: '2026-08-04T17:24:04.660Z'
}
{
  message: '[SchedulerService] Khởi tạo các cron job...',
  level: 'info',
  timestamp: '2026-08-04T18:08:27.621Z'
}
{
  message: 'Booking API Service đang chạy tại port 3000 (Môi trường: development)',
  level: 'info',
  timestamp: '2026-08-04T18:08:28.061Z'
}
{
  message: '[Redis] Kết nối thành công tới Redis server',
  level: 'info',
  timestamp: '2026-08-04T18:08:28.068Z'
}
{
  message: '[Cache Hit] Lấy danh sách điểm đến hoạt động từ Redis',
  level: 'debug',
  timestamp: '2026-08-04T18:09:08.339Z'
}
{
  page: '1',
  limit: '10',
  status: 'ACTIVE',
  level: 'info',
  message: '[HotelController] Get all hotels with queries',
  timestamp: '2026-08-04T18:09:08.374Z'
}
{
  message: '[Cache Hit] Lấy danh sách điểm đến hoạt động từ Redis',
  level: 'debug',
  timestamp: '2026-08-04T18:09:08.544Z'
}
{
  message: '[Cache Hit] Lấy danh sách điểm đến hoạt động từ Redis',
  level: 'debug',
  timestamp: '2026-08-04T18:09:08.574Z'
}
{
  message: '[Cache Hit] Lấy danh sách điểm đến hoạt động từ Redis',
  level: 'debug',
  timestamp: '2026-08-04T18:09:08.612Z'
}
{
  page: '1',
  limit: '10',
  status: 'ACTIVE',
  level: 'info',
  message: '[HotelController] Get all hotels with queries',
  timestamp: '2026-08-04T18:09:08.708Z'
}
{
  email: 'locdz8c@gmail.com',
  level: 'info',
  message: '[AuthController] Login with Password',
  timestamp: '2026-08-04T18:09:18.320Z'
}
{
  message: 'User ID b88403bb-85f1-4be4-ac3b-a7abcc4e9a10 đăng nhập thành công. Đã làm sạch lịch sử đăng nhập sai.',
  level: 'info',
  timestamp: '2026-08-04T18:09:18.504Z'
}
{
  message: '[AuthService] Password login successful for user: locdz8c@gmail.com',
  level: 'info',
  timestamp: '2026-08-04T18:09:18.555Z'
}
{
  userId: 'b88403bb-85f1-4be4-ac3b-a7abcc4e9a10',
  level: 'info',
  message: '[AuthController] Get Me',
  timestamp: '2026-08-04T18:09:18.623Z'
}
{
  message: 'Fetching user details for ID: b88403bb-85f1-4be4-ac3b-a7abcc4e9a10',
  level: 'debug',
  timestamp: '2026-08-04T18:09:18.624Z'
}
{
  message: '[Cache Hit] Lấy thông tin user ID: b88403bb-85f1-4be4-ac3b-a7abcc4e9a10 từ Redis',
  level: 'debug',
  timestamp: '2026-08-04T18:09:18.626Z'
}
{
  message: '[Cache Hit] Lấy danh sách điểm đến hoạt động từ Redis',
  level: 'debug',
  timestamp: '2026-08-04T18:09:18.771Z'
}
{
  message: '[Cache Hit] Lấy danh sách điểm đến hoạt động từ Redis',
  level: 'debug',
  timestamp: '2026-08-04T18:09:18.790Z'
}
{
  page: '1',
  limit: '10',
  status: 'ACTIVE',
  level: 'info',
  message: '[HotelController] Get all hotels with queries',
  timestamp: '2026-08-04T18:09:18.804Z'
}
{
  message: '[Cache Hit] Lấy danh sách điểm đến hoạt động từ Redis',
  level: 'debug',
  timestamp: '2026-08-04T18:09:18.815Z'
}
{
  page: '1',
  limit: '10',
  status: 'ACTIVE',
  level: 'info',
  message: '[HotelController] Get all hotels with queries',
  timestamp: '2026-08-04T18:09:18.827Z'
}
{
  message: '[Cache Hit] Lấy danh sách điểm đến hoạt động từ Redis',
  level: 'debug',
  timestamp: '2026-08-04T18:09:18.833Z'
}
{
  message: '[SchedulerService] Đang kiểm tra các booking hết hạn thanh toán...',
  level: 'info',
  timestamp: '2026-08-04T18:10:00.003Z'
}
{
  message: '[SchedulerService] Đang kiểm tra các booking hết hạn thanh toán...',
  level: 'info',
  timestamp: '2026-08-04T18:15:00.010Z'
}
{
  message: '[Cache Hit] Lấy danh sách điểm đến hoạt động từ Redis',
  level: 'debug',
  timestamp: '2026-08-04T18:15:41.899Z'
}
{
  query: [Object: null prototype] {
    location: 'Hà Nội',
    checkInDate: '2026-08-06',
    checkOutDate: '2026-08-08',
    adults: '2',
    children: '0',
    rooms: '1'
  },
  level: 'info',
  message: '[SearchController] Search hotels',
  timestamp: '2026-08-04T18:15:41.908Z'
}
{
  message: '[Cache Hit] Lấy danh sách điểm đến hoạt động từ Redis',
  level: 'debug',
  timestamp: '2026-08-04T18:15:41.954Z'
}
{
  query: [Object: null prototype] {
    location: 'Hà Nội',
    checkInDate: '2026-08-06',
    checkOutDate: '2026-08-08',
    adults: '2',
    children: '0',
    rooms: '1'
  },
  level: 'info',
  message: '[SearchController] Search hotels',
  timestamp: '2026-08-04T18:15:42.024Z'
}
{
  message: '[SchedulerService] Đang kiểm tra các booking hết hạn thanh toán...',
  level: 'info',
  timestamp: '2026-08-04T18:20:00.012Z'
}
{
  message: '[Cache Hit] Lấy danh sách điểm đến hoạt động từ Redis',
  level: 'debug',
  timestamp: '2026-08-04T18:23:49.086Z'
}
{
  page: '1',
  limit: '10',
  status: 'ACTIVE',
  level: 'info',
  message: '[HotelController] Get all hotels with queries',
  timestamp: '2026-08-04T18:23:49.092Z'
}
{
  message: '[Cache Hit] Lấy danh sách điểm đến hoạt động từ Redis',
  level: 'debug',
  timestamp: '2026-08-04T18:23:49.100Z'
}
{
  page: '1',
  limit: '10',
  status: 'ACTIVE',
  level: 'info',
  message: '[HotelController] Get all hotels with queries',
  timestamp: '2026-08-04T18:23:49.118Z'
}
{
  message: '[Cache Hit] Lấy danh sách điểm đến hoạt động từ Redis',
  level: 'debug',
  timestamp: '2026-08-04T18:23:49.130Z'
}
{
  message: '[Cache Hit] Lấy danh sách điểm đến hoạt động từ Redis',
  level: 'debug',
  timestamp: '2026-08-04T18:23:49.143Z'
}
{
  message: '[Cache Hit] Lấy danh sách điểm đến hoạt động từ Redis',
  level: 'debug',
  timestamp: '2026-08-04T18:24:02.056Z'
}
{
  query: [Object: null prototype] {
    location: 'Hà Nội',
    checkInDate: '2026-08-06',
    checkOutDate: '2026-08-08',
    adults: '2',
    children: '0',
    rooms: '1'
  },
  level: 'info',
  message: '[SearchController] Search hotels',
  timestamp: '2026-08-04T18:24:02.061Z'
}
{
  message: '[Cache Hit] Lấy danh sách điểm đến hoạt động từ Redis',
  level: 'debug',
  timestamp: '2026-08-04T18:24:02.089Z'
}
{
  query: [Object: null prototype] {
    location: 'Hà Nội',
    checkInDate: '2026-08-06',
    checkOutDate: '2026-08-08',
    adults: '2',
    children: '0',
    rooms: '1'
  },
  level: 'info',
  message: '[SearchController] Search hotels',
  timestamp: '2026-08-04T18:24:02.171Z'
}
{
  message: '[SchedulerService] Đang kiểm tra các booking hết hạn thanh toán...',
  level: 'info',
  timestamp: '2026-08-04T18:25:00.004Z'
}
{
  hotelId: '09928f48-b9bb-4700-85d2-51b072eef2c9',
  level: 'info',
  message: '[HotelController] Get hotel by id',
  timestamp: '2026-08-04T18:25:45.981Z'
}
{
  message: '[Cache Miss] Tìm hotel ID: 09928f48-b9bb-4700-85d2-51b072eef2c9 trong Database',
  level: 'debug',
  timestamp: '2026-08-04T18:25:45.984Z'
}
{
  hotelId: '09928f48-b9bb-4700-85d2-51b072eef2c9',
  level: 'info',
  message: '[HotelController] Get hotel by id',
  timestamp: '2026-08-04T18:25:46.129Z'
}
{
  message: '[Cache Hit] Lấy thông tin hotel ID: 09928f48-b9bb-4700-85d2-51b072eef2c9 từ Redis',
  level: 'debug',
  timestamp: '2026-08-04T18:25:46.133Z'
}
{
  message: '[SchedulerService] Đang kiểm tra các booking hết hạn thanh toán...',
  level: 'info',
  timestamp: '2026-08-04T18:30:00.015Z'
}
{
  message: '[SchedulerService] Đang kiểm tra các booking hết hạn thanh toán...',
  level: 'info',
  timestamp: '2026-08-04T18:35:00.003Z'
}
{
  message: '[SchedulerService] Đang kiểm tra các booking hết hạn thanh toán...',
  level: 'info',
  timestamp: '2026-08-04T18:40:00.015Z'
}
{
  message: '[SchedulerService] Đang kiểm tra các booking hết hạn thanh toán...',
  level: 'info',
  timestamp: '2026-08-04T18:45:00.008Z'
}
{
  message: 'JWT Verification Error: jwt expired',
  level: 'error',
  timestamp: '2026-08-04T18:45:29.985Z'
}
{
  message: 'GLOBAL ERROR HANDLER CAUGHT: Error: Phiên đăng nhập đã hết hạn. Vui lòng lấy Token mới.\n' +
    '    at authMiddleware (/app/src/middlewares/authMiddleware.ts:80:9)\n' +
    '    at Layer.handleRequest (/app/node_modules/router/lib/layer.js:152:17)\n' +
    '    at next (/app/node_modules/router/lib/route.js:157:13)\n' +
    '    at Route.dispatch (/app/node_modules/router/lib/route.js:117:3)\n' +
    '    at handle (/app/node_modules/router/index.js:435:11)\n' +
    '    at Layer.handleRequest (/app/node_modules/router/lib/layer.js:152:17)\n' +
    '    at /app/node_modules/router/index.js:295:15\n' +
    '    at processParams (/app/node_modules/router/index.js:582:12)\n' +
    '    at next (/app/node_modules/router/index.js:291:5)\n' +
    '    at Function.handle (/app/node_modules/router/index.js:186:3)',
  level: 'error',
  timestamp: '2026-08-04T18:45:29.990Z'
}
{
  message: '[AuthController] Refresh Tokens',
  level: 'info',
  timestamp: '2026-08-04T18:45:30.004Z'
}
{
  message: 'Fetching user details for ID: b88403bb-85f1-4be4-ac3b-a7abcc4e9a10',
  level: 'debug',
  timestamp: '2026-08-04T18:45:30.032Z'
}
{
  message: '[Cache Miss] Tìm user ID: b88403bb-85f1-4be4-ac3b-a7abcc4e9a10 trong Database',
  level: 'debug',
  timestamp: '2026-08-04T18:45:30.034Z'
}
{
  message: '[AuthService] Tokens refreshed successfully for user: locdz8c@gmail.com',
  level: 'info',
  timestamp: '2026-08-04T18:45:30.073Z'
}
{
  message: '[BookingController] Create booking',
  level: 'info',
  timestamp: '2026-08-04T18:45:30.138Z'
}
{
  email: 'agent1@booking.com',
  level: 'info',
  message: '[AuthController] Login with Password',
  timestamp: '2026-08-04T18:48:38.554Z'
}
{
  message: 'User ID 0cbc0c7f-fda6-4929-b479-ad9d83ace8ce đăng nhập thành công. Đã làm sạch lịch sử đăng nhập sai.',
  level: 'info',
  timestamp: '2026-08-04T18:48:38.631Z'
}
{
  message: '[AuthService] Password login successful for user: agent1@booking.com',
  level: 'info',
  timestamp: '2026-08-04T18:48:38.638Z'
}
{
  userId: '0cbc0c7f-fda6-4929-b479-ad9d83ace8ce',
  level: 'info',
  message: '[AuthController] Get Me',
  timestamp: '2026-08-04T18:48:38.675Z'
}
{
  message: 'Fetching user details for ID: 0cbc0c7f-fda6-4929-b479-ad9d83ace8ce',
  level: 'debug',
  timestamp: '2026-08-04T18:48:38.677Z'
}
{
  message: '[Cache Miss] Tìm user ID: 0cbc0c7f-fda6-4929-b479-ad9d83ace8ce trong Database',
  level: 'debug',
  timestamp: '2026-08-04T18:48:38.680Z'
}
{
  message: '[Cache Hit] Lấy danh sách điểm đến hoạt động từ Redis',
  level: 'debug',
  timestamp: '2026-08-04T18:48:38.824Z'
}
{
  message: '[Cache Hit] Lấy danh sách điểm đến hoạt động từ Redis',
  level: 'debug',
  timestamp: '2026-08-04T18:48:38.840Z'
}
{
  message: '[Cache Hit] Lấy danh sách điểm đến hoạt động từ Redis',
  level: 'debug',
  timestamp: '2026-08-04T18:48:38.855Z'
}
{
  page: '1',
  limit: '10',
  status: 'ACTIVE',
  level: 'info',
  message: '[HotelController] Get all hotels with queries',
  timestamp: '2026-08-04T18:48:38.893Z'
}
{
  message: '[Cache Hit] Lấy danh sách điểm đến hoạt động từ Redis',
  level: 'debug',
  timestamp: '2026-08-04T18:48:38.902Z'
}
{
  page: '1',
  limit: '10',
  status: 'ACTIVE',
  level: 'info',
  message: '[HotelController] Get all hotels with queries',
  timestamp: '2026-08-04T18:48:38.982Z'
}
{
  message: '[HotelController] Get my hotels',
  level: 'info',
  timestamp: '2026-08-04T18:48:42.351Z'
}
{
  message: '[HotelController] Get my hotels',
  level: 'info',
  timestamp: '2026-08-04T18:48:42.404Z'
}
{
  hotelId: '47451836-dfa0-4b5c-b770-43e87150fe10',
  level: 'info',
  message: '[BookingController] Get hotel bookings',
  timestamp: '2026-08-04T18:48:42.476Z'
}
{
  hotelId: 'db71d087-b5a7-47be-b2a3-04e168e623b9',
  level: 'info',
  message: '[BookingController] Get hotel bookings',
  timestamp: '2026-08-04T18:48:42.499Z'
}
{
  hotelId: '1f63d07b-44ef-412e-8e8f-fc20853648c3',
  level: 'info',
  message: '[BookingController] Get hotel bookings',
  timestamp: '2026-08-04T18:48:42.502Z'
}
{
  message: '[Cache Miss] Tìm hotel ID: 47451836-dfa0-4b5c-b770-43e87150fe10 trong Database',
  level: 'debug',
  timestamp: '2026-08-04T18:48:42.504Z'
}
{
  message: '[Cache Miss] Tìm hotel ID: db71d087-b5a7-47be-b2a3-04e168e623b9 trong Database',
  level: 'debug',
  timestamp: '2026-08-04T18:48:42.505Z'
}
{
  message: '[Cache Miss] Tìm hotel ID: 1f63d07b-44ef-412e-8e8f-fc20853648c3 trong Database',
  level: 'debug',
  timestamp: '2026-08-04T18:48:42.505Z'
}
{
  hotelId: 'fda0f2da-56b2-46ac-afa7-7bb4e6d06edc',
  level: 'info',
  message: '[BookingController] Get hotel bookings',
  timestamp: '2026-08-04T18:48:42.526Z'
}
{
  message: '[Cache Miss] Tìm hotel ID: fda0f2da-56b2-46ac-afa7-7bb4e6d06edc trong Database',
  level: 'debug',
  timestamp: '2026-08-04T18:48:42.539Z'
}
{
  hotelId: 'd79e14bd-e09b-49c3-80d7-4442133e57d6',
  level: 'info',
  message: '[BookingController] Get hotel bookings',
  timestamp: '2026-08-04T18:48:42.556Z'
}
{
  message: '[Cache Miss] Tìm hotel ID: d79e14bd-e09b-49c3-80d7-4442133e57d6 trong Database',
  level: 'debug',
  timestamp: '2026-08-04T18:48:42.558Z'
}
{
  hotelId: '45ea8129-6cde-4f0a-b8a5-701260e11966',
  level: 'info',
  message: '[BookingController] Get hotel bookings',
  timestamp: '2026-08-04T18:48:42.573Z'
}
{
  message: '[Cache Miss] Tìm hotel ID: 45ea8129-6cde-4f0a-b8a5-701260e11966 trong Database',
  level: 'debug',
  timestamp: '2026-08-04T18:48:42.578Z'
}
{
  hotelId: 'fdfc5eb7-97ff-450b-9edf-723739f36d56',
  level: 'info',
  message: '[BookingController] Get hotel bookings',
  timestamp: '2026-08-04T18:48:42.637Z'
}
{
  message: '[Cache Miss] Tìm hotel ID: fdfc5eb7-97ff-450b-9edf-723739f36d56 trong Database',
  level: 'debug',
  timestamp: '2026-08-04T18:48:42.647Z'
}
{
  hotelId: '52eb4a25-dcb7-4bea-81ac-9d12053bd2c0',
  level: 'info',
  message: '[BookingController] Get hotel bookings',
  timestamp: '2026-08-04T18:48:42.692Z'
}
{
  hotelId: '6476b4b4-c8ba-4f05-a3ae-9ba776ad4be3',
  level: 'info',
  message: '[BookingController] Get hotel bookings',
  timestamp: '2026-08-04T18:48:42.700Z'
}
{
  message: '[Cache Miss] Tìm hotel ID: 52eb4a25-dcb7-4bea-81ac-9d12053bd2c0 trong Database',
  level: 'debug',
  timestamp: '2026-08-04T18:48:42.701Z'
}
{
  message: '[Cache Miss] Tìm hotel ID: 6476b4b4-c8ba-4f05-a3ae-9ba776ad4be3 trong Database',
  level: 'debug',
  timestamp: '2026-08-04T18:48:42.701Z'
}
{
  hotelId: '3ff5cc53-9069-45bc-a39e-2295bebd3ea5',
  level: 'info',
  message: '[BookingController] Get hotel bookings',
  timestamp: '2026-08-04T18:48:42.725Z'
}
{
  message: '[Cache Miss] Tìm hotel ID: 3ff5cc53-9069-45bc-a39e-2295bebd3ea5 trong Database',
  level: 'debug',
  timestamp: '2026-08-04T18:48:42.733Z'
}
{
  hotelId: 'ae4ccd44-300e-4ca3-b16c-d3e71b6a0193',
  level: 'info',
  message: '[BookingController] Get hotel bookings',
  timestamp: '2026-08-04T18:48:42.759Z'
}
{
  hotelId: 'd29b2e2a-8af1-4273-8f2d-87053225f461',
  level: 'info',
  message: '[BookingController] Get hotel bookings',
  timestamp: '2026-08-04T18:48:42.761Z'
}
{
  hotelId: '61f3e4c1-cba1-48b1-851c-16bc9d413ec2',
  level: 'info',
  message: '[BookingController] Get hotel bookings',
  timestamp: '2026-08-04T18:48:42.763Z'
}
{
  message: '[Cache Miss] Tìm hotel ID: ae4ccd44-300e-4ca3-b16c-d3e71b6a0193 trong Database',
  level: 'debug',
  timestamp: '2026-08-04T18:48:42.763Z'
}
{
  message: '[Cache Miss] Tìm hotel ID: d29b2e2a-8af1-4273-8f2d-87053225f461 trong Database',
  level: 'debug',
  timestamp: '2026-08-04T18:48:42.764Z'
}
{
  message: '[Cache Miss] Tìm hotel ID: 61f3e4c1-cba1-48b1-851c-16bc9d413ec2 trong Database',
  level: 'debug',
  timestamp: '2026-08-04T18:48:42.764Z'
}
{
  hotelId: 'a9778731-bce8-4dbf-8b2f-ab2543bfdcdc',
  level: 'info',
  message: '[BookingController] Get hotel bookings',
  timestamp: '2026-08-04T18:48:42.769Z'
}
{
  message: '[Cache Miss] Tìm hotel ID: a9778731-bce8-4dbf-8b2f-ab2543bfdcdc trong Database',
  level: 'debug',
  timestamp: '2026-08-04T18:48:42.771Z'
}
{
  hotelId: '09928f48-b9bb-4700-85d2-51b072eef2c9',
  level: 'info',
  message: '[BookingController] Get hotel bookings',
  timestamp: '2026-08-04T18:48:42.774Z'
}
{
  message: '[Cache Hit] Lấy thông tin hotel ID: 09928f48-b9bb-4700-85d2-51b072eef2c9 từ Redis',
  level: 'debug',
  timestamp: '2026-08-04T18:48:42.777Z'
}
{
  hotelId: '45ea8129-6cde-4f0a-b8a5-701260e11966',
  level: 'info',
  message: '[BookingController] Get hotel bookings',
  timestamp: '2026-08-04T18:48:42.796Z'
}
{
  message: '[Cache Hit] Lấy thông tin hotel ID: 45ea8129-6cde-4f0a-b8a5-701260e11966 từ Redis',
  level: 'debug',
  timestamp: '2026-08-04T18:48:42.798Z'
}
{
  hotelId: '47451836-dfa0-4b5c-b770-43e87150fe10',
  level: 'info',
  message: '[BookingController] Get hotel bookings',
  timestamp: '2026-08-04T18:48:42.824Z'
}
{
  message: '[Cache Hit] Lấy thông tin hotel ID: 47451836-dfa0-4b5c-b770-43e87150fe10 từ Redis',
  level: 'debug',
  timestamp: '2026-08-04T18:48:42.825Z'
}
{
  hotelId: 'd79e14bd-e09b-49c3-80d7-4442133e57d6',
  level: 'info',
  message: '[BookingController] Get hotel bookings',
  timestamp: '2026-08-04T18:48:42.831Z'
}
{
  hotelId: 'fdfc5eb7-97ff-450b-9edf-723739f36d56',
  level: 'info',
  message: '[BookingController] Get hotel bookings',
  timestamp: '2026-08-04T18:48:42.840Z'
}
{
  message: '[Cache Hit] Lấy thông tin hotel ID: d79e14bd-e09b-49c3-80d7-4442133e57d6 từ Redis',
  level: 'debug',
  timestamp: '2026-08-04T18:48:42.841Z'
}
{
  message: '[Cache Hit] Lấy thông tin hotel ID: fdfc5eb7-97ff-450b-9edf-723739f36d56 từ Redis',
  level: 'debug',
  timestamp: '2026-08-04T18:48:42.841Z'
}
{
  hotelId: 'db71d087-b5a7-47be-b2a3-04e168e623b9',
  level: 'info',
  message: '[BookingController] Get hotel bookings',
  timestamp: '2026-08-04T18:48:42.845Z'
}
{
  hotelId: 'fda0f2da-56b2-46ac-afa7-7bb4e6d06edc',
  level: 'info',
  message: '[BookingController] Get hotel bookings',
  timestamp: '2026-08-04T18:48:42.848Z'
}
{
  hotelId: '52eb4a25-dcb7-4bea-81ac-9d12053bd2c0',
  level: 'info',
  message: '[BookingController] Get hotel bookings',
  timestamp: '2026-08-04T18:48:42.850Z'
}
{
  message: '[Cache Hit] Lấy thông tin hotel ID: db71d087-b5a7-47be-b2a3-04e168e623b9 từ Redis',
  level: 'debug',
  timestamp: '2026-08-04T18:48:42.851Z'
}
{
  message: '[Cache Hit] Lấy thông tin hotel ID: fda0f2da-56b2-46ac-afa7-7bb4e6d06edc từ Redis',
  level: 'debug',
  timestamp: '2026-08-04T18:48:42.851Z'
}
{
  message: '[Cache Hit] Lấy thông tin hotel ID: 52eb4a25-dcb7-4bea-81ac-9d12053bd2c0 từ Redis',
  level: 'debug',
  timestamp: '2026-08-04T18:48:42.851Z'
}
{
  hotelId: '6476b4b4-c8ba-4f05-a3ae-9ba776ad4be3',
  level: 'info',
  message: '[BookingController] Get hotel bookings',
  timestamp: '2026-08-04T18:48:42.857Z'
}
{
  message: '[Cache Hit] Lấy thông tin hotel ID: 6476b4b4-c8ba-4f05-a3ae-9ba776ad4be3 từ Redis',
  level: 'debug',
  timestamp: '2026-08-04T18:48:42.858Z'
}
{
  hotelId: '1f63d07b-44ef-412e-8e8f-fc20853648c3',
  level: 'info',
  message: '[BookingController] Get hotel bookings',
  timestamp: '2026-08-04T18:48:42.865Z'
}
{
  hotelId: '3ff5cc53-9069-45bc-a39e-2295bebd3ea5',
  level: 'info',
  message: '[BookingController] Get hotel bookings',
  timestamp: '2026-08-04T18:48:42.867Z'
}
{
  message: '[Cache Hit] Lấy thông tin hotel ID: 1f63d07b-44ef-412e-8e8f-fc20853648c3 từ Redis',
  level: 'debug',
  timestamp: '2026-08-04T18:48:42.868Z'
}
{
  message: '[Cache Hit] Lấy thông tin hotel ID: 3ff5cc53-9069-45bc-a39e-2295bebd3ea5 từ Redis',
  level: 'debug',
  timestamp: '2026-08-04T18:48:42.868Z'
}
{
  hotelId: '09928f48-b9bb-4700-85d2-51b072eef2c9',
  level: 'info',
  message: '[BookingController] Get hotel bookings',
  timestamp: '2026-08-04T18:48:42.874Z'
}
{
  hotelId: 'd29b2e2a-8af1-4273-8f2d-87053225f461',
  level: 'info',
  message: '[BookingController] Get hotel bookings',
  timestamp: '2026-08-04T18:48:42.877Z'
}
{
  hotelId: '61f3e4c1-cba1-48b1-851c-16bc9d413ec2',
  level: 'info',
  message: '[BookingController] Get hotel bookings',
  timestamp: '2026-08-04T18:48:42.885Z'
}
{
  message: '[Cache Hit] Lấy thông tin hotel ID: 09928f48-b9bb-4700-85d2-51b072eef2c9 từ Redis',
  level: 'debug',
  timestamp: '2026-08-04T18:48:42.886Z'
}
{
  message: '[Cache Hit] Lấy thông tin hotel ID: d29b2e2a-8af1-4273-8f2d-87053225f461 từ Redis',
  level: 'debug',
  timestamp: '2026-08-04T18:48:42.886Z'
}
{
  message: '[Cache Hit] Lấy thông tin hotel ID: 61f3e4c1-cba1-48b1-851c-16bc9d413ec2 từ Redis',
  level: 'debug',
  timestamp: '2026-08-04T18:48:42.887Z'
}
{
  hotelId: 'ae4ccd44-300e-4ca3-b16c-d3e71b6a0193',
  level: 'info',
  message: '[BookingController] Get hotel bookings',
  timestamp: '2026-08-04T18:48:42.892Z'
}
{
  message: '[Cache Hit] Lấy thông tin hotel ID: ae4ccd44-300e-4ca3-b16c-d3e71b6a0193 từ Redis',
  level: 'debug',
  timestamp: '2026-08-04T18:48:42.893Z'
}
{
  hotelId: 'a9778731-bce8-4dbf-8b2f-ab2543bfdcdc',
  level: 'info',
  message: '[BookingController] Get hotel bookings',
  timestamp: '2026-08-04T18:48:42.911Z'
}
{
  message: '[Cache Hit] Lấy thông tin hotel ID: a9778731-bce8-4dbf-8b2f-ab2543bfdcdc từ Redis',
  level: 'debug',
  timestamp: '2026-08-04T18:48:42.913Z'
}
{
  message: '[HotelController] Get my hotels',
  level: 'info',
  timestamp: '2026-08-04T18:49:07.727Z'
}
{
  message: '[HotelController] Get my hotels',
  level: 'info',
  timestamp: '2026-08-04T18:49:07.765Z'
}
{
  message: '[HotelController] Get my hotels',
  level: 'info',
  timestamp: '2026-08-04T18:49:11.490Z'
}
{
  message: '[HotelController] Get my hotels',
  level: 'info',
  timestamp: '2026-08-04T18:49:11.526Z'
}
{
  hotelId: 'fda0f2da-56b2-46ac-afa7-7bb4e6d06edc',
  level: 'info',
  message: '[BookingController] Get hotel bookings',
  timestamp: '2026-08-04T18:49:11.569Z'
}
{
  message: '[Cache Hit] Lấy thông tin hotel ID: fda0f2da-56b2-46ac-afa7-7bb4e6d06edc từ Redis',
  level: 'debug',
  timestamp: '2026-08-04T18:49:11.583Z'
}
{
  hotelId: '47451836-dfa0-4b5c-b770-43e87150fe10',
  level: 'info',
  message: '[BookingController] Get hotel bookings',
  timestamp: '2026-08-04T18:49:11.596Z'
}
{
  message: '[Cache Hit] Lấy thông tin hotel ID: 47451836-dfa0-4b5c-b770-43e87150fe10 từ Redis',
  level: 'debug',
  timestamp: '2026-08-04T18:49:11.600Z'
}
{
  hotelId: 'ae4ccd44-300e-4ca3-b16c-d3e71b6a0193',
  level: 'info',
  message: '[BookingController] Get hotel bookings',
  timestamp: '2026-08-04T18:49:11.609Z'
}
{
  message: '[Cache Hit] Lấy thông tin hotel ID: ae4ccd44-300e-4ca3-b16c-d3e71b6a0193 từ Redis',
  level: 'debug',
  timestamp: '2026-08-04T18:49:11.614Z'
}
{
  hotelId: '52eb4a25-dcb7-4bea-81ac-9d12053bd2c0',
  level: 'info',
  message: '[BookingController] Get hotel bookings',
  timestamp: '2026-08-04T18:49:11.620Z'
}
{
  hotelId: 'd29b2e2a-8af1-4273-8f2d-87053225f461',
  level: 'info',
  message: '[BookingController] Get hotel bookings',
  timestamp: '2026-08-04T18:49:11.625Z'
}
{
  message: '[Cache Hit] Lấy thông tin hotel ID: 52eb4a25-dcb7-4bea-81ac-9d12053bd2c0 từ Redis',
  level: 'debug',
  timestamp: '2026-08-04T18:49:11.627Z'
}
{
  message: '[Cache Hit] Lấy thông tin hotel ID: d29b2e2a-8af1-4273-8f2d-87053225f461 từ Redis',
  level: 'debug',
  timestamp: '2026-08-04T18:49:11.627Z'
}
{
  hotelId: '45ea8129-6cde-4f0a-b8a5-701260e11966',
  level: 'info',
  message: '[BookingController] Get hotel bookings',
  timestamp: '2026-08-04T18:49:11.635Z'
}
{
  hotelId: 'd79e14bd-e09b-49c3-80d7-4442133e57d6',
  level: 'info',
  message: '[BookingController] Get hotel bookings',
  timestamp: '2026-08-04T18:49:11.640Z'
}
{
  message: '[Cache Hit] Lấy thông tin hotel ID: 45ea8129-6cde-4f0a-b8a5-701260e11966 từ Redis',
  level: 'debug',
  timestamp: '2026-08-04T18:49:11.641Z'
}
{
  hotelId: '3ff5cc53-9069-45bc-a39e-2295bebd3ea5',
  level: 'info',
  message: '[BookingController] Get hotel bookings',
  timestamp: '2026-08-04T18:49:11.645Z'
}
{
  hotelId: 'fdfc5eb7-97ff-450b-9edf-723739f36d56',
  level: 'info',
  message: '[BookingController] Get hotel bookings',
  timestamp: '2026-08-04T18:49:11.649Z'
}
{
  message: '[Cache Hit] Lấy thông tin hotel ID: d79e14bd-e09b-49c3-80d7-4442133e57d6 từ Redis',
  level: 'debug',
  timestamp: '2026-08-04T18:49:11.650Z'
}
{
  message: '[Cache Hit] Lấy thông tin hotel ID: 3ff5cc53-9069-45bc-a39e-2295bebd3ea5 từ Redis',
  level: 'debug',
  timestamp: '2026-08-04T18:49:11.651Z'
}
{
  hotelId: '61f3e4c1-cba1-48b1-851c-16bc9d413ec2',
  level: 'info',
  message: '[BookingController] Get hotel bookings',
  timestamp: '2026-08-04T18:49:11.663Z'
}
{
  hotelId: 'db71d087-b5a7-47be-b2a3-04e168e623b9',
  level: 'info',
  message: '[BookingController] Get hotel bookings',
  timestamp: '2026-08-04T18:49:11.667Z'
}
{
  message: '[Cache Hit] Lấy thông tin hotel ID: fdfc5eb7-97ff-450b-9edf-723739f36d56 từ Redis',
  level: 'debug',
  timestamp: '2026-08-04T18:49:11.669Z'
}
{
  message: '[Cache Hit] Lấy thông tin hotel ID: 61f3e4c1-cba1-48b1-851c-16bc9d413ec2 từ Redis',
  level: 'debug',
  timestamp: '2026-08-04T18:49:11.669Z'
}
{
  hotelId: '6476b4b4-c8ba-4f05-a3ae-9ba776ad4be3',
  level: 'info',
  message: '[BookingController] Get hotel bookings',
  timestamp: '2026-08-04T18:49:11.676Z'
}
{
  message: '[Cache Hit] Lấy thông tin hotel ID: db71d087-b5a7-47be-b2a3-04e168e623b9 từ Redis',
  level: 'debug',
  timestamp: '2026-08-04T18:49:11.677Z'
}
{
  message: '[Cache Hit] Lấy thông tin hotel ID: 6476b4b4-c8ba-4f05-a3ae-9ba776ad4be3 từ Redis',
  level: 'debug',
  timestamp: '2026-08-04T18:49:11.678Z'
}
{
  hotelId: '09928f48-b9bb-4700-85d2-51b072eef2c9',
  level: 'info',
  message: '[BookingController] Get hotel bookings',
  timestamp: '2026-08-04T18:49:11.683Z'
}
{
  hotelId: '1f63d07b-44ef-412e-8e8f-fc20853648c3',
  level: 'info',
  message: '[BookingController] Get hotel bookings',
  timestamp: '2026-08-04T18:49:11.687Z'
}
{
  message: '[Cache Hit] Lấy thông tin hotel ID: 09928f48-b9bb-4700-85d2-51b072eef2c9 từ Redis',
  level: 'debug',
  timestamp: '2026-08-04T18:49:11.689Z'
}
{
  message: '[Cache Hit] Lấy thông tin hotel ID: 1f63d07b-44ef-412e-8e8f-fc20853648c3 từ Redis',
  level: 'debug',
  timestamp: '2026-08-04T18:49:11.689Z'
}
{
  hotelId: 'a9778731-bce8-4dbf-8b2f-ab2543bfdcdc',
  level: 'info',
  message: '[BookingController] Get hotel bookings',
  timestamp: '2026-08-04T18:49:11.701Z'
}
{
  hotelId: '47451836-dfa0-4b5c-b770-43e87150fe10',
  level: 'info',
  message: '[BookingController] Get hotel bookings',
  timestamp: '2026-08-04T18:49:11.705Z'
}
{
  message: '[Cache Hit] Lấy thông tin hotel ID: a9778731-bce8-4dbf-8b2f-ab2543bfdcdc từ Redis',
  level: 'debug',
  timestamp: '2026-08-04T18:49:11.706Z'
}
{
  message: '[Cache Hit] Lấy thông tin hotel ID: 47451836-dfa0-4b5c-b770-43e87150fe10 từ Redis',
  level: 'debug',
  timestamp: '2026-08-04T18:49:11.706Z'
}
{
  hotelId: 'fda0f2da-56b2-46ac-afa7-7bb4e6d06edc',
  level: 'info',
  message: '[BookingController] Get hotel bookings',
  timestamp: '2026-08-04T18:49:11.714Z'
}
{
  hotelId: 'ae4ccd44-300e-4ca3-b16c-d3e71b6a0193',
  level: 'info',
  message: '[BookingController] Get hotel bookings',
  timestamp: '2026-08-04T18:49:11.717Z'
}
{
  message: '[Cache Hit] Lấy thông tin hotel ID: fda0f2da-56b2-46ac-afa7-7bb4e6d06edc từ Redis',
  level: 'debug',
  timestamp: '2026-08-04T18:49:11.718Z'
}
{
  message: '[Cache Hit] Lấy thông tin hotel ID: ae4ccd44-300e-4ca3-b16c-d3e71b6a0193 từ Redis',
  level: 'debug',
  timestamp: '2026-08-04T18:49:11.719Z'
}
{
  hotelId: '52eb4a25-dcb7-4bea-81ac-9d12053bd2c0',
  level: 'info',
  message: '[BookingController] Get hotel bookings',
  timestamp: '2026-08-04T18:49:11.725Z'
}
{
  hotelId: 'd29b2e2a-8af1-4273-8f2d-87053225f461',
  level: 'info',
  message: '[BookingController] Get hotel bookings',
  timestamp: '2026-08-04T18:49:11.732Z'
}
{
  message: '[Cache Hit] Lấy thông tin hotel ID: 52eb4a25-dcb7-4bea-81ac-9d12053bd2c0 từ Redis',
  level: 'debug',
  timestamp: '2026-08-04T18:49:11.738Z'
}
{
  message: '[Cache Hit] Lấy thông tin hotel ID: d29b2e2a-8af1-4273-8f2d-87053225f461 từ Redis',
  level: 'debug',
  timestamp: '2026-08-04T18:49:11.738Z'
}
{
  hotelId: '45ea8129-6cde-4f0a-b8a5-701260e11966',
  level: 'info',
  message: '[BookingController] Get hotel bookings',
  timestamp: '2026-08-04T18:49:11.750Z'
}
{
  hotelId: 'd79e14bd-e09b-49c3-80d7-4442133e57d6',
  level: 'info',
  message: '[BookingController] Get hotel bookings',
  timestamp: '2026-08-04T18:49:11.757Z'
}
{
  message: '[Cache Hit] Lấy thông tin hotel ID: 45ea8129-6cde-4f0a-b8a5-701260e11966 từ Redis',
  level: 'debug',
  timestamp: '2026-08-04T18:49:11.758Z'
}
{
  message: '[Cache Hit] Lấy thông tin hotel ID: d79e14bd-e09b-49c3-80d7-4442133e57d6 từ Redis',
  level: 'debug',
  timestamp: '2026-08-04T18:49:11.758Z'
}
{
  hotelId: '3ff5cc53-9069-45bc-a39e-2295bebd3ea5',
  level: 'info',
  message: '[BookingController] Get hotel bookings',
  timestamp: '2026-08-04T18:49:11.765Z'
}
{
  hotelId: 'fdfc5eb7-97ff-450b-9edf-723739f36d56',
  level: 'info',
  message: '[BookingController] Get hotel bookings',
  timestamp: '2026-08-04T18:49:11.770Z'
}
{
  message: '[Cache Hit] Lấy thông tin hotel ID: 3ff5cc53-9069-45bc-a39e-2295bebd3ea5 từ Redis',
  level: 'debug',
  timestamp: '2026-08-04T18:49:11.774Z'
}
{
  message: '[Cache Hit] Lấy thông tin hotel ID: fdfc5eb7-97ff-450b-9edf-723739f36d56 từ Redis',
  level: 'debug',
  timestamp: '2026-08-04T18:49:11.774Z'
}
{
  hotelId: '61f3e4c1-cba1-48b1-851c-16bc9d413ec2',
  level: 'info',
  message: '[BookingController] Get hotel bookings',
  timestamp: '2026-08-04T18:49:11.779Z'
}
{
  hotelId: 'db71d087-b5a7-47be-b2a3-04e168e623b9',
  level: 'info',
  message: '[BookingController] Get hotel bookings',
  timestamp: '2026-08-04T18:49:11.783Z'
}
{
  message: '[Cache Hit] Lấy thông tin hotel ID: 61f3e4c1-cba1-48b1-851c-16bc9d413ec2 từ Redis',
  level: 'debug',
  timestamp: '2026-08-04T18:49:11.784Z'
}
{
  message: '[Cache Hit] Lấy thông tin hotel ID: db71d087-b5a7-47be-b2a3-04e168e623b9 từ Redis',
  level: 'debug',
  timestamp: '2026-08-04T18:49:11.784Z'
}
{
  hotelId: '6476b4b4-c8ba-4f05-a3ae-9ba776ad4be3',
  level: 'info',
  message: '[BookingController] Get hotel bookings',
  timestamp: '2026-08-04T18:49:11.797Z'
}
{
  hotelId: '09928f48-b9bb-4700-85d2-51b072eef2c9',
  level: 'info',
  message: '[BookingController] Get hotel bookings',
  timestamp: '2026-08-04T18:49:11.800Z'
}
{
  message: '[Cache Hit] Lấy thông tin hotel ID: 6476b4b4-c8ba-4f05-a3ae-9ba776ad4be3 từ Redis',
  level: 'debug',
  timestamp: '2026-08-04T18:49:11.801Z'
}
{
  message: '[Cache Hit] Lấy thông tin hotel ID: 09928f48-b9bb-4700-85d2-51b072eef2c9 từ Redis',
  level: 'debug',
  timestamp: '2026-08-04T18:49:11.802Z'
}
{
  hotelId: '1f63d07b-44ef-412e-8e8f-fc20853648c3',
  level: 'info',
  message: '[BookingController] Get hotel bookings',
  timestamp: '2026-08-04T18:49:11.808Z'
}
{
  hotelId: 'a9778731-bce8-4dbf-8b2f-ab2543bfdcdc',
  level: 'info',
  message: '[BookingController] Get hotel bookings',
  timestamp: '2026-08-04T18:49:11.812Z'
}
{
  message: '[Cache Hit] Lấy thông tin hotel ID: 1f63d07b-44ef-412e-8e8f-fc20853648c3 từ Redis',
  level: 'debug',
  timestamp: '2026-08-04T18:49:11.813Z'
}
{
  message: '[Cache Hit] Lấy thông tin hotel ID: a9778731-bce8-4dbf-8b2f-ab2543bfdcdc từ Redis',
  level: 'debug',
  timestamp: '2026-08-04T18:49:11.814Z'
}
{
  message: '[HotelController] Get my hotels',
  level: 'info',
  timestamp: '2026-08-04T18:49:12.967Z'
}
{
  message: '[HotelController] Get my hotels',
  level: 'info',
  timestamp: '2026-08-04T18:49:12.988Z'
}
{
  hotelId: '47451836-dfa0-4b5c-b770-43e87150fe10',
  level: 'info',
  message: '[BookingController] Get hotel bookings',
  timestamp: '2026-08-04T18:49:13.004Z'
}
{
  hotelId: 'fda0f2da-56b2-46ac-afa7-7bb4e6d06edc',
  level: 'info',
  message: '[BookingController] Get hotel bookings',
  timestamp: '2026-08-04T18:49:13.010Z'
}
{
  hotelId: 'd79e14bd-e09b-49c3-80d7-4442133e57d6',
  level: 'info',
  message: '[BookingController] Get hotel bookings',
  timestamp: '2026-08-04T18:49:13.020Z'
}
{
  hotelId: '45ea8129-6cde-4f0a-b8a5-701260e11966',
  level: 'info',
  message: '[BookingController] Get hotel bookings',
  timestamp: '2026-08-04T18:49:13.024Z'
}
{
  hotelId: 'db71d087-b5a7-47be-b2a3-04e168e623b9',
  level: 'info',
  message: '[BookingController] Get hotel bookings',
  timestamp: '2026-08-04T18:49:13.028Z'
}
{
  message: '[Cache Hit] Lấy thông tin hotel ID: 47451836-dfa0-4b5c-b770-43e87150fe10 từ Redis',
  level: 'debug',
  timestamp: '2026-08-04T18:49:13.032Z'
}
{
  message: '[Cache Hit] Lấy thông tin hotel ID: fda0f2da-56b2-46ac-afa7-7bb4e6d06edc từ Redis',
  level: 'debug',
  timestamp: '2026-08-04T18:49:13.033Z'
}
{
  message: '[Cache Hit] Lấy thông tin hotel ID: d79e14bd-e09b-49c3-80d7-4442133e57d6 từ Redis',
  level: 'debug',
  timestamp: '2026-08-04T18:49:13.033Z'
}
{
  message: '[Cache Hit] Lấy thông tin hotel ID: 45ea8129-6cde-4f0a-b8a5-701260e11966 từ Redis',
  level: 'debug',
  timestamp: '2026-08-04T18:49:13.033Z'
}
{
  message: '[Cache Hit] Lấy thông tin hotel ID: db71d087-b5a7-47be-b2a3-04e168e623b9 từ Redis',
  level: 'debug',
  timestamp: '2026-08-04T18:49:13.033Z'
}
{
  hotelId: '1f63d07b-44ef-412e-8e8f-fc20853648c3',
  level: 'info',
  message: '[BookingController] Get hotel bookings',
  timestamp: '2026-08-04T18:49:13.051Z'
}
{
  message: '[Cache Hit] Lấy thông tin hotel ID: 1f63d07b-44ef-412e-8e8f-fc20853648c3 từ Redis',
  level: 'debug',
  timestamp: '2026-08-04T18:49:13.052Z'
}
{
  hotelId: 'ae4ccd44-300e-4ca3-b16c-d3e71b6a0193',
  level: 'info',
  message: '[BookingController] Get hotel bookings',
  timestamp: '2026-08-04T18:49:13.056Z'
}
{
  hotelId: 'd29b2e2a-8af1-4273-8f2d-87053225f461',
  level: 'info',
  message: '[BookingController] Get hotel bookings',
  timestamp: '2026-08-04T18:49:13.058Z'
}
{
  hotelId: 'fdfc5eb7-97ff-450b-9edf-723739f36d56',
  level: 'info',
  message: '[BookingController] Get hotel bookings',
  timestamp: '2026-08-04T18:49:13.062Z'
}
{
  hotelId: '52eb4a25-dcb7-4bea-81ac-9d12053bd2c0',
  level: 'info',
  message: '[BookingController] Get hotel bookings',
  timestamp: '2026-08-04T18:49:13.065Z'
}
{
  hotelId: '6476b4b4-c8ba-4f05-a3ae-9ba776ad4be3',
  level: 'info',
  message: '[BookingController] Get hotel bookings',
  timestamp: '2026-08-04T18:49:13.067Z'
}
{
  message: '[Cache Hit] Lấy thông tin hotel ID: ae4ccd44-300e-4ca3-b16c-d3e71b6a0193 từ Redis',
  level: 'debug',
  timestamp: '2026-08-04T18:49:13.071Z'
}
{
  message: '[Cache Hit] Lấy thông tin hotel ID: d29b2e2a-8af1-4273-8f2d-87053225f461 từ Redis',
  level: 'debug',
  timestamp: '2026-08-04T18:49:13.071Z'
}
{
  message: '[Cache Hit] Lấy thông tin hotel ID: fdfc5eb7-97ff-450b-9edf-723739f36d56 từ Redis',
  level: 'debug',
  timestamp: '2026-08-04T18:49:13.072Z'
}
{
  message: '[Cache Hit] Lấy thông tin hotel ID: 52eb4a25-dcb7-4bea-81ac-9d12053bd2c0 từ Redis',
  level: 'debug',
  timestamp: '2026-08-04T18:49:13.072Z'
}
{
  message: '[Cache Hit] Lấy thông tin hotel ID: 6476b4b4-c8ba-4f05-a3ae-9ba776ad4be3 từ Redis',
  level: 'debug',
  timestamp: '2026-08-04T18:49:13.072Z'
}
{
  hotelId: '3ff5cc53-9069-45bc-a39e-2295bebd3ea5',
  level: 'info',
  message: '[BookingController] Get hotel bookings',
  timestamp: '2026-08-04T18:49:13.084Z'
}
{
  hotelId: '61f3e4c1-cba1-48b1-851c-16bc9d413ec2',
  level: 'info',
  message: '[BookingController] Get hotel bookings',
  timestamp: '2026-08-04T18:49:13.090Z'
}
{
  hotelId: 'a9778731-bce8-4dbf-8b2f-ab2543bfdcdc',
  level: 'info',
  message: '[BookingController] Get hotel bookings',
  timestamp: '2026-08-04T18:49:13.093Z'
}
{
  hotelId: '47451836-dfa0-4b5c-b770-43e87150fe10',
  level: 'info',
  message: '[BookingController] Get hotel bookings',
  timestamp: '2026-08-04T18:49:13.095Z'
}
{
  hotelId: '09928f48-b9bb-4700-85d2-51b072eef2c9',
  level: 'info',
  message: '[BookingController] Get hotel bookings',
  timestamp: '2026-08-04T18:49:13.100Z'
}
{
  hotelId: 'fda0f2da-56b2-46ac-afa7-7bb4e6d06edc',
  level: 'info',
  message: '[BookingController] Get hotel bookings',
  timestamp: '2026-08-04T18:49:13.101Z'
}
{
  message: '[Cache Hit] Lấy thông tin hotel ID: 3ff5cc53-9069-45bc-a39e-2295bebd3ea5 từ Redis',
  level: 'debug',
  timestamp: '2026-08-04T18:49:13.103Z'
}
{
  message: '[Cache Hit] Lấy thông tin hotel ID: 61f3e4c1-cba1-48b1-851c-16bc9d413ec2 từ Redis',
  level: 'debug',
  timestamp: '2026-08-04T18:49:13.105Z'
}
{
  message: '[Cache Hit] Lấy thông tin hotel ID: a9778731-bce8-4dbf-8b2f-ab2543bfdcdc từ Redis',
  level: 'debug',
  timestamp: '2026-08-04T18:49:13.106Z'
}
{
  message: '[Cache Hit] Lấy thông tin hotel ID: 47451836-dfa0-4b5c-b770-43e87150fe10 từ Redis',
  level: 'debug',
  timestamp: '2026-08-04T18:49:13.106Z'
}
{
  message: '[Cache Hit] Lấy thông tin hotel ID: 09928f48-b9bb-4700-85d2-51b072eef2c9 từ Redis',
  level: 'debug',
  timestamp: '2026-08-04T18:49:13.106Z'
}
{
  message: '[Cache Hit] Lấy thông tin hotel ID: fda0f2da-56b2-46ac-afa7-7bb4e6d06edc từ Redis',
  level: 'debug',
  timestamp: '2026-08-04T18:49:13.106Z'
}
{
  hotelId: 'd79e14bd-e09b-49c3-80d7-4442133e57d6',
  level: 'info',
  message: '[BookingController] Get hotel bookings',
  timestamp: '2026-08-04T18:49:13.113Z'
}
{
  hotelId: '45ea8129-6cde-4f0a-b8a5-701260e11966',
  level: 'info',
  message: '[BookingController] Get hotel bookings',
  timestamp: '2026-08-04T18:49:13.117Z'
}
{
  hotelId: 'db71d087-b5a7-47be-b2a3-04e168e623b9',
  level: 'info',
  message: '[BookingController] Get hotel bookings',
  timestamp: '2026-08-04T18:49:13.120Z'
}
{
  hotelId: '1f63d07b-44ef-412e-8e8f-fc20853648c3',
  level: 'info',
  message: '[BookingController] Get hotel bookings',
  timestamp: '2026-08-04T18:49:13.127Z'
}
{
  hotelId: 'ae4ccd44-300e-4ca3-b16c-d3e71b6a0193',
  level: 'info',
  message: '[BookingController] Get hotel bookings',
  timestamp: '2026-08-04T18:49:13.129Z'
}
{
  hotelId: '52eb4a25-dcb7-4bea-81ac-9d12053bd2c0',
  level: 'info',
  message: '[BookingController] Get hotel bookings',
  timestamp: '2026-08-04T18:49:13.132Z'
}
{
  message: '[Cache Hit] Lấy thông tin hotel ID: d79e14bd-e09b-49c3-80d7-4442133e57d6 từ Redis',
  level: 'debug',
  timestamp: '2026-08-04T18:49:13.133Z'
}
{
  message: '[Cache Hit] Lấy thông tin hotel ID: 45ea8129-6cde-4f0a-b8a5-701260e11966 từ Redis',
  level: 'debug',
  timestamp: '2026-08-04T18:49:13.133Z'
}
{
  message: '[Cache Hit] Lấy thông tin hotel ID: db71d087-b5a7-47be-b2a3-04e168e623b9 từ Redis',
  level: 'debug',
  timestamp: '2026-08-04T18:49:13.133Z'
}
{
  message: '[Cache Hit] Lấy thông tin hotel ID: 1f63d07b-44ef-412e-8e8f-fc20853648c3 từ Redis',
  level: 'debug',
  timestamp: '2026-08-04T18:49:13.133Z'
}
{
  message: '[Cache Hit] Lấy thông tin hotel ID: ae4ccd44-300e-4ca3-b16c-d3e71b6a0193 từ Redis',
  level: 'debug',
  timestamp: '2026-08-04T18:49:13.134Z'
}
{
  message: '[Cache Hit] Lấy thông tin hotel ID: 52eb4a25-dcb7-4bea-81ac-9d12053bd2c0 từ Redis',
  level: 'debug',
  timestamp: '2026-08-04T18:49:13.134Z'
}
{
  hotelId: 'fdfc5eb7-97ff-450b-9edf-723739f36d56',
  level: 'info',
  message: '[BookingController] Get hotel bookings',
  timestamp: '2026-08-04T18:49:13.153Z'
}
{
  hotelId: '6476b4b4-c8ba-4f05-a3ae-9ba776ad4be3',
  level: 'info',
  message: '[BookingController] Get hotel bookings',
  timestamp: '2026-08-04T18:49:13.156Z'
}
{
  hotelId: 'd29b2e2a-8af1-4273-8f2d-87053225f461',
  level: 'info',
  message: '[BookingController] Get hotel bookings',
  timestamp: '2026-08-04T18:49:13.160Z'
}
{
  hotelId: '3ff5cc53-9069-45bc-a39e-2295bebd3ea5',
  level: 'info',
  message: '[BookingController] Get hotel bookings',
  timestamp: '2026-08-04T18:49:13.164Z'
}
{
  hotelId: '61f3e4c1-cba1-48b1-851c-16bc9d413ec2',
  level: 'info',
  message: '[BookingController] Get hotel bookings',
  timestamp: '2026-08-04T18:49:13.170Z'
}
{
  hotelId: 'a9778731-bce8-4dbf-8b2f-ab2543bfdcdc',
  level: 'info',
  message: '[BookingController] Get hotel bookings',
  timestamp: '2026-08-04T18:49:13.179Z'
}
{
  message: '[Cache Hit] Lấy thông tin hotel ID: fdfc5eb7-97ff-450b-9edf-723739f36d56 từ Redis',
  level: 'debug',
  timestamp: '2026-08-04T18:49:13.180Z'
}
{
  message: '[Cache Hit] Lấy thông tin hotel ID: 6476b4b4-c8ba-4f05-a3ae-9ba776ad4be3 từ Redis',
  level: 'debug',
  timestamp: '2026-08-04T18:49:13.181Z'
}
{
  message: '[Cache Hit] Lấy thông tin hotel ID: d29b2e2a-8af1-4273-8f2d-87053225f461 từ Redis',
  level: 'debug',
  timestamp: '2026-08-04T18:49:13.181Z'
}
{
  message: '[Cache Hit] Lấy thông tin hotel ID: 3ff5cc53-9069-45bc-a39e-2295bebd3ea5 từ Redis',
  level: 'debug',
  timestamp: '2026-08-04T18:49:13.181Z'
}
{
  message: '[Cache Hit] Lấy thông tin hotel ID: 61f3e4c1-cba1-48b1-851c-16bc9d413ec2 từ Redis',
  level: 'debug',
  timestamp: '2026-08-04T18:49:13.181Z'
}
{
  message: '[Cache Hit] Lấy thông tin hotel ID: a9778731-bce8-4dbf-8b2f-ab2543bfdcdc từ Redis',
  level: 'debug',
  timestamp: '2026-08-04T18:49:13.181Z'
}
{
  hotelId: '09928f48-b9bb-4700-85d2-51b072eef2c9',
  level: 'info',
  message: '[BookingController] Get hotel bookings',
  timestamp: '2026-08-04T18:49:13.203Z'
}
{
  message: '[Cache Hit] Lấy thông tin hotel ID: 09928f48-b9bb-4700-85d2-51b072eef2c9 từ Redis',
  level: 'debug',
  timestamp: '2026-08-04T18:49:13.205Z'
}
{
  message: '[SchedulerService] Đang kiểm tra các booking hết hạn thanh toán...',
  level: 'info',
  timestamp: '2026-08-04T18:50:00.003Z'
}
{
  message: 'JWT Verification Error: jwt expired',
  level: 'error',
  timestamp: '2026-08-04T18:52:17.941Z'
}
{
  message: 'GLOBAL ERROR HANDLER CAUGHT: Error: Phiên đăng nhập đã hết hạn. Vui lòng lấy Token mới.\n' +
    '    at authMiddleware (/app/src/middlewares/authMiddleware.ts:80:9)\n' +
    '    at Layer.handleRequest (/app/node_modules/router/lib/layer.js:152:17)\n' +
    '    at trimPrefix (/app/node_modules/router/index.js:342:13)\n' +
    '    at /app/node_modules/router/index.js:297:9\n' +
    '    at processParams (/app/node_modules/router/index.js:582:12)\n' +
    '    at next (/app/node_modules/router/index.js:291:5)\n' +
    '    at Function.handle (/app/node_modules/router/index.js:186:3)\n' +
    '    at router (/app/node_modules/router/index.js:60:12)\n' +
    '    at Layer.handleRequest (/app/node_modules/router/lib/layer.js:152:17)\n' +
    '    at trimPrefix (/app/node_modules/router/index.js:342:13)',
  level: 'error',
  timestamp: '2026-08-04T18:52:17.944Z'
}
{
  message: '[AuthController] Refresh Tokens',
  level: 'info',
  timestamp: '2026-08-04T18:52:17.957Z'
}
{
  message: 'Fetching user details for ID: 0cbc0c7f-fda6-4929-b479-ad9d83ace8ce',
  level: 'debug',
  timestamp: '2026-08-04T18:52:17.975Z'
}
{
  message: '[Cache Hit] Lấy thông tin user ID: 0cbc0c7f-fda6-4929-b479-ad9d83ace8ce từ Redis',
  level: 'debug',
  timestamp: '2026-08-04T18:52:17.976Z'
}
{
  message: '[AuthService] Tokens refreshed successfully for user: agent1@booking.com',
  level: 'info',
  timestamp: '2026-08-04T18:52:17.990Z'
}
{
  userId: '0cbc0c7f-fda6-4929-b479-ad9d83ace8ce',
  level: 'info',
  message: '[AuthController] Get Me',
  timestamp: '2026-08-04T18:53:29.699Z'
}
{
  message: 'Fetching user details for ID: 0cbc0c7f-fda6-4929-b479-ad9d83ace8ce',
  level: 'debug',
  timestamp: '2026-08-04T18:53:29.700Z'
}
{
  message: '[Cache Hit] Lấy thông tin user ID: 0cbc0c7f-fda6-4929-b479-ad9d83ace8ce từ Redis',
  level: 'debug',
  timestamp: '2026-08-04T18:53:29.703Z'
}
{
  userId: '0cbc0c7f-fda6-4929-b479-ad9d83ace8ce',
  level: 'info',
  message: '[AuthController] Get Me',
  timestamp: '2026-08-04T18:53:29.725Z'
}
{
  message: 'Fetching user details for ID: 0cbc0c7f-fda6-4929-b479-ad9d83ace8ce',
  level: 'debug',
  timestamp: '2026-08-04T18:53:29.726Z'
}
{
  message: '[Cache Hit] Lấy thông tin user ID: 0cbc0c7f-fda6-4929-b479-ad9d83ace8ce từ Redis',
  level: 'debug',
  timestamp: '2026-08-04T18:53:29.727Z'
}
{
  message: '[Cache Hit] Lấy danh sách điểm đến hoạt động từ Redis',
  level: 'debug',
  timestamp: '2026-08-04T18:53:30.007Z'
}
{
  page: '1',
  limit: '10',
  status: 'ACTIVE',
  level: 'info',
  message: '[HotelController] Get all hotels with queries',
  timestamp: '2026-08-04T18:53:30.012Z'
}
{
  message: '[Cache Hit] Lấy danh sách điểm đến hoạt động từ Redis',
  level: 'debug',
  timestamp: '2026-08-04T18:53:30.017Z'
}
{
  page: '1',
  limit: '10',
  status: 'ACTIVE',
  level: 'info',
  message: '[HotelController] Get all hotels with queries',
  timestamp: '2026-08-04T18:53:30.026Z'
}
{
  message: '[Cache Hit] Lấy danh sách điểm đến hoạt động từ Redis',
  level: 'debug',
  timestamp: '2026-08-04T18:53:30.027Z'
}
{
  message: '[Cache Hit] Lấy danh sách điểm đến hoạt động từ Redis',
  level: 'debug',
  timestamp: '2026-08-04T18:53:30.041Z'
}
{
  userId: '0cbc0c7f-fda6-4929-b479-ad9d83ace8ce',
  level: 'info',
  message: '[AuthController] Get Me',
  timestamp: '2026-08-04T18:53:33.427Z'
}
{
  message: 'Fetching user details for ID: 0cbc0c7f-fda6-4929-b479-ad9d83ace8ce',
  level: 'debug',
  timestamp: '2026-08-04T18:53:33.428Z'
}
{
  message: '[Cache Hit] Lấy thông tin user ID: 0cbc0c7f-fda6-4929-b479-ad9d83ace8ce từ Redis',
  level: 'debug',
  timestamp: '2026-08-04T18:53:33.429Z'
}
{
  userId: '0cbc0c7f-fda6-4929-b479-ad9d83ace8ce',
  level: 'info',
  message: '[AuthController] Get Me',
  timestamp: '2026-08-04T18:53:33.434Z'
}
{
  message: 'Fetching user details for ID: 0cbc0c7f-fda6-4929-b479-ad9d83ace8ce',
  level: 'debug',
  timestamp: '2026-08-04T18:53:33.434Z'
}
{
  message: '[Cache Hit] Lấy thông tin user ID: 0cbc0c7f-fda6-4929-b479-ad9d83ace8ce từ Redis',
  level: 'debug',
  timestamp: '2026-08-04T18:53:33.436Z'
}
{
  email: 'admin@booking.com',
  level: 'info',
  message: '[AuthController] Login with Password',
  timestamp: '2026-08-04T18:53:35.037Z'
}
{
  message: 'User ID 454734c4-6a7b-4647-a90a-7b6bdbec2232 đăng nhập thành công. Đã làm sạch lịch sử đăng nhập sai.',
  level: 'info',
  timestamp: '2026-08-04T18:53:35.102Z'
}
{
  message: '[AuthService] Password login successful for user: admin@booking.com',
  level: 'info',
  timestamp: '2026-08-04T18:53:35.110Z'
}
{
  message: '[UserController] Get all users',
  level: 'info',
  timestamp: '2026-08-04T18:53:35.456Z'
}
{
  message: 'Fetching all users from repository',
  level: 'info',
  timestamp: '2026-08-04T18:53:35.456Z'
}
{
  message: '[UserController] Get all users',
  level: 'info',
  timestamp: '2026-08-04T18:53:35.536Z'
}
{
  message: 'Fetching all users from repository',
  level: 'info',
  timestamp: '2026-08-04T18:53:35.536Z'
}
{
  message: '[UserController] Get all users',
  level: 'info',
  timestamp: '2026-08-04T18:53:38.741Z'
}
{
  message: 'Fetching all users from repository',
  level: 'info',
  timestamp: '2026-08-04T18:53:38.742Z'
}
{
  message: '[UserController] Get all users',
  level: 'info',
  timestamp: '2026-08-04T18:53:38.765Z'
}
{
  message: 'Fetching all users from repository',
  level: 'info',
  timestamp: '2026-08-04T18:53:38.766Z'
}
{
  message: '[UserController] Get all users',
  level: 'info',
  timestamp: '2026-08-04T18:53:40.422Z'
}
{
  message: 'Fetching all users from repository',
  level: 'info',
  timestamp: '2026-08-04T18:53:40.423Z'
}
{
  message: '[UserController] Get all users',
  level: 'info',
  timestamp: '2026-08-04T18:53:40.431Z'
}
{
  message: 'Fetching all users from repository',
  level: 'info',
  timestamp: '2026-08-04T18:53:40.432Z'
}
{
  message: '[UserController] Get all users',
  level: 'info',
  timestamp: '2026-08-04T18:53:45.466Z'
}
{
  message: 'Fetching all users from repository',
  level: 'info',
  timestamp: '2026-08-04T18:53:45.467Z'
}
{
  message: '[UserController] Get all users',
  level: 'info',
  timestamp: '2026-08-04T18:53:45.520Z'
}
{
  message: 'Fetching all users from repository',
  level: 'info',
  timestamp: '2026-08-04T18:53:45.520Z'
}
{
  message: '[SchedulerService] Đang kiểm tra các booking hết hạn thanh toán...',
  level: 'info',
  timestamp: '2026-08-04T18:55:00.019Z'
}
{
  message: 'JWT Verification Error: jwt expired',
  level: 'error',
  timestamp: '2026-08-04T18:56:52.950Z'
}
{
  message: 'GLOBAL ERROR HANDLER CAUGHT: Error: Phiên đăng nhập đã hết hạn. Vui lòng lấy Token mới.\n' +
    '    at authMiddleware (/app/src/middlewares/authMiddleware.ts:80:9)\n' +
    '    at Layer.handleRequest (/app/node_modules/router/lib/layer.js:152:17)\n' +
    '    at next (/app/node_modules/router/lib/route.js:157:13)\n' +
    '    at Route.dispatch (/app/node_modules/router/lib/route.js:117:3)\n' +
    '    at handle (/app/node_modules/router/index.js:435:11)\n' +
    '    at Layer.handleRequest (/app/node_modules/router/lib/layer.js:152:17)\n' +
    '    at /app/node_modules/router/index.js:295:15\n' +
    '    at processParams (/app/node_modules/router/index.js:582:12)\n' +
    '    at next (/app/node_modules/router/index.js:291:5)\n' +
    '    at Function.handle (/app/node_modules/router/index.js:186:3)',
  level: 'error',
  timestamp: '2026-08-04T18:56:52.952Z'
}
{
  message: 'JWT Verification Error: jwt expired',
  level: 'error',
  timestamp: '2026-08-04T18:56:52.971Z'
}
{
  message: 'GLOBAL ERROR HANDLER CAUGHT: Error: Phiên đăng nhập đã hết hạn. Vui lòng lấy Token mới.\n' +
    '    at authMiddleware (/app/src/middlewares/authMiddleware.ts:80:9)\n' +
    '    at Layer.handleRequest (/app/node_modules/router/lib/layer.js:152:17)\n' +
    '    at next (/app/node_modules/router/lib/route.js:157:13)\n' +
    '    at Route.dispatch (/app/node_modules/router/lib/route.js:117:3)\n' +
    '    at handle (/app/node_modules/router/index.js:435:11)\n' +
    '    at Layer.handleRequest (/app/node_modules/router/lib/layer.js:152:17)\n' +
    '    at /app/node_modules/router/index.js:295:15\n' +
    '    at processParams (/app/node_modules/router/index.js:582:12)\n' +
    '    at next (/app/node_modules/router/index.js:291:5)\n' +
    '    at Function.handle (/app/node_modules/router/index.js:186:3)',
  level: 'error',
  timestamp: '2026-08-04T18:56:52.973Z'
}
{
  message: '[AuthController] Refresh Tokens',
  level: 'info',
  timestamp: '2026-08-04T18:56:52.986Z'
}
{
  message: 'Fetching user details for ID: 454734c4-6a7b-4647-a90a-7b6bdbec2232',
  level: 'debug',
  timestamp: '2026-08-04T18:56:53.014Z'
}
{
  message: '[Cache Miss] Tìm user ID: 454734c4-6a7b-4647-a90a-7b6bdbec2232 trong Database',
  level: 'debug',
  timestamp: '2026-08-04T18:56:53.015Z'
}
{
  message: '[AuthService] Tokens refreshed successfully for user: admin@booking.com',
  level: 'info',
  timestamp: '2026-08-04T18:56:53.052Z'
}
{
  userId: '454734c4-6a7b-4647-a90a-7b6bdbec2232',
  level: 'info',
  message: '[AuthController] Get Me',
  timestamp: '2026-08-04T18:56:53.107Z'
}
{
  message: 'Fetching user details for ID: 454734c4-6a7b-4647-a90a-7b6bdbec2232',
  level: 'debug',
  timestamp: '2026-08-04T18:56:53.108Z'
}
{
  message: '[Cache Hit] Lấy thông tin user ID: 454734c4-6a7b-4647-a90a-7b6bdbec2232 từ Redis',
  level: 'debug',
  timestamp: '2026-08-04T18:56:53.116Z'
}
{
  message: '[UserController] Get all users',
  level: 'info',
  timestamp: '2026-08-04T18:56:53.139Z'
}
{
  message: 'Fetching all users from repository',
  level: 'info',
  timestamp: '2026-08-04T18:56:53.140Z'
}
{
  userId: '454734c4-6a7b-4647-a90a-7b6bdbec2232',
  level: 'info',
  message: '[AuthController] Get Me',
  timestamp: '2026-08-04T18:56:53.160Z'
}
{
  message: 'Fetching user details for ID: 454734c4-6a7b-4647-a90a-7b6bdbec2232',
  level: 'debug',
  timestamp: '2026-08-04T18:56:53.160Z'
}
{
  message: '[Cache Hit] Lấy thông tin user ID: 454734c4-6a7b-4647-a90a-7b6bdbec2232 từ Redis',
  level: 'debug',
  timestamp: '2026-08-04T18:56:53.161Z'
}
{
  message: '[UserController] Get all users',
  level: 'info',
  timestamp: '2026-08-04T18:56:53.222Z'
}
{
  message: 'Fetching all users from repository',
  level: 'info',
  timestamp: '2026-08-04T18:56:53.223Z'
}
{
  userId: '454734c4-6a7b-4647-a90a-7b6bdbec2232',
  level: 'info',
  message: '[AuthController] Get Me',
  timestamp: '2026-08-04T18:56:55.403Z'
}
{
  message: 'Fetching user details for ID: 454734c4-6a7b-4647-a90a-7b6bdbec2232',
  level: 'debug',
  timestamp: '2026-08-04T18:56:55.404Z'
}
{
  message: '[Cache Hit] Lấy thông tin user ID: 454734c4-6a7b-4647-a90a-7b6bdbec2232 từ Redis',
  level: 'debug',
  timestamp: '2026-08-04T18:56:55.405Z'
}
{
  userId: '454734c4-6a7b-4647-a90a-7b6bdbec2232',
  level: 'info',
  message: '[AuthController] Get Me',
  timestamp: '2026-08-04T18:56:55.410Z'
}
{
  message: 'Fetching user details for ID: 454734c4-6a7b-4647-a90a-7b6bdbec2232',
  level: 'debug',
  timestamp: '2026-08-04T18:56:55.410Z'
}
{
  message: '[Cache Hit] Lấy thông tin user ID: 454734c4-6a7b-4647-a90a-7b6bdbec2232 từ Redis',
  level: 'debug',
  timestamp: '2026-08-04T18:56:55.411Z'
}
{
  message: '[Cache Hit] Lấy danh sách điểm đến hoạt động từ Redis',
  level: 'debug',
  timestamp: '2026-08-04T18:56:55.782Z'
}
{
  page: '1',
  limit: '10',
  status: 'ACTIVE',
  level: 'info',
  message: '[HotelController] Get all hotels with queries',
  timestamp: '2026-08-04T18:56:55.790Z'
}
{
  message: '[Cache Hit] Lấy danh sách điểm đến hoạt động từ Redis',
  level: 'debug',
  timestamp: '2026-08-04T18:56:55.796Z'
}
{
  page: '1',
  limit: '10',
  status: 'ACTIVE',
  level: 'info',
  message: '[HotelController] Get all hotels with queries',
  timestamp: '2026-08-04T18:56:55.804Z'
}
{
  message: '[Cache Hit] Lấy danh sách điểm đến hoạt động từ Redis',
  level: 'debug',
  timestamp: '2026-08-04T18:56:55.809Z'
}
{
  message: '[Cache Hit] Lấy danh sách điểm đến hoạt động từ Redis',
  level: 'debug',
  timestamp: '2026-08-04T18:56:55.817Z'
}
{
  email: 'agent1@booking.com',
  level: 'info',
  message: '[AuthController] Login with Password',
  timestamp: '2026-08-04T18:57:03.338Z'
}
{
  message: 'User ID 0cbc0c7f-fda6-4929-b479-ad9d83ace8ce đăng nhập thành công. Đã làm sạch lịch sử đăng nhập sai.',
  level: 'info',
  timestamp: '2026-08-04T18:57:03.410Z'
}
{
  message: '[AuthService] Password login successful for user: agent1@booking.com',
  level: 'info',
  timestamp: '2026-08-04T18:57:03.414Z'
}
{
  userId: '0cbc0c7f-fda6-4929-b479-ad9d83ace8ce',
  level: 'info',
  message: '[AuthController] Get Me',
  timestamp: '2026-08-04T18:57:03.439Z'
}
{
  message: 'Fetching user details for ID: 0cbc0c7f-fda6-4929-b479-ad9d83ace8ce',
  level: 'debug',
  timestamp: '2026-08-04T18:57:03.440Z'
}
{
  message: '[Cache Hit] Lấy thông tin user ID: 0cbc0c7f-fda6-4929-b479-ad9d83ace8ce từ Redis',
  level: 'debug',
  timestamp: '2026-08-04T18:57:03.441Z'
}
{
  message: '[Cache Hit] Lấy danh sách điểm đến hoạt động từ Redis',
  level: 'debug',
  timestamp: '2026-08-04T18:57:03.501Z'
}
{
  message: '[Cache Hit] Lấy danh sách điểm đến hoạt động từ Redis',
  level: 'debug',
  timestamp: '2026-08-04T18:57:03.518Z'
}
{
  message: '[Cache Hit] Lấy danh sách điểm đến hoạt động từ Redis',
  level: 'debug',
  timestamp: '2026-08-04T18:57:03.532Z'
}
{
  page: '1',
  limit: '10',
  status: 'ACTIVE',
  level: 'info',
  message: '[HotelController] Get all hotels with queries',
  timestamp: '2026-08-04T18:57:03.540Z'
}
{
  message: '[Cache Hit] Lấy danh sách điểm đến hoạt động từ Redis',
  level: 'debug',
  timestamp: '2026-08-04T18:57:03.542Z'
}
{
  page: '1',
  limit: '10',
  status: 'ACTIVE',
  level: 'info',
  message: '[HotelController] Get all hotels with queries',
  timestamp: '2026-08-04T18:57:03.549Z'
}
{
  message: '[HotelController] Get my hotels',
  level: 'info',
  timestamp: '2026-08-04T18:57:06.399Z'
}
{
  message: '[HotelController] Get my hotels',
  level: 'info',
  timestamp: '2026-08-04T18:57:06.460Z'
}
{
  hotelId: 'd29b2e2a-8af1-4273-8f2d-87053225f461',
  level: 'info',
  message: '[BookingController] Get hotel bookings',
  timestamp: '2026-08-04T18:57:06.528Z'
}
{
  hotelId: '47451836-dfa0-4b5c-b770-43e87150fe10',
  level: 'info',
  message: '[BookingController] Get hotel bookings',
  timestamp: '2026-08-04T18:57:06.532Z'
}
{
  hotelId: '45ea8129-6cde-4f0a-b8a5-701260e11966',
  level: 'info',
  message: '[BookingController] Get hotel bookings',
  timestamp: '2026-08-04T18:57:06.543Z'
}
{
  message: '[Cache Hit] Lấy thông tin hotel ID: d29b2e2a-8af1-4273-8f2d-87053225f461 từ Redis',
  level: 'debug',
  timestamp: '2026-08-04T18:57:06.544Z'
}
{
  message: '[Cache Hit] Lấy thông tin hotel ID: 47451836-dfa0-4b5c-b770-43e87150fe10 từ Redis',
  level: 'debug',
  timestamp: '2026-08-04T18:57:06.545Z'
}
{
  message: '[Cache Hit] Lấy thông tin hotel ID: 45ea8129-6cde-4f0a-b8a5-701260e11966 từ Redis',
  level: 'debug',
  timestamp: '2026-08-04T18:57:06.545Z'
}
{
  hotelId: 'fda0f2da-56b2-46ac-afa7-7bb4e6d06edc',
  level: 'info',
  message: '[BookingController] Get hotel bookings',
  timestamp: '2026-08-04T18:57:06.549Z'
}
{
  message: '[Cache Hit] Lấy thông tin hotel ID: fda0f2da-56b2-46ac-afa7-7bb4e6d06edc từ Redis',
  level: 'debug',
  timestamp: '2026-08-04T18:57:06.551Z'
}
{
  hotelId: 'ae4ccd44-300e-4ca3-b16c-d3e71b6a0193',
  level: 'info',
  message: '[BookingController] Get hotel bookings',
  timestamp: '2026-08-04T18:57:06.558Z'
}
{
  message: '[Cache Hit] Lấy thông tin hotel ID: ae4ccd44-300e-4ca3-b16c-d3e71b6a0193 từ Redis',
  level: 'debug',
  timestamp: '2026-08-04T18:57:06.560Z'
}
{
  hotelId: '1f63d07b-44ef-412e-8e8f-fc20853648c3',
  level: 'info',
  message: '[BookingController] Get hotel bookings',
  timestamp: '2026-08-04T18:57:06.569Z'
}
{
  hotelId: 'db71d087-b5a7-47be-b2a3-04e168e623b9',
  level: 'info',
  message: '[BookingController] Get hotel bookings',
  timestamp: '2026-08-04T18:57:06.571Z'
}
{
  hotelId: 'fdfc5eb7-97ff-450b-9edf-723739f36d56',
  level: 'info',
  message: '[BookingController] Get hotel bookings',
  timestamp: '2026-08-04T18:57:06.574Z'
}
{
  hotelId: 'd79e14bd-e09b-49c3-80d7-4442133e57d6',
  level: 'info',
  message: '[BookingController] Get hotel bookings',
  timestamp: '2026-08-04T18:57:06.576Z'
}
{
  message: '[Cache Hit] Lấy thông tin hotel ID: 1f63d07b-44ef-412e-8e8f-fc20853648c3 từ Redis',
  level: 'debug',
  timestamp: '2026-08-04T18:57:06.577Z'
}
{
  message: '[Cache Hit] Lấy thông tin hotel ID: db71d087-b5a7-47be-b2a3-04e168e623b9 từ Redis',
  level: 'debug',
  timestamp: '2026-08-04T18:57:06.578Z'
}
{
  message: '[Cache Hit] Lấy thông tin hotel ID: fdfc5eb7-97ff-450b-9edf-723739f36d56 từ Redis',
  level: 'debug',
  timestamp: '2026-08-04T18:57:06.578Z'
}
{
  message: '[Cache Hit] Lấy thông tin hotel ID: d79e14bd-e09b-49c3-80d7-4442133e57d6 từ Redis',
  level: 'debug',
  timestamp: '2026-08-04T18:57:06.578Z'
}
{
  hotelId: '52eb4a25-dcb7-4bea-81ac-9d12053bd2c0',
  level: 'info',
  message: '[BookingController] Get hotel bookings',
  timestamp: '2026-08-04T18:57:06.584Z'
}
{
  message: '[Cache Hit] Lấy thông tin hotel ID: 52eb4a25-dcb7-4bea-81ac-9d12053bd2c0 từ Redis',
  level: 'debug',
  timestamp: '2026-08-04T18:57:06.585Z'
}
{
  hotelId: '6476b4b4-c8ba-4f05-a3ae-9ba776ad4be3',
  level: 'info',
  message: '[BookingController] Get hotel bookings',
  timestamp: '2026-08-04T18:57:06.593Z'
}
{
  message: '[Cache Hit] Lấy thông tin hotel ID: 6476b4b4-c8ba-4f05-a3ae-9ba776ad4be3 từ Redis',
  level: 'debug',
  timestamp: '2026-08-04T18:57:06.595Z'
}
{
  hotelId: '3ff5cc53-9069-45bc-a39e-2295bebd3ea5',
  level: 'info',
  message: '[BookingController] Get hotel bookings',
  timestamp: '2026-08-04T18:57:06.602Z'
}
{
  hotelId: '09928f48-b9bb-4700-85d2-51b072eef2c9',
  level: 'info',
  message: '[BookingController] Get hotel bookings',
  timestamp: '2026-08-04T18:57:06.604Z'
}
{
  hotelId: 'a9778731-bce8-4dbf-8b2f-ab2543bfdcdc',
  level: 'info',
  message: '[BookingController] Get hotel bookings',
  timestamp: '2026-08-04T18:57:06.605Z'
}
{
  hotelId: '61f3e4c1-cba1-48b1-851c-16bc9d413ec2',
  level: 'info',
  message: '[BookingController] Get hotel bookings',
  timestamp: '2026-08-04T18:57:06.609Z'
}
{
  message: '[Cache Hit] Lấy thông tin hotel ID: 3ff5cc53-9069-45bc-a39e-2295bebd3ea5 từ Redis',
  level: 'debug',
  timestamp: '2026-08-04T18:57:06.610Z'
}
{
  message: '[Cache Hit] Lấy thông tin hotel ID: 09928f48-b9bb-4700-85d2-51b072eef2c9 từ Redis',
  level: 'debug',
  timestamp: '2026-08-04T18:57:06.610Z'
}
{
  message: '[Cache Hit] Lấy thông tin hotel ID: a9778731-bce8-4dbf-8b2f-ab2543bfdcdc từ Redis',
  level: 'debug',
  timestamp: '2026-08-04T18:57:06.610Z'
}
{
  message: '[Cache Hit] Lấy thông tin hotel ID: 61f3e4c1-cba1-48b1-851c-16bc9d413ec2 từ Redis',
  level: 'debug',
  timestamp: '2026-08-04T18:57:06.610Z'
}
{
  hotelId: 'd29b2e2a-8af1-4273-8f2d-87053225f461',
  level: 'info',
  message: '[BookingController] Get hotel bookings',
  timestamp: '2026-08-04T18:57:06.613Z'
}
{
  message: '[Cache Hit] Lấy thông tin hotel ID: d29b2e2a-8af1-4273-8f2d-87053225f461 từ Redis',
  level: 'debug',
  timestamp: '2026-08-04T18:57:06.615Z'
}
{
  hotelId: '47451836-dfa0-4b5c-b770-43e87150fe10',
  level: 'info',
  message: '[BookingController] Get hotel bookings',
  timestamp: '2026-08-04T18:57:06.624Z'
}
{
  message: '[Cache Hit] Lấy thông tin hotel ID: 47451836-dfa0-4b5c-b770-43e87150fe10 từ Redis',
  level: 'debug',
  timestamp: '2026-08-04T18:57:06.628Z'
}
{
  hotelId: '45ea8129-6cde-4f0a-b8a5-701260e11966',
  level: 'info',
  message: '[BookingController] Get hotel bookings',
  timestamp: '2026-08-04T18:57:06.632Z'
}
{
  hotelId: 'fda0f2da-56b2-46ac-afa7-7bb4e6d06edc',
  level: 'info',
  message: '[BookingController] Get hotel bookings',
  timestamp: '2026-08-04T18:57:06.636Z'
}
{
  hotelId: 'ae4ccd44-300e-4ca3-b16c-d3e71b6a0193',
  level: 'info',
  message: '[BookingController] Get hotel bookings',
  timestamp: '2026-08-04T18:57:06.638Z'
}
{
  hotelId: '1f63d07b-44ef-412e-8e8f-fc20853648c3',
  level: 'info',
  message: '[BookingController] Get hotel bookings',
  timestamp: '2026-08-04T18:57:06.640Z'
}
{
  message: '[Cache Hit] Lấy thông tin hotel ID: 45ea8129-6cde-4f0a-b8a5-701260e11966 từ Redis',
  level: 'debug',
  timestamp: '2026-08-04T18:57:06.640Z'
}
{
  message: '[Cache Hit] Lấy thông tin hotel ID: fda0f2da-56b2-46ac-afa7-7bb4e6d06edc từ Redis',
  level: 'debug',
  timestamp: '2026-08-04T18:57:06.641Z'
}
{
  message: '[Cache Hit] Lấy thông tin hotel ID: ae4ccd44-300e-4ca3-b16c-d3e71b6a0193 từ Redis',
  level: 'debug',
  timestamp: '2026-08-04T18:57:06.641Z'
}
{
  message: '[Cache Hit] Lấy thông tin hotel ID: 1f63d07b-44ef-412e-8e8f-fc20853648c3 từ Redis',
  level: 'debug',
  timestamp: '2026-08-04T18:57:06.641Z'
}
{
  hotelId: 'db71d087-b5a7-47be-b2a3-04e168e623b9',
  level: 'info',
  message: '[BookingController] Get hotel bookings',
  timestamp: '2026-08-04T18:57:06.648Z'
}
{
  message: '[Cache Hit] Lấy thông tin hotel ID: db71d087-b5a7-47be-b2a3-04e168e623b9 từ Redis',
  level: 'debug',
  timestamp: '2026-08-04T18:57:06.649Z'
}
{
  hotelId: 'fdfc5eb7-97ff-450b-9edf-723739f36d56',
  level: 'info',
  message: '[BookingController] Get hotel bookings',
  timestamp: '2026-08-04T18:57:06.656Z'
}
{
  message: '[Cache Hit] Lấy thông tin hotel ID: fdfc5eb7-97ff-450b-9edf-723739f36d56 từ Redis',
  level: 'debug',
  timestamp: '2026-08-04T18:57:06.657Z'
}
{
  hotelId: 'd79e14bd-e09b-49c3-80d7-4442133e57d6',
  level: 'info',
  message: '[BookingController] Get hotel bookings',
  timestamp: '2026-08-04T18:57:06.662Z'
}
{
  hotelId: '52eb4a25-dcb7-4bea-81ac-9d12053bd2c0',
  level: 'info',
  message: '[BookingController] Get hotel bookings',
  timestamp: '2026-08-04T18:57:06.665Z'
}
{
  hotelId: '6476b4b4-c8ba-4f05-a3ae-9ba776ad4be3',
  level: 'info',
  message: '[BookingController] Get hotel bookings',
  timestamp: '2026-08-04T18:57:06.667Z'
}
{
  hotelId: '3ff5cc53-9069-45bc-a39e-2295bebd3ea5',
  level: 'info',
  message: '[BookingController] Get hotel bookings',
  timestamp: '2026-08-04T18:57:06.671Z'
}
{
  message: '[Cache Hit] Lấy thông tin hotel ID: d79e14bd-e09b-49c3-80d7-4442133e57d6 từ Redis',
  level: 'debug',
  timestamp: '2026-08-04T18:57:06.673Z'
}
{
  message: '[Cache Hit] Lấy thông tin hotel ID: 52eb4a25-dcb7-4bea-81ac-9d12053bd2c0 từ Redis',
  level: 'debug',
  timestamp: '2026-08-04T18:57:06.673Z'
}
{
  message: '[Cache Hit] Lấy thông tin hotel ID: 6476b4b4-c8ba-4f05-a3ae-9ba776ad4be3 từ Redis',
  level: 'debug',
  timestamp: '2026-08-04T18:57:06.673Z'
}
{
  message: '[Cache Hit] Lấy thông tin hotel ID: 3ff5cc53-9069-45bc-a39e-2295bebd3ea5 từ Redis',
  level: 'debug',
  timestamp: '2026-08-04T18:57:06.673Z'
}
{
  hotelId: '09928f48-b9bb-4700-85d2-51b072eef2c9',
  level: 'info',
  message: '[BookingController] Get hotel bookings',
  timestamp: '2026-08-04T18:57:06.676Z'
}
{
  message: '[Cache Hit] Lấy thông tin hotel ID: 09928f48-b9bb-4700-85d2-51b072eef2c9 từ Redis',
  level: 'debug',
  timestamp: '2026-08-04T18:57:06.678Z'
}
{
  hotelId: 'a9778731-bce8-4dbf-8b2f-ab2543bfdcdc',
  level: 'info',
  message: '[BookingController] Get hotel bookings',
  timestamp: '2026-08-04T18:57:06.683Z'
}
{
  message: '[Cache Hit] Lấy thông tin hotel ID: a9778731-bce8-4dbf-8b2f-ab2543bfdcdc từ Redis',
  level: 'debug',
  timestamp: '2026-08-04T18:57:06.685Z'
}
{
  hotelId: '61f3e4c1-cba1-48b1-851c-16bc9d413ec2',
  level: 'info',
  message: '[BookingController] Get hotel bookings',
  timestamp: '2026-08-04T18:57:06.690Z'
}
{
  message: '[Cache Hit] Lấy thông tin hotel ID: 61f3e4c1-cba1-48b1-851c-16bc9d413ec2 từ Redis',
  level: 'debug',
  timestamp: '2026-08-04T18:57:06.691Z'
}
{
  message: '[HotelController] Get my hotels',
  level: 'info',
  timestamp: '2026-08-04T18:57:25.861Z'
}
{
  message: '[HotelController] Get my hotels',
  level: 'info',
  timestamp: '2026-08-04T18:57:25.899Z'
}
{
  message: '[RoomTypeController] Get all room types for agent',
  level: 'info',
  timestamp: '2026-08-04T18:57:34.652Z'
}
{
  message: '[RoomTypeController] Get all room types for agent',
  level: 'info',
  timestamp: '2026-08-04T18:57:34.685Z'
}
{
  message: '[HotelController] Get my hotels',
  level: 'info',
  timestamp: '2026-08-04T18:57:41.971Z'
}
{
  message: '[HotelController] Get my hotels',
  level: 'info',
  timestamp: '2026-08-04T18:57:41.987Z'
}
{
  message: '[RoomController] Get rooms by hotel',
  level: 'info',
  timestamp: '2026-08-04T18:57:43.573Z'
}
{
  message: '[RoomTypeController] Get all room types for agent',
  level: 'info',
  timestamp: '2026-08-04T18:57:43.583Z'
}
{
  message: '[RoomController] Get rooms by hotel',
  level: 'info',
  timestamp: '2026-08-04T18:57:43.598Z'
}
{
  message: '[RoomTypeController] Get all room types for agent',
  level: 'info',
  timestamp: '2026-08-04T18:57:43.609Z'
}
{
  message: '[HotelController] Get my hotels',
  level: 'info',
  timestamp: '2026-08-04T18:57:51.553Z'
}
{
  message: '[HotelController] Get my hotels',
  level: 'info',
  timestamp: '2026-08-04T18:57:51.574Z'
}
{
  hotelId: 'ae4ccd44-300e-4ca3-b16c-d3e71b6a0193',
  level: 'info',
  message: '[BookingController] Get hotel bookings',
  timestamp: '2026-08-04T18:57:51.611Z'
}
{
  message: '[Cache Hit] Lấy thông tin hotel ID: ae4ccd44-300e-4ca3-b16c-d3e71b6a0193 từ Redis',
  level: 'debug',
  timestamp: '2026-08-04T18:57:51.620Z'
}
{
  hotelId: '47451836-dfa0-4b5c-b770-43e87150fe10',
  level: 'info',
  message: '[BookingController] Get hotel bookings',
  timestamp: '2026-08-04T18:57:51.629Z'
}
{
  message: '[Cache Hit] Lấy thông tin hotel ID: 47451836-dfa0-4b5c-b770-43e87150fe10 từ Redis',
  level: 'debug',
  timestamp: '2026-08-04T18:57:51.630Z'
}
{
  hotelId: '52eb4a25-dcb7-4bea-81ac-9d12053bd2c0',
  level: 'info',
  message: '[BookingController] Get hotel bookings',
  timestamp: '2026-08-04T18:57:51.633Z'
}
{
  hotelId: 'fda0f2da-56b2-46ac-afa7-7bb4e6d06edc',
  level: 'info',
  message: '[BookingController] Get hotel bookings',
  timestamp: '2026-08-04T18:57:51.637Z'
}
{
  message: '[Cache Hit] Lấy thông tin hotel ID: 52eb4a25-dcb7-4bea-81ac-9d12053bd2c0 từ Redis',
  level: 'debug',
  timestamp: '2026-08-04T18:57:51.638Z'
}
{
  message: '[Cache Hit] Lấy thông tin hotel ID: fda0f2da-56b2-46ac-afa7-7bb4e6d06edc từ Redis',
  level: 'debug',
  timestamp: '2026-08-04T18:57:51.638Z'
}
{
  hotelId: 'd29b2e2a-8af1-4273-8f2d-87053225f461',
  level: 'info',
  message: '[BookingController] Get hotel bookings',
  timestamp: '2026-08-04T18:57:51.642Z'
}
{
  message: '[Cache Hit] Lấy thông tin hotel ID: d29b2e2a-8af1-4273-8f2d-87053225f461 từ Redis',
  level: 'debug',
  timestamp: '2026-08-04T18:57:51.644Z'
}
{
  hotelId: '45ea8129-6cde-4f0a-b8a5-701260e11966',
  level: 'info',
  message: '[BookingController] Get hotel bookings',
  timestamp: '2026-08-04T18:57:51.648Z'
}
{
  hotelId: 'd79e14bd-e09b-49c3-80d7-4442133e57d6',
  level: 'info',
  message: '[BookingController] Get hotel bookings',
  timestamp: '2026-08-04T18:57:51.651Z'
}
{
  message: '[Cache Hit] Lấy thông tin hotel ID: 45ea8129-6cde-4f0a-b8a5-701260e11966 từ Redis',
  level: 'debug',
  timestamp: '2026-08-04T18:57:51.652Z'
}
{
  message: '[Cache Hit] Lấy thông tin hotel ID: d79e14bd-e09b-49c3-80d7-4442133e57d6 từ Redis',
  level: 'debug',
  timestamp: '2026-08-04T18:57:51.652Z'
}
{
  hotelId: '3ff5cc53-9069-45bc-a39e-2295bebd3ea5',
  level: 'info',
  message: '[BookingController] Get hotel bookings',
  timestamp: '2026-08-04T18:57:51.658Z'
}
{
  hotelId: '61f3e4c1-cba1-48b1-851c-16bc9d413ec2',
  level: 'info',
  message: '[BookingController] Get hotel bookings',
  timestamp: '2026-08-04T18:57:51.660Z'
}
{
  hotelId: 'fdfc5eb7-97ff-450b-9edf-723739f36d56',
  level: 'info',
  message: '[BookingController] Get hotel bookings',
  timestamp: '2026-08-04T18:57:51.663Z'
}
{
  message: '[Cache Hit] Lấy thông tin hotel ID: 3ff5cc53-9069-45bc-a39e-2295bebd3ea5 từ Redis',
  level: 'debug',
  timestamp: '2026-08-04T18:57:51.664Z'
}
{
  message: '[Cache Hit] Lấy thông tin hotel ID: 61f3e4c1-cba1-48b1-851c-16bc9d413ec2 từ Redis',
  level: 'debug',
  timestamp: '2026-08-04T18:57:51.664Z'
}
{
  message: '[Cache Hit] Lấy thông tin hotel ID: fdfc5eb7-97ff-450b-9edf-723739f36d56 từ Redis',
  level: 'debug',
  timestamp: '2026-08-04T18:57:51.664Z'
}
{
  hotelId: '6476b4b4-c8ba-4f05-a3ae-9ba776ad4be3',
  level: 'info',
  message: '[BookingController] Get hotel bookings',
  timestamp: '2026-08-04T18:57:51.672Z'
}
{
  message: '[Cache Hit] Lấy thông tin hotel ID: 6476b4b4-c8ba-4f05-a3ae-9ba776ad4be3 từ Redis',
  level: 'debug',
  timestamp: '2026-08-04T18:57:51.673Z'
}
{
  hotelId: 'db71d087-b5a7-47be-b2a3-04e168e623b9',
  level: 'info',
  message: '[BookingController] Get hotel bookings',
  timestamp: '2026-08-04T18:57:51.686Z'
}
{
  hotelId: '09928f48-b9bb-4700-85d2-51b072eef2c9',
  level: 'info',
  message: '[BookingController] Get hotel bookings',
  timestamp: '2026-08-04T18:57:51.691Z'
}
{
  message: '[Cache Hit] Lấy thông tin hotel ID: db71d087-b5a7-47be-b2a3-04e168e623b9 từ Redis',
  level: 'debug',
  timestamp: '2026-08-04T18:57:51.692Z'
}
{
  hotelId: 'a9778731-bce8-4dbf-8b2f-ab2543bfdcdc',
  level: 'info',
  message: '[BookingController] Get hotel bookings',
  timestamp: '2026-08-04T18:57:51.698Z'
}
{
  hotelId: '1f63d07b-44ef-412e-8e8f-fc20853648c3',
  level: 'info',
  message: '[BookingController] Get hotel bookings',
  timestamp: '2026-08-04T18:57:51.702Z'
}
{
  hotelId: '47451836-dfa0-4b5c-b770-43e87150fe10',
  level: 'info',
  message: '[BookingController] Get hotel bookings',
  timestamp: '2026-08-04T18:57:51.705Z'
}
{
  message: '[Cache Hit] Lấy thông tin hotel ID: 09928f48-b9bb-4700-85d2-51b072eef2c9 từ Redis',
  level: 'debug',
  timestamp: '2026-08-04T18:57:51.707Z'
}
{
  message: '[Cache Hit] Lấy thông tin hotel ID: a9778731-bce8-4dbf-8b2f-ab2543bfdcdc từ Redis',
  level: 'debug',
  timestamp: '2026-08-04T18:57:51.708Z'
}
{
  message: '[Cache Hit] Lấy thông tin hotel ID: 1f63d07b-44ef-412e-8e8f-fc20853648c3 từ Redis',
  level: 'debug',
  timestamp: '2026-08-04T18:57:51.708Z'
}
{
  message: '[Cache Hit] Lấy thông tin hotel ID: 47451836-dfa0-4b5c-b770-43e87150fe10 từ Redis',
  level: 'debug',
  timestamp: '2026-08-04T18:57:51.708Z'
}
{
  hotelId: 'ae4ccd44-300e-4ca3-b16c-d3e71b6a0193',
  level: 'info',
  message: '[BookingController] Get hotel bookings',
  timestamp: '2026-08-04T18:57:51.716Z'
}
{
  message: '[Cache Hit] Lấy thông tin hotel ID: ae4ccd44-300e-4ca3-b16c-d3e71b6a0193 từ Redis',
  level: 'debug',
  timestamp: '2026-08-04T18:57:51.718Z'
}
{
  hotelId: 'fda0f2da-56b2-46ac-afa7-7bb4e6d06edc',
  level: 'info',
  message: '[BookingController] Get hotel bookings',
  timestamp: '2026-08-04T18:57:51.728Z'
}
{
  message: '[Cache Hit] Lấy thông tin hotel ID: fda0f2da-56b2-46ac-afa7-7bb4e6d06edc từ Redis',
  level: 'debug',
  timestamp: '2026-08-04T18:57:51.729Z'
}
{
  hotelId: '52eb4a25-dcb7-4bea-81ac-9d12053bd2c0',
  level: 'info',
  message: '[BookingController] Get hotel bookings',
  timestamp: '2026-08-04T18:57:51.732Z'
}
{
  hotelId: 'd29b2e2a-8af1-4273-8f2d-87053225f461',
  level: 'info',
  message: '[BookingController] Get hotel bookings',
  timestamp: '2026-08-04T18:57:51.734Z'
}
{
  hotelId: '45ea8129-6cde-4f0a-b8a5-701260e11966',
  level: 'info',
  message: '[BookingController] Get hotel bookings',
  timestamp: '2026-08-04T18:57:51.736Z'
}
{
  hotelId: 'd79e14bd-e09b-49c3-80d7-4442133e57d6',
  level: 'info',
  message: '[BookingController] Get hotel bookings',
  timestamp: '2026-08-04T18:57:51.737Z'
}
{
  message: '[Cache Hit] Lấy thông tin hotel ID: 52eb4a25-dcb7-4bea-81ac-9d12053bd2c0 từ Redis',
  level: 'debug',
  timestamp: '2026-08-04T18:57:51.738Z'
}
{
  message: '[Cache Hit] Lấy thông tin hotel ID: d29b2e2a-8af1-4273-8f2d-87053225f461 từ Redis',
  level: 'debug',
  timestamp: '2026-08-04T18:57:51.738Z'
}
{
  message: '[Cache Hit] Lấy thông tin hotel ID: 45ea8129-6cde-4f0a-b8a5-701260e11966 từ Redis',
  level: 'debug',
  timestamp: '2026-08-04T18:57:51.738Z'
}
{
  message: '[Cache Hit] Lấy thông tin hotel ID: d79e14bd-e09b-49c3-80d7-4442133e57d6 từ Redis',
  level: 'debug',
  timestamp: '2026-08-04T18:57:51.739Z'
}
{
  hotelId: '3ff5cc53-9069-45bc-a39e-2295bebd3ea5',
  level: 'info',
  message: '[BookingController] Get hotel bookings',
  timestamp: '2026-08-04T18:57:51.742Z'
}
{
  message: '[Cache Hit] Lấy thông tin hotel ID: 3ff5cc53-9069-45bc-a39e-2295bebd3ea5 từ Redis',
  level: 'debug',
  timestamp: '2026-08-04T18:57:51.743Z'
}
{
  hotelId: '61f3e4c1-cba1-48b1-851c-16bc9d413ec2',
  level: 'info',
  message: '[BookingController] Get hotel bookings',
  timestamp: '2026-08-04T18:57:51.749Z'
}
{
  message: '[Cache Hit] Lấy thông tin hotel ID: 61f3e4c1-cba1-48b1-851c-16bc9d413ec2 từ Redis',
  level: 'debug',
  timestamp: '2026-08-04T18:57:51.751Z'
}
{
  hotelId: 'fdfc5eb7-97ff-450b-9edf-723739f36d56',
  level: 'info',
  message: '[BookingController] Get hotel bookings',
  timestamp: '2026-08-04T18:57:51.754Z'
}
{
  hotelId: '6476b4b4-c8ba-4f05-a3ae-9ba776ad4be3',
  level: 'info',
  message: '[BookingController] Get hotel bookings',
  timestamp: '2026-08-04T18:57:51.758Z'
}
{
  hotelId: 'db71d087-b5a7-47be-b2a3-04e168e623b9',
  level: 'info',
  message: '[BookingController] Get hotel bookings',
  timestamp: '2026-08-04T18:57:51.760Z'
}
{
  hotelId: '09928f48-b9bb-4700-85d2-51b072eef2c9',
  level: 'info',
  message: '[BookingController] Get hotel bookings',
  timestamp: '2026-08-04T18:57:51.763Z'
}
{
  message: '[Cache Hit] Lấy thông tin hotel ID: fdfc5eb7-97ff-450b-9edf-723739f36d56 từ Redis',
  level: 'debug',
  timestamp: '2026-08-04T18:57:51.765Z'
}
{
  message: '[Cache Hit] Lấy thông tin hotel ID: 6476b4b4-c8ba-4f05-a3ae-9ba776ad4be3 từ Redis',
  level: 'debug',
  timestamp: '2026-08-04T18:57:51.765Z'
}
{
  message: '[Cache Hit] Lấy thông tin hotel ID: db71d087-b5a7-47be-b2a3-04e168e623b9 từ Redis',
  level: 'debug',
  timestamp: '2026-08-04T18:57:51.765Z'
}
{
  message: '[Cache Hit] Lấy thông tin hotel ID: 09928f48-b9bb-4700-85d2-51b072eef2c9 từ Redis',
  level: 'debug',
  timestamp: '2026-08-04T18:57:51.765Z'
}
{
  hotelId: 'a9778731-bce8-4dbf-8b2f-ab2543bfdcdc',
  level: 'info',
  message: '[BookingController] Get hotel bookings',
  timestamp: '2026-08-04T18:57:51.770Z'
}
{
  message: '[Cache Hit] Lấy thông tin hotel ID: a9778731-bce8-4dbf-8b2f-ab2543bfdcdc từ Redis',
  level: 'debug',
  timestamp: '2026-08-04T18:57:51.771Z'
}
{
  hotelId: '1f63d07b-44ef-412e-8e8f-fc20853648c3',
  level: 'info',
  message: '[BookingController] Get hotel bookings',
  timestamp: '2026-08-04T18:57:51.778Z'
}
{
  message: '[Cache Hit] Lấy thông tin hotel ID: 1f63d07b-44ef-412e-8e8f-fc20853648c3 từ Redis',
  level: 'debug',
  timestamp: '2026-08-04T18:57:51.779Z'
}
{
  bookingId: '76b2f93e-8c9d-423b-8312-1522998b64eb',
  level: 'info',
  message: '[BookingController] Update booking status',
  timestamp: '2026-08-04T18:58:10.625Z'
}
{
  message: '[Cache Hit] Lấy thông tin hotel ID: 09928f48-b9bb-4700-85d2-51b072eef2c9 từ Redis',
  level: 'debug',
  timestamp: '2026-08-04T18:58:10.686Z'
}
{
  message: '[RoomController] Get rooms by roomType',
  level: 'info',
  timestamp: '2026-08-04T18:58:28.784Z'
}
{
  bookingId: '762499e8-7bf8-4f22-84ee-2d57a0025167',
  level: 'info',
  message: '[BookingController] Update booking status',
  timestamp: '2026-08-04T18:58:29.802Z'
}
{
  message: '[Cache Hit] Lấy thông tin hotel ID: 61f3e4c1-cba1-48b1-851c-16bc9d413ec2 từ Redis',
  level: 'debug',
  timestamp: '2026-08-04T18:58:29.824Z'
}
{
  bookingId: '76b2f93e-8c9d-423b-8312-1522998b64eb',
  level: 'info',
  message: '[BookingController] Update booking status',
  timestamp: '2026-08-04T18:58:32.871Z'
}
{
  message: '[Cache Hit] Lấy thông tin hotel ID: 09928f48-b9bb-4700-85d2-51b072eef2c9 từ Redis',
  level: 'debug',
  timestamp: '2026-08-04T18:58:32.880Z'
}
{
  message: 'JWT Verification Error: jwt expired',
  level: 'error',
  timestamp: '2026-08-04T18:58:51.818Z'
}
{
  message: 'GLOBAL ERROR HANDLER CAUGHT: Error: Phiên đăng nhập đã hết hạn. Vui lòng lấy Token mới.\n' +
    '    at authMiddleware (/app/src/middlewares/authMiddleware.ts:80:9)\n' +
    '    at Layer.handleRequest (/app/node_modules/router/lib/layer.js:152:17)\n' +
    '    at next (/app/node_modules/router/lib/route.js:157:13)\n' +
    '    at Route.dispatch (/app/node_modules/router/lib/route.js:117:3)\n' +
    '    at handle (/app/node_modules/router/index.js:435:11)\n' +
    '    at Layer.handleRequest (/app/node_modules/router/lib/layer.js:152:17)\n' +
    '    at /app/node_modules/router/index.js:295:15\n' +
    '    at processParams (/app/node_modules/router/index.js:582:12)\n' +
    '    at next (/app/node_modules/router/index.js:291:5)\n' +
    '    at Function.handle (/app/node_modules/router/index.js:186:3)',
  level: 'error',
  timestamp: '2026-08-04T18:58:51.820Z'
}
{
  message: 'JWT Verification Error: jwt expired',
  level: 'error',
  timestamp: '2026-08-04T18:58:51.833Z'
}
{
  message: 'GLOBAL ERROR HANDLER CAUGHT: Error: Phiên đăng nhập đã hết hạn. Vui lòng lấy Token mới.\n' +
    '    at authMiddleware (/app/src/middlewares/authMiddleware.ts:80:9)\n' +
    '    at Layer.handleRequest (/app/node_modules/router/lib/layer.js:152:17)\n' +
    '    at next (/app/node_modules/router/lib/route.js:157:13)\n' +
    '    at Route.dispatch (/app/node_modules/router/lib/route.js:117:3)\n' +
    '    at handle (/app/node_modules/router/index.js:435:11)\n' +
    '    at Layer.handleRequest (/app/node_modules/router/lib/layer.js:152:17)\n' +
    '    at /app/node_modules/router/index.js:295:15\n' +
    '    at processParams (/app/node_modules/router/index.js:582:12)\n' +
    '    at next (/app/node_modules/router/index.js:291:5)\n' +
    '    at Function.handle (/app/node_modules/router/index.js:186:3)',
  level: 'error',
  timestamp: '2026-08-04T18:58:51.835Z'
}
{
  message: '[AuthController] Refresh Tokens',
  level: 'info',
  timestamp: '2026-08-04T18:58:51.970Z'
}
{
  message: 'Fetching user details for ID: 0cbc0c7f-fda6-4929-b479-ad9d83ace8ce',
  level: 'debug',
  timestamp: '2026-08-04T18:58:51.997Z'
}
{
  message: '[Cache Hit] Lấy thông tin user ID: 0cbc0c7f-fda6-4929-b479-ad9d83ace8ce từ Redis',
  level: 'debug',
  timestamp: '2026-08-04T18:58:51.999Z'
}
{
  message: '[AuthService] Tokens refreshed successfully for user: agent1@booking.com',
  level: 'info',
  timestamp: '2026-08-04T18:58:52.024Z'
}
{
  userId: '0cbc0c7f-fda6-4929-b479-ad9d83ace8ce',
  level: 'info',
  message: '[AuthController] Get Me',
  timestamp: '2026-08-04T18:58:52.059Z'
}
{
  message: 'Fetching user details for ID: 0cbc0c7f-fda6-4929-b479-ad9d83ace8ce',
  level: 'debug',
  timestamp: '2026-08-04T18:58:52.059Z'
}
{
  message: '[Cache Hit] Lấy thông tin user ID: 0cbc0c7f-fda6-4929-b479-ad9d83ace8ce từ Redis',
  level: 'debug',
  timestamp: '2026-08-04T18:58:52.062Z'
}
{
  userId: '0cbc0c7f-fda6-4929-b479-ad9d83ace8ce',
  level: 'info',
  message: '[AuthController] Get Me',
  timestamp: '2026-08-04T18:58:52.071Z'
}
{
  message: 'Fetching user details for ID: 0cbc0c7f-fda6-4929-b479-ad9d83ace8ce',
  level: 'debug',
  timestamp: '2026-08-04T18:58:52.072Z'
}
{
  message: '[Cache Hit] Lấy thông tin user ID: 0cbc0c7f-fda6-4929-b479-ad9d83ace8ce từ Redis',
  level: 'debug',
  timestamp: '2026-08-04T18:58:52.073Z'
}
{
  message: '[Cache Hit] Lấy danh sách điểm đến hoạt động từ Redis',
  level: 'debug',
  timestamp: '2026-08-04T18:58:52.191Z'
}
{
  message: '[Cache Hit] Lấy danh sách điểm đến hoạt động từ Redis',
  level: 'debug',
  timestamp: '2026-08-04T18:58:52.199Z'
}
{
  page: '1',
  limit: '10',
  status: 'ACTIVE',
  level: 'info',
  message: '[HotelController] Get all hotels with queries',
  timestamp: '2026-08-04T18:58:52.202Z'
}
{
  message: '[Cache Hit] Lấy danh sách điểm đến hoạt động từ Redis',
  level: 'debug',
  timestamp: '2026-08-04T18:58:52.211Z'
}
{
  message: '[Cache Hit] Lấy danh sách điểm đến hoạt động từ Redis',
  level: 'debug',
  timestamp: '2026-08-04T18:58:52.220Z'
}
{
  page: '1',
  limit: '10',
  status: 'ACTIVE',
  level: 'info',
  message: '[HotelController] Get all hotels with queries',
  timestamp: '2026-08-04T18:58:52.223Z'
}
{
  email: 'locdz8c@gmail.com',
  level: 'info',
  message: '[AuthController] Login with Password',
  timestamp: '2026-08-04T18:58:58.928Z'
}
{
  message: 'User ID b88403bb-85f1-4be4-ac3b-a7abcc4e9a10 đăng nhập thành công. Đã làm sạch lịch sử đăng nhập sai.',
  level: 'info',
  timestamp: '2026-08-04T18:58:58.991Z'
}
{
  message: '[AuthService] Password login successful for user: locdz8c@gmail.com',
  level: 'info',
  timestamp: '2026-08-04T18:58:58.995Z'
}
{
  userId: 'b88403bb-85f1-4be4-ac3b-a7abcc4e9a10',
  level: 'info',
  message: '[AuthController] Get Me',
  timestamp: '2026-08-04T18:58:59.014Z'
}
{
  message: 'Fetching user details for ID: b88403bb-85f1-4be4-ac3b-a7abcc4e9a10',
  level: 'debug',
  timestamp: '2026-08-04T18:58:59.015Z'
}
{
  message: '[Cache Hit] Lấy thông tin user ID: b88403bb-85f1-4be4-ac3b-a7abcc4e9a10 từ Redis',
  level: 'debug',
  timestamp: '2026-08-04T18:58:59.016Z'
}
{
  message: '[Cache Hit] Lấy danh sách điểm đến hoạt động từ Redis',
  level: 'debug',
  timestamp: '2026-08-04T18:58:59.090Z'
}
{
  message: '[Cache Hit] Lấy danh sách điểm đến hoạt động từ Redis',
  level: 'debug',
  timestamp: '2026-08-04T18:58:59.095Z'
}
{
  page: '1',
  limit: '10',
  status: 'ACTIVE',
  level: 'info',
  message: '[HotelController] Get all hotels with queries',
  timestamp: '2026-08-04T18:58:59.098Z'
}
{
  message: '[Cache Hit] Lấy danh sách điểm đến hoạt động từ Redis',
  level: 'debug',
  timestamp: '2026-08-04T18:58:59.102Z'
}
{
  page: '1',
  limit: '10',
  status: 'ACTIVE',
  level: 'info',
  message: '[HotelController] Get all hotels with queries',
  timestamp: '2026-08-04T18:58:59.111Z'
}
{
  message: '[Cache Hit] Lấy danh sách điểm đến hoạt động từ Redis',
  level: 'debug',
  timestamp: '2026-08-04T18:58:59.125Z'
}
{
  message: '[Cache Hit] Lấy danh sách điểm đến hoạt động từ Redis',
  level: 'debug',
  timestamp: '2026-08-04T18:59:07.180Z'
}
{
  query: [Object: null prototype] {
    location: 'Hà Nội',
    checkInDate: '2026-08-20',
    checkOutDate: '2026-08-22',
    adults: '2',
    children: '0',
    rooms: '1'
  },
  level: 'info',
  message: '[SearchController] Search hotels',
  timestamp: '2026-08-04T18:59:07.182Z'
}
{
  message: '[Cache Hit] Lấy danh sách điểm đến hoạt động từ Redis',
  level: 'debug',
  timestamp: '2026-08-04T18:59:07.201Z'
}
{
  query: [Object: null prototype] {
    location: 'Hà Nội',
    checkInDate: '2026-08-20',
    checkOutDate: '2026-08-22',
    adults: '2',
    children: '0',
    rooms: '1'
  },
  level: 'info',
  message: '[SearchController] Search hotels',
  timestamp: '2026-08-04T18:59:07.235Z'
}
{
  hotelId: '09928f48-b9bb-4700-85d2-51b072eef2c9',
  level: 'info',
  message: '[HotelController] Get hotel by id',
  timestamp: '2026-08-04T18:59:08.154Z'
}
{
  message: '[Cache Hit] Lấy thông tin hotel ID: 09928f48-b9bb-4700-85d2-51b072eef2c9 từ Redis',
  level: 'debug',
  timestamp: '2026-08-04T18:59:08.155Z'
}
{
  hotelId: '09928f48-b9bb-4700-85d2-51b072eef2c9',
  level: 'info',
  message: '[HotelController] Get hotel by id',
  timestamp: '2026-08-04T18:59:08.165Z'
}
{
  message: '[Cache Hit] Lấy thông tin hotel ID: 09928f48-b9bb-4700-85d2-51b072eef2c9 từ Redis',
  level: 'debug',
  timestamp: '2026-08-04T18:59:08.166Z'
}
{
  message: '[BookingController] Create booking',
  level: 'info',
  timestamp: '2026-08-04T18:59:23.399Z'
}
{
  message: '[BookingController] Get user bookings',
  level: 'info',
  timestamp: '2026-08-04T18:59:23.563Z'
}
{
  message: '[BookingController] Get user bookings',
  level: 'info',
  timestamp: '2026-08-04T18:59:23.611Z'
}
{
  message: '[HotelController] Get my hotels',
  level: 'info',
  timestamp: '2026-08-04T18:59:32.034Z'
}
{
  hotelId: '47451836-dfa0-4b5c-b770-43e87150fe10',
  level: 'info',
  message: '[BookingController] Get hotel bookings',
  timestamp: '2026-08-04T18:59:32.072Z'
}
{
  message: '[Cache Hit] Lấy thông tin hotel ID: 47451836-dfa0-4b5c-b770-43e87150fe10 từ Redis',
  level: 'debug',
  timestamp: '2026-08-04T18:59:32.077Z'
}
{
  hotelId: 'fda0f2da-56b2-46ac-afa7-7bb4e6d06edc',
  level: 'info',
  message: '[BookingController] Get hotel bookings',
  timestamp: '2026-08-04T18:59:32.089Z'
}
{
  hotelId: 'd79e14bd-e09b-49c3-80d7-4442133e57d6',
  level: 'info',
  message: '[BookingController] Get hotel bookings',
  timestamp: '2026-08-04T18:59:32.092Z'
}
{
  message: '[Cache Hit] Lấy thông tin hotel ID: fda0f2da-56b2-46ac-afa7-7bb4e6d06edc từ Redis',
  level: 'debug',
  timestamp: '2026-08-04T18:59:32.094Z'
}
{
  message: '[Cache Hit] Lấy thông tin hotel ID: d79e14bd-e09b-49c3-80d7-4442133e57d6 từ Redis',
  level: 'debug',
  timestamp: '2026-08-04T18:59:32.094Z'
}
{
  hotelId: '1f63d07b-44ef-412e-8e8f-fc20853648c3',
  level: 'info',
  message: '[BookingController] Get hotel bookings',
  timestamp: '2026-08-04T18:59:32.097Z'
}
{
  message: '[Cache Hit] Lấy thông tin hotel ID: 1f63d07b-44ef-412e-8e8f-fc20853648c3 từ Redis',
  level: 'debug',
  timestamp: '2026-08-04T18:59:32.099Z'
}
{
  hotelId: 'ae4ccd44-300e-4ca3-b16c-d3e71b6a0193',
  level: 'info',
  message: '[BookingController] Get hotel bookings',
  timestamp: '2026-08-04T18:59:32.102Z'
}
{
  message: '[Cache Hit] Lấy thông tin hotel ID: ae4ccd44-300e-4ca3-b16c-d3e71b6a0193 từ Redis',
  level: 'debug',
  timestamp: '2026-08-04T18:59:32.107Z'
}
{
  hotelId: 'fdfc5eb7-97ff-450b-9edf-723739f36d56',
  level: 'info',
  message: '[BookingController] Get hotel bookings',
  timestamp: '2026-08-04T18:59:32.114Z'
}
{
  message: '[Cache Hit] Lấy thông tin hotel ID: fdfc5eb7-97ff-450b-9edf-723739f36d56 từ Redis',
  level: 'debug',
  timestamp: '2026-08-04T18:59:32.117Z'
}
{
  hotelId: '45ea8129-6cde-4f0a-b8a5-701260e11966',
  level: 'info',
  message: '[BookingController] Get hotel bookings',
  timestamp: '2026-08-04T18:59:32.122Z'
}
{
  message: '[Cache Hit] Lấy thông tin hotel ID: 45ea8129-6cde-4f0a-b8a5-701260e11966 từ Redis',
  level: 'debug',
  timestamp: '2026-08-04T18:59:32.124Z'
}
{
  hotelId: '3ff5cc53-9069-45bc-a39e-2295bebd3ea5',
  level: 'info',
  message: '[BookingController] Get hotel bookings',
  timestamp: '2026-08-04T18:59:32.144Z'
}
{
  message: '[Cache Hit] Lấy thông tin hotel ID: 3ff5cc53-9069-45bc-a39e-2295bebd3ea5 từ Redis',
  level: 'debug',
  timestamp: '2026-08-04T18:59:32.145Z'
}
{
  hotelId: '6476b4b4-c8ba-4f05-a3ae-9ba776ad4be3',
  level: 'info',
  message: '[BookingController] Get hotel bookings',
  timestamp: '2026-08-04T18:59:32.164Z'
}
{
  message: '[Cache Hit] Lấy thông tin hotel ID: 6476b4b4-c8ba-4f05-a3ae-9ba776ad4be3 từ Redis',
  level: 'debug',
  timestamp: '2026-08-04T18:59:32.167Z'
}
{
  hotelId: '52eb4a25-dcb7-4bea-81ac-9d12053bd2c0',
  level: 'info',
  message: '[BookingController] Get hotel bookings',
  timestamp: '2026-08-04T18:59:32.193Z'
}
{
  hotelId: 'a9778731-bce8-4dbf-8b2f-ab2543bfdcdc',
  level: 'info',
  message: '[BookingController] Get hotel bookings',
  timestamp: '2026-08-04T18:59:32.197Z'
}
{
  message: '[Cache Hit] Lấy thông tin hotel ID: 52eb4a25-dcb7-4bea-81ac-9d12053bd2c0 từ Redis',
  level: 'debug',
  timestamp: '2026-08-04T18:59:32.199Z'
}
{
  message: '[Cache Hit] Lấy thông tin hotel ID: a9778731-bce8-4dbf-8b2f-ab2543bfdcdc từ Redis',
  level: 'debug',
  timestamp: '2026-08-04T18:59:32.200Z'
}
{
  hotelId: '61f3e4c1-cba1-48b1-851c-16bc9d413ec2',
  level: 'info',
  message: '[BookingController] Get hotel bookings',
  timestamp: '2026-08-04T18:59:32.213Z'
}
{
  hotelId: 'db71d087-b5a7-47be-b2a3-04e168e623b9',
  level: 'info',
  message: '[BookingController] Get hotel bookings',
  timestamp: '2026-08-04T18:59:32.215Z'
}
{
  hotelId: '09928f48-b9bb-4700-85d2-51b072eef2c9',
  level: 'info',
  message: '[BookingController] Get hotel bookings',
  timestamp: '2026-08-04T18:59:32.217Z'
}
{
  message: '[Cache Hit] Lấy thông tin hotel ID: 61f3e4c1-cba1-48b1-851c-16bc9d413ec2 từ Redis',
  level: 'debug',
  timestamp: '2026-08-04T18:59:32.221Z'
}
{
  message: '[Cache Hit] Lấy thông tin hotel ID: db71d087-b5a7-47be-b2a3-04e168e623b9 từ Redis',
  level: 'debug',
  timestamp: '2026-08-04T18:59:32.221Z'
}
{
  message: '[Cache Hit] Lấy thông tin hotel ID: 09928f48-b9bb-4700-85d2-51b072eef2c9 từ Redis',
  level: 'debug',
  timestamp: '2026-08-04T18:59:32.221Z'
}
{
  hotelId: 'd29b2e2a-8af1-4273-8f2d-87053225f461',
  level: 'info',
  message: '[BookingController] Get hotel bookings',
  timestamp: '2026-08-04T18:59:32.257Z'
}
{
  message: '[Cache Hit] Lấy thông tin hotel ID: d29b2e2a-8af1-4273-8f2d-87053225f461 từ Redis',
  level: 'debug',
  timestamp: '2026-08-04T18:59:32.258Z'
}
{
  bookingId: 'a2232a1d-1a00-464f-9924-ed4d1b7ad0ab',
  level: 'info',
  message: '[BookingController] Update booking status',
  timestamp: '2026-08-04T18:59:34.256Z'
}
{
  message: '[Cache Hit] Lấy thông tin hotel ID: 09928f48-b9bb-4700-85d2-51b072eef2c9 từ Redis',
  level: 'debug',
  timestamp: '2026-08-04T18:59:34.263Z'
}
{
  bookingId: 'a2232a1d-1a00-464f-9924-ed4d1b7ad0ab',
  level: 'info',
  message: '[BookingController] Update payment status',
  timestamp: '2026-08-04T18:59:35.848Z'
}
{
  message: '[Cache Hit] Lấy thông tin hotel ID: 09928f48-b9bb-4700-85d2-51b072eef2c9 từ Redis',
  level: 'debug',
  timestamp: '2026-08-04T18:59:35.862Z'
}
{
  message: '[RoomController] Get rooms by roomType',
  level: 'info',
  timestamp: '2026-08-04T18:59:37.159Z'
}
{
  bookingId: 'a2232a1d-1a00-464f-9924-ed4d1b7ad0ab',
  level: 'info',
  message: '[BookingController] Update booking status',
  timestamp: '2026-08-04T18:59:38.138Z'
}
{
  message: '[Cache Hit] Lấy thông tin hotel ID: 09928f48-b9bb-4700-85d2-51b072eef2c9 từ Redis',
  level: 'debug',
  timestamp: '2026-08-04T18:59:38.146Z'
}
{
  message: '[SchedulerService] Đang kiểm tra các booking hết hạn thanh toán...',
  level: 'info',
  timestamp: '2026-08-04T19:00:00.003Z'
}
{
  message: 'JWT Verification Error: jwt expired',
  level: 'error',
  timestamp: '2026-08-04T19:00:07.021Z'
}
{
  message: 'GLOBAL ERROR HANDLER CAUGHT: Error: Phiên đăng nhập đã hết hạn. Vui lòng lấy Token mới.\n' +
    '    at authMiddleware (/app/src/middlewares/authMiddleware.ts:80:9)\n' +
    '    at Layer.handleRequest (/app/node_modules/router/lib/layer.js:152:17)\n' +
    '    at trimPrefix (/app/node_modules/router/index.js:342:13)\n' +
    '    at /app/node_modules/router/index.js:297:9\n' +
    '    at processParams (/app/node_modules/router/index.js:582:12)\n' +
    '    at next (/app/node_modules/router/index.js:291:5)\n' +
    '    at Function.handle (/app/node_modules/router/index.js:186:3)\n' +
    '    at router (/app/node_modules/router/index.js:60:12)\n' +
    '    at Layer.handleRequest (/app/node_modules/router/lib/layer.js:152:17)\n' +
    '    at trimPrefix (/app/node_modules/router/index.js:342:13)',
  level: 'error',
  timestamp: '2026-08-04T19:00:07.022Z'
}
{
  message: '[AuthController] Refresh Tokens',
  level: 'info',
  timestamp: '2026-08-04T19:00:07.029Z'
}
{
  message: 'Fetching user details for ID: 0cbc0c7f-fda6-4929-b479-ad9d83ace8ce',
  level: 'debug',
  timestamp: '2026-08-04T19:00:07.034Z'
}
{
  message: '[Cache Hit] Lấy thông tin user ID: 0cbc0c7f-fda6-4929-b479-ad9d83ace8ce từ Redis',
  level: 'debug',
  timestamp: '2026-08-04T19:00:07.035Z'
}
{
  message: '[AuthService] Tokens refreshed successfully for user: agent1@booking.com',
  level: 'info',
  timestamp: '2026-08-04T19:00:07.077Z'
}
{
  message: '[HotelController] Get my hotels',
  level: 'info',
  timestamp: '2026-08-04T19:02:39.734Z'
}
{
  message: '[HotelController] Get my hotels',
  level: 'info',
  timestamp: '2026-08-04T19:02:39.780Z'
}
{
  hotelId: 'ae4ccd44-300e-4ca3-b16c-d3e71b6a0193',
  level: 'info',
  message: '[BookingController] Get hotel bookings',
  timestamp: '2026-08-04T19:02:39.823Z'
}
{
  message: '[Cache Hit] Lấy thông tin hotel ID: ae4ccd44-300e-4ca3-b16c-d3e71b6a0193 từ Redis',
  level: 'debug',
  timestamp: '2026-08-04T19:02:39.838Z'
}
{
  hotelId: '45ea8129-6cde-4f0a-b8a5-701260e11966',
  level: 'info',
  message: '[BookingController] Get hotel bookings',
  timestamp: '2026-08-04T19:02:39.880Z'
}
{
  hotelId: '47451836-dfa0-4b5c-b770-43e87150fe10',
  level: 'info',
  message: '[BookingController] Get hotel bookings',
  timestamp: '2026-08-04T19:02:39.888Z'
}
{
  message: '[Cache Hit] Lấy thông tin hotel ID: 45ea8129-6cde-4f0a-b8a5-701260e11966 từ Redis',
  level: 'debug',
  timestamp: '2026-08-04T19:02:39.904Z'
}
{
  message: '[Cache Hit] Lấy thông tin hotel ID: 47451836-dfa0-4b5c-b770-43e87150fe10 từ Redis',
  level: 'debug',
  timestamp: '2026-08-04T19:02:39.904Z'
}
{
  hotelId: 'fda0f2da-56b2-46ac-afa7-7bb4e6d06edc',
  level: 'info',
  message: '[BookingController] Get hotel bookings',
  timestamp: '2026-08-04T19:02:39.908Z'
}
{
  message: '[Cache Hit] Lấy thông tin hotel ID: fda0f2da-56b2-46ac-afa7-7bb4e6d06edc từ Redis',
  level: 'debug',
  timestamp: '2026-08-04T19:02:39.909Z'
}
{
  hotelId: 'd29b2e2a-8af1-4273-8f2d-87053225f461',
  level: 'info',
  message: '[BookingController] Get hotel bookings',
  timestamp: '2026-08-04T19:02:39.914Z'
}
{
  message: '[Cache Hit] Lấy thông tin hotel ID: d29b2e2a-8af1-4273-8f2d-87053225f461 từ Redis',
  level: 'debug',
  timestamp: '2026-08-04T19:02:39.916Z'
}
{
  hotelId: '6476b4b4-c8ba-4f05-a3ae-9ba776ad4be3',
  level: 'info',
  message: '[BookingController] Get hotel bookings',
  timestamp: '2026-08-04T19:02:39.922Z'
}
{
  hotelId: '3ff5cc53-9069-45bc-a39e-2295bebd3ea5',
  level: 'info',
  message: '[BookingController] Get hotel bookings',
  timestamp: '2026-08-04T19:02:39.927Z'
}
{
  hotelId: 'd79e14bd-e09b-49c3-80d7-4442133e57d6',
  level: 'info',
  message: '[BookingController] Get hotel bookings',
  timestamp: '2026-08-04T19:02:39.932Z'
}
{
  message: '[Cache Hit] Lấy thông tin hotel ID: 6476b4b4-c8ba-4f05-a3ae-9ba776ad4be3 từ Redis',
  level: 'debug',
  timestamp: '2026-08-04T19:02:39.933Z'
}
{
  message: '[Cache Hit] Lấy thông tin hotel ID: 3ff5cc53-9069-45bc-a39e-2295bebd3ea5 từ Redis',
  level: 'debug',
  timestamp: '2026-08-04T19:02:39.934Z'
}
{
  message: '[Cache Hit] Lấy thông tin hotel ID: d79e14bd-e09b-49c3-80d7-4442133e57d6 từ Redis',
  level: 'debug',
  timestamp: '2026-08-04T19:02:39.934Z'
}
{
  hotelId: '52eb4a25-dcb7-4bea-81ac-9d12053bd2c0',
  level: 'info',
  message: '[BookingController] Get hotel bookings',
  timestamp: '2026-08-04T19:02:39.937Z'
}
{
  hotelId: 'fdfc5eb7-97ff-450b-9edf-723739f36d56',
  level: 'info',
  message: '[BookingController] Get hotel bookings',
  timestamp: '2026-08-04T19:02:39.944Z'
}
{
  message: '[Cache Hit] Lấy thông tin hotel ID: 52eb4a25-dcb7-4bea-81ac-9d12053bd2c0 từ Redis',
  level: 'debug',
  timestamp: '2026-08-04T19:02:39.947Z'
}
{
  message: '[Cache Hit] Lấy thông tin hotel ID: fdfc5eb7-97ff-450b-9edf-723739f36d56 từ Redis',
  level: 'debug',
  timestamp: '2026-08-04T19:02:39.947Z'
}
{
  hotelId: 'db71d087-b5a7-47be-b2a3-04e168e623b9',
  level: 'info',
  message: '[BookingController] Get hotel bookings',
  timestamp: '2026-08-04T19:02:39.954Z'
}
{
  message: '[Cache Hit] Lấy thông tin hotel ID: db71d087-b5a7-47be-b2a3-04e168e623b9 từ Redis',
  level: 'debug',
  timestamp: '2026-08-04T19:02:39.955Z'
}
{
  hotelId: 'ae4ccd44-300e-4ca3-b16c-d3e71b6a0193',
  level: 'info',
  message: '[BookingController] Get hotel bookings',
  timestamp: '2026-08-04T19:02:39.960Z'
}
{
  hotelId: 'a9778731-bce8-4dbf-8b2f-ab2543bfdcdc',
  level: 'info',
  message: '[BookingController] Get hotel bookings',
  timestamp: '2026-08-04T19:02:39.967Z'
}
{
  hotelId: '09928f48-b9bb-4700-85d2-51b072eef2c9',
  level: 'info',
  message: '[BookingController] Get hotel bookings',
  timestamp: '2026-08-04T19:02:39.970Z'
}
{
  message: '[Cache Hit] Lấy thông tin hotel ID: ae4ccd44-300e-4ca3-b16c-d3e71b6a0193 từ Redis',
  level: 'debug',
  timestamp: '2026-08-04T19:02:39.971Z'
}
{
  message: '[Cache Hit] Lấy thông tin hotel ID: a9778731-bce8-4dbf-8b2f-ab2543bfdcdc từ Redis',
  level: 'debug',
  timestamp: '2026-08-04T19:02:39.971Z'
}
{
  message: '[Cache Hit] Lấy thông tin hotel ID: 09928f48-b9bb-4700-85d2-51b072eef2c9 từ Redis',
  level: 'debug',
  timestamp: '2026-08-04T19:02:39.971Z'
}
{
  hotelId: '61f3e4c1-cba1-48b1-851c-16bc9d413ec2',
  level: 'info',
  message: '[BookingController] Get hotel bookings',
  timestamp: '2026-08-04T19:02:39.975Z'
}
{
  hotelId: '1f63d07b-44ef-412e-8e8f-fc20853648c3',
  level: 'info',
  message: '[BookingController] Get hotel bookings',
  timestamp: '2026-08-04T19:02:39.978Z'
}
{
  message: '[Cache Hit] Lấy thông tin hotel ID: 61f3e4c1-cba1-48b1-851c-16bc9d413ec2 từ Redis',
  level: 'debug',
  timestamp: '2026-08-04T19:02:39.980Z'
}
{
  message: '[Cache Hit] Lấy thông tin hotel ID: 1f63d07b-44ef-412e-8e8f-fc20853648c3 từ Redis',
  level: 'debug',
  timestamp: '2026-08-04T19:02:39.980Z'
}
{
  hotelId: '45ea8129-6cde-4f0a-b8a5-701260e11966',
  level: 'info',
  message: '[BookingController] Get hotel bookings',
  timestamp: '2026-08-04T19:02:39.987Z'
}
{
  message: '[Cache Hit] Lấy thông tin hotel ID: 45ea8129-6cde-4f0a-b8a5-701260e11966 từ Redis',
  level: 'debug',
  timestamp: '2026-08-04T19:02:39.988Z'
}
{
  hotelId: '47451836-dfa0-4b5c-b770-43e87150fe10',
  level: 'info',
  message: '[BookingController] Get hotel bookings',
  timestamp: '2026-08-04T19:02:39.995Z'
}
{
  hotelId: 'fda0f2da-56b2-46ac-afa7-7bb4e6d06edc',
  level: 'info',
  message: '[BookingController] Get hotel bookings',
  timestamp: '2026-08-04T19:02:39.997Z'
}
{
  message: '[Cache Hit] Lấy thông tin hotel ID: 47451836-dfa0-4b5c-b770-43e87150fe10 từ Redis',
  level: 'debug',
  timestamp: '2026-08-04T19:02:40.002Z'
}
{
  message: '[Cache Hit] Lấy thông tin hotel ID: fda0f2da-56b2-46ac-afa7-7bb4e6d06edc từ Redis',
  level: 'debug',
  timestamp: '2026-08-04T19:02:40.002Z'
}
{
  hotelId: 'd29b2e2a-8af1-4273-8f2d-87053225f461',
  level: 'info',
  message: '[BookingController] Get hotel bookings',
  timestamp: '2026-08-04T19:02:40.005Z'
}
{
  hotelId: '6476b4b4-c8ba-4f05-a3ae-9ba776ad4be3',
  level: 'info',
  message: '[BookingController] Get hotel bookings',
  timestamp: '2026-08-04T19:02:40.009Z'
}
{
  message: '[Cache Hit] Lấy thông tin hotel ID: d29b2e2a-8af1-4273-8f2d-87053225f461 từ Redis',
  level: 'debug',
  timestamp: '2026-08-04T19:02:40.014Z'
}
{
  message: '[Cache Hit] Lấy thông tin hotel ID: 6476b4b4-c8ba-4f05-a3ae-9ba776ad4be3 từ Redis',
  level: 'debug',
  timestamp: '2026-08-04T19:02:40.015Z'
}
{
  hotelId: '3ff5cc53-9069-45bc-a39e-2295bebd3ea5',
  level: 'info',
  message: '[BookingController] Get hotel bookings',
  timestamp: '2026-08-04T19:02:40.028Z'
}
{
  message: '[Cache Hit] Lấy thông tin hotel ID: 3ff5cc53-9069-45bc-a39e-2295bebd3ea5 từ Redis',
  level: 'debug',
  timestamp: '2026-08-04T19:02:40.030Z'
}
{
  hotelId: 'd79e14bd-e09b-49c3-80d7-4442133e57d6',
  level: 'info',
  message: '[BookingController] Get hotel bookings',
  timestamp: '2026-08-04T19:02:40.047Z'
}
{
  hotelId: '52eb4a25-dcb7-4bea-81ac-9d12053bd2c0',
  level: 'info',
  message: '[BookingController] Get hotel bookings',
  timestamp: '2026-08-04T19:02:40.051Z'
}
{
  message: '[Cache Hit] Lấy thông tin hotel ID: d79e14bd-e09b-49c3-80d7-4442133e57d6 từ Redis',
  level: 'debug',
  timestamp: '2026-08-04T19:02:40.052Z'
}
{
  message: '[Cache Hit] Lấy thông tin hotel ID: 52eb4a25-dcb7-4bea-81ac-9d12053bd2c0 từ Redis',
  level: 'debug',
  timestamp: '2026-08-04T19:02:40.053Z'
}
{
  hotelId: 'fdfc5eb7-97ff-450b-9edf-723739f36d56',
  level: 'info',
  message: '[BookingController] Get hotel bookings',
  timestamp: '2026-08-04T19:02:40.058Z'
}
{
  hotelId: 'db71d087-b5a7-47be-b2a3-04e168e623b9',
  level: 'info',
  message: '[BookingController] Get hotel bookings',
  timestamp: '2026-08-04T19:02:40.061Z'
}
{
  message: '[Cache Hit] Lấy thông tin hotel ID: fdfc5eb7-97ff-450b-9edf-723739f36d56 từ Redis',
  level: 'debug',
  timestamp: '2026-08-04T19:02:40.065Z'
}
{
  message: '[Cache Hit] Lấy thông tin hotel ID: db71d087-b5a7-47be-b2a3-04e168e623b9 từ Redis',
  level: 'debug',
  timestamp: '2026-08-04T19:02:40.065Z'
}
{
  hotelId: 'a9778731-bce8-4dbf-8b2f-ab2543bfdcdc',
  level: 'info',
  message: '[BookingController] Get hotel bookings',
  timestamp: '2026-08-04T19:02:40.072Z'
}
{
  hotelId: '61f3e4c1-cba1-48b1-851c-16bc9d413ec2',
  level: 'info',
  message: '[BookingController] Get hotel bookings',
  timestamp: '2026-08-04T19:02:40.075Z'
}
{
  message: '[Cache Hit] Lấy thông tin hotel ID: a9778731-bce8-4dbf-8b2f-ab2543bfdcdc từ Redis',
  level: 'debug',
  timestamp: '2026-08-04T19:02:40.076Z'
}
{
  message: '[Cache Hit] Lấy thông tin hotel ID: 61f3e4c1-cba1-48b1-851c-16bc9d413ec2 từ Redis',
  level: 'debug',
  timestamp: '2026-08-04T19:02:40.076Z'
}
{
  hotelId: '1f63d07b-44ef-412e-8e8f-fc20853648c3',
  level: 'info',
  message: '[BookingController] Get hotel bookings',
  timestamp: '2026-08-04T19:02:40.080Z'
}
{
  hotelId: '09928f48-b9bb-4700-85d2-51b072eef2c9',
  level: 'info',
  message: '[BookingController] Get hotel bookings',
  timestamp: '2026-08-04T19:02:40.083Z'
}
{
  message: '[Cache Hit] Lấy thông tin hotel ID: 1f63d07b-44ef-412e-8e8f-fc20853648c3 từ Redis',
  level: 'debug',
  timestamp: '2026-08-04T19:02:40.084Z'
}
{
  message: '[Cache Hit] Lấy thông tin hotel ID: 09928f48-b9bb-4700-85d2-51b072eef2c9 từ Redis',
  level: 'debug',
  timestamp: '2026-08-04T19:02:40.085Z'
}
{
  message: '[AiController] Analyzing ALL hotels for agent 0cbc0c7f-fda6-4929-b479-ad9d83ace8ce',
  level: 'info',
  timestamp: '2026-08-04T19:03:05.000Z'
}
{
  message: 'JWT Verification Error: jwt expired',
  level: 'error',
  timestamp: '2026-08-04T19:03:07.705Z'
}
{
  message: 'GLOBAL ERROR HANDLER CAUGHT: Error: Phiên đăng nhập đã hết hạn. Vui lòng lấy Token mới.\n' +
    '    at authMiddleware (/app/src/middlewares/authMiddleware.ts:80:9)\n' +
    '    at Layer.handleRequest (/app/node_modules/router/lib/layer.js:152:17)\n' +
    '    at trimPrefix (/app/node_modules/router/index.js:342:13)\n' +
    '    at /app/node_modules/router/index.js:297:9\n' +
    '    at processParams (/app/node_modules/router/index.js:582:12)\n' +
    '    at next (/app/node_modules/router/index.js:291:5)\n' +
    '    at Function.handle (/app/node_modules/router/index.js:186:3)\n' +
    '    at router (/app/node_modules/router/index.js:60:12)\n' +
    '    at Layer.handleRequest (/app/node_modules/router/lib/layer.js:152:17)\n' +
    '    at trimPrefix (/app/node_modules/router/index.js:342:13)',
  level: 'error',
  timestamp: '2026-08-04T19:03:07.706Z'
}
{
  message: '[AuthController] Refresh Tokens',
  level: 'info',
  timestamp: '2026-08-04T19:03:07.722Z'
}
{
  message: 'Fetching user details for ID: 0cbc0c7f-fda6-4929-b479-ad9d83ace8ce',
  level: 'debug',
  timestamp: '2026-08-04T19:03:07.730Z'
}
{
  message: '[Cache Hit] Lấy thông tin user ID: 0cbc0c7f-fda6-4929-b479-ad9d83ace8ce từ Redis',
  level: 'debug',
  timestamp: '2026-08-04T19:03:07.732Z'
}
{
  message: '[AuthService] Tokens refreshed successfully for user: agent1@booking.com',
  level: 'info',
  timestamp: '2026-08-04T19:03:07.771Z'
}
{
  message: '[HotelController] Get my hotels',
  level: 'info',
  timestamp: '2026-08-04T19:03:08.367Z'
}
{
  message: '[HotelController] Get my hotels',
  level: 'info',
  timestamp: '2026-08-04T19:03:08.395Z'
}
{
  message: '[HotelController] Get my hotels',
  level: 'info',
  timestamp: '2026-08-04T19:03:18.627Z'
}
{
  message: '[HotelController] Get my hotels',
  level: 'info',
  timestamp: '2026-08-04T19:03:18.665Z'
}
{
  message: '[RoomTypeController] Get all room types for agent',
  level: 'info',
  timestamp: '2026-08-04T19:03:20.284Z'
}
{
  message: '[RoomTypeController] Get all room types for agent',
  level: 'info',
  timestamp: '2026-08-04T19:03:20.302Z'
}
{
  message: '[HotelController] Get my hotels',
  level: 'info',
  timestamp: '2026-08-04T19:03:22.305Z'
}
{
  message: '[HotelController] Get my hotels',
  level: 'info',
  timestamp: '2026-08-04T19:03:22.334Z'
}
{
  message: '[RoomTypeController] Get all room types for agent',
  level: 'info',
  timestamp: '2026-08-04T19:03:23.768Z'
}
{
  message: '[RoomController] Get rooms by hotel',
  level: 'info',
  timestamp: '2026-08-04T19:03:23.778Z'
}
{
  message: '[RoomTypeController] Get all room types for agent',
  level: 'info',
  timestamp: '2026-08-04T19:03:23.789Z'
}
{
  message: '[RoomController] Get rooms by hotel',
  level: 'info',
  timestamp: '2026-08-04T19:03:23.799Z'
}
{
  message: '[HotelController] Get my hotels',
  level: 'info',
  timestamp: '2026-08-04T19:03:25.239Z'
}
{
  message: '[HotelController] Get my hotels',
  level: 'info',
  timestamp: '2026-08-04T19:03:25.262Z'
}
{
  message: '[HotelController] Get my hotels',
  level: 'info',
  timestamp: '2026-08-04T19:03:25.845Z'
}
{
  message: '[HotelController] Get my hotels',
  level: 'info',
  timestamp: '2026-08-04T19:03:25.870Z'
}
{
  hotelId: '47451836-dfa0-4b5c-b770-43e87150fe10',
  level: 'info',
  message: '[BookingController] Get hotel bookings',
  timestamp: '2026-08-04T19:03:25.911Z'
}
{
  message: '[Cache Hit] Lấy thông tin hotel ID: 47451836-dfa0-4b5c-b770-43e87150fe10 từ Redis',
  level: 'debug',
  timestamp: '2026-08-04T19:03:25.923Z'
}
{
  hotelId: 'ae4ccd44-300e-4ca3-b16c-d3e71b6a0193',
  level: 'info',
  message: '[BookingController] Get hotel bookings',
  timestamp: '2026-08-04T19:03:25.932Z'
}
{
  message: '[Cache Hit] Lấy thông tin hotel ID: ae4ccd44-300e-4ca3-b16c-d3e71b6a0193 từ Redis',
  level: 'debug',
  timestamp: '2026-08-04T19:03:25.944Z'
}
{
  hotelId: '52eb4a25-dcb7-4bea-81ac-9d12053bd2c0',
  level: 'info',
  message: '[BookingController] Get hotel bookings',
  timestamp: '2026-08-04T19:03:25.948Z'
}
{
  message: '[Cache Hit] Lấy thông tin hotel ID: 52eb4a25-dcb7-4bea-81ac-9d12053bd2c0 từ Redis',
  level: 'debug',
  timestamp: '2026-08-04T19:03:25.961Z'
}
{
  hotelId: 'fda0f2da-56b2-46ac-afa7-7bb4e6d06edc',
  level: 'info',
  message: '[BookingController] Get hotel bookings',
  timestamp: '2026-08-04T19:03:25.967Z'
}
{
  message: '[Cache Hit] Lấy thông tin hotel ID: fda0f2da-56b2-46ac-afa7-7bb4e6d06edc từ Redis',
  level: 'debug',
  timestamp: '2026-08-04T19:03:25.969Z'
}
{
  hotelId: '6476b4b4-c8ba-4f05-a3ae-9ba776ad4be3',
  level: 'info',
  message: '[BookingController] Get hotel bookings',
  timestamp: '2026-08-04T19:03:25.973Z'
}
{
  hotelId: 'd79e14bd-e09b-49c3-80d7-4442133e57d6',
  level: 'info',
  message: '[BookingController] Get hotel bookings',
  timestamp: '2026-08-04T19:03:25.976Z'
}
{
  message: '[Cache Hit] Lấy thông tin hotel ID: 6476b4b4-c8ba-4f05-a3ae-9ba776ad4be3 từ Redis',
  level: 'debug',
  timestamp: '2026-08-04T19:03:25.977Z'
}
{
  message: '[Cache Hit] Lấy thông tin hotel ID: d79e14bd-e09b-49c3-80d7-4442133e57d6 từ Redis',
  level: 'debug',
  timestamp: '2026-08-04T19:03:25.977Z'
}
{
  hotelId: 'fdfc5eb7-97ff-450b-9edf-723739f36d56',
  level: 'info',
  message: '[BookingController] Get hotel bookings',
  timestamp: '2026-08-04T19:03:25.983Z'
}
{
  hotelId: 'd29b2e2a-8af1-4273-8f2d-87053225f461',
  level: 'info',
  message: '[BookingController] Get hotel bookings',
  timestamp: '2026-08-04T19:03:25.986Z'
}
{
  message: '[Cache Hit] Lấy thông tin hotel ID: fdfc5eb7-97ff-450b-9edf-723739f36d56 từ Redis',
  level: 'debug',
  timestamp: '2026-08-04T19:03:25.987Z'
}
{
  message: '[Cache Hit] Lấy thông tin hotel ID: d29b2e2a-8af1-4273-8f2d-87053225f461 từ Redis',
  level: 'debug',
  timestamp: '2026-08-04T19:03:25.988Z'
}
{
  hotelId: '45ea8129-6cde-4f0a-b8a5-701260e11966',
  level: 'info',
  message: '[BookingController] Get hotel bookings',
  timestamp: '2026-08-04T19:03:25.992Z'
}
{
  message: '[Cache Hit] Lấy thông tin hotel ID: 45ea8129-6cde-4f0a-b8a5-701260e11966 từ Redis',
  level: 'debug',
  timestamp: '2026-08-04T19:03:25.994Z'
}
{
  hotelId: '47451836-dfa0-4b5c-b770-43e87150fe10',
  level: 'info',
  message: '[BookingController] Get hotel bookings',
  timestamp: '2026-08-04T19:03:25.997Z'
}
{
  hotelId: '3ff5cc53-9069-45bc-a39e-2295bebd3ea5',
  level: 'info',
  message: '[BookingController] Get hotel bookings',
  timestamp: '2026-08-04T19:03:26.001Z'
}
{
  message: '[Cache Hit] Lấy thông tin hotel ID: 47451836-dfa0-4b5c-b770-43e87150fe10 từ Redis',
  level: 'debug',
  timestamp: '2026-08-04T19:03:26.003Z'
}
{
  message: '[Cache Hit] Lấy thông tin hotel ID: 3ff5cc53-9069-45bc-a39e-2295bebd3ea5 từ Redis',
  level: 'debug',
  timestamp: '2026-08-04T19:03:26.003Z'
}
{
  hotelId: '61f3e4c1-cba1-48b1-851c-16bc9d413ec2',
  level: 'info',
  message: '[BookingController] Get hotel bookings',
  timestamp: '2026-08-04T19:03:26.008Z'
}
{
  hotelId: 'a9778731-bce8-4dbf-8b2f-ab2543bfdcdc',
  level: 'info',
  message: '[BookingController] Get hotel bookings',
  timestamp: '2026-08-04T19:03:26.010Z'
}
{
  message: '[Cache Hit] Lấy thông tin hotel ID: 61f3e4c1-cba1-48b1-851c-16bc9d413ec2 từ Redis',
  level: 'debug',
  timestamp: '2026-08-04T19:03:26.011Z'
}
{
  message: '[Cache Hit] Lấy thông tin hotel ID: a9778731-bce8-4dbf-8b2f-ab2543bfdcdc từ Redis',
  level: 'debug',
  timestamp: '2026-08-04T19:03:26.011Z'
}
{
  hotelId: 'db71d087-b5a7-47be-b2a3-04e168e623b9',
  level: 'info',
  message: '[BookingController] Get hotel bookings',
  timestamp: '2026-08-04T19:03:26.015Z'
}
{
  message: '[Cache Hit] Lấy thông tin hotel ID: db71d087-b5a7-47be-b2a3-04e168e623b9 từ Redis',
  level: 'debug',
  timestamp: '2026-08-04T19:03:26.016Z'
}
{
  hotelId: '1f63d07b-44ef-412e-8e8f-fc20853648c3',
  level: 'info',
  message: '[BookingController] Get hotel bookings',
  timestamp: '2026-08-04T19:03:26.019Z'
}
{
  hotelId: '09928f48-b9bb-4700-85d2-51b072eef2c9',
  level: 'info',
  message: '[BookingController] Get hotel bookings',
  timestamp: '2026-08-04T19:03:26.021Z'
}
{
  message: '[Cache Hit] Lấy thông tin hotel ID: 1f63d07b-44ef-412e-8e8f-fc20853648c3 từ Redis',
  level: 'debug',
  timestamp: '2026-08-04T19:03:26.021Z'
}
{
  message: '[Cache Hit] Lấy thông tin hotel ID: 09928f48-b9bb-4700-85d2-51b072eef2c9 từ Redis',
  level: 'debug',
  timestamp: '2026-08-04T19:03:26.021Z'
}
{
  hotelId: 'ae4ccd44-300e-4ca3-b16c-d3e71b6a0193',
  level: 'info',
  message: '[BookingController] Get hotel bookings',
  timestamp: '2026-08-04T19:03:26.025Z'
}
{
  hotelId: '52eb4a25-dcb7-4bea-81ac-9d12053bd2c0',
  level: 'info',
  message: '[BookingController] Get hotel bookings',
  timestamp: '2026-08-04T19:03:26.027Z'
}
{
  message: '[Cache Hit] Lấy thông tin hotel ID: ae4ccd44-300e-4ca3-b16c-d3e71b6a0193 từ Redis',
  level: 'debug',
  timestamp: '2026-08-04T19:03:26.027Z'
}
{
  message: '[Cache Hit] Lấy thông tin hotel ID: 52eb4a25-dcb7-4bea-81ac-9d12053bd2c0 từ Redis',
  level: 'debug',
  timestamp: '2026-08-04T19:03:26.028Z'
}
{
  hotelId: 'fda0f2da-56b2-46ac-afa7-7bb4e6d06edc',
  level: 'info',
  message: '[BookingController] Get hotel bookings',
  timestamp: '2026-08-04T19:03:26.030Z'
}
{
  message: '[Cache Hit] Lấy thông tin hotel ID: fda0f2da-56b2-46ac-afa7-7bb4e6d06edc từ Redis',
  level: 'debug',
  timestamp: '2026-08-04T19:03:26.031Z'
}
{
  hotelId: '6476b4b4-c8ba-4f05-a3ae-9ba776ad4be3',
  level: 'info',
  message: '[BookingController] Get hotel bookings',
  timestamp: '2026-08-04T19:03:26.035Z'
}
{
  hotelId: 'd79e14bd-e09b-49c3-80d7-4442133e57d6',
  level: 'info',
  message: '[BookingController] Get hotel bookings',
  timestamp: '2026-08-04T19:03:26.036Z'
}
{
  message: '[Cache Hit] Lấy thông tin hotel ID: 6476b4b4-c8ba-4f05-a3ae-9ba776ad4be3 từ Redis',
  level: 'debug',
  timestamp: '2026-08-04T19:03:26.037Z'
}
{
  message: '[Cache Hit] Lấy thông tin hotel ID: d79e14bd-e09b-49c3-80d7-4442133e57d6 từ Redis',
  level: 'debug',
  timestamp: '2026-08-04T19:03:26.037Z'
}
{
  hotelId: 'fdfc5eb7-97ff-450b-9edf-723739f36d56',
  level: 'info',
  message: '[BookingController] Get hotel bookings',
  timestamp: '2026-08-04T19:03:26.039Z'
}
{
  hotelId: 'd29b2e2a-8af1-4273-8f2d-87053225f461',
  level: 'info',
  message: '[BookingController] Get hotel bookings',
  timestamp: '2026-08-04T19:03:26.041Z'
}
{
  message: '[Cache Hit] Lấy thông tin hotel ID: fdfc5eb7-97ff-450b-9edf-723739f36d56 từ Redis',
  level: 'debug',
  timestamp: '2026-08-04T19:03:26.042Z'
}
{
  message: '[Cache Hit] Lấy thông tin hotel ID: d29b2e2a-8af1-4273-8f2d-87053225f461 từ Redis',
  level: 'debug',
  timestamp: '2026-08-04T19:03:26.042Z'
}
{
  hotelId: '45ea8129-6cde-4f0a-b8a5-701260e11966',
  level: 'info',
  message: '[BookingController] Get hotel bookings',
  timestamp: '2026-08-04T19:03:26.045Z'
}
{
  message: '[Cache Hit] Lấy thông tin hotel ID: 45ea8129-6cde-4f0a-b8a5-701260e11966 từ Redis',
  level: 'debug',
  timestamp: '2026-08-04T19:03:26.046Z'
}
{
  hotelId: '3ff5cc53-9069-45bc-a39e-2295bebd3ea5',
  level: 'info',
  message: '[BookingController] Get hotel bookings',
  timestamp: '2026-08-04T19:03:26.051Z'
}
{
  hotelId: '61f3e4c1-cba1-48b1-851c-16bc9d413ec2',
  level: 'info',
  message: '[BookingController] Get hotel bookings',
  timestamp: '2026-08-04T19:03:26.053Z'
}
{
  message: '[Cache Hit] Lấy thông tin hotel ID: 3ff5cc53-9069-45bc-a39e-2295bebd3ea5 từ Redis',
  level: 'debug',
  timestamp: '2026-08-04T19:03:26.054Z'
}
{
  message: '[Cache Hit] Lấy thông tin hotel ID: 61f3e4c1-cba1-48b1-851c-16bc9d413ec2 từ Redis',
  level: 'debug',
  timestamp: '2026-08-04T19:03:26.054Z'
}
{
  hotelId: 'a9778731-bce8-4dbf-8b2f-ab2543bfdcdc',
  level: 'info',
  message: '[BookingController] Get hotel bookings',
  timestamp: '2026-08-04T19:03:26.057Z'
}
{
  hotelId: 'db71d087-b5a7-47be-b2a3-04e168e623b9',
  level: 'info',
  message: '[BookingController] Get hotel bookings',
  timestamp: '2026-08-04T19:03:26.059Z'
}
{
  message: '[Cache Hit] Lấy thông tin hotel ID: a9778731-bce8-4dbf-8b2f-ab2543bfdcdc từ Redis',
  level: 'debug',
  timestamp: '2026-08-04T19:03:26.060Z'
}
{
  message: '[Cache Hit] Lấy thông tin hotel ID: db71d087-b5a7-47be-b2a3-04e168e623b9 từ Redis',
  level: 'debug',
  timestamp: '2026-08-04T19:03:26.060Z'
}
{
  hotelId: '1f63d07b-44ef-412e-8e8f-fc20853648c3',
  level: 'info',
  message: '[BookingController] Get hotel bookings',
  timestamp: '2026-08-04T19:03:26.064Z'
}
{
  message: '[Cache Hit] Lấy thông tin hotel ID: 1f63d07b-44ef-412e-8e8f-fc20853648c3 từ Redis',
  level: 'debug',
  timestamp: '2026-08-04T19:03:26.065Z'
}
{
  hotelId: '09928f48-b9bb-4700-85d2-51b072eef2c9',
  level: 'info',
  message: '[BookingController] Get hotel bookings',
  timestamp: '2026-08-04T19:03:26.070Z'
}
{
  message: '[Cache Hit] Lấy thông tin hotel ID: 09928f48-b9bb-4700-85d2-51b072eef2c9 từ Redis',
  level: 'debug',
  timestamp: '2026-08-04T19:03:26.071Z'
}
{
  bookingId: 'a2232a1d-1a00-464f-9924-ed4d1b7ad0ab',
  level: 'info',
  message: '[BookingController] Update booking status',
  timestamp: '2026-08-04T19:03:33.357Z'
}
{
  message: '[Cache Hit] Lấy thông tin hotel ID: 09928f48-b9bb-4700-85d2-51b072eef2c9 từ Redis',
  level: 'debug',
  timestamp: '2026-08-04T19:03:33.364Z'
}
{
  message: '[HotelController] Get my hotels',
  level: 'info',
  timestamp: '2026-08-04T19:03:34.602Z'
}
{
  message: '[HotelController] Get my hotels',
  level: 'info',
  timestamp: '2026-08-04T19:03:34.620Z'
}
{
  hotelId: 'd29b2e2a-8af1-4273-8f2d-87053225f461',
  level: 'info',
  message: '[BookingController] Get hotel bookings',
  timestamp: '2026-08-04T19:03:34.694Z'
}
{
  message: '[Cache Hit] Lấy thông tin hotel ID: d29b2e2a-8af1-4273-8f2d-87053225f461 từ Redis',
  level: 'debug',
  timestamp: '2026-08-04T19:03:34.707Z'
}
{
  hotelId: '47451836-dfa0-4b5c-b770-43e87150fe10',
  level: 'info',
  message: '[BookingController] Get hotel bookings',
  timestamp: '2026-08-04T19:03:34.737Z'
}
{
  hotelId: '52eb4a25-dcb7-4bea-81ac-9d12053bd2c0',
  level: 'info',
  message: '[BookingController] Get hotel bookings',
  timestamp: '2026-08-04T19:03:34.749Z'
}
{
  message: '[Cache Hit] Lấy thông tin hotel ID: 47451836-dfa0-4b5c-b770-43e87150fe10 từ Redis',
  level: 'debug',
  timestamp: '2026-08-04T19:03:34.750Z'
}
{
  message: '[Cache Hit] Lấy thông tin hotel ID: 52eb4a25-dcb7-4bea-81ac-9d12053bd2c0 từ Redis',
  level: 'debug',
  timestamp: '2026-08-04T19:03:34.750Z'
}
{
  hotelId: 'fda0f2da-56b2-46ac-afa7-7bb4e6d06edc',
  level: 'info',
  message: '[BookingController] Get hotel bookings',
  timestamp: '2026-08-04T19:03:34.754Z'
}
{
  message: '[Cache Hit] Lấy thông tin hotel ID: fda0f2da-56b2-46ac-afa7-7bb4e6d06edc từ Redis',
  level: 'debug',
  timestamp: '2026-08-04T19:03:34.755Z'
}
{
  hotelId: 'ae4ccd44-300e-4ca3-b16c-d3e71b6a0193',
  level: 'info',
  message: '[BookingController] Get hotel bookings',
  timestamp: '2026-08-04T19:03:34.760Z'
}
{
  message: '[Cache Hit] Lấy thông tin hotel ID: ae4ccd44-300e-4ca3-b16c-d3e71b6a0193 từ Redis',
  level: 'debug',
  timestamp: '2026-08-04T19:03:34.762Z'
}
{
  hotelId: '45ea8129-6cde-4f0a-b8a5-701260e11966',
  level: 'info',
  message: '[BookingController] Get hotel bookings',
  timestamp: '2026-08-04T19:03:34.767Z'
}
{
  hotelId: '3ff5cc53-9069-45bc-a39e-2295bebd3ea5',
  level: 'info',
  message: '[BookingController] Get hotel bookings',
  timestamp: '2026-08-04T19:03:34.771Z'
}
{
  hotelId: 'd79e14bd-e09b-49c3-80d7-4442133e57d6',
  level: 'info',
  message: '[BookingController] Get hotel bookings',
  timestamp: '2026-08-04T19:03:34.774Z'
}
{
  message: '[Cache Hit] Lấy thông tin hotel ID: 45ea8129-6cde-4f0a-b8a5-701260e11966 từ Redis',
  level: 'debug',
  timestamp: '2026-08-04T19:03:34.775Z'
}
{
  message: '[Cache Hit] Lấy thông tin hotel ID: 3ff5cc53-9069-45bc-a39e-2295bebd3ea5 từ Redis',
  level: 'debug',
  timestamp: '2026-08-04T19:03:34.776Z'
}
{
  message: '[Cache Hit] Lấy thông tin hotel ID: d79e14bd-e09b-49c3-80d7-4442133e57d6 từ Redis',
  level: 'debug',
  timestamp: '2026-08-04T19:03:34.776Z'
}
{
  hotelId: '61f3e4c1-cba1-48b1-851c-16bc9d413ec2',
  level: 'info',
  message: '[BookingController] Get hotel bookings',
  timestamp: '2026-08-04T19:03:34.782Z'
}
{
  hotelId: 'fdfc5eb7-97ff-450b-9edf-723739f36d56',
  level: 'info',
  message: '[BookingController] Get hotel bookings',
  timestamp: '2026-08-04T19:03:34.784Z'
}
{
  message: '[Cache Hit] Lấy thông tin hotel ID: 61f3e4c1-cba1-48b1-851c-16bc9d413ec2 từ Redis',
  level: 'debug',
  timestamp: '2026-08-04T19:03:34.785Z'
}
{
  hotelId: '6476b4b4-c8ba-4f05-a3ae-9ba776ad4be3',
  level: 'info',
  message: '[BookingController] Get hotel bookings',
  timestamp: '2026-08-04T19:03:34.790Z'
}
{
  message: '[Cache Hit] Lấy thông tin hotel ID: fdfc5eb7-97ff-450b-9edf-723739f36d56 từ Redis',
  level: 'debug',
  timestamp: '2026-08-04T19:03:34.791Z'
}
{
  message: '[Cache Hit] Lấy thông tin hotel ID: 6476b4b4-c8ba-4f05-a3ae-9ba776ad4be3 từ Redis',
  level: 'debug',
  timestamp: '2026-08-04T19:03:34.792Z'
}
{
  hotelId: 'db71d087-b5a7-47be-b2a3-04e168e623b9',
  level: 'info',
  message: '[BookingController] Get hotel bookings',
  timestamp: '2026-08-04T19:03:34.797Z'
}
{
  hotelId: '09928f48-b9bb-4700-85d2-51b072eef2c9',
  level: 'info',
  message: '[BookingController] Get hotel bookings',
  timestamp: '2026-08-04T19:03:34.801Z'
}
{
  hotelId: 'd29b2e2a-8af1-4273-8f2d-87053225f461',
  level: 'info',
  message: '[BookingController] Get hotel bookings',
  timestamp: '2026-08-04T19:03:34.803Z'
}
{
  message: '[Cache Hit] Lấy thông tin hotel ID: db71d087-b5a7-47be-b2a3-04e168e623b9 từ Redis',
  level: 'debug',
  timestamp: '2026-08-04T19:03:34.804Z'
}
{
  message: '[Cache Hit] Lấy thông tin hotel ID: 09928f48-b9bb-4700-85d2-51b072eef2c9 từ Redis',
  level: 'debug',
  timestamp: '2026-08-04T19:03:34.804Z'
}
{
  message: '[Cache Hit] Lấy thông tin hotel ID: d29b2e2a-8af1-4273-8f2d-87053225f461 từ Redis',
  level: 'debug',
  timestamp: '2026-08-04T19:03:34.805Z'
}
{
  hotelId: 'a9778731-bce8-4dbf-8b2f-ab2543bfdcdc',
  level: 'info',
  message: '[BookingController] Get hotel bookings',
  timestamp: '2026-08-04T19:03:34.809Z'
}
{
  message: '[Cache Hit] Lấy thông tin hotel ID: a9778731-bce8-4dbf-8b2f-ab2543bfdcdc từ Redis',
  level: 'debug',
  timestamp: '2026-08-04T19:03:34.810Z'
}
{
  hotelId: '1f63d07b-44ef-412e-8e8f-fc20853648c3',
  level: 'info',
  message: '[BookingController] Get hotel bookings',
  timestamp: '2026-08-04T19:03:34.817Z'
}
{
  hotelId: '47451836-dfa0-4b5c-b770-43e87150fe10',
  level: 'info',
  message: '[BookingController] Get hotel bookings',
  timestamp: '2026-08-04T19:03:34.821Z'
}
{
  message: '[Cache Hit] Lấy thông tin hotel ID: 1f63d07b-44ef-412e-8e8f-fc20853648c3 từ Redis',
  level: 'debug',
  timestamp: '2026-08-04T19:03:34.825Z'
}
{
  message: '[Cache Hit] Lấy thông tin hotel ID: 47451836-dfa0-4b5c-b770-43e87150fe10 từ Redis',
  level: 'debug',
  timestamp: '2026-08-04T19:03:34.825Z'
}
{
  hotelId: '52eb4a25-dcb7-4bea-81ac-9d12053bd2c0',
  level: 'info',
  message: '[BookingController] Get hotel bookings',
  timestamp: '2026-08-04T19:03:34.829Z'
}
{
  hotelId: 'fda0f2da-56b2-46ac-afa7-7bb4e6d06edc',
  level: 'info',
  message: '[BookingController] Get hotel bookings',
  timestamp: '2026-08-04T19:03:34.833Z'
}
{
  message: '[Cache Hit] Lấy thông tin hotel ID: 52eb4a25-dcb7-4bea-81ac-9d12053bd2c0 từ Redis',
  level: 'debug',
  timestamp: '2026-08-04T19:03:34.836Z'
}
{
  message: '[Cache Hit] Lấy thông tin hotel ID: fda0f2da-56b2-46ac-afa7-7bb4e6d06edc từ Redis',
  level: 'debug',
  timestamp: '2026-08-04T19:03:34.836Z'
}
{
  hotelId: 'ae4ccd44-300e-4ca3-b16c-d3e71b6a0193',
  level: 'info',
  message: '[BookingController] Get hotel bookings',
  timestamp: '2026-08-04T19:03:34.843Z'
}
{
  message: '[Cache Hit] Lấy thông tin hotel ID: ae4ccd44-300e-4ca3-b16c-d3e71b6a0193 từ Redis',
  level: 'debug',
  timestamp: '2026-08-04T19:03:34.845Z'
}
{
  hotelId: '45ea8129-6cde-4f0a-b8a5-701260e11966',
  level: 'info',
  message: '[BookingController] Get hotel bookings',
  timestamp: '2026-08-04T19:03:34.854Z'
}
{
  hotelId: '3ff5cc53-9069-45bc-a39e-2295bebd3ea5',
  level: 'info',
  message: '[BookingController] Get hotel bookings',
  timestamp: '2026-08-04T19:03:34.856Z'
}
{
  message: '[Cache Hit] Lấy thông tin hotel ID: 45ea8129-6cde-4f0a-b8a5-701260e11966 từ Redis',
  level: 'debug',
  timestamp: '2026-08-04T19:03:34.857Z'
}
{
  message: '[Cache Hit] Lấy thông tin hotel ID: 3ff5cc53-9069-45bc-a39e-2295bebd3ea5 từ Redis',
  level: 'debug',
  timestamp: '2026-08-04T19:03:34.858Z'
}
{
  hotelId: 'd79e14bd-e09b-49c3-80d7-4442133e57d6',
  level: 'info',
  message: '[BookingController] Get hotel bookings',
  timestamp: '2026-08-04T19:03:34.869Z'
}
{
  hotelId: '61f3e4c1-cba1-48b1-851c-16bc9d413ec2',
  level: 'info',
  message: '[BookingController] Get hotel bookings',
  timestamp: '2026-08-04T19:03:34.872Z'
}
{
  message: '[Cache Hit] Lấy thông tin hotel ID: d79e14bd-e09b-49c3-80d7-4442133e57d6 từ Redis',
  level: 'debug',
  timestamp: '2026-08-04T19:03:34.872Z'
}
{
  message: '[Cache Hit] Lấy thông tin hotel ID: 61f3e4c1-cba1-48b1-851c-16bc9d413ec2 từ Redis',
  level: 'debug',
  timestamp: '2026-08-04T19:03:34.873Z'
}
{
  hotelId: 'fdfc5eb7-97ff-450b-9edf-723739f36d56',
  level: 'info',
  message: '[BookingController] Get hotel bookings',
  timestamp: '2026-08-04T19:03:34.878Z'
}
{
  message: '[Cache Hit] Lấy thông tin hotel ID: fdfc5eb7-97ff-450b-9edf-723739f36d56 từ Redis',
  level: 'debug',
  timestamp: '2026-08-04T19:03:34.880Z'
}
{
  hotelId: '6476b4b4-c8ba-4f05-a3ae-9ba776ad4be3',
  level: 'info',
  message: '[BookingController] Get hotel bookings',
  timestamp: '2026-08-04T19:03:34.885Z'
}
{
  hotelId: 'db71d087-b5a7-47be-b2a3-04e168e623b9',
  level: 'info',
  message: '[BookingController] Get hotel bookings',
  timestamp: '2026-08-04T19:03:34.890Z'
}
{
  hotelId: 'a9778731-bce8-4dbf-8b2f-ab2543bfdcdc',
  level: 'info',
  message: '[BookingController] Get hotel bookings',
  timestamp: '2026-08-04T19:03:34.893Z'
}
{
  message: '[Cache Hit] Lấy thông tin hotel ID: 6476b4b4-c8ba-4f05-a3ae-9ba776ad4be3 từ Redis',
  level: 'debug',
  timestamp: '2026-08-04T19:03:34.895Z'
}
{
  message: '[Cache Hit] Lấy thông tin hotel ID: db71d087-b5a7-47be-b2a3-04e168e623b9 từ Redis',
  level: 'debug',
  timestamp: '2026-08-04T19:03:34.895Z'
}
{
  message: '[Cache Hit] Lấy thông tin hotel ID: a9778731-bce8-4dbf-8b2f-ab2543bfdcdc từ Redis',
  level: 'debug',
  timestamp: '2026-08-04T19:03:34.896Z'
}
{
  hotelId: '1f63d07b-44ef-412e-8e8f-fc20853648c3',
  level: 'info',
  message: '[BookingController] Get hotel bookings',
  timestamp: '2026-08-04T19:03:34.899Z'
}
{
  hotelId: '09928f48-b9bb-4700-85d2-51b072eef2c9',
  level: 'info',
  message: '[BookingController] Get hotel bookings',
  timestamp: '2026-08-04T19:03:34.903Z'
}
{
  message: '[Cache Hit] Lấy thông tin hotel ID: 1f63d07b-44ef-412e-8e8f-fc20853648c3 từ Redis',
  level: 'debug',
  timestamp: '2026-08-04T19:03:34.904Z'
}
{
  message: '[Cache Hit] Lấy thông tin hotel ID: 09928f48-b9bb-4700-85d2-51b072eef2c9 từ Redis',
  level: 'debug',
  timestamp: '2026-08-04T19:03:34.905Z'
}
{
  message: '[HotelController] Get my hotels',
  level: 'info',
  timestamp: '2026-08-04T19:03:35.787Z'
}
{
  message: '[HotelController] Get my hotels',
  level: 'info',
  timestamp: '2026-08-04T19:03:35.802Z'
}
{
  hotelId: '47451836-dfa0-4b5c-b770-43e87150fe10',
  level: 'info',
  message: '[BookingController] Get hotel bookings',
  timestamp: '2026-08-04T19:03:35.816Z'
}
{
  hotelId: 'fda0f2da-56b2-46ac-afa7-7bb4e6d06edc',
  level: 'info',
  message: '[BookingController] Get hotel bookings',
  timestamp: '2026-08-04T19:03:35.819Z'
}
{
  hotelId: 'd79e14bd-e09b-49c3-80d7-4442133e57d6',
  level: 'info',
  message: '[BookingController] Get hotel bookings',
  timestamp: '2026-08-04T19:03:35.822Z'
}
{
  hotelId: '45ea8129-6cde-4f0a-b8a5-701260e11966',
  level: 'info',
  message: '[BookingController] Get hotel bookings',
  timestamp: '2026-08-04T19:03:35.827Z'
}
{
  hotelId: 'db71d087-b5a7-47be-b2a3-04e168e623b9',
  level: 'info',
  message: '[BookingController] Get hotel bookings',
  timestamp: '2026-08-04T19:03:35.832Z'
}
{
  hotelId: '1f63d07b-44ef-412e-8e8f-fc20853648c3',
  level: 'info',
  message: '[BookingController] Get hotel bookings',
  timestamp: '2026-08-04T19:03:35.835Z'
}
{
  message: '[Cache Hit] Lấy thông tin hotel ID: 47451836-dfa0-4b5c-b770-43e87150fe10 từ Redis',
  level: 'debug',
  timestamp: '2026-08-04T19:03:35.836Z'
}
{
  message: '[Cache Hit] Lấy thông tin hotel ID: fda0f2da-56b2-46ac-afa7-7bb4e6d06edc từ Redis',
  level: 'debug',
  timestamp: '2026-08-04T19:03:35.836Z'
}
{
  message: '[Cache Hit] Lấy thông tin hotel ID: d79e14bd-e09b-49c3-80d7-4442133e57d6 từ Redis',
  level: 'debug',
  timestamp: '2026-08-04T19:03:35.836Z'
}
{
  message: '[Cache Hit] Lấy thông tin hotel ID: 45ea8129-6cde-4f0a-b8a5-701260e11966 từ Redis',
  level: 'debug',
  timestamp: '2026-08-04T19:03:35.837Z'
}
{
  message: '[Cache Hit] Lấy thông tin hotel ID: db71d087-b5a7-47be-b2a3-04e168e623b9 từ Redis',
  level: 'debug',
  timestamp: '2026-08-04T19:03:35.837Z'
}
{
  message: '[Cache Hit] Lấy thông tin hotel ID: 1f63d07b-44ef-412e-8e8f-fc20853648c3 từ Redis',
  level: 'debug',
  timestamp: '2026-08-04T19:03:35.837Z'
}
{
  hotelId: 'ae4ccd44-300e-4ca3-b16c-d3e71b6a0193',
  level: 'info',
  message: '[BookingController] Get hotel bookings',
  timestamp: '2026-08-04T19:03:35.848Z'
}
{
  hotelId: 'fdfc5eb7-97ff-450b-9edf-723739f36d56',
  level: 'info',
  message: '[BookingController] Get hotel bookings',
  timestamp: '2026-08-04T19:03:35.851Z'
}
{
  hotelId: '52eb4a25-dcb7-4bea-81ac-9d12053bd2c0',
  level: 'info',
  message: '[BookingController] Get hotel bookings',
  timestamp: '2026-08-04T19:03:35.853Z'
}
{
  hotelId: 'd29b2e2a-8af1-4273-8f2d-87053225f461',
  level: 'info',
  message: '[BookingController] Get hotel bookings',
  timestamp: '2026-08-04T19:03:35.856Z'
}
{
  hotelId: '6476b4b4-c8ba-4f05-a3ae-9ba776ad4be3',
  level: 'info',
  message: '[BookingController] Get hotel bookings',
  timestamp: '2026-08-04T19:03:35.860Z'
}
{
  hotelId: '3ff5cc53-9069-45bc-a39e-2295bebd3ea5',
  level: 'info',
  message: '[BookingController] Get hotel bookings',
  timestamp: '2026-08-04T19:03:35.863Z'
}
{
  message: '[Cache Hit] Lấy thông tin hotel ID: ae4ccd44-300e-4ca3-b16c-d3e71b6a0193 từ Redis',
  level: 'debug',
  timestamp: '2026-08-04T19:03:35.864Z'
}
{
  message: '[Cache Hit] Lấy thông tin hotel ID: fdfc5eb7-97ff-450b-9edf-723739f36d56 từ Redis',
  level: 'debug',
  timestamp: '2026-08-04T19:03:35.865Z'
}
{
  message: '[Cache Hit] Lấy thông tin hotel ID: 52eb4a25-dcb7-4bea-81ac-9d12053bd2c0 từ Redis',
  level: 'debug',
  timestamp: '2026-08-04T19:03:35.865Z'
}
{
  message: '[Cache Hit] Lấy thông tin hotel ID: d29b2e2a-8af1-4273-8f2d-87053225f461 từ Redis',
  level: 'debug',
  timestamp: '2026-08-04T19:03:35.866Z'
}
{
  message: '[Cache Hit] Lấy thông tin hotel ID: 6476b4b4-c8ba-4f05-a3ae-9ba776ad4be3 từ Redis',
  level: 'debug',
  timestamp: '2026-08-04T19:03:35.866Z'
}
{
  message: '[Cache Hit] Lấy thông tin hotel ID: 3ff5cc53-9069-45bc-a39e-2295bebd3ea5 từ Redis',
  level: 'debug',
  timestamp: '2026-08-04T19:03:35.866Z'
}
{
  hotelId: '61f3e4c1-cba1-48b1-851c-16bc9d413ec2',
  level: 'info',
  message: '[BookingController] Get hotel bookings',
  timestamp: '2026-08-04T19:03:35.873Z'
}
{
  hotelId: 'a9778731-bce8-4dbf-8b2f-ab2543bfdcdc',
  level: 'info',
  message: '[BookingController] Get hotel bookings',
  timestamp: '2026-08-04T19:03:35.875Z'
}
{
  hotelId: '09928f48-b9bb-4700-85d2-51b072eef2c9',
  level: 'info',
  message: '[BookingController] Get hotel bookings',
  timestamp: '2026-08-04T19:03:35.878Z'
}
{
  hotelId: '47451836-dfa0-4b5c-b770-43e87150fe10',
  level: 'info',
  message: '[BookingController] Get hotel bookings',
  timestamp: '2026-08-04T19:03:35.880Z'
}
{
  hotelId: 'fda0f2da-56b2-46ac-afa7-7bb4e6d06edc',
  level: 'info',
  message: '[BookingController] Get hotel bookings',
  timestamp: '2026-08-04T19:03:35.887Z'
}
{
  hotelId: 'd79e14bd-e09b-49c3-80d7-4442133e57d6',
  level: 'info',
  message: '[BookingController] Get hotel bookings',
  timestamp: '2026-08-04T19:03:35.890Z'
}
{
  message: '[Cache Hit] Lấy thông tin hotel ID: 61f3e4c1-cba1-48b1-851c-16bc9d413ec2 từ Redis',
  level: 'debug',
  timestamp: '2026-08-04T19:03:35.891Z'
}
{
  message: '[Cache Hit] Lấy thông tin hotel ID: a9778731-bce8-4dbf-8b2f-ab2543bfdcdc từ Redis',
  level: 'debug',
  timestamp: '2026-08-04T19:03:35.891Z'
}
{
  message: '[Cache Hit] Lấy thông tin hotel ID: 09928f48-b9bb-4700-85d2-51b072eef2c9 từ Redis',
  level: 'debug',
  timestamp: '2026-08-04T19:03:35.891Z'
}
{
  message: '[Cache Hit] Lấy thông tin hotel ID: 47451836-dfa0-4b5c-b770-43e87150fe10 từ Redis',
  level: 'debug',
  timestamp: '2026-08-04T19:03:35.892Z'
}
{
  message: '[Cache Hit] Lấy thông tin hotel ID: fda0f2da-56b2-46ac-afa7-7bb4e6d06edc từ Redis',
  level: 'debug',
  timestamp: '2026-08-04T19:03:35.892Z'
}
{
  message: '[Cache Hit] Lấy thông tin hotel ID: d79e14bd-e09b-49c3-80d7-4442133e57d6 từ Redis',
  level: 'debug',
  timestamp: '2026-08-04T19:03:35.892Z'
}
{
  hotelId: '45ea8129-6cde-4f0a-b8a5-701260e11966',
  level: 'info',
  message: '[BookingController] Get hotel bookings',
  timestamp: '2026-08-04T19:03:35.898Z'
}
{
  hotelId: 'db71d087-b5a7-47be-b2a3-04e168e623b9',
  level: 'info',
  message: '[BookingController] Get hotel bookings',
  timestamp: '2026-08-04T19:03:35.901Z'
}
{
  hotelId: '1f63d07b-44ef-412e-8e8f-fc20853648c3',
  level: 'info',
  message: '[BookingController] Get hotel bookings',
  timestamp: '2026-08-04T19:03:35.904Z'
}
{
  hotelId: 'ae4ccd44-300e-4ca3-b16c-d3e71b6a0193',
  level: 'info',
  message: '[BookingController] Get hotel bookings',
  timestamp: '2026-08-04T19:03:35.905Z'
}
{
  hotelId: '52eb4a25-dcb7-4bea-81ac-9d12053bd2c0',
  level: 'info',
  message: '[BookingController] Get hotel bookings',
  timestamp: '2026-08-04T19:03:35.908Z'
}
{
  hotelId: 'fdfc5eb7-97ff-450b-9edf-723739f36d56',
  level: 'info',
  message: '[BookingController] Get hotel bookings',
  timestamp: '2026-08-04T19:03:35.910Z'
}
{
  message: '[Cache Hit] Lấy thông tin hotel ID: 45ea8129-6cde-4f0a-b8a5-701260e11966 từ Redis',
  level: 'debug',
  timestamp: '2026-08-04T19:03:35.912Z'
}
{
  message: '[Cache Hit] Lấy thông tin hotel ID: db71d087-b5a7-47be-b2a3-04e168e623b9 từ Redis',
  level: 'debug',
  timestamp: '2026-08-04T19:03:35.912Z'
}
{
  message: '[Cache Hit] Lấy thông tin hotel ID: 1f63d07b-44ef-412e-8e8f-fc20853648c3 từ Redis',
  level: 'debug',
  timestamp: '2026-08-04T19:03:35.913Z'
}
{
  message: '[Cache Hit] Lấy thông tin hotel ID: ae4ccd44-300e-4ca3-b16c-d3e71b6a0193 từ Redis',
  level: 'debug',
  timestamp: '2026-08-04T19:03:35.913Z'
}
{
  message: '[Cache Hit] Lấy thông tin hotel ID: 52eb4a25-dcb7-4bea-81ac-9d12053bd2c0 từ Redis',
  level: 'debug',
  timestamp: '2026-08-04T19:03:35.913Z'
}
{
  message: '[Cache Hit] Lấy thông tin hotel ID: fdfc5eb7-97ff-450b-9edf-723739f36d56 từ Redis',
  level: 'debug',
  timestamp: '2026-08-04T19:03:35.913Z'
}
{
  hotelId: 'd29b2e2a-8af1-4273-8f2d-87053225f461',
  level: 'info',
  message: '[BookingController] Get hotel bookings',
  timestamp: '2026-08-04T19:03:35.920Z'
}
{
  hotelId: '6476b4b4-c8ba-4f05-a3ae-9ba776ad4be3',
  level: 'info',
  message: '[BookingController] Get hotel bookings',
  timestamp: '2026-08-04T19:03:35.922Z'
}
{
  hotelId: '3ff5cc53-9069-45bc-a39e-2295bebd3ea5',
  level: 'info',
  message: '[BookingController] Get hotel bookings',
  timestamp: '2026-08-04T19:03:35.928Z'
}
{
  hotelId: '61f3e4c1-cba1-48b1-851c-16bc9d413ec2',
  level: 'info',
  message: '[BookingController] Get hotel bookings',
  timestamp: '2026-08-04T19:03:35.932Z'
}
{
  hotelId: 'a9778731-bce8-4dbf-8b2f-ab2543bfdcdc',
  level: 'info',
  message: '[BookingController] Get hotel bookings',
  timestamp: '2026-08-04T19:03:35.935Z'
}
{
  hotelId: '09928f48-b9bb-4700-85d2-51b072eef2c9',
  level: 'info',
  message: '[BookingController] Get hotel bookings',
  timestamp: '2026-08-04T19:03:35.937Z'
}
{
  message: '[Cache Hit] Lấy thông tin hotel ID: d29b2e2a-8af1-4273-8f2d-87053225f461 từ Redis',
  level: 'debug',
  timestamp: '2026-08-04T19:03:35.938Z'
}
{
  message: '[Cache Hit] Lấy thông tin hotel ID: 6476b4b4-c8ba-4f05-a3ae-9ba776ad4be3 từ Redis',
  level: 'debug',
  timestamp: '2026-08-04T19:03:35.938Z'
}
{
  message: '[Cache Hit] Lấy thông tin hotel ID: 3ff5cc53-9069-45bc-a39e-2295bebd3ea5 từ Redis',
  level: 'debug',
  timestamp: '2026-08-04T19:03:35.938Z'
}
{
  message: '[Cache Hit] Lấy thông tin hotel ID: 61f3e4c1-cba1-48b1-851c-16bc9d413ec2 từ Redis',
  level: 'debug',
  timestamp: '2026-08-04T19:03:35.939Z'
}
{
  message: '[Cache Hit] Lấy thông tin hotel ID: a9778731-bce8-4dbf-8b2f-ab2543bfdcdc từ Redis',
  level: 'debug',
  timestamp: '2026-08-04T19:03:35.939Z'
}
{
  message: '[Cache Hit] Lấy thông tin hotel ID: 09928f48-b9bb-4700-85d2-51b072eef2c9 từ Redis',
  level: 'debug',
  timestamp: '2026-08-04T19:03:35.939Z'
}
{
  bookingId: '3e750a55-6250-45de-a11e-9e088bda4037',
  level: 'info',
  message: '[BookingController] Update booking status',
  timestamp: '2026-08-04T19:03:38.665Z'
}
{
  message: '[Cache Hit] Lấy thông tin hotel ID: 3ff5cc53-9069-45bc-a39e-2295bebd3ea5 từ Redis',
  level: 'debug',
  timestamp: '2026-08-04T19:03:38.676Z'
}
{
  message: '[SchedulerService] Đang kiểm tra các booking hết hạn thanh toán...',
  level: 'info',
  timestamp: '2026-08-04T19:05:00.002Z'
}
{
  message: 'JWT Verification Error: jwt expired',
  level: 'error',
  timestamp: '2026-08-04T19:06:17.390Z'
}
{
  message: 'GLOBAL ERROR HANDLER CAUGHT: Error: Phiên đăng nhập đã hết hạn. Vui lòng lấy Token mới.\n' +
    '    at authMiddleware (/app/src/middlewares/authMiddleware.ts:80:9)\n' +
    '    at Layer.handleRequest (/app/node_modules/router/lib/layer.js:152:17)\n' +
    '    at trimPrefix (/app/node_modules/router/index.js:342:13)\n' +
    '    at /app/node_modules/router/index.js:297:9\n' +
    '    at processParams (/app/node_modules/router/index.js:582:12)\n' +
    '    at next (/app/node_modules/router/index.js:291:5)\n' +
    '    at Function.handle (/app/node_modules/router/index.js:186:3)\n' +
    '    at router (/app/node_modules/router/index.js:60:12)\n' +
    '    at Layer.handleRequest (/app/node_modules/router/lib/layer.js:152:17)\n' +
    '    at trimPrefix (/app/node_modules/router/index.js:342:13)',
  level: 'error',
  timestamp: '2026-08-04T19:06:17.392Z'
}
{
  message: '[AuthController] Refresh Tokens',
  level: 'info',
  timestamp: '2026-08-04T19:06:17.405Z'
}
{
  message: 'Fetching user details for ID: 0cbc0c7f-fda6-4929-b479-ad9d83ace8ce',
  level: 'debug',
  timestamp: '2026-08-04T19:06:17.430Z'
}
{
  message: '[Cache Hit] Lấy thông tin user ID: 0cbc0c7f-fda6-4929-b479-ad9d83ace8ce từ Redis',
  level: 'debug',
  timestamp: '2026-08-04T19:06:17.432Z'
}
{
  message: '[AuthService] Tokens refreshed successfully for user: agent1@booking.com',
  level: 'info',
  timestamp: '2026-08-04T19:06:17.449Z'
}
{
  userId: '0cbc0c7f-fda6-4929-b479-ad9d83ace8ce',
  level: 'info',
  message: '[AuthController] Get Me',
  timestamp: '2026-08-04T19:08:05.674Z'
}
{
  message: 'Fetching user details for ID: 0cbc0c7f-fda6-4929-b479-ad9d83ace8ce',
  level: 'debug',
  timestamp: '2026-08-04T19:08:05.675Z'
}
{
  message: '[Cache Hit] Lấy thông tin user ID: 0cbc0c7f-fda6-4929-b479-ad9d83ace8ce từ Redis',
  level: 'debug',
  timestamp: '2026-08-04T19:08:05.676Z'
}
{
  userId: '0cbc0c7f-fda6-4929-b479-ad9d83ace8ce',
  level: 'info',
  message: '[AuthController] Get Me',
  timestamp: '2026-08-04T19:08:05.680Z'
}
{
  message: 'Fetching user details for ID: 0cbc0c7f-fda6-4929-b479-ad9d83ace8ce',
  level: 'debug',
  timestamp: '2026-08-04T19:08:05.680Z'
}
{
  message: '[Cache Hit] Lấy thông tin user ID: 0cbc0c7f-fda6-4929-b479-ad9d83ace8ce từ Redis',
  level: 'debug',
  timestamp: '2026-08-04T19:08:05.682Z'
}
{
  message: '[Cache Hit] Lấy danh sách điểm đến hoạt động từ Redis',
  level: 'debug',
  timestamp: '2026-08-04T19:08:05.895Z'
}
{
  page: '1',
  limit: '10',
  status: 'ACTIVE',
  level: 'info',
  message: '[HotelController] Get all hotels with queries',
  timestamp: '2026-08-04T19:08:05.901Z'
}
{
  message: '[Cache Hit] Lấy danh sách điểm đến hoạt động từ Redis',
  level: 'debug',
  timestamp: '2026-08-04T19:08:05.902Z'
}
{
  page: '1',
  limit: '10',
  status: 'ACTIVE',
  level: 'info',
  message: '[HotelController] Get all hotels with queries',
  timestamp: '2026-08-04T19:08:05.908Z'
}
{
  message: '[Cache Hit] Lấy danh sách điểm đến hoạt động từ Redis',
  level: 'debug',
  timestamp: '2026-08-04T19:08:05.909Z'
}
{
  message: '[Cache Hit] Lấy danh sách điểm đến hoạt động từ Redis',
  level: 'debug',
  timestamp: '2026-08-04T19:08:05.914Z'
}
{
  userId: '0cbc0c7f-fda6-4929-b479-ad9d83ace8ce',
  level: 'info',
  message: '[AuthController] Get Me',
  timestamp: '2026-08-04T19:08:12.668Z'
}
{
  message: 'Fetching user details for ID: 0cbc0c7f-fda6-4929-b479-ad9d83ace8ce',
  level: 'debug',
  timestamp: '2026-08-04T19:08:12.668Z'
}
{
  message: '[Cache Hit] Lấy thông tin user ID: 0cbc0c7f-fda6-4929-b479-ad9d83ace8ce từ Redis',
  level: 'debug',
  timestamp: '2026-08-04T19:08:12.670Z'
}
{
  userId: '0cbc0c7f-fda6-4929-b479-ad9d83ace8ce',
  level: 'info',
  message: '[AuthController] Get Me',
  timestamp: '2026-08-04T19:08:12.694Z'
}
{
  message: 'Fetching user details for ID: 0cbc0c7f-fda6-4929-b479-ad9d83ace8ce',
  level: 'debug',
  timestamp: '2026-08-04T19:08:12.695Z'
}
{
  message: '[Cache Hit] Lấy thông tin user ID: 0cbc0c7f-fda6-4929-b479-ad9d83ace8ce từ Redis',
  level: 'debug',
  timestamp: '2026-08-04T19:08:12.696Z'
}
{
  email: 'admin@booking.com',
  level: 'info',
  message: '[AuthController] Login with Password',
  timestamp: '2026-08-04T19:08:14.012Z'
}
{
  message: 'User ID 454734c4-6a7b-4647-a90a-7b6bdbec2232 đăng nhập thành công. Đã làm sạch lịch sử đăng nhập sai.',
  level: 'info',
  timestamp: '2026-08-04T19:08:14.103Z'
}
{
  message: '[AuthService] Password login successful for user: admin@booking.com',
  level: 'info',
  timestamp: '2026-08-04T19:08:14.107Z'
}
{
  message: '[UserController] Get all users',
  level: 'info',
  timestamp: '2026-08-04T19:08:14.292Z'
}
{
  message: 'Fetching all users from repository',
  level: 'info',
  timestamp: '2026-08-04T19:08:14.292Z'
}
{
  message: '[UserController] Get all users',
  level: 'info',
  timestamp: '2026-08-04T19:08:14.336Z'
}
{
  message: 'Fetching all users from repository',
  level: 'info',
  timestamp: '2026-08-04T19:08:14.336Z'
}
{
  message: '[UserController] Get all users',
  level: 'info',
  timestamp: '2026-08-04T19:08:18.075Z'
}
{
  message: 'Fetching all users from repository',
  level: 'info',
  timestamp: '2026-08-04T19:08:18.075Z'
}
{
  message: '[UserController] Get all users',
  level: 'info',
  timestamp: '2026-08-04T19:08:18.102Z'
}
{
  message: 'Fetching all users from repository',
  level: 'info',
  timestamp: '2026-08-04T19:08:18.104Z'
}
{
  message: '[SchedulerService] Đang kiểm tra các booking hết hạn thanh toán...',
  level: 'info',
  timestamp: '2026-08-04T19:10:00.003Z'
}
{
  message: '[UserController] Get all users',
  level: 'info',
  timestamp: '2026-08-04T19:10:08.527Z'
}
{
  message: 'Fetching all users from repository',
  level: 'info',
  timestamp: '2026-08-04T19:10:08.528Z'
}
{
  message: '[UserController] Get all users',
  level: 'info',
  timestamp: '2026-08-04T19:10:08.551Z'
}
{
  message: 'Fetching all users from repository',
  level: 'info',
  timestamp: '2026-08-04T19:10:08.551Z'
}
{
  message: '[UserController] Get all users',
  level: 'info',
  timestamp: '2026-08-04T19:10:23.130Z'
}
{
  message: 'Fetching all users from repository',
  level: 'info',
  timestamp: '2026-08-04T19:10:23.131Z'
}
{
  message: '[UserController] Get all users',
  level: 'info',
  timestamp: '2026-08-04T19:10:23.151Z'
}
{
  message: 'Fetching all users from repository',
  level: 'info',
  timestamp: '2026-08-04T19:10:23.152Z'
}
{
  message: '[UserController] Get all users',
  level: 'info',
  timestamp: '2026-08-04T19:10:23.686Z'
}
{
  message: 'Fetching all users from repository',
  level: 'info',
  timestamp: '2026-08-04T19:10:23.686Z'
}
{
  message: '[UserController] Get all users',
  level: 'info',
  timestamp: '2026-08-04T19:10:23.700Z'
}
{
  message: 'Fetching all users from repository',
  level: 'info',
  timestamp: '2026-08-04T19:10:23.701Z'
}
{
  message: '[UserController] Get all users',
  level: 'info',
  timestamp: '2026-08-04T19:10:40.246Z'
}
{
  message: 'Fetching all users from repository',
  level: 'info',
  timestamp: '2026-08-04T19:10:40.248Z'
}
{
  message: '[UserController] Get all users',
  level: 'info',
  timestamp: '2026-08-04T19:10:40.267Z'
}
{
  message: 'Fetching all users from repository',
  level: 'info',
  timestamp: '2026-08-04T19:10:40.268Z'
}
{
  message: 'JWT Verification Error: jwt expired',
  level: 'error',
  timestamp: '2026-08-04T19:14:41.792Z'
}
{
  message: 'GLOBAL ERROR HANDLER CAUGHT: Error: Phiên đăng nhập đã hết hạn. Vui lòng lấy Token mới.\n' +
    '    at authMiddleware (/app/src/middlewares/authMiddleware.ts:80:9)\n' +
    '    at Layer.handleRequest (/app/node_modules/router/lib/layer.js:152:17)\n' +
    '    at next (/app/node_modules/router/lib/route.js:157:13)\n' +
    '    at Route.dispatch (/app/node_modules/router/lib/route.js:117:3)\n' +
    '    at handle (/app/node_modules/router/index.js:435:11)\n' +
    '    at Layer.handleRequest (/app/node_modules/router/lib/layer.js:152:17)\n' +
    '    at /app/node_modules/router/index.js:295:15\n' +
    '    at processParams (/app/node_modules/router/index.js:582:12)\n' +
    '    at next (/app/node_modules/router/index.js:291:5)\n' +
    '    at Function.handle (/app/node_modules/router/index.js:186:3)',
  level: 'error',
  timestamp: '2026-08-04T19:14:41.795Z'
}
{
  message: 'JWT Verification Error: jwt expired',
  level: 'error',
  timestamp: '2026-08-04T19:14:41.804Z'
}
{
  message: 'GLOBAL ERROR HANDLER CAUGHT: Error: Phiên đăng nhập đã hết hạn. Vui lòng lấy Token mới.\n' +
    '    at authMiddleware (/app/src/middlewares/authMiddleware.ts:80:9)\n' +
    '    at Layer.handleRequest (/app/node_modules/router/lib/layer.js:152:17)\n' +
    '    at next (/app/node_modules/router/lib/route.js:157:13)\n' +
    '    at Route.dispatch (/app/node_modules/router/lib/route.js:117:3)\n' +
    '    at handle (/app/node_modules/router/index.js:435:11)\n' +
    '    at Layer.handleRequest (/app/node_modules/router/lib/layer.js:152:17)\n' +
    '    at /app/node_modules/router/index.js:295:15\n' +
    '    at processParams (/app/node_modules/router/index.js:582:12)\n' +
    '    at next (/app/node_modules/router/index.js:291:5)\n' +
    '    at Function.handle (/app/node_modules/router/index.js:186:3)',
  level: 'error',
  timestamp: '2026-08-04T19:14:41.806Z'
}
{
  message: 'JWT Verification Error: jwt expired',
  level: 'error',
  timestamp: '2026-08-04T19:14:41.813Z'
}
{
  message: 'GLOBAL ERROR HANDLER CAUGHT: Error: Phiên đăng nhập đã hết hạn. Vui lòng lấy Token mới.\n' +
    '    at authMiddleware (/app/src/middlewares/authMiddleware.ts:80:9)\n' +
    '    at Layer.handleRequest (/app/node_modules/router/lib/layer.js:152:17)\n' +
    '    at next (/app/node_modules/router/lib/route.js:157:13)\n' +
    '    at Route.dispatch (/app/node_modules/router/lib/route.js:117:3)\n' +
    '    at handle (/app/node_modules/router/index.js:435:11)\n' +
    '    at Layer.handleRequest (/app/node_modules/router/lib/layer.js:152:17)\n' +
    '    at /app/node_modules/router/index.js:295:15\n' +
    '    at processParams (/app/node_modules/router/index.js:582:12)\n' +
    '    at next (/app/node_modules/router/index.js:291:5)\n' +
    '    at Function.handle (/app/node_modules/router/index.js:186:3)',
  level: 'error',
  timestamp: '2026-08-04T19:14:41.814Z'
}
{
  message: 'JWT Verification Error: jwt expired',
  level: 'error',
  timestamp: '2026-08-04T19:14:41.819Z'
}
{
  message: 'GLOBAL ERROR HANDLER CAUGHT: Error: Phiên đăng nhập đã hết hạn. Vui lòng lấy Token mới.\n' +
    '    at authMiddleware (/app/src/middlewares/authMiddleware.ts:80:9)\n' +
    '    at Layer.handleRequest (/app/node_modules/router/lib/layer.js:152:17)\n' +
    '    at next (/app/node_modules/router/lib/route.js:157:13)\n' +
    '    at Route.dispatch (/app/node_modules/router/lib/route.js:117:3)\n' +
    '    at handle (/app/node_modules/router/index.js:435:11)\n' +
    '    at Layer.handleRequest (/app/node_modules/router/lib/layer.js:152:17)\n' +
    '    at /app/node_modules/router/index.js:295:15\n' +
    '    at processParams (/app/node_modules/router/index.js:582:12)\n' +
    '    at next (/app/node_modules/router/index.js:291:5)\n' +
    '    at Function.handle (/app/node_modules/router/index.js:186:3)',
  level: 'error',
  timestamp: '2026-08-04T19:14:41.821Z'
}
{
  message: '[AuthController] Refresh Tokens',
  level: 'info',
  timestamp: '2026-08-04T19:14:41.825Z'
}
{
  message: 'Fetching user details for ID: 454734c4-6a7b-4647-a90a-7b6bdbec2232',
  level: 'debug',
  timestamp: '2026-08-04T19:14:41.848Z'
}
{
  message: '[Cache Hit] Lấy thông tin user ID: 454734c4-6a7b-4647-a90a-7b6bdbec2232 từ Redis',
  level: 'debug',
  timestamp: '2026-08-04T19:14:41.849Z'
}
{
  message: '[AuthService] Tokens refreshed successfully for user: admin@booking.com',
  level: 'info',
  timestamp: '2026-08-04T19:14:41.867Z'
}
{
  message: '[UserController] Get all users',
  level: 'info',
  timestamp: '2026-08-04T19:14:41.892Z'
}
{
  message: 'Fetching all users from repository',
  level: 'info',
  timestamp: '2026-08-04T19:14:41.893Z'
}
{
  message: '[UserController] Get all users',
  level: 'info',
  timestamp: '2026-08-04T19:14:41.913Z'
}
{
  message: 'Fetching all users from repository',
  level: 'info',
  timestamp: '2026-08-04T19:14:41.913Z'
}
{
  message: '[SchedulerService] Đang kiểm tra các booking hết hạn thanh toán...',
  level: 'info',
  timestamp: '2026-08-04T19:15:00.003Z'
}
{
  message: 'JWT Verification Error: jwt expired',
  level: 'error',
  timestamp: '2026-08-04T19:19:35.255Z'
}
{
  message: 'GLOBAL ERROR HANDLER CAUGHT: Error: Phiên đăng nhập đã hết hạn. Vui lòng lấy Token mới.\n' +
    '    at authMiddleware (/app/src/middlewares/authMiddleware.ts:80:9)\n' +
    '    at Layer.handleRequest (/app/node_modules/router/lib/layer.js:152:17)\n' +
    '    at next (/app/node_modules/router/lib/route.js:157:13)\n' +
    '    at Route.dispatch (/app/node_modules/router/lib/route.js:117:3)\n' +
    '    at handle (/app/node_modules/router/index.js:435:11)\n' +
    '    at Layer.handleRequest (/app/node_modules/router/lib/layer.js:152:17)\n' +
    '    at /app/node_modules/router/index.js:295:15\n' +
    '    at processParams (/app/node_modules/router/index.js:582:12)\n' +
    '    at next (/app/node_modules/router/index.js:291:5)\n' +
    '    at Function.handle (/app/node_modules/router/index.js:186:3)',
  level: 'error',
  timestamp: '2026-08-04T19:19:35.257Z'
}
{
  message: 'JWT Verification Error: jwt expired',
  level: 'error',
  timestamp: '2026-08-04T19:19:35.262Z'
}
{
  message: 'GLOBAL ERROR HANDLER CAUGHT: Error: Phiên đăng nhập đã hết hạn. Vui lòng lấy Token mới.\n' +
    '    at authMiddleware (/app/src/middlewares/authMiddleware.ts:80:9)\n' +
    '    at Layer.handleRequest (/app/node_modules/router/lib/layer.js:152:17)\n' +
    '    at next (/app/node_modules/router/lib/route.js:157:13)\n' +
    '    at Route.dispatch (/app/node_modules/router/lib/route.js:117:3)\n' +
    '    at handle (/app/node_modules/router/index.js:435:11)\n' +
    '    at Layer.handleRequest (/app/node_modules/router/lib/layer.js:152:17)\n' +
    '    at /app/node_modules/router/index.js:295:15\n' +
    '    at processParams (/app/node_modules/router/index.js:582:12)\n' +
    '    at next (/app/node_modules/router/index.js:291:5)\n' +
    '    at Function.handle (/app/node_modules/router/index.js:186:3)',
  level: 'error',
  timestamp: '2026-08-04T19:19:35.263Z'
}
{
  message: 'JWT Verification Error: jwt expired',
  level: 'error',
  timestamp: '2026-08-04T19:19:35.275Z'
}
{
  message: 'GLOBAL ERROR HANDLER CAUGHT: Error: Phiên đăng nhập đã hết hạn. Vui lòng lấy Token mới.\n' +
    '    at authMiddleware (/app/src/middlewares/authMiddleware.ts:80:9)\n' +
    '    at Layer.handleRequest (/app/node_modules/router/lib/layer.js:152:17)\n' +
    '    at next (/app/node_modules/router/lib/route.js:157:13)\n' +
    '    at Route.dispatch (/app/node_modules/router/lib/route.js:117:3)\n' +
    '    at handle (/app/node_modules/router/index.js:435:11)\n' +
    '    at Layer.handleRequest (/app/node_modules/router/lib/layer.js:152:17)\n' +
    '    at /app/node_modules/router/index.js:295:15\n' +
    '    at processParams (/app/node_modules/router/index.js:582:12)\n' +
    '    at next (/app/node_modules/router/index.js:291:5)\n' +
    '    at Function.handle (/app/node_modules/router/index.js:186:3)',
  level: 'error',
  timestamp: '2026-08-04T19:19:35.276Z'
}
{
  message: 'JWT Verification Error: jwt expired',
  level: 'error',
  timestamp: '2026-08-04T19:19:35.282Z'
}
{
  message: 'GLOBAL ERROR HANDLER CAUGHT: Error: Phiên đăng nhập đã hết hạn. Vui lòng lấy Token mới.\n' +
    '    at authMiddleware (/app/src/middlewares/authMiddleware.ts:80:9)\n' +
    '    at Layer.handleRequest (/app/node_modules/router/lib/layer.js:152:17)\n' +
    '    at next (/app/node_modules/router/lib/route.js:157:13)\n' +
    '    at Route.dispatch (/app/node_modules/router/lib/route.js:117:3)\n' +
    '    at handle (/app/node_modules/router/index.js:435:11)\n' +
    '    at Layer.handleRequest (/app/node_modules/router/lib/layer.js:152:17)\n' +
    '    at /app/node_modules/router/index.js:295:15\n' +
    '    at processParams (/app/node_modules/router/index.js:582:12)\n' +
    '    at next (/app/node_modules/router/index.js:291:5)\n' +
    '    at Function.handle (/app/node_modules/router/index.js:186:3)',
  level: 'error',
  timestamp: '2026-08-04T19:19:35.283Z'
}
{
  message: '[AuthController] Refresh Tokens',
  level: 'info',
  timestamp: '2026-08-04T19:19:35.288Z'
}
{
  message: 'Fetching user details for ID: 454734c4-6a7b-4647-a90a-7b6bdbec2232',
  level: 'debug',
  timestamp: '2026-08-04T19:19:35.321Z'
}
{
  message: '[Cache Hit] Lấy thông tin user ID: 454734c4-6a7b-4647-a90a-7b6bdbec2232 từ Redis',
  level: 'debug',
  timestamp: '2026-08-04T19:19:35.322Z'
}
{
  message: '[AuthService] Tokens refreshed successfully for user: admin@booking.com',
  level: 'info',
  timestamp: '2026-08-04T19:19:35.373Z'
}
{
  message: '[UserController] Get all users',
  level: 'info',
  timestamp: '2026-08-04T19:19:35.400Z'
}
{
  message: 'Fetching all users from repository',
  level: 'info',
  timestamp: '2026-08-04T19:19:35.400Z'
}
{
  message: '[UserController] Get all users',
  level: 'info',
  timestamp: '2026-08-04T19:19:35.417Z'
}
{
  message: 'Fetching all users from repository',
  level: 'info',
  timestamp: '2026-08-04T19:19:35.417Z'
}
{
  message: '[Cache Miss] Tìm toàn bộ điểm đến trong Database',
  level: 'debug',
  timestamp: '2026-08-04T19:19:44.016Z'
}
{
  message: '[Cache Hit] Lấy toàn bộ điểm đến từ Redis',
  level: 'debug',
  timestamp: '2026-08-04T19:19:44.037Z'
}
{
  message: '[SchedulerService] Đang kiểm tra các booking hết hạn thanh toán...',
  level: 'info',
  timestamp: '2026-08-04T19:20:00.011Z'
}
{
  message: '[UserController] Get all users',
  level: 'info',
  timestamp: '2026-08-04T19:20:57.727Z'
}
{
  message: 'Fetching all users from repository',
  level: 'info',
  timestamp: '2026-08-04T19:20:57.727Z'
}
{
  message: '[UserController] Get all users',
  level: 'info',
  timestamp: '2026-08-04T19:20:57.777Z'
}
{
  message: 'Fetching all users from repository',
  level: 'info',
  timestamp: '2026-08-04T19:20:57.777Z'
}
{
  message: '[UserController] Get all users',
  level: 'info',
  timestamp: '2026-08-04T19:21:05.253Z'
}
{
  message: 'Fetching all users from repository',
  level: 'info',
  timestamp: '2026-08-04T19:21:05.253Z'
}
{
  message: '[UserController] Get all users',
  level: 'info',
  timestamp: '2026-08-04T19:21:05.272Z'
}
{
  message: 'Fetching all users from repository',
  level: 'info',
  timestamp: '2026-08-04T19:21:05.272Z'
}
{
  message: '[SchedulerService] Đang kiểm tra các booking hết hạn thanh toán...',
  level: 'info',
  timestamp: '2026-08-04T19:25:00.002Z'
}
{
  message: 'JWT Verification Error: jwt expired',
  level: 'error',
  timestamp: '2026-08-04T19:27:06.075Z'
}
{
  message: 'GLOBAL ERROR HANDLER CAUGHT: Error: Phiên đăng nhập đã hết hạn. Vui lòng lấy Token mới.\n' +
    '    at authMiddleware (/app/src/middlewares/authMiddleware.ts:80:9)\n' +
    '    at Layer.handleRequest (/app/node_modules/router/lib/layer.js:152:17)\n' +
    '    at next (/app/node_modules/router/lib/route.js:157:13)\n' +
    '    at Route.dispatch (/app/node_modules/router/lib/route.js:117:3)\n' +
    '    at handle (/app/node_modules/router/index.js:435:11)\n' +
    '    at Layer.handleRequest (/app/node_modules/router/lib/layer.js:152:17)\n' +
    '    at /app/node_modules/router/index.js:295:15\n' +
    '    at processParams (/app/node_modules/router/index.js:582:12)\n' +
    '    at next (/app/node_modules/router/index.js:291:5)\n' +
    '    at Function.handle (/app/node_modules/router/index.js:186:3)',
  level: 'error',
  timestamp: '2026-08-04T19:27:06.076Z'
}
{
  message: 'JWT Verification Error: jwt expired',
  level: 'error',
  timestamp: '2026-08-04T19:27:06.087Z'
}
{
  message: 'GLOBAL ERROR HANDLER CAUGHT: Error: Phiên đăng nhập đã hết hạn. Vui lòng lấy Token mới.\n' +
    '    at authMiddleware (/app/src/middlewares/authMiddleware.ts:80:9)\n' +
    '    at Layer.handleRequest (/app/node_modules/router/lib/layer.js:152:17)\n' +
    '    at next (/app/node_modules/router/lib/route.js:157:13)\n' +
    '    at Route.dispatch (/app/node_modules/router/lib/route.js:117:3)\n' +
    '    at handle (/app/node_modules/router/index.js:435:11)\n' +
    '    at Layer.handleRequest (/app/node_modules/router/lib/layer.js:152:17)\n' +
    '    at /app/node_modules/router/index.js:295:15\n' +
    '    at processParams (/app/node_modules/router/index.js:582:12)\n' +
    '    at next (/app/node_modules/router/index.js:291:5)\n' +
    '    at Function.handle (/app/node_modules/router/index.js:186:3)',
  level: 'error',
  timestamp: '2026-08-04T19:27:06.089Z'
}
{
  message: 'JWT Verification Error: jwt expired',
  level: 'error',
  timestamp: '2026-08-04T19:27:06.095Z'
}
{
  message: 'GLOBAL ERROR HANDLER CAUGHT: Error: Phiên đăng nhập đã hết hạn. Vui lòng lấy Token mới.\n' +
    '    at authMiddleware (/app/src/middlewares/authMiddleware.ts:80:9)\n' +
    '    at Layer.handleRequest (/app/node_modules/router/lib/layer.js:152:17)\n' +
    '    at next (/app/node_modules/router/lib/route.js:157:13)\n' +
    '    at Route.dispatch (/app/node_modules/router/lib/route.js:117:3)\n' +
    '    at handle (/app/node_modules/router/index.js:435:11)\n' +
    '    at Layer.handleRequest (/app/node_modules/router/lib/layer.js:152:17)\n' +
    '    at /app/node_modules/router/index.js:295:15\n' +
    '    at processParams (/app/node_modules/router/index.js:582:12)\n' +
    '    at next (/app/node_modules/router/index.js:291:5)\n' +
    '    at Function.handle (/app/node_modules/router/index.js:186:3)',
  level: 'error',
  timestamp: '2026-08-04T19:27:06.096Z'
}
{
  message: 'JWT Verification Error: jwt expired',
  level: 'error',
  timestamp: '2026-08-04T19:27:06.105Z'
}
{
  message: 'GLOBAL ERROR HANDLER CAUGHT: Error: Phiên đăng nhập đã hết hạn. Vui lòng lấy Token mới.\n' +
    '    at authMiddleware (/app/src/middlewares/authMiddleware.ts:80:9)\n' +
    '    at Layer.handleRequest (/app/node_modules/router/lib/layer.js:152:17)\n' +
    '    at next (/app/node_modules/router/lib/route.js:157:13)\n' +
    '    at Route.dispatch (/app/node_modules/router/lib/route.js:117:3)\n' +
    '    at handle (/app/node_modules/router/index.js:435:11)\n' +
    '    at Layer.handleRequest (/app/node_modules/router/lib/layer.js:152:17)\n' +
    '    at /app/node_modules/router/index.js:295:15\n' +
    '    at processParams (/app/node_modules/router/index.js:582:12)\n' +
    '    at next (/app/node_modules/router/index.js:291:5)\n' +
    '    at Function.handle (/app/node_modules/router/index.js:186:3)',
  level: 'error',
  timestamp: '2026-08-04T19:27:06.107Z'
}
{
  message: '[AuthController] Refresh Tokens',
  level: 'info',
  timestamp: '2026-08-04T19:27:06.110Z'
}
{
  message: 'JWT Verification Error: jwt expired',
  level: 'error',
  timestamp: '2026-08-04T19:27:06.116Z'
}
{
  message: 'GLOBAL ERROR HANDLER CAUGHT: Error: Phiên đăng nhập đã hết hạn. Vui lòng lấy Token mới.\n' +
    '    at authMiddleware (/app/src/middlewares/authMiddleware.ts:80:9)\n' +
    '    at Layer.handleRequest (/app/node_modules/router/lib/layer.js:152:17)\n' +
    '    at next (/app/node_modules/router/lib/route.js:157:13)\n' +
    '    at Route.dispatch (/app/node_modules/router/lib/route.js:117:3)\n' +
    '    at handle (/app/node_modules/router/index.js:435:11)\n' +
    '    at Layer.handleRequest (/app/node_modules/router/lib/layer.js:152:17)\n' +
    '    at /app/node_modules/router/index.js:295:15\n' +
    '    at processParams (/app/node_modules/router/index.js:582:12)\n' +
    '    at next (/app/node_modules/router/index.js:291:5)\n' +
    '    at Function.handle (/app/node_modules/router/index.js:186:3)',
  level: 'error',
  timestamp: '2026-08-04T19:27:06.117Z'
}
{
  message: 'JWT Verification Error: jwt expired',
  level: 'error',
  timestamp: '2026-08-04T19:27:06.121Z'
}
{
  message: 'GLOBAL ERROR HANDLER CAUGHT: Error: Phiên đăng nhập đã hết hạn. Vui lòng lấy Token mới.\n' +
    '    at authMiddleware (/app/src/middlewares/authMiddleware.ts:80:9)\n' +
    '    at Layer.handleRequest (/app/node_modules/router/lib/layer.js:152:17)\n' +
    '    at next (/app/node_modules/router/lib/route.js:157:13)\n' +
    '    at Route.dispatch (/app/node_modules/router/lib/route.js:117:3)\n' +
    '    at handle (/app/node_modules/router/index.js:435:11)\n' +
    '    at Layer.handleRequest (/app/node_modules/router/lib/layer.js:152:17)\n' +
    '    at /app/node_modules/router/index.js:295:15\n' +
    '    at processParams (/app/node_modules/router/index.js:582:12)\n' +
    '    at next (/app/node_modules/router/index.js:291:5)\n' +
    '    at Function.handle (/app/node_modules/router/index.js:186:3)',
  level: 'error',
  timestamp: '2026-08-04T19:27:06.122Z'
}
{
  message: 'Fetching user details for ID: 454734c4-6a7b-4647-a90a-7b6bdbec2232',
  level: 'debug',
  timestamp: '2026-08-04T19:27:06.145Z'
}
{
  message: '[Cache Hit] Lấy thông tin user ID: 454734c4-6a7b-4647-a90a-7b6bdbec2232 từ Redis',
  level: 'debug',
  timestamp: '2026-08-04T19:27:06.146Z'
}
{
  message: '[AuthService] Tokens refreshed successfully for user: admin@booking.com',
  level: 'info',
  timestamp: '2026-08-04T19:27:06.165Z'
}
{
  message: '[UserController] Get all users',
  level: 'info',
  timestamp: '2026-08-04T19:27:06.197Z'
}
{
  message: 'Fetching all users from repository',
  level: 'info',
  timestamp: '2026-08-04T19:27:06.197Z'
}
{
  message: '[UserController] Get all users',
  level: 'info',
  timestamp: '2026-08-04T19:27:06.224Z'
}
{
  message: 'Fetching all users from repository',
  level: 'info',
  timestamp: '2026-08-04T19:27:06.224Z'
}
{
  message: '[UserController] Get all users',
  level: 'info',
  timestamp: '2026-08-04T19:27:44.532Z'
}
{
  message: 'Fetching all users from repository',
  level: 'info',
  timestamp: '2026-08-04T19:27:44.533Z'
}
{
  message: '[UserController] Get all users',
  level: 'info',
  timestamp: '2026-08-04T19:27:44.560Z'
}
{
  message: 'Fetching all users from repository',
  level: 'info',
  timestamp: '2026-08-04T19:27:44.560Z'
}
{
  userId: '6173a954-cbea-43c4-bbf1-ace8f7b9bc1e',
  status: 'BANNED',
  level: 'info',
  message: '[UserController] Change user status',
  timestamp: '2026-08-04T19:27:49.626Z'
}
{
  message: 'Trạng thái của User 6173a954-cbea-43c4-bbf1-ace8f7b9bc1e đã đổi thành: BANNED',
  level: 'info',
  timestamp: '2026-08-04T19:27:49.649Z'
}
{
  message: '[UserController] Get all users',
  level: 'info',
  timestamp: '2026-08-04T19:27:56.236Z'
}
{
  message: 'Fetching all users from repository',
  level: 'info',
  timestamp: '2026-08-04T19:27:56.237Z'
}
{
  message: '[UserController] Get all users',
  level: 'info',
  timestamp: '2026-08-04T19:27:56.266Z'
}
{
  message: 'Fetching all users from repository',
  level: 'info',
  timestamp: '2026-08-04T19:27:56.267Z'
}
{
  message: '[UserController] Get all users',
  level: 'info',
  timestamp: '2026-08-04T19:27:59.229Z'
}
{
  message: 'Fetching all users from repository',
  level: 'info',
  timestamp: '2026-08-04T19:27:59.229Z'
}
{
  message: '[UserController] Get all users',
  level: 'info',
  timestamp: '2026-08-04T19:27:59.247Z'
}
{
  message: 'Fetching all users from repository',
  level: 'info',
  timestamp: '2026-08-04T19:27:59.247Z'
}
{
  message: '[Cache Miss] Tìm toàn bộ điểm đến trong Database',
  level: 'debug',
  timestamp: '2026-08-04T19:28:06.610Z'
}
{
  message: '[Cache Hit] Lấy toàn bộ điểm đến từ Redis',
  level: 'debug',
  timestamp: '2026-08-04T19:28:06.624Z'
}
{
  message: '[SchedulerService] Đang kiểm tra các booking hết hạn thanh toán...',
  level: 'info',
  timestamp: '2026-08-04T19:30:00.003Z'
}
{
  message: '[SchedulerService] Đang kiểm tra các booking hết hạn thanh toán...',
  level: 'info',
  timestamp: '2026-08-04T19:35:00.018Z'
}
{
  message: '[SchedulerService] Đang kiểm tra các booking hết hạn thanh toán...',
  level: 'info',
  timestamp: '2026-08-04T19:40:00.003Z'
}
{
  message: '[SchedulerService] Đang kiểm tra các booking hết hạn thanh toán...',
  level: 'info',
  timestamp: '2026-08-04T19:45:00.004Z'
}
{
  message: '[SchedulerService] Đang kiểm tra các booking hết hạn thanh toán...',
  level: 'info',
  timestamp: '2026-08-04T19:50:00.003Z'
}
{
  message: '[SchedulerService] Đang kiểm tra các booking hết hạn thanh toán...',
  level: 'info',
  timestamp: '2026-08-04T19:55:00.003Z'
}
{
  message: '[SchedulerService] Đang kiểm tra các booking hết hạn thanh toán...',
  level: 'info',
  timestamp: '2026-08-04T20:00:00.005Z'
}
{
  message: 'Nhận tín hiệu SIGTERM. Đang đóng API Server...',
  level: 'info',
  timestamp: '2026-08-04T20:04:36.482Z'
}
{
  message: 'Express HTTP server đã đóng.',
  level: 'info',
  timestamp: '2026-08-04T20:04:36.484Z'
}
{
  message: '[Redis] Đã đóng kết nối Redis',
  level: 'info',
  timestamp: '2026-08-04T20:04:36.486Z'
}
{
  message: '[SchedulerService] Khởi tạo các cron job...',
  level: 'info',
  timestamp: '2026-08-04T20:18:38.100Z'
}
{
  message: 'Booking API Service đang chạy tại port 3000 (Môi trường: development)',
  level: 'info',
  timestamp: '2026-08-04T20:18:38.190Z'
}
{
  message: '[Redis] Kết nối thành công tới Redis server',
  level: 'info',
  timestamp: '2026-08-04T20:18:38.196Z'
}
{
  message: 'Nhận tín hiệu SIGTERM. Đang đóng API Server...',
  level: 'info',
  timestamp: '2026-08-04T20:19:11.292Z'
}
{
  message: 'Express HTTP server đã đóng.',
  level: 'info',
  timestamp: '2026-08-04T20:19:11.294Z'
}
{
  message: '[Redis] Đã đóng kết nối Redis',
  level: 'info',
  timestamp: '2026-08-04T20:19:11.296Z'
}
{
  message: '[SchedulerService] Khởi tạo các cron job...',
  level: 'info',
  timestamp: '2026-08-05T08:12:39.097Z'
}
{
  message: 'Booking API Service đang chạy tại port 3000 (Môi trường: development)',
  level: 'info',
  timestamp: '2026-08-05T08:12:39.195Z'
}
{
  message: '[Redis] Kết nối thành công tới Redis server',
  level: 'info',
  timestamp: '2026-08-05T08:12:39.221Z'
}
{
  message: 'JWT Verification Error: jwt expired',
  level: 'error',
  timestamp: '2026-08-05T08:12:59.257Z'
}
{
  message: 'GLOBAL ERROR HANDLER CAUGHT: Error: Phiên đăng nhập đã hết hạn. Vui lòng lấy Token mới.\n' +
    '    at authMiddleware (/app/src/middlewares/authMiddleware.ts:80:9)\n' +
    '    at Layer.handleRequest (/app/node_modules/router/lib/layer.js:152:17)\n' +
    '    at next (/app/node_modules/router/lib/route.js:157:13)\n' +
    '    at Route.dispatch (/app/node_modules/router/lib/route.js:117:3)\n' +
    '    at handle (/app/node_modules/router/index.js:435:11)\n' +
    '    at Layer.handleRequest (/app/node_modules/router/lib/layer.js:152:17)\n' +
    '    at /app/node_modules/router/index.js:295:15\n' +
    '    at processParams (/app/node_modules/router/index.js:582:12)\n' +
    '    at next (/app/node_modules/router/index.js:291:5)\n' +
    '    at Function.handle (/app/node_modules/router/index.js:186:3)',
  level: 'error',
  timestamp: '2026-08-05T08:12:59.261Z'
}
{
  message: 'JWT Verification Error: jwt expired',
  level: 'error',
  timestamp: '2026-08-05T08:12:59.269Z'
}
{
  message: 'GLOBAL ERROR HANDLER CAUGHT: Error: Phiên đăng nhập đã hết hạn. Vui lòng lấy Token mới.\n' +
    '    at authMiddleware (/app/src/middlewares/authMiddleware.ts:80:9)\n' +
    '    at Layer.handleRequest (/app/node_modules/router/lib/layer.js:152:17)\n' +
    '    at next (/app/node_modules/router/lib/route.js:157:13)\n' +
    '    at Route.dispatch (/app/node_modules/router/lib/route.js:117:3)\n' +
    '    at handle (/app/node_modules/router/index.js:435:11)\n' +
    '    at Layer.handleRequest (/app/node_modules/router/lib/layer.js:152:17)\n' +
    '    at /app/node_modules/router/index.js:295:15\n' +
    '    at processParams (/app/node_modules/router/index.js:582:12)\n' +
    '    at next (/app/node_modules/router/index.js:291:5)\n' +
    '    at Function.handle (/app/node_modules/router/index.js:186:3)',
  level: 'error',
  timestamp: '2026-08-05T08:12:59.271Z'
}
{
  message: '[AuthController] Refresh Tokens',
  level: 'info',
  timestamp: '2026-08-05T08:12:59.308Z'
}
{
  message: 'GLOBAL ERROR HANDLER CAUGHT: Error: Refresh Token không hợp lệ hoặc đã bị đăng xuất.\n' +
    '    at AuthService.refreshTokens (/app/src/modules/auth/services/authService.ts:300:13)\n' +
    '    at process.processTicksAndRejections (node:internal/process/task_queues:95:5)\n' +
    '    at async refreshTokens (/app/src/modules/auth/controllers/authController.ts:177:20)',
  level: 'error',
  timestamp: '2026-08-05T08:12:59.445Z'
}
{
  message: '[Cache Miss] Tìm danh sách điểm đến hoạt động trong Database',
  level: 'debug',
  timestamp: '2026-08-05T08:12:59.564Z'
}
{
  page: '1',
  limit: '10',
  status: 'ACTIVE',
  level: 'info',
  message: '[HotelController] Get all hotels with queries',
  timestamp: '2026-08-05T08:12:59.577Z'
}
{
  message: '[Cache Hit] Lấy danh sách điểm đến hoạt động từ Redis',
  level: 'debug',
  timestamp: '2026-08-05T08:12:59.616Z'
}
{
  message: '[Cache Hit] Lấy danh sách điểm đến hoạt động từ Redis',
  level: 'debug',
  timestamp: '2026-08-05T08:12:59.628Z'
}
{
  message: '[Cache Hit] Lấy danh sách điểm đến hoạt động từ Redis',
  level: 'debug',
  timestamp: '2026-08-05T08:12:59.649Z'
}
{
  page: '1',
  limit: '10',
  status: 'ACTIVE',
  level: 'info',
  message: '[HotelController] Get all hotels with queries',
  timestamp: '2026-08-05T08:12:59.686Z'
}
{
  email: 'locdz8c@gmail.com',
  level: 'info',
  message: '[AuthController] Login with Password',
  timestamp: '2026-08-05T08:13:06.791Z'
}
{
  message: 'GLOBAL ERROR HANDLER CAUGHT: Error: Tài khoản hoặc mật khẩu không chính xác.\n' +
    '    at AuthService.loginWithPassword (/app/src/modules/auth/services/authService.ts:126:13)\n' +
    '    at process.processTicksAndRejections (node:internal/process/task_queues:95:5)\n' +
    '    at async loginWithPassword (/app/src/modules/auth/controllers/authController.ts:118:20)',
  level: 'error',
  timestamp: '2026-08-05T08:13:06.807Z'
}
{
  message: '[AuthController] Refresh Tokens',
  level: 'info',
  timestamp: '2026-08-05T08:13:06.816Z'
}
{
  message: 'GLOBAL ERROR HANDLER CAUGHT: Error: Refresh Token không hợp lệ hoặc đã bị đăng xuất.\n' +
    '    at AuthService.refreshTokens (/app/src/modules/auth/services/authService.ts:300:13)\n' +
    '    at process.processTicksAndRejections (node:internal/process/task_queues:95:5)\n' +
    '    at async refreshTokens (/app/src/modules/auth/controllers/authController.ts:177:20)',
  level: 'error',
  timestamp: '2026-08-05T08:13:06.820Z'
}
{
  email: 'locdz8c@gmail.com',
  level: 'info',
  message: '[AuthController] Login with Password',
  timestamp: '2026-08-05T08:13:13.611Z'
}
{
  message: 'GLOBAL ERROR HANDLER CAUGHT: Error: Tài khoản hoặc mật khẩu không chính xác.\n' +
    '    at AuthService.loginWithPassword (/app/src/modules/auth/services/authService.ts:126:13)\n' +
    '    at process.processTicksAndRejections (node:internal/process/task_queues:95:5)\n' +
    '    at async loginWithPassword (/app/src/modules/auth/controllers/authController.ts:118:20)',
  level: 'error',
  timestamp: '2026-08-05T08:13:13.619Z'
}
{
  message: '[AuthController] Refresh Tokens',
  level: 'info',
  timestamp: '2026-08-05T08:13:13.628Z'
}
{
  message: 'GLOBAL ERROR HANDLER CAUGHT: Error: Refresh Token không hợp lệ hoặc đã bị đăng xuất.\n' +
    '    at AuthService.refreshTokens (/app/src/modules/auth/services/authService.ts:300:13)\n' +
    '    at process.processTicksAndRejections (node:internal/process/task_queues:95:5)\n' +
    '    at async refreshTokens (/app/src/modules/auth/controllers/authController.ts:177:20)',
  level: 'error',
  timestamp: '2026-08-05T08:13:13.633Z'
}
{
  message: '[SchedulerService] Đang kiểm tra các booking hết hạn thanh toán...',
  level: 'info',
  timestamp: '2026-08-05T08:15:00.019Z'
}
{
  message: '[Cache Hit] Lấy danh sách điểm đến hoạt động từ Redis',
  level: 'debug',
  timestamp: '2026-08-05T08:19:26.661Z'
}
{
  page: '1',
  limit: '10',
  status: 'ACTIVE',
  level: 'info',
  message: '[HotelController] Get all hotels with queries',
  timestamp: '2026-08-05T08:19:26.664Z'
}
{
  page: '1',
  limit: '10',
  status: 'ACTIVE',
  level: 'info',
  message: '[HotelController] Get all hotels with queries',
  timestamp: '2026-08-05T08:19:26.672Z'
}
{
  message: '[Cache Hit] Lấy danh sách điểm đến hoạt động từ Redis',
  level: 'debug',
  timestamp: '2026-08-05T08:19:26.679Z'
}
{
  message: '[Cache Hit] Lấy danh sách điểm đến hoạt động từ Redis',
  level: 'debug',
  timestamp: '2026-08-05T08:19:26.684Z'
}
{
  message: '[Cache Hit] Lấy danh sách điểm đến hoạt động từ Redis',
  level: 'debug',
  timestamp: '2026-08-05T08:19:26.688Z'
}
{
  page: '1',
  limit: '10',
  status: 'ACTIVE',
  level: 'info',
  message: '[HotelController] Get all hotels with queries',
  timestamp: '2026-08-05T08:19:32.639Z'
}
{
  message: '[Cache Hit] Lấy danh sách điểm đến hoạt động từ Redis',
  level: 'debug',
  timestamp: '2026-08-05T08:19:32.641Z'
}
{
  page: '1',
  limit: '10',
  status: 'ACTIVE',
  level: 'info',
  message: '[HotelController] Get all hotels with queries',
  timestamp: '2026-08-05T08:19:32.645Z'
}
{
  message: '[Cache Hit] Lấy danh sách điểm đến hoạt động từ Redis',
  level: 'debug',
  timestamp: '2026-08-05T08:19:32.647Z'
}
{
  message: '[Cache Hit] Lấy danh sách điểm đến hoạt động từ Redis',
  level: 'debug',
  timestamp: '2026-08-05T08:19:32.651Z'
}
{
  message: '[Cache Hit] Lấy danh sách điểm đến hoạt động từ Redis',
  level: 'debug',
  timestamp: '2026-08-05T08:19:32.654Z'
}
{
  email: 'user1@booking.com',
  level: 'info',
  message: '[AuthController] Login with Password',
  timestamp: '2026-08-05T08:19:52.721Z'
}
{
  message: 'User ID 33333333-3333-4333-a333-111111111111 đăng nhập thành công. Đã làm sạch lịch sử đăng nhập sai.',
  level: 'info',
  timestamp: '2026-08-05T08:19:52.803Z'
}
{
  message: '[AuthService] Password login successful for user: user1@booking.com',
  level: 'info',
  timestamp: '2026-08-05T08:19:52.824Z'
}
{
  userId: '33333333-3333-4333-a333-111111111111',
  level: 'info',
  message: '[AuthController] Get Me',
  timestamp: '2026-08-05T08:19:52.852Z'
}
{
  message: 'Fetching user details for ID: 33333333-3333-4333-a333-111111111111',
  level: 'debug',
  timestamp: '2026-08-05T08:19:52.853Z'
}
{
  message: '[Cache Miss] Tìm user ID: 33333333-3333-4333-a333-111111111111 trong Database',
  level: 'debug',
  timestamp: '2026-08-05T08:19:52.854Z'
}
{
  message: '[Cache Hit] Lấy danh sách điểm đến hoạt động từ Redis',
  level: 'debug',
  timestamp: '2026-08-05T08:19:52.932Z'
}
{
  message: '[Cache Hit] Lấy danh sách điểm đến hoạt động từ Redis',
  level: 'debug',
  timestamp: '2026-08-05T08:19:52.945Z'
}
{
  message: '[Cache Hit] Lấy danh sách điểm đến hoạt động từ Redis',
  level: 'debug',
  timestamp: '2026-08-05T08:19:52.960Z'
}
{
  page: '1',
  limit: '10',
  status: 'ACTIVE',
  level: 'info',
  message: '[HotelController] Get all hotels with queries',
  timestamp: '2026-08-05T08:19:52.963Z'
}
{
  message: '[Cache Hit] Lấy danh sách điểm đến hoạt động từ Redis',
  level: 'debug',
  timestamp: '2026-08-05T08:19:52.966Z'
}
{
  page: '1',
  limit: '10',
  status: 'ACTIVE',
  level: 'info',
  message: '[HotelController] Get all hotels with queries',
  timestamp: '2026-08-05T08:19:52.972Z'
}
{
  message: '[SchedulerService] Đang kiểm tra các booking hết hạn thanh toán...',
  level: 'info',
  timestamp: '2026-08-05T08:20:00.001Z'
}
{
  message: '[SchedulerService] Đang kiểm tra các booking hết hạn thanh toán...',
  level: 'info',
  timestamp: '2026-08-05T08:25:00.002Z'
}
{
  message: '[SchedulerService] Đang kiểm tra các booking hết hạn thanh toán...',
  level: 'info',
  timestamp: '2026-08-05T08:30:00.003Z'
}
{
  message: '[SchedulerService] Đang kiểm tra các booking hết hạn thanh toán...',
  level: 'info',
  timestamp: '2026-08-05T08:35:00.003Z'
}
{
  message: '[SchedulerService] Đã hủy 1 booking do hết hạn thanh toán.',
  level: 'info',
  timestamp: '2026-08-05T08:35:00.062Z'
}
{
  message: '[SchedulerService] Đang kiểm tra các booking hết hạn thanh toán...',
  level: 'info',
  timestamp: '2026-08-05T08:40:00.000Z'
}
{
  message: '[SchedulerService] Đang kiểm tra các booking hết hạn thanh toán...',
  level: 'info',
  timestamp: '2026-08-05T08:45:00.003Z'
}
{
  message: '[SchedulerService] Đang kiểm tra các booking hết hạn thanh toán...',
  level: 'info',
  timestamp: '2026-08-05T08:50:00.002Z'
}
{
  message: '[SchedulerService] Đang kiểm tra các booking hết hạn thanh toán...',
  level: 'info',
  timestamp: '2026-08-05T08:55:00.001Z'
}
{
  message: '[SchedulerService] Đang kiểm tra các booking hết hạn thanh toán...',
  level: 'info',
  timestamp: '2026-08-05T09:00:00.001Z'
}
{
  message: '[SchedulerService] Đang kiểm tra các booking hết hạn thanh toán...',
  level: 'info',
  timestamp: '2026-08-05T09:05:00.002Z'
}
{
  message: '[SchedulerService] Đang kiểm tra các booking hết hạn thanh toán...',
  level: 'info',
  timestamp: '2026-08-05T09:10:00.001Z'
}
{
  message: '[SchedulerService] Đang kiểm tra các booking hết hạn thanh toán...',
  level: 'info',
  timestamp: '2026-08-05T09:15:00.003Z'
}
