{
  message: '[SchedulerService] Khởi tạo các cron job...',
  level: 'info',
  timestamp: '2026-07-31T02:15:05.609Z'
}
{
  message: 'Booking API Service đang chạy tại port 3000 (Môi trường: development)',
  level: 'info',
  timestamp: '2026-07-31T02:15:05.832Z'
}
{
  message: '[Redis] Kết nối thành công tới Redis server',
  level: 'info',
  timestamp: '2026-07-31T02:15:05.849Z'
}
{
  page: '1',
  limit: '10',
  level: 'info',
  message: '[HotelController] Get all hotels with queries',
  timestamp: '2026-07-31T02:17:14.075Z'
}
{
  page: '1',
  limit: '10',
  level: 'info',
  message: '[HotelController] Get all hotels with queries',
  timestamp: '2026-07-31T02:17:14.365Z'
}
{
  email: 'vinhle5620@gmail.com',
  level: 'info',
  message: '[AuthController] Register user',
  timestamp: '2026-07-31T02:17:44.731Z'
}
{
  message: 'Fetching user details for Email: vinhle5620@gmail.com',
  level: 'debug',
  timestamp: '2026-07-31T02:17:44.736Z'
}
{
  message: '[Cache Miss] Tìm email vinhle5620@gmail.com trong Database',
  level: 'debug',
  timestamp: '2026-07-31T02:17:44.739Z'
}
{
  message: 'User with Email vinhle5620@gmail.com not found',
  level: 'warn',
  timestamp: '2026-07-31T02:17:44.817Z'
}
{
  message: 'Nhận tín hiệu SIGTERM. Đang đóng API Server...',
  level: 'info',
  timestamp: '2026-07-31T02:17:44.822Z'
}
{
  message: '[Redis] Đã đóng kết nối Redis',
  level: 'info',
  timestamp: '2026-07-31T02:17:44.824Z'
}
{
  userId: '0f1e6c1f-006b-4660-b932-fe39eea99e7d',
  email: 'vinhle5620@gmail.com',
  level: 'info',
  message: 'User created successfully by admin',
  timestamp: '2026-07-31T02:17:45.002Z'
}
{
  message: '[AuthService] Password registration successful for user: vinhle5620@gmail.com',
  level: 'info',
  timestamp: '2026-07-31T02:17:45.019Z'
}
{
  message: '[SchedulerService] Khởi tạo các cron job...',
  level: 'info',
  timestamp: '2026-07-31T02:18:18.442Z'
}
{
  message: 'Booking API Service đang chạy tại port 3000 (Môi trường: development)',
  level: 'info',
  timestamp: '2026-07-31T02:18:18.558Z'
}
{
  message: '[Redis] Kết nối thành công tới Redis server',
  level: 'info',
  timestamp: '2026-07-31T02:18:18.570Z'
}
{
  email: 'vinhle562@gmail.com',
  level: 'info',
  message: '[AuthController] Register user',
  timestamp: '2026-07-31T02:18:31.463Z'
}
{
  message: 'Fetching user details for Email: vinhle562@gmail.com',
  level: 'debug',
  timestamp: '2026-07-31T02:18:31.464Z'
}
{
  message: '[Cache Miss] Tìm email vinhle562@gmail.com trong Database',
  level: 'debug',
  timestamp: '2026-07-31T02:18:31.466Z'
}
{
  message: 'User with Email vinhle562@gmail.com not found',
  level: 'warn',
  timestamp: '2026-07-31T02:18:31.656Z'
}
{
  userId: 'a4904b6b-b87d-4cf1-b616-9a0e3c766089',
  email: 'vinhle562@gmail.com',
  level: 'info',
  message: 'User created successfully by admin',
  timestamp: '2026-07-31T02:18:31.797Z'
}
{
  message: '[AuthService] Password registration successful for user: vinhle562@gmail.com',
  level: 'info',
  timestamp: '2026-07-31T02:18:31.815Z'
}
{
  userId: 'a4904b6b-b87d-4cf1-b616-9a0e3c766089',
  level: 'info',
  message: '[AuthController] Get Me',
  timestamp: '2026-07-31T02:18:31.861Z'
}
{
  message: 'Fetching user details for ID: a4904b6b-b87d-4cf1-b616-9a0e3c766089',
  level: 'debug',
  timestamp: '2026-07-31T02:18:31.863Z'
}
{
  message: '[Cache Miss] Tìm user ID: a4904b6b-b87d-4cf1-b616-9a0e3c766089 trong Database',
  level: 'debug',
  timestamp: '2026-07-31T02:18:31.867Z'
}
{
  page: '1',
  limit: '10',
  level: 'info',
  message: '[HotelController] Get all hotels with queries',
  timestamp: '2026-07-31T02:18:32.019Z'
}
{
  page: '1',
  limit: '10',
  level: 'info',
  message: '[HotelController] Get all hotels with queries',
  timestamp: '2026-07-31T02:18:32.033Z'
}
{
  page: '1',
  limit: '10',
  level: 'info',
  message: '[HotelController] Get all hotels with queries',
  timestamp: '2026-07-31T02:18:45.489Z'
}
{
  page: '1',
  limit: '10',
  level: 'info',
  message: '[HotelController] Get all hotels with queries',
  timestamp: '2026-07-31T02:18:45.497Z'
}
{
  userId: 'a4904b6b-b87d-4cf1-b616-9a0e3c766089',
  level: 'info',
  message: '[AuthController] Get Me',
  timestamp: '2026-07-31T02:19:04.904Z'
}
{
  message: 'Fetching user details for ID: a4904b6b-b87d-4cf1-b616-9a0e3c766089',
  level: 'debug',
  timestamp: '2026-07-31T02:19:04.905Z'
}
{
  message: '[Cache Hit] Lấy thông tin user ID: a4904b6b-b87d-4cf1-b616-9a0e3c766089 từ Redis',
  level: 'debug',
  timestamp: '2026-07-31T02:19:04.906Z'
}
{
  userId: 'a4904b6b-b87d-4cf1-b616-9a0e3c766089',
  level: 'info',
  message: '[AuthController] Get Me',
  timestamp: '2026-07-31T02:19:04.914Z'
}
{
  message: 'Fetching user details for ID: a4904b6b-b87d-4cf1-b616-9a0e3c766089',
  level: 'debug',
  timestamp: '2026-07-31T02:19:04.915Z'
}
{
  message: '[Cache Hit] Lấy thông tin user ID: a4904b6b-b87d-4cf1-b616-9a0e3c766089 từ Redis',
  level: 'debug',
  timestamp: '2026-07-31T02:19:04.916Z'
}
{
  page: '1',
  limit: '10',
  level: 'info',
  message: '[HotelController] Get all hotels with queries',
  timestamp: '2026-07-31T02:19:05.089Z'
}
{
  page: '1',
  limit: '10',
  level: 'info',
  message: '[HotelController] Get all hotels with queries',
  timestamp: '2026-07-31T02:19:05.093Z'
}
{
  message: '[SchedulerService] Đang kiểm tra các booking hết hạn thanh toán...',
  level: 'info',
  timestamp: '2026-07-31T02:20:00.012Z'
}
{
  hotelId: 'c028860e-b34c-4ad7-a141-962fec938a72',
  level: 'info',
  message: '[HotelController] Get hotel by id',
  timestamp: '2026-07-31T02:21:11.045Z'
}
{
  message: '[Cache Miss] Tìm hotel ID: c028860e-b34c-4ad7-a141-962fec938a72 trong Database',
  level: 'debug',
  timestamp: '2026-07-31T02:21:11.047Z'
}
{
  hotelId: 'c028860e-b34c-4ad7-a141-962fec938a72',
  level: 'info',
  message: '[HotelController] Get hotel by id',
  timestamp: '2026-07-31T02:21:11.105Z'
}
{
  message: '[Cache Hit] Lấy thông tin hotel ID: c028860e-b34c-4ad7-a141-962fec938a72 từ Redis',
  level: 'debug',
  timestamp: '2026-07-31T02:21:11.106Z'
}
{
  page: '1',
  limit: '10',
  level: 'info',
  message: '[HotelController] Get all hotels with queries',
  timestamp: '2026-07-31T02:21:28.675Z'
}
{
  page: '1',
  limit: '10',
  level: 'info',
  message: '[HotelController] Get all hotels with queries',
  timestamp: '2026-07-31T02:21:28.682Z'
}
{
  message: 'JWT Verification Error: jwt expired',
  level: 'error',
  timestamp: '2026-07-31T02:22:27.289Z'
}
{
  message: 'GLOBAL ERROR HANDLER CAUGHT: Error: Phiên đăng nhập đã hết hạn. Vui lòng lấy Token mới.\n' +
    '    at authMiddleware (/app/src/middlewares/authMiddleware.ts:80:9)\n' +
    '    at Layer.handleRequest (/app/node_modules/router/lib/layer.js:152:17)\n' +
    '    at next (/app/node_modules/router/lib/route.js:157:13)\n' +
    '    at Route.dispatch (/app/node_modules/router/lib/route.js:117:3)\n' +
    '    at handle (/app/node_modules/router/index.js:435:11)\n' +
    '    at Layer.handleRequest (/app/node_modules/router/lib/layer.js:152:17)\n' +
    '    at /app/node_modules/router/index.js:295:15\n' +
    '    at processParams (/app/node_modules/router/index.js:582:12)\n' +
    '    at next (/app/node_modules/router/index.js:291:5)\n' +
    '    at Function.handle (/app/node_modules/router/index.js:186:3)',
  level: 'error',
  timestamp: '2026-07-31T02:22:27.293Z'
}
{
  message: 'JWT Verification Error: jwt expired',
  level: 'error',
  timestamp: '2026-07-31T02:22:27.302Z'
}
{
  message: 'GLOBAL ERROR HANDLER CAUGHT: Error: Phiên đăng nhập đã hết hạn. Vui lòng lấy Token mới.\n' +
    '    at authMiddleware (/app/src/middlewares/authMiddleware.ts:80:9)\n' +
    '    at Layer.handleRequest (/app/node_modules/router/lib/layer.js:152:17)\n' +
    '    at next (/app/node_modules/router/lib/route.js:157:13)\n' +
    '    at Route.dispatch (/app/node_modules/router/lib/route.js:117:3)\n' +
    '    at handle (/app/node_modules/router/index.js:435:11)\n' +
    '    at Layer.handleRequest (/app/node_modules/router/lib/layer.js:152:17)\n' +
    '    at /app/node_modules/router/index.js:295:15\n' +
    '    at processParams (/app/node_modules/router/index.js:582:12)\n' +
    '    at next (/app/node_modules/router/index.js:291:5)\n' +
    '    at Function.handle (/app/node_modules/router/index.js:186:3)',
  level: 'error',
  timestamp: '2026-07-31T02:22:27.303Z'
}
{
  message: '[AuthController] Refresh Tokens',
  level: 'info',
  timestamp: '2026-07-31T02:22:27.316Z'
}
{
  message: 'Fetching user details for ID: a4904b6b-b87d-4cf1-b616-9a0e3c766089',
  level: 'debug',
  timestamp: '2026-07-31T02:22:27.356Z'
}
{
  message: '[Cache Hit] Lấy thông tin user ID: a4904b6b-b87d-4cf1-b616-9a0e3c766089 từ Redis',
  level: 'debug',
  timestamp: '2026-07-31T02:22:27.357Z'
}
{
  message: '[AuthService] Tokens refreshed successfully for user: vinhle562@gmail.com',
  level: 'info',
  timestamp: '2026-07-31T02:22:27.387Z'
}
{
  query: [Object: null prototype] {},
  level: 'info',
  message: '[SearchController] Search hotels',
  timestamp: '2026-07-31T02:22:27.400Z'
}
{
  userId: 'a4904b6b-b87d-4cf1-b616-9a0e3c766089',
  level: 'info',
  message: '[AuthController] Get Me',
  timestamp: '2026-07-31T02:22:27.454Z'
}
{
  message: 'Fetching user details for ID: a4904b6b-b87d-4cf1-b616-9a0e3c766089',
  level: 'debug',
  timestamp: '2026-07-31T02:22:27.454Z'
}
{
  message: '[Cache Hit] Lấy thông tin user ID: a4904b6b-b87d-4cf1-b616-9a0e3c766089 từ Redis',
  level: 'debug',
  timestamp: '2026-07-31T02:22:27.457Z'
}
{
  userId: 'a4904b6b-b87d-4cf1-b616-9a0e3c766089',
  level: 'info',
  message: '[AuthController] Get Me',
  timestamp: '2026-07-31T02:22:27.469Z'
}
{
  message: 'Fetching user details for ID: a4904b6b-b87d-4cf1-b616-9a0e3c766089',
  level: 'debug',
  timestamp: '2026-07-31T02:22:27.470Z'
}
{
  message: '[Cache Hit] Lấy thông tin user ID: a4904b6b-b87d-4cf1-b616-9a0e3c766089 từ Redis',
  level: 'debug',
  timestamp: '2026-07-31T02:22:27.471Z'
}
{
  query: [Object: null prototype] {},
  level: 'info',
  message: '[SearchController] Search hotels',
  timestamp: '2026-07-31T02:22:27.473Z'
}
{
  hotelId: 'c028860e-b34c-4ad7-a141-962fec938a72',
  level: 'info',
  message: '[HotelController] Get hotel by id',
  timestamp: '2026-07-31T02:23:19.589Z'
}
{
  message: '[Cache Hit] Lấy thông tin hotel ID: c028860e-b34c-4ad7-a141-962fec938a72 từ Redis',
  level: 'debug',
  timestamp: '2026-07-31T02:23:19.590Z'
}
{
  hotelId: 'c028860e-b34c-4ad7-a141-962fec938a72',
  level: 'info',
  message: '[HotelController] Get hotel by id',
  timestamp: '2026-07-31T02:23:19.594Z'
}
{
  message: '[Cache Hit] Lấy thông tin hotel ID: c028860e-b34c-4ad7-a141-962fec938a72 từ Redis',
  level: 'debug',
  timestamp: '2026-07-31T02:23:19.595Z'
}
{
  query: [Object: null prototype] {},
  level: 'info',
  message: '[SearchController] Search hotels',
  timestamp: '2026-07-31T02:23:23.180Z'
}
{
  query: [Object: null prototype] {},
  level: 'info',
  message: '[SearchController] Search hotels',
  timestamp: '2026-07-31T02:23:23.248Z'
}
{
  message: '[SchedulerService] Đang kiểm tra các booking hết hạn thanh toán...',
  level: 'info',
  timestamp: '2026-07-31T02:25:00.002Z'
}
{
  message: '[SchedulerService] Đang kiểm tra các booking hết hạn thanh toán...',
  level: 'info',
  timestamp: '2026-07-31T02:30:00.001Z'
}
{
  message: '[SchedulerService] Đang kiểm tra các booking hết hạn thanh toán...',
  level: 'info',
  timestamp: '2026-07-31T02:35:00.001Z'
}
{
  message: 'JWT Verification Error: jwt expired',
  level: 'error',
  timestamp: '2026-07-31T02:38:27.925Z'
}
{
  message: 'GLOBAL ERROR HANDLER CAUGHT: Error: Phiên đăng nhập đã hết hạn. Vui lòng lấy Token mới.\n' +
    '    at authMiddleware (/app/src/middlewares/authMiddleware.ts:80:9)\n' +
    '    at Layer.handleRequest (/app/node_modules/router/lib/layer.js:152:17)\n' +
    '    at next (/app/node_modules/router/lib/route.js:157:13)\n' +
    '    at Route.dispatch (/app/node_modules/router/lib/route.js:117:3)\n' +
    '    at handle (/app/node_modules/router/index.js:435:11)\n' +
    '    at Layer.handleRequest (/app/node_modules/router/lib/layer.js:152:17)\n' +
    '    at /app/node_modules/router/index.js:295:15\n' +
    '    at processParams (/app/node_modules/router/index.js:582:12)\n' +
    '    at next (/app/node_modules/router/index.js:291:5)\n' +
    '    at Function.handle (/app/node_modules/router/index.js:186:3)',
  level: 'error',
  timestamp: '2026-07-31T02:38:27.928Z'
}
{
  message: 'JWT Verification Error: jwt expired',
  level: 'error',
  timestamp: '2026-07-31T02:38:27.938Z'
}
{
  message: 'GLOBAL ERROR HANDLER CAUGHT: Error: Phiên đăng nhập đã hết hạn. Vui lòng lấy Token mới.\n' +
    '    at authMiddleware (/app/src/middlewares/authMiddleware.ts:80:9)\n' +
    '    at Layer.handleRequest (/app/node_modules/router/lib/layer.js:152:17)\n' +
    '    at next (/app/node_modules/router/lib/route.js:157:13)\n' +
    '    at Route.dispatch (/app/node_modules/router/lib/route.js:117:3)\n' +
    '    at handle (/app/node_modules/router/index.js:435:11)\n' +
    '    at Layer.handleRequest (/app/node_modules/router/lib/layer.js:152:17)\n' +
    '    at /app/node_modules/router/index.js:295:15\n' +
    '    at processParams (/app/node_modules/router/index.js:582:12)\n' +
    '    at next (/app/node_modules/router/index.js:291:5)\n' +
    '    at Function.handle (/app/node_modules/router/index.js:186:3)',
  level: 'error',
  timestamp: '2026-07-31T02:38:27.944Z'
}
{
  message: '[AuthController] Refresh Tokens',
  level: 'info',
  timestamp: '2026-07-31T02:38:27.960Z'
}
{
  message: 'Fetching user details for ID: a4904b6b-b87d-4cf1-b616-9a0e3c766089',
  level: 'debug',
  timestamp: '2026-07-31T02:38:28.024Z'
}
{
  message: '[Cache Hit] Lấy thông tin user ID: a4904b6b-b87d-4cf1-b616-9a0e3c766089 từ Redis',
  level: 'debug',
  timestamp: '2026-07-31T02:38:28.027Z'
}
{
  message: '[AuthService] Tokens refreshed successfully for user: vinhle562@gmail.com',
  level: 'info',
  timestamp: '2026-07-31T02:38:28.093Z'
}
{
  query: [Object: null prototype] {},
  level: 'info',
  message: '[SearchController] Search hotels',
  timestamp: '2026-07-31T02:38:28.143Z'
}
{
  userId: 'a4904b6b-b87d-4cf1-b616-9a0e3c766089',
  level: 'info',
  message: '[AuthController] Get Me',
  timestamp: '2026-07-31T02:38:28.209Z'
}
{
  message: 'Fetching user details for ID: a4904b6b-b87d-4cf1-b616-9a0e3c766089',
  level: 'debug',
  timestamp: '2026-07-31T02:38:28.211Z'
}
{
  query: [Object: null prototype] {},
  level: 'info',
  message: '[SearchController] Search hotels',
  timestamp: '2026-07-31T02:38:28.215Z'
}
{
  message: '[Cache Hit] Lấy thông tin user ID: a4904b6b-b87d-4cf1-b616-9a0e3c766089 từ Redis',
  level: 'debug',
  timestamp: '2026-07-31T02:38:28.217Z'
}
{
  userId: 'a4904b6b-b87d-4cf1-b616-9a0e3c766089',
  level: 'info',
  message: '[AuthController] Get Me',
  timestamp: '2026-07-31T02:38:28.233Z'
}
{
  message: 'Fetching user details for ID: a4904b6b-b87d-4cf1-b616-9a0e3c766089',
  level: 'debug',
  timestamp: '2026-07-31T02:38:28.233Z'
}
{
  message: '[Cache Hit] Lấy thông tin user ID: a4904b6b-b87d-4cf1-b616-9a0e3c766089 từ Redis',
  level: 'debug',
  timestamp: '2026-07-31T02:38:28.241Z'
}
{
  page: '1',
  limit: '10',
  status: 'ACTIVE',
  level: 'info',
  message: '[HotelController] Get all hotels with queries',
  timestamp: '2026-07-31T02:38:35.462Z'
}
{
  page: '1',
  limit: '10',
  status: 'ACTIVE',
  level: 'info',
  message: '[HotelController] Get all hotels with queries',
  timestamp: '2026-07-31T02:38:35.541Z'
}
{
  query: [Object: null prototype] {
    location: 'Hà Nội',
    checkInDate: '2026-07-31T17:00:00.000Z',
    checkOutDate: '2026-08-01T17:00:00.000Z',
    adults: '2',
    children: '0',
    rooms: '1'
  },
  level: 'info',
  message: '[SearchController] Search hotels',
  timestamp: '2026-07-31T02:38:38.543Z'
}
{
  query: [Object: null prototype] {
    location: 'Hà Nội',
    checkInDate: '2026-07-31T17:00:00.000Z',
    checkOutDate: '2026-08-01T17:00:00.000Z',
    adults: '2',
    children: '0',
    rooms: '1'
  },
  level: 'info',
  message: '[SearchController] Search hotels',
  timestamp: '2026-07-31T02:38:38.597Z'
}
{
  page: '1',
  limit: '10',
  status: 'ACTIVE',
  level: 'info',
  message: '[HotelController] Get all hotels with queries',
  timestamp: '2026-07-31T02:38:42.009Z'
}
{
  page: '1',
  limit: '10',
  status: 'ACTIVE',
  level: 'info',
  message: '[HotelController] Get all hotels with queries',
  timestamp: '2026-07-31T02:38:42.024Z'
}
{
  query: [Object: null prototype] {},
  level: 'info',
  message: '[SearchController] Search hotels',
  timestamp: '2026-07-31T02:38:52.001Z'
}
{
  query: [Object: null prototype] {},
  level: 'info',
  message: '[SearchController] Search hotels',
  timestamp: '2026-07-31T02:38:52.037Z'
}
{
  page: '1',
  limit: '10',
  status: 'ACTIVE',
  level: 'info',
  message: '[HotelController] Get all hotels with queries',
  timestamp: '2026-07-31T02:38:53.564Z'
}
{
  page: '1',
  limit: '10',
  status: 'ACTIVE',
  level: 'info',
  message: '[HotelController] Get all hotels with queries',
  timestamp: '2026-07-31T02:38:53.573Z'
}
{
  message: 'Nhận tín hiệu SIGTERM. Đang đóng API Server...',
  level: 'info',
  timestamp: '2026-07-31T02:39:28.396Z'
}
{
  message: 'Express HTTP server đã đóng.',
  level: 'info',
  timestamp: '2026-07-31T02:39:28.398Z'
}
{
  message: '[Redis] Đã đóng kết nối Redis',
  level: 'info',
  timestamp: '2026-07-31T02:39:28.399Z'
}
{
  message: '[SchedulerService] Khởi tạo các cron job...',
  level: 'info',
  timestamp: '2026-07-31T02:40:22.664Z'
}
{
  message: 'Booking API Service đang chạy tại port 3000 (Môi trường: development)',
  level: 'info',
  timestamp: '2026-07-31T02:40:22.817Z'
}
{
  message: '[Redis] Kết nối thành công tới Redis server',
  level: 'info',
  timestamp: '2026-07-31T02:40:22.832Z'
}
{
  userId: 'a4904b6b-b87d-4cf1-b616-9a0e3c766089',
  level: 'info',
  message: '[AuthController] Get Me',
  timestamp: '2026-07-31T02:41:14.770Z'
}
{
  message: 'Fetching user details for ID: a4904b6b-b87d-4cf1-b616-9a0e3c766089',
  level: 'debug',
  timestamp: '2026-07-31T02:41:14.772Z'
}
{
  message: '[Cache Hit] Lấy thông tin user ID: a4904b6b-b87d-4cf1-b616-9a0e3c766089 từ Redis',
  level: 'debug',
  timestamp: '2026-07-31T02:41:14.775Z'
}
{
  userId: 'a4904b6b-b87d-4cf1-b616-9a0e3c766089',
  level: 'info',
  message: '[AuthController] Get Me',
  timestamp: '2026-07-31T02:41:14.806Z'
}
{
  message: 'Fetching user details for ID: a4904b6b-b87d-4cf1-b616-9a0e3c766089',
  level: 'debug',
  timestamp: '2026-07-31T02:41:14.807Z'
}
{
  message: '[Cache Hit] Lấy thông tin user ID: a4904b6b-b87d-4cf1-b616-9a0e3c766089 từ Redis',
  level: 'debug',
  timestamp: '2026-07-31T02:41:14.808Z'
}
{
  page: '1',
  limit: '10',
  status: 'ACTIVE',
  level: 'info',
  message: '[HotelController] Get all hotels with queries',
  timestamp: '2026-07-31T02:41:15.316Z'
}
{
  page: '1',
  limit: '10',
  status: 'ACTIVE',
  level: 'info',
  message: '[HotelController] Get all hotels with queries',
  timestamp: '2026-07-31T02:41:15.327Z'
}
{
  query: [Object: null prototype] {
    location: 'Hà Nội',
    checkInDate: '2026-07-31T17:00:00.000Z',
    checkOutDate: '2026-08-01T17:00:00.000Z',
    adults: '2',
    children: '0',
    rooms: '1'
  },
  level: 'info',
  message: '[SearchController] Search hotels',
  timestamp: '2026-07-31T02:41:30.652Z'
}
{
  query: [Object: null prototype] {
    location: 'Hà Nội',
    checkInDate: '2026-07-31T17:00:00.000Z',
    checkOutDate: '2026-08-01T17:00:00.000Z',
    adults: '2',
    children: '0',
    rooms: '1'
  },
  level: 'info',
  message: '[SearchController] Search hotels',
  timestamp: '2026-07-31T02:41:30.819Z'
}
{
  query: [Object: null prototype] {
    location: 'Hà Nội',
    checkInDate: '2026-07-30T17:00:00.000Z',
    checkOutDate: '2026-07-31T17:00:00.000Z',
    adults: '2',
    children: '0',
    rooms: '1'
  },
  level: 'info',
  message: '[SearchController] Search hotels',
  timestamp: '2026-07-31T02:41:35.351Z'
}
{
  message: 'GLOBAL ERROR HANDLER CAUGHT: Error: Ngày nhận phòng không được trong quá khứ.\n' +
    '    at SearchService.searchHotels (/app/src/modules/search/services/searchService.ts:44:15)\n' +
    '    at searchHotels (/app/src/modules/search/controllers/searchController.ts:19:45)\n' +
    '    at <anonymous> (/app/src/utils/asyncHandler.ts:5:25)\n' +
    '    at Layer.handleRequest (/app/node_modules/router/lib/layer.js:152:17)\n' +
    '    at next (/app/node_modules/router/lib/route.js:157:13)\n' +
    '    at <anonymous> (/app/src/middlewares/validationMiddleware.ts:32:7)\n' +
    '    at process.processTicksAndRejections (node:internal/process/task_queues:95:5)',
  level: 'error',
  timestamp: '2026-07-31T02:41:35.361Z'
}
{
  query: [Object: null prototype] {
    location: 'Hà Nội',
    checkInDate: '2026-07-30T17:00:00.000Z',
    checkOutDate: '2026-07-31T17:00:00.000Z',
    adults: '2',
    children: '1',
    rooms: '1'
  },
  level: 'info',
  message: '[SearchController] Search hotels',
  timestamp: '2026-07-31T02:41:43.968Z'
}
{
  message: 'GLOBAL ERROR HANDLER CAUGHT: Error: Ngày nhận phòng không được trong quá khứ.\n' +
    '    at SearchService.searchHotels (/app/src/modules/search/services/searchService.ts:44:15)\n' +
    '    at searchHotels (/app/src/modules/search/controllers/searchController.ts:19:45)\n' +
    '    at <anonymous> (/app/src/utils/asyncHandler.ts:5:25)\n' +
    '    at Layer.handleRequest (/app/node_modules/router/lib/layer.js:152:17)\n' +
    '    at next (/app/node_modules/router/lib/route.js:157:13)\n' +
    '    at <anonymous> (/app/src/middlewares/validationMiddleware.ts:32:7)\n' +
    '    at process.processTicksAndRejections (node:internal/process/task_queues:95:5)',
  level: 'error',
  timestamp: '2026-07-31T02:41:43.973Z'
}
{
  page: '1',
  limit: '10',
  status: 'ACTIVE',
  level: 'info',
  message: '[HotelController] Get all hotels with queries',
  timestamp: '2026-07-31T02:42:04.793Z'
}
{
  page: '1',
  limit: '10',
  status: 'ACTIVE',
  level: 'info',
  message: '[HotelController] Get all hotels with queries',
  timestamp: '2026-07-31T02:42:04.808Z'
}
{
  query: [Object: null prototype] {},
  level: 'info',
  message: '[SearchController] Search hotels',
  timestamp: '2026-07-31T02:42:07.423Z'
}
{
  query: [Object: null prototype] {},
  level: 'info',
  message: '[SearchController] Search hotels',
  timestamp: '2026-07-31T02:42:07.496Z'
}
{
  page: '1',
  limit: '10',
  status: 'ACTIVE',
  level: 'info',
  message: '[HotelController] Get all hotels with queries',
  timestamp: '2026-07-31T02:42:15.157Z'
}
{
  page: '1',
  limit: '10',
  status: 'ACTIVE',
  level: 'info',
  message: '[HotelController] Get all hotels with queries',
  timestamp: '2026-07-31T02:42:15.174Z'
}
{
  message: '[SchedulerService] Đang kiểm tra các booking hết hạn thanh toán...',
  level: 'info',
  timestamp: '2026-07-31T02:45:00.004Z'
}
{
  message: '[SchedulerService] Đang kiểm tra các booking hết hạn thanh toán...',
  level: 'info',
  timestamp: '2026-07-31T02:50:00.002Z'
}
{
  page: '1',
  limit: '50',
  status: 'ACTIVE',
  level: 'info',
  message: '[HotelController] Get all hotels with queries',
  timestamp: '2026-07-31T02:53:24.153Z'
}
{
  query: [Object: null prototype] {
    location: 'Phú Quốc',
    checkInDate: '2026-08-10T00:00:00.000Z',
    checkOutDate: '2026-08-12T00:00:00.000Z',
    adults: '2',
    children: '0',
    rooms: '1'
  },
  level: 'info',
  message: '[SearchController] Search hotels',
  timestamp: '2026-07-31T02:53:24.245Z'
}
{
  query: [Object: null prototype] {
    location: 'Đà Lạt',
    checkInDate: '2026-08-10T00:00:00.000Z',
    checkOutDate: '2026-08-12T00:00:00.000Z',
    adults: '3',
    children: '1',
    rooms: '1'
  },
  level: 'info',
  message: '[SearchController] Search hotels',
  timestamp: '2026-07-31T02:53:24.286Z'
}
{
  message: 'JWT Verification Error: jwt expired',
  level: 'error',
  timestamp: '2026-07-31T02:54:04.730Z'
}
{
  message: 'GLOBAL ERROR HANDLER CAUGHT: Error: Phiên đăng nhập đã hết hạn. Vui lòng lấy Token mới.\n' +
    '    at authMiddleware (/app/src/middlewares/authMiddleware.ts:80:9)\n' +
    '    at Layer.handleRequest (/app/node_modules/router/lib/layer.js:152:17)\n' +
    '    at next (/app/node_modules/router/lib/route.js:157:13)\n' +
    '    at Route.dispatch (/app/node_modules/router/lib/route.js:117:3)\n' +
    '    at handle (/app/node_modules/router/index.js:435:11)\n' +
    '    at Layer.handleRequest (/app/node_modules/router/lib/layer.js:152:17)\n' +
    '    at /app/node_modules/router/index.js:295:15\n' +
    '    at processParams (/app/node_modules/router/index.js:582:12)\n' +
    '    at next (/app/node_modules/router/index.js:291:5)\n' +
    '    at Function.handle (/app/node_modules/router/index.js:186:3)',
  level: 'error',
  timestamp: '2026-07-31T02:54:04.733Z'
}
{
  message: 'JWT Verification Error: jwt expired',
  level: 'error',
  timestamp: '2026-07-31T02:54:04.747Z'
}
{
  message: 'GLOBAL ERROR HANDLER CAUGHT: Error: Phiên đăng nhập đã hết hạn. Vui lòng lấy Token mới.\n' +
    '    at authMiddleware (/app/src/middlewares/authMiddleware.ts:80:9)\n' +
    '    at Layer.handleRequest (/app/node_modules/router/lib/layer.js:152:17)\n' +
    '    at next (/app/node_modules/router/lib/route.js:157:13)\n' +
    '    at Route.dispatch (/app/node_modules/router/lib/route.js:117:3)\n' +
    '    at handle (/app/node_modules/router/index.js:435:11)\n' +
    '    at Layer.handleRequest (/app/node_modules/router/lib/layer.js:152:17)\n' +
    '    at /app/node_modules/router/index.js:295:15\n' +
    '    at processParams (/app/node_modules/router/index.js:582:12)\n' +
    '    at next (/app/node_modules/router/index.js:291:5)\n' +
    '    at Function.handle (/app/node_modules/router/index.js:186:3)',
  level: 'error',
  timestamp: '2026-07-31T02:54:04.749Z'
}
{
  message: '[AuthController] Refresh Tokens',
  level: 'info',
  timestamp: '2026-07-31T02:54:04.806Z'
}
{
  message: 'Fetching user details for ID: a4904b6b-b87d-4cf1-b616-9a0e3c766089',
  level: 'debug',
  timestamp: '2026-07-31T02:54:04.884Z'
}
{
  message: '[Cache Hit] Lấy thông tin user ID: a4904b6b-b87d-4cf1-b616-9a0e3c766089 từ Redis',
  level: 'debug',
  timestamp: '2026-07-31T02:54:04.885Z'
}
{
  message: '[AuthService] Tokens refreshed successfully for user: vinhle562@gmail.com',
  level: 'info',
  timestamp: '2026-07-31T02:54:05.001Z'
}
{
  page: '1',
  limit: '10',
  status: 'ACTIVE',
  level: 'info',
  message: '[HotelController] Get all hotels with queries',
  timestamp: '2026-07-31T02:54:05.023Z'
}
{
  page: '1',
  limit: '10',
  status: 'ACTIVE',
  level: 'info',
  message: '[HotelController] Get all hotels with queries',
  timestamp: '2026-07-31T02:54:05.049Z'
}
{
  userId: 'a4904b6b-b87d-4cf1-b616-9a0e3c766089',
  level: 'info',
  message: '[AuthController] Get Me',
  timestamp: '2026-07-31T02:54:05.073Z'
}
{
  message: 'Fetching user details for ID: a4904b6b-b87d-4cf1-b616-9a0e3c766089',
  level: 'debug',
  timestamp: '2026-07-31T02:54:05.074Z'
}
{
  message: '[Cache Hit] Lấy thông tin user ID: a4904b6b-b87d-4cf1-b616-9a0e3c766089 từ Redis',
  level: 'debug',
  timestamp: '2026-07-31T02:54:05.087Z'
}
{
  userId: 'a4904b6b-b87d-4cf1-b616-9a0e3c766089',
  level: 'info',
  message: '[AuthController] Get Me',
  timestamp: '2026-07-31T02:54:05.099Z'
}
{
  message: 'Fetching user details for ID: a4904b6b-b87d-4cf1-b616-9a0e3c766089',
  level: 'debug',
  timestamp: '2026-07-31T02:54:05.101Z'
}
{
  message: '[Cache Hit] Lấy thông tin user ID: a4904b6b-b87d-4cf1-b616-9a0e3c766089 từ Redis',
  level: 'debug',
  timestamp: '2026-07-31T02:54:05.109Z'
}
{
  query: [Object: null prototype] {
    location: 'Hà Nội',
    checkInDate: '2026-07-31T17:00:00.000Z',
    checkOutDate: '2026-08-01T17:00:00.000Z',
    adults: '2',
    children: '0',
    rooms: '1'
  },
  level: 'info',
  message: '[SearchController] Search hotels',
  timestamp: '2026-07-31T02:54:13.058Z'
}
{
  query: [Object: null prototype] {
    location: 'Hà Nội',
    checkInDate: '2026-07-31T17:00:00.000Z',
    checkOutDate: '2026-08-01T17:00:00.000Z',
    adults: '2',
    children: '0',
    rooms: '1'
  },
  level: 'info',
  message: '[SearchController] Search hotels',
  timestamp: '2026-07-31T02:54:13.149Z'
}
{
  page: '1',
  limit: '10',
  status: 'ACTIVE',
  level: 'info',
  message: '[HotelController] Get all hotels with queries',
  timestamp: '2026-07-31T02:54:34.314Z'
}
{
  page: '1',
  limit: '10',
  status: 'ACTIVE',
  level: 'info',
  message: '[HotelController] Get all hotels with queries',
  timestamp: '2026-07-31T02:54:34.329Z'
}
{
  message: '[SchedulerService] Đang kiểm tra các booking hết hạn thanh toán...',
  level: 'info',
  timestamp: '2026-07-31T02:55:00.001Z'
}
{
  message: 'Nhận tín hiệu SIGTERM. Đang đóng API Server...',
  level: 'info',
  timestamp: '2026-07-31T02:55:14.785Z'
}
{
  message: 'Express HTTP server đã đóng.',
  level: 'info',
  timestamp: '2026-07-31T02:55:14.786Z'
}
{
  message: '[Redis] Đã đóng kết nối Redis',
  level: 'info',
  timestamp: '2026-07-31T02:55:14.787Z'
}
{
  message: '[SchedulerService] Khởi tạo các cron job...',
  level: 'info',
  timestamp: '2026-07-31T02:56:08.991Z'
}
{
  message: 'Booking API Service đang chạy tại port 3000 (Môi trường: development)',
  level: 'info',
  timestamp: '2026-07-31T02:56:09.151Z'
}
{
  message: '[Redis] Kết nối thành công tới Redis server',
  level: 'info',
  timestamp: '2026-07-31T02:56:09.188Z'
}
{
  query: [Object: null prototype] {
    location: 'Hà Nội',
    checkInDate: '2026-07-31T17:00:00.000Z',
    checkOutDate: '2026-08-01T17:00:00.000Z',
    adults: '2',
    children: '0',
    rooms: '1'
  },
  level: 'info',
  message: '[SearchController] Search hotels',
  timestamp: '2026-07-31T02:56:12.991Z'
}
{
  query: [Object: null prototype] {
    location: 'Hà Nội',
    checkInDate: '2026-07-31T17:00:00.000Z',
    checkOutDate: '2026-08-01T17:00:00.000Z',
    adults: '2',
    children: '0',
    rooms: '1'
  },
  level: 'info',
  message: '[SearchController] Search hotels',
  timestamp: '2026-07-31T02:56:13.349Z'
}
{
  query: [Object: null prototype] {
    location: 'Hà Nội',
    checkInDate: '2026-07-30T17:00:00.000Z',
    checkOutDate: '2026-07-31T17:00:00.000Z',
    adults: '2',
    children: '0',
    rooms: '1'
  },
  level: 'info',
  message: '[SearchController] Search hotels',
  timestamp: '2026-07-31T02:56:20.424Z'
}
{
  message: 'GLOBAL ERROR HANDLER CAUGHT: Error: Ngày nhận phòng không được trong quá khứ.\n' +
    '    at SearchService.searchHotels (/app/src/modules/search/services/searchService.ts:44:15)\n' +
    '    at searchHotels (/app/src/modules/search/controllers/searchController.ts:19:45)\n' +
    '    at <anonymous> (/app/src/utils/asyncHandler.ts:5:25)\n' +
    '    at Layer.handleRequest (/app/node_modules/router/lib/layer.js:152:17)\n' +
    '    at next (/app/node_modules/router/lib/route.js:157:13)\n' +
    '    at <anonymous> (/app/src/middlewares/validationMiddleware.ts:32:7)\n' +
    '    at process.processTicksAndRejections (node:internal/process/task_queues:95:5)',
  level: 'error',
  timestamp: '2026-07-31T02:56:20.433Z'
}
{
  query: [Object: null prototype] {
    location: 'Hà Nội',
    checkInDate: '2026-07-30T17:00:00.000Z',
    checkOutDate: '2026-07-31T17:00:00.000Z',
    adults: '9',
    children: '0',
    rooms: '1'
  },
  level: 'info',
  message: '[SearchController] Search hotels',
  timestamp: '2026-07-31T02:56:24.554Z'
}
{
  message: 'GLOBAL ERROR HANDLER CAUGHT: Error: Ngày nhận phòng không được trong quá khứ.\n' +
    '    at SearchService.searchHotels (/app/src/modules/search/services/searchService.ts:44:15)\n' +
    '    at searchHotels (/app/src/modules/search/controllers/searchController.ts:19:45)\n' +
    '    at <anonymous> (/app/src/utils/asyncHandler.ts:5:25)\n' +
    '    at Layer.handleRequest (/app/node_modules/router/lib/layer.js:152:17)\n' +
    '    at next (/app/node_modules/router/lib/route.js:157:13)\n' +
    '    at <anonymous> (/app/src/middlewares/validationMiddleware.ts:32:7)\n' +
    '    at process.processTicksAndRejections (node:internal/process/task_queues:95:5)',
  level: 'error',
  timestamp: '2026-07-31T02:56:24.556Z'
}
{
  query: [Object: null prototype] {
    location: 'Hà Nội',
    checkInDate: '2026-07-30T17:00:00.000Z',
    checkOutDate: '2026-07-31T17:00:00.000Z',
    adults: '1',
    children: '2',
    rooms: '1'
  },
  level: 'info',
  message: '[SearchController] Search hotels',
  timestamp: '2026-07-31T02:56:34.147Z'
}
{
  message: 'GLOBAL ERROR HANDLER CAUGHT: Error: Ngày nhận phòng không được trong quá khứ.\n' +
    '    at SearchService.searchHotels (/app/src/modules/search/services/searchService.ts:44:15)\n' +
    '    at searchHotels (/app/src/modules/search/controllers/searchController.ts:19:45)\n' +
    '    at <anonymous> (/app/src/utils/asyncHandler.ts:5:25)\n' +
    '    at Layer.handleRequest (/app/node_modules/router/lib/layer.js:152:17)\n' +
    '    at next (/app/node_modules/router/lib/route.js:157:13)\n' +
    '    at <anonymous> (/app/src/middlewares/validationMiddleware.ts:32:7)\n' +
    '    at process.processTicksAndRejections (node:internal/process/task_queues:95:5)',
  level: 'error',
  timestamp: '2026-07-31T02:56:34.149Z'
}
{
  query: [Object: null prototype] {
    location: 'Hà Nội',
    checkInDate: '2026-07-30T17:00:00.000Z',
    checkOutDate: '2026-07-31T17:00:00.000Z',
    adults: '1',
    children: '2',
    rooms: '1'
  },
  level: 'info',
  message: '[SearchController] Search hotels',
  timestamp: '2026-07-31T02:57:03.895Z'
}
{
  message: 'GLOBAL ERROR HANDLER CAUGHT: Error: Ngày nhận phòng không được trong quá khứ.\n' +
    '    at SearchService.searchHotels (/app/src/modules/search/services/searchService.ts:44:15)\n' +
    '    at searchHotels (/app/src/modules/search/controllers/searchController.ts:19:45)\n' +
    '    at <anonymous> (/app/src/utils/asyncHandler.ts:5:25)\n' +
    '    at Layer.handleRequest (/app/node_modules/router/lib/layer.js:152:17)\n' +
    '    at next (/app/node_modules/router/lib/route.js:157:13)\n' +
    '    at <anonymous> (/app/src/middlewares/validationMiddleware.ts:32:7)\n' +
    '    at process.processTicksAndRejections (node:internal/process/task_queues:95:5)',
  level: 'error',
  timestamp: '2026-07-31T02:57:03.901Z'
}
{
  query: [Object: null prototype] {
    location: 'Hà Nội',
    checkInDate: '2026-07-30T17:00:00.000Z',
    checkOutDate: '2026-07-31T17:00:00.000Z',
    adults: '1',
    children: '2',
    rooms: '1'
  },
  level: 'info',
  message: '[SearchController] Search hotels',
  timestamp: '2026-07-31T02:57:03.945Z'
}
{
  message: 'GLOBAL ERROR HANDLER CAUGHT: Error: Ngày nhận phòng không được trong quá khứ.\n' +
    '    at SearchService.searchHotels (/app/src/modules/search/services/searchService.ts:44:15)\n' +
    '    at searchHotels (/app/src/modules/search/controllers/searchController.ts:19:45)\n' +
    '    at <anonymous> (/app/src/utils/asyncHandler.ts:5:25)\n' +
    '    at Layer.handleRequest (/app/node_modules/router/lib/layer.js:152:17)\n' +
    '    at next (/app/node_modules/router/lib/route.js:157:13)\n' +
    '    at <anonymous> (/app/src/middlewares/validationMiddleware.ts:32:7)\n' +
    '    at process.processTicksAndRejections (node:internal/process/task_queues:95:5)',
  level: 'error',
  timestamp: '2026-07-31T02:57:03.954Z'
}
{
  query: [Object: null prototype] {
    location: 'Hà Nội',
    checkInDate: '2026-07-29T17:00:00.000Z',
    checkOutDate: '2026-07-30T17:00:00.000Z',
    adults: '1',
    children: '2',
    rooms: '1'
  },
  level: 'info',
  message: '[SearchController] Search hotels',
  timestamp: '2026-07-31T02:57:06.306Z'
}
{
  message: 'GLOBAL ERROR HANDLER CAUGHT: Error: Ngày nhận phòng không được trong quá khứ.\n' +
    '    at SearchService.searchHotels (/app/src/modules/search/services/searchService.ts:44:15)\n' +
    '    at searchHotels (/app/src/modules/search/controllers/searchController.ts:19:45)\n' +
    '    at <anonymous> (/app/src/utils/asyncHandler.ts:5:25)\n' +
    '    at Layer.handleRequest (/app/node_modules/router/lib/layer.js:152:17)\n' +
    '    at next (/app/node_modules/router/lib/route.js:157:13)\n' +
    '    at <anonymous> (/app/src/middlewares/validationMiddleware.ts:32:7)\n' +
    '    at process.processTicksAndRejections (node:internal/process/task_queues:95:5)',
  level: 'error',
  timestamp: '2026-07-31T02:57:06.307Z'
}
{
  query: [Object: null prototype] {
    location: 'Hà Nội',
    checkInDate: '2026-07-29T17:00:00.000Z',
    checkOutDate: '2026-07-30T17:00:00.000Z',
    adults: '1',
    children: '0',
    rooms: '1'
  },
  level: 'info',
  message: '[SearchController] Search hotels',
  timestamp: '2026-07-31T02:57:13.843Z'
}
{
  message: 'GLOBAL ERROR HANDLER CAUGHT: Error: Ngày nhận phòng không được trong quá khứ.\n' +
    '    at SearchService.searchHotels (/app/src/modules/search/services/searchService.ts:44:15)\n' +
    '    at searchHotels (/app/src/modules/search/controllers/searchController.ts:19:45)\n' +
    '    at <anonymous> (/app/src/utils/asyncHandler.ts:5:25)\n' +
    '    at Layer.handleRequest (/app/node_modules/router/lib/layer.js:152:17)\n' +
    '    at next (/app/node_modules/router/lib/route.js:157:13)\n' +
    '    at <anonymous> (/app/src/middlewares/validationMiddleware.ts:32:7)\n' +
    '    at process.processTicksAndRejections (node:internal/process/task_queues:95:5)',
  level: 'error',
  timestamp: '2026-07-31T02:57:13.844Z'
}
{
  query: [Object: null prototype] {
    location: 'Hà Nội',
    checkInDate: '2026-07-29T17:00:00.000Z',
    checkOutDate: '2026-07-30T17:00:00.000Z',
    adults: '1',
    children: '1',
    rooms: '1'
  },
  level: 'info',
  message: '[SearchController] Search hotels',
  timestamp: '2026-07-31T02:57:16.163Z'
}
{
  message: 'GLOBAL ERROR HANDLER CAUGHT: Error: Ngày nhận phòng không được trong quá khứ.\n' +
    '    at SearchService.searchHotels (/app/src/modules/search/services/searchService.ts:44:15)\n' +
    '    at searchHotels (/app/src/modules/search/controllers/searchController.ts:19:45)\n' +
    '    at <anonymous> (/app/src/utils/asyncHandler.ts:5:25)\n' +
    '    at Layer.handleRequest (/app/node_modules/router/lib/layer.js:152:17)\n' +
    '    at next (/app/node_modules/router/lib/route.js:157:13)\n' +
    '    at <anonymous> (/app/src/middlewares/validationMiddleware.ts:32:7)\n' +
    '    at process.processTicksAndRejections (node:internal/process/task_queues:95:5)',
  level: 'error',
  timestamp: '2026-07-31T02:57:16.164Z'
}
{
  page: '1',
  limit: '10',
  status: 'ACTIVE',
  level: 'info',
  message: '[HotelController] Get all hotels with queries',
  timestamp: '2026-07-31T02:57:22.210Z'
}
{
  page: '1',
  limit: '10',
  status: 'ACTIVE',
  level: 'info',
  message: '[HotelController] Get all hotels with queries',
  timestamp: '2026-07-31T02:57:22.230Z'
}
{
  page: '1',
  limit: '10',
  status: 'ACTIVE',
  level: 'info',
  message: '[HotelController] Get all hotels with queries',
  timestamp: '2026-07-31T02:57:47.873Z'
}
{
  page: '1',
  limit: '10',
  status: 'ACTIVE',
  level: 'info',
  message: '[HotelController] Get all hotels with queries',
  timestamp: '2026-07-31T02:57:47.883Z'
}
{
  email: 'admin@booking.com',
  level: 'info',
  message: '[AuthController] Login with Password',
  timestamp: '2026-07-31T02:58:46.232Z'
}
{
  message: 'User ID 2f8dfd25-ab5a-40fb-9951-66b6b71d3b60 đăng nhập thành công. Đã làm sạch lịch sử đăng nhập sai.',
  level: 'info',
  timestamp: '2026-07-31T02:58:46.377Z'
}
{
  message: '[AuthService] Password login successful for user: admin@booking.com',
  level: 'info',
  timestamp: '2026-07-31T02:58:46.408Z'
}
{
  userId: '2f8dfd25-ab5a-40fb-9951-66b6b71d3b60',
  level: 'info',
  message: '[AuthController] Get Me',
  timestamp: '2026-07-31T02:58:46.480Z'
}
{
  message: 'Fetching user details for ID: 2f8dfd25-ab5a-40fb-9951-66b6b71d3b60',
  level: 'debug',
  timestamp: '2026-07-31T02:58:46.482Z'
}
{
  message: '[Cache Miss] Tìm user ID: 2f8dfd25-ab5a-40fb-9951-66b6b71d3b60 trong Database',
  level: 'debug',
  timestamp: '2026-07-31T02:58:46.485Z'
}
{
  page: '1',
  limit: '100',
  level: 'info',
  message: '[HotelController] Get all hotels with queries',
  timestamp: '2026-07-31T02:58:47.040Z'
}
{
  message: '[UserController] Get all users',
  level: 'info',
  timestamp: '2026-07-31T02:58:47.105Z'
}
{
  message: 'Fetching all users from repository',
  level: 'info',
  timestamp: '2026-07-31T02:58:47.106Z'
}
{
  message: '[UserController] Get all users',
  level: 'info',
  timestamp: '2026-07-31T02:58:47.211Z'
}
{
  message: 'Fetching all users from repository',
  level: 'info',
  timestamp: '2026-07-31T02:58:47.212Z'
}
{
  page: '1',
  limit: '100',
  level: 'info',
  message: '[HotelController] Get all hotels with queries',
  timestamp: '2026-07-31T02:58:47.217Z'
}
{
  message: '[Redis] Đang thử kết nối lại lần 1... (delay: 50ms)',
  level: 'warn',
  timestamp: '2026-07-31T02:59:06.340Z'
}
{
  message: '[SchedulerService] Khởi tạo các cron job...',
  level: 'info',
  timestamp: '2026-07-31T03:04:27.970Z'
}
{
  message: 'Booking API Service đang chạy tại port 3000 (Môi trường: development)',
  level: 'info',
  timestamp: '2026-07-31T03:04:28.056Z'
}
{
  message: '[Redis] Kết nối thành công tới Redis server',
  level: 'info',
  timestamp: '2026-07-31T03:04:28.063Z'
}
{
  message: 'JWT Verification Error: jwt expired',
  level: 'error',
  timestamp: '2026-07-31T03:04:33.612Z'
}
{
  message: 'GLOBAL ERROR HANDLER CAUGHT: Error: Phiên đăng nhập đã hết hạn. Vui lòng lấy Token mới.\n' +
    '    at authMiddleware (/app/src/middlewares/authMiddleware.ts:80:9)\n' +
    '    at Layer.handleRequest (/app/node_modules/router/lib/layer.js:152:17)\n' +
    '    at next (/app/node_modules/router/lib/route.js:157:13)\n' +
    '    at Route.dispatch (/app/node_modules/router/lib/route.js:117:3)\n' +
    '    at handle (/app/node_modules/router/index.js:435:11)\n' +
    '    at Layer.handleRequest (/app/node_modules/router/lib/layer.js:152:17)\n' +
    '    at /app/node_modules/router/index.js:295:15\n' +
    '    at processParams (/app/node_modules/router/index.js:582:12)\n' +
    '    at next (/app/node_modules/router/index.js:291:5)\n' +
    '    at Function.handle (/app/node_modules/router/index.js:186:3)',
  level: 'error',
  timestamp: '2026-07-31T03:04:33.617Z'
}
{
  message: 'JWT Verification Error: jwt expired',
  level: 'error',
  timestamp: '2026-07-31T03:04:33.665Z'
}
{
  message: 'GLOBAL ERROR HANDLER CAUGHT: Error: Phiên đăng nhập đã hết hạn. Vui lòng lấy Token mới.\n' +
    '    at authMiddleware (/app/src/middlewares/authMiddleware.ts:80:9)\n' +
    '    at Layer.handleRequest (/app/node_modules/router/lib/layer.js:152:17)\n' +
    '    at next (/app/node_modules/router/lib/route.js:157:13)\n' +
    '    at Route.dispatch (/app/node_modules/router/lib/route.js:117:3)\n' +
    '    at handle (/app/node_modules/router/index.js:435:11)\n' +
    '    at Layer.handleRequest (/app/node_modules/router/lib/layer.js:152:17)\n' +
    '    at /app/node_modules/router/index.js:295:15\n' +
    '    at processParams (/app/node_modules/router/index.js:582:12)\n' +
    '    at next (/app/node_modules/router/index.js:291:5)\n' +
    '    at Function.handle (/app/node_modules/router/index.js:186:3)',
  level: 'error',
  timestamp: '2026-07-31T03:04:33.668Z'
}
{
  message: '[AuthController] Refresh Tokens',
  level: 'info',
  timestamp: '2026-07-31T03:04:35.220Z'
}
{
  page: '1',
  limit: '100',
  level: 'info',
  message: '[HotelController] Get all hotels with queries',
  timestamp: '2026-07-31T03:04:35.386Z'
}
{
  message: 'JWT Verification Error: jwt expired',
  level: 'error',
  timestamp: '2026-07-31T03:04:35.439Z'
}
{
  message: 'GLOBAL ERROR HANDLER CAUGHT: Error: Phiên đăng nhập đã hết hạn. Vui lòng lấy Token mới.\n' +
    '    at authMiddleware (/app/src/middlewares/authMiddleware.ts:80:9)\n' +
    '    at Layer.handleRequest (/app/node_modules/router/lib/layer.js:152:17)\n' +
    '    at next (/app/node_modules/router/lib/route.js:157:13)\n' +
    '    at Route.dispatch (/app/node_modules/router/lib/route.js:117:3)\n' +
    '    at handle (/app/node_modules/router/index.js:435:11)\n' +
    '    at Layer.handleRequest (/app/node_modules/router/lib/layer.js:152:17)\n' +
    '    at /app/node_modules/router/index.js:295:15\n' +
    '    at processParams (/app/node_modules/router/index.js:582:12)\n' +
    '    at next (/app/node_modules/router/index.js:291:5)\n' +
    '    at Function.handle (/app/node_modules/router/index.js:186:3)',
  level: 'error',
  timestamp: '2026-07-31T03:04:35.442Z'
}
{
  message: 'JWT Verification Error: jwt expired',
  level: 'error',
  timestamp: '2026-07-31T03:04:35.452Z'
}
{
  message: 'GLOBAL ERROR HANDLER CAUGHT: Error: Phiên đăng nhập đã hết hạn. Vui lòng lấy Token mới.\n' +
    '    at authMiddleware (/app/src/middlewares/authMiddleware.ts:80:9)\n' +
    '    at Layer.handleRequest (/app/node_modules/router/lib/layer.js:152:17)\n' +
    '    at next (/app/node_modules/router/lib/route.js:157:13)\n' +
    '    at Route.dispatch (/app/node_modules/router/lib/route.js:117:3)\n' +
    '    at handle (/app/node_modules/router/index.js:435:11)\n' +
    '    at Layer.handleRequest (/app/node_modules/router/lib/layer.js:152:17)\n' +
    '    at /app/node_modules/router/index.js:295:15\n' +
    '    at processParams (/app/node_modules/router/index.js:582:12)\n' +
    '    at next (/app/node_modules/router/index.js:291:5)\n' +
    '    at Function.handle (/app/node_modules/router/index.js:186:3)',
  level: 'error',
  timestamp: '2026-07-31T03:04:35.454Z'
}
{
  message: 'Fetching user details for ID: 2f8dfd25-ab5a-40fb-9951-66b6b71d3b60',
  level: 'debug',
  timestamp: '2026-07-31T03:04:35.486Z'
}
{
  message: '[Cache Miss] Tìm user ID: 2f8dfd25-ab5a-40fb-9951-66b6b71d3b60 trong Database',
  level: 'debug',
  timestamp: '2026-07-31T03:04:35.489Z'
}
{
  page: '1',
  limit: '100',
  level: 'info',
  message: '[HotelController] Get all hotels with queries',
  timestamp: '2026-07-31T03:04:35.541Z'
}
{
  message: '[AuthService] Tokens refreshed successfully for user: admin@booking.com',
  level: 'info',
  timestamp: '2026-07-31T03:04:35.630Z'
}
{
  userId: '2f8dfd25-ab5a-40fb-9951-66b6b71d3b60',
  level: 'info',
  message: '[AuthController] Get Me',
  timestamp: '2026-07-31T03:04:35.674Z'
}
{
  message: 'Fetching user details for ID: 2f8dfd25-ab5a-40fb-9951-66b6b71d3b60',
  level: 'debug',
  timestamp: '2026-07-31T03:04:35.674Z'
}
{
  message: '[UserController] Get all users',
  level: 'info',
  timestamp: '2026-07-31T03:04:35.678Z'
}
{
  message: 'Fetching all users from repository',
  level: 'info',
  timestamp: '2026-07-31T03:04:35.678Z'
}
{
  message: '[Cache Hit] Lấy thông tin user ID: 2f8dfd25-ab5a-40fb-9951-66b6b71d3b60 từ Redis',
  level: 'debug',
  timestamp: '2026-07-31T03:04:35.684Z'
}
{
  userId: '2f8dfd25-ab5a-40fb-9951-66b6b71d3b60',
  level: 'info',
  message: '[AuthController] Get Me',
  timestamp: '2026-07-31T03:04:35.692Z'
}
{
  message: 'Fetching user details for ID: 2f8dfd25-ab5a-40fb-9951-66b6b71d3b60',
  level: 'debug',
  timestamp: '2026-07-31T03:04:35.692Z'
}
{
  message: '[Cache Hit] Lấy thông tin user ID: 2f8dfd25-ab5a-40fb-9951-66b6b71d3b60 từ Redis',
  level: 'debug',
  timestamp: '2026-07-31T03:04:35.698Z'
}
{
  message: '[UserController] Get all users',
  level: 'info',
  timestamp: '2026-07-31T03:04:35.705Z'
}
{
  message: 'Fetching all users from repository',
  level: 'info',
  timestamp: '2026-07-31T03:04:35.705Z'
}
{
  userId: '2f8dfd25-ab5a-40fb-9951-66b6b71d3b60',
  level: 'info',
  message: '[AuthController] Get Me',
  timestamp: '2026-07-31T03:04:36.833Z'
}
{
  message: 'Fetching user details for ID: 2f8dfd25-ab5a-40fb-9951-66b6b71d3b60',
  level: 'debug',
  timestamp: '2026-07-31T03:04:36.834Z'
}
{
  message: '[Cache Hit] Lấy thông tin user ID: 2f8dfd25-ab5a-40fb-9951-66b6b71d3b60 từ Redis',
  level: 'debug',
  timestamp: '2026-07-31T03:04:36.836Z'
}
{
  userId: '2f8dfd25-ab5a-40fb-9951-66b6b71d3b60',
  level: 'info',
  message: '[AuthController] Get Me',
  timestamp: '2026-07-31T03:04:36.847Z'
}
{
  message: 'Fetching user details for ID: 2f8dfd25-ab5a-40fb-9951-66b6b71d3b60',
  level: 'debug',
  timestamp: '2026-07-31T03:04:36.848Z'
}
{
  message: '[Cache Hit] Lấy thông tin user ID: 2f8dfd25-ab5a-40fb-9951-66b6b71d3b60 từ Redis',
  level: 'debug',
  timestamp: '2026-07-31T03:04:36.850Z'
}
{
  page: '1',
  limit: '10',
  status: 'ACTIVE',
  level: 'info',
  message: '[HotelController] Get all hotels with queries',
  timestamp: '2026-07-31T03:04:37.212Z'
}
{
  page: '1',
  limit: '10',
  status: 'ACTIVE',
  level: 'info',
  message: '[HotelController] Get all hotels with queries',
  timestamp: '2026-07-31T03:04:37.247Z'
}
{
  userId: '2f8dfd25-ab5a-40fb-9951-66b6b71d3b60',
  level: 'info',
  message: '[AuthController] Get Me',
  timestamp: '2026-07-31T03:04:47.773Z'
}
{
  message: 'Fetching user details for ID: 2f8dfd25-ab5a-40fb-9951-66b6b71d3b60',
  level: 'debug',
  timestamp: '2026-07-31T03:04:47.774Z'
}
{
  message: '[Cache Hit] Lấy thông tin user ID: 2f8dfd25-ab5a-40fb-9951-66b6b71d3b60 từ Redis',
  level: 'debug',
  timestamp: '2026-07-31T03:04:47.776Z'
}
{
  userId: '2f8dfd25-ab5a-40fb-9951-66b6b71d3b60',
  level: 'info',
  message: '[AuthController] Get Me',
  timestamp: '2026-07-31T03:04:47.788Z'
}
{
  message: 'Fetching user details for ID: 2f8dfd25-ab5a-40fb-9951-66b6b71d3b60',
  level: 'debug',
  timestamp: '2026-07-31T03:04:47.789Z'
}
{
  message: '[Cache Hit] Lấy thông tin user ID: 2f8dfd25-ab5a-40fb-9951-66b6b71d3b60 từ Redis',
  level: 'debug',
  timestamp: '2026-07-31T03:04:47.790Z'
}
{
  page: '1',
  limit: '10',
  status: 'ACTIVE',
  level: 'info',
  message: '[HotelController] Get all hotels with queries',
  timestamp: '2026-07-31T03:04:48.324Z'
}
{
  page: '1',
  limit: '10',
  status: 'ACTIVE',
  level: 'info',
  message: '[HotelController] Get all hotels with queries',
  timestamp: '2026-07-31T03:04:48.329Z'
}
{
  query: [Object: null prototype] {},
  level: 'info',
  message: '[SearchController] Search hotels',
  timestamp: '2026-07-31T03:04:56.632Z'
}
{
  query: [Object: null prototype] {},
  level: 'info',
  message: '[SearchController] Search hotels',
  timestamp: '2026-07-31T03:04:56.688Z'
}
{
  message: '[SchedulerService] Đang kiểm tra các booking hết hạn thanh toán...',
  level: 'info',
  timestamp: '2026-07-31T03:05:00.017Z'
}
{
  query: [Object: null prototype] {
    location: 'Hà Nội',
    checkInDate: '2026-07-31T17:00:00.000Z',
    checkOutDate: '2026-08-01T17:00:00.000Z',
    adults: '2',
    children: '0',
    rooms: '1'
  },
  level: 'info',
  message: '[SearchController] Search hotels',
  timestamp: '2026-07-31T03:05:10.171Z'
}
{
  query: [Object: null prototype] {
    location: 'TP. Hồ Chí Minh',
    checkInDate: '2026-07-31T17:00:00.000Z',
    checkOutDate: '2026-08-01T17:00:00.000Z',
    adults: '2',
    children: '0',
    rooms: '1'
  },
  level: 'info',
  message: '[SearchController] Search hotels',
  timestamp: '2026-07-31T03:05:21.692Z'
}
{
  query: [Object: null prototype] {
    location: 'Cát Bà',
    checkInDate: '2026-07-31T17:00:00.000Z',
    checkOutDate: '2026-08-01T17:00:00.000Z',
    adults: '2',
    children: '0',
    rooms: '1'
  },
  level: 'info',
  message: '[SearchController] Search hotels',
  timestamp: '2026-07-31T03:05:40.247Z'
}
{
  query: [Object: null prototype] {
    location: 'Cát Bà',
    checkInDate: '2026-07-31T17:00:00.000Z',
    checkOutDate: '2026-08-01T17:00:00.000Z',
    adults: '2',
    children: '5',
    rooms: '1'
  },
  level: 'info',
  message: '[SearchController] Search hotels',
  timestamp: '2026-07-31T03:05:43.752Z'
}
{
  query: [Object: null prototype] {
    location: 'Cát Bà',
    checkInDate: '2026-07-31T17:00:00.000Z',
    checkOutDate: '2026-08-01T17:00:00.000Z',
    adults: '2',
    children: '0',
    rooms: '1'
  },
  level: 'info',
  message: '[SearchController] Search hotels',
  timestamp: '2026-07-31T03:05:59.317Z'
}
{
  hotelId: 'cbe60089-f16d-4342-b3aa-293e78fb7e46',
  level: 'info',
  message: '[HotelController] Get hotel by id',
  timestamp: '2026-07-31T03:06:00.522Z'
}
{
  message: '[Cache Miss] Tìm hotel ID: cbe60089-f16d-4342-b3aa-293e78fb7e46 trong Database',
  level: 'debug',
  timestamp: '2026-07-31T03:06:00.523Z'
}
{
  hotelId: 'cbe60089-f16d-4342-b3aa-293e78fb7e46',
  level: 'info',
  message: '[HotelController] Get hotel by id',
  timestamp: '2026-07-31T03:06:00.559Z'
}
{
  message: '[Cache Hit] Lấy thông tin hotel ID: cbe60089-f16d-4342-b3aa-293e78fb7e46 từ Redis',
  level: 'debug',
  timestamp: '2026-07-31T03:06:00.560Z'
}
{
  message: '[BookingController] Create booking',
  level: 'info',
  timestamp: '2026-07-31T03:06:11.489Z'
}
{
  message: 'Đã gửi email tới admin@booking.com',
  level: 'info',
  timestamp: '2026-07-31T03:06:15.142Z'
}
{
  message: '[BookingController] Get user bookings',
  level: 'info',
  timestamp: '2026-07-31T03:06:15.231Z'
}
{
  message: '[BookingController] Get user bookings',
  level: 'info',
  timestamp: '2026-07-31T03:06:15.289Z'
}
{
  email: 'admin@booking.com',
  level: 'info',
  message: '[AuthController] Login with Password',
  timestamp: '2026-07-31T03:07:25.815Z'
}
{
  message: 'User ID 2f8dfd25-ab5a-40fb-9951-66b6b71d3b60 đăng nhập thành công. Đã làm sạch lịch sử đăng nhập sai.',
  level: 'info',
  timestamp: '2026-07-31T03:07:25.904Z'
}
{
  message: '[AuthService] Password login successful for user: admin@booking.com',
  level: 'info',
  timestamp: '2026-07-31T03:07:25.909Z'
}
{
  userId: '2f8dfd25-ab5a-40fb-9951-66b6b71d3b60',
  level: 'info',
  message: '[AuthController] Get Me',
  timestamp: '2026-07-31T03:07:25.959Z'
}
{
  message: 'Fetching user details for ID: 2f8dfd25-ab5a-40fb-9951-66b6b71d3b60',
  level: 'debug',
  timestamp: '2026-07-31T03:07:25.960Z'
}
{
  message: '[Cache Hit] Lấy thông tin user ID: 2f8dfd25-ab5a-40fb-9951-66b6b71d3b60 từ Redis',
  level: 'debug',
  timestamp: '2026-07-31T03:07:25.961Z'
}
{
  message: '[BookingController] Get user bookings',
  level: 'info',
  timestamp: '2026-07-31T03:07:25.982Z'
}
{
  message: '[BookingController] Get user bookings',
  level: 'info',
  timestamp: '2026-07-31T03:07:25.990Z'
}
{
  userId: '2f8dfd25-ab5a-40fb-9951-66b6b71d3b60',
  level: 'info',
  message: '[AuthController] Register Partner',
  timestamp: '2026-07-31T03:07:47.871Z'
}
{
  message: 'Fetching user details for ID: 2f8dfd25-ab5a-40fb-9951-66b6b71d3b60',
  level: 'debug',
  timestamp: '2026-07-31T03:07:47.872Z'
}
{
  message: '[Cache Hit] Lấy thông tin user ID: 2f8dfd25-ab5a-40fb-9951-66b6b71d3b60 từ Redis',
  level: 'debug',
  timestamp: '2026-07-31T03:07:47.873Z'
}
{
  message: 'GLOBAL ERROR HANDLER CAUGHT: Error: Tài khoản đã là đối tác hoặc quản trị viên.\n' +
    '    at AuthService.registerPartner (/app/src/modules/auth/services/authService.ts:216:13)\n' +
    '    at process.processTicksAndRejections (node:internal/process/task_queues:95:5)\n' +
    '    at async registerPartner (/app/src/modules/auth/controllers/authController.ts:146:20)',
  level: 'error',
  timestamp: '2026-07-31T03:07:47.881Z'
}
{
  page: '1',
  limit: '10',
  status: 'ACTIVE',
  level: 'info',
  message: '[HotelController] Get all hotels with queries',
  timestamp: '2026-07-31T03:07:54.161Z'
}
{
  page: '1',
  limit: '10',
  status: 'ACTIVE',
  level: 'info',
  message: '[HotelController] Get all hotels with queries',
  timestamp: '2026-07-31T03:07:54.169Z'
}
{
  userId: '2f8dfd25-ab5a-40fb-9951-66b6b71d3b60',
  level: 'info',
  message: '[AuthController] Get Me',
  timestamp: '2026-07-31T03:08:17.321Z'
}
{
  message: 'Fetching user details for ID: 2f8dfd25-ab5a-40fb-9951-66b6b71d3b60',
  level: 'debug',
  timestamp: '2026-07-31T03:08:17.321Z'
}
{
  message: '[Cache Hit] Lấy thông tin user ID: 2f8dfd25-ab5a-40fb-9951-66b6b71d3b60 từ Redis',
  level: 'debug',
  timestamp: '2026-07-31T03:08:17.322Z'
}
{
  userId: '2f8dfd25-ab5a-40fb-9951-66b6b71d3b60',
  level: 'info',
  message: '[AuthController] Get Me',
  timestamp: '2026-07-31T03:08:17.332Z'
}
{
  message: 'Fetching user details for ID: 2f8dfd25-ab5a-40fb-9951-66b6b71d3b60',
  level: 'debug',
  timestamp: '2026-07-31T03:08:17.333Z'
}
{
  message: '[Cache Hit] Lấy thông tin user ID: 2f8dfd25-ab5a-40fb-9951-66b6b71d3b60 từ Redis',
  level: 'debug',
  timestamp: '2026-07-31T03:08:17.334Z'
}
{
  page: '1',
  limit: '10',
  status: 'ACTIVE',
  level: 'info',
  message: '[HotelController] Get all hotels with queries',
  timestamp: '2026-07-31T03:08:22.148Z'
}
{
  page: '1',
  limit: '10',
  status: 'ACTIVE',
  level: 'info',
  message: '[HotelController] Get all hotels with queries',
  timestamp: '2026-07-31T03:08:22.153Z'
}
{
  userId: '2f8dfd25-ab5a-40fb-9951-66b6b71d3b60',
  level: 'info',
  message: '[AuthController] Get Me',
  timestamp: '2026-07-31T03:08:36.707Z'
}
{
  message: 'Fetching user details for ID: 2f8dfd25-ab5a-40fb-9951-66b6b71d3b60',
  level: 'debug',
  timestamp: '2026-07-31T03:08:36.707Z'
}
{
  message: '[Cache Hit] Lấy thông tin user ID: 2f8dfd25-ab5a-40fb-9951-66b6b71d3b60 từ Redis',
  level: 'debug',
  timestamp: '2026-07-31T03:08:36.708Z'
}
{
  userId: '2f8dfd25-ab5a-40fb-9951-66b6b71d3b60',
  level: 'info',
  message: '[AuthController] Get Me',
  timestamp: '2026-07-31T03:08:36.712Z'
}
{
  message: 'Fetching user details for ID: 2f8dfd25-ab5a-40fb-9951-66b6b71d3b60',
  level: 'debug',
  timestamp: '2026-07-31T03:08:36.713Z'
}
{
  message: '[Cache Hit] Lấy thông tin user ID: 2f8dfd25-ab5a-40fb-9951-66b6b71d3b60 từ Redis',
  level: 'debug',
  timestamp: '2026-07-31T03:08:36.713Z'
}
{
  page: '1',
  limit: '10',
  status: 'ACTIVE',
  level: 'info',
  message: '[HotelController] Get all hotels with queries',
  timestamp: '2026-07-31T03:08:36.842Z'
}
{
  page: '1',
  limit: '10',
  status: 'ACTIVE',
  level: 'info',
  message: '[HotelController] Get all hotels with queries',
  timestamp: '2026-07-31T03:08:36.967Z'
}
{
  email: 'agent@booking.com',
  level: 'info',
  message: '[AuthController] Login with Password',
  timestamp: '2026-07-31T03:09:26.732Z'
}
{
  message: 'User ID 07913145-efb3-4c70-9ed7-b2b4064bf612 đăng nhập thành công. Đã làm sạch lịch sử đăng nhập sai.',
  level: 'info',
  timestamp: '2026-07-31T03:09:26.814Z'
}
{
  message: '[AuthService] Password login successful for user: agent@booking.com',
  level: 'info',
  timestamp: '2026-07-31T03:09:26.819Z'
}
{
  userId: '07913145-efb3-4c70-9ed7-b2b4064bf612',
  level: 'info',
  message: '[AuthController] Get Me',
  timestamp: '2026-07-31T03:09:26.860Z'
}
{
  message: 'Fetching user details for ID: 07913145-efb3-4c70-9ed7-b2b4064bf612',
  level: 'debug',
  timestamp: '2026-07-31T03:09:26.861Z'
}
{
  message: '[Cache Miss] Tìm user ID: 07913145-efb3-4c70-9ed7-b2b4064bf612 trong Database',
  level: 'debug',
  timestamp: '2026-07-31T03:09:26.861Z'
}
{
  page: '1',
  limit: '10',
  status: 'ACTIVE',
  level: 'info',
  message: '[HotelController] Get all hotels with queries',
  timestamp: '2026-07-31T03:09:26.959Z'
}
{
  page: '1',
  limit: '10',
  status: 'ACTIVE',
  level: 'info',
  message: '[HotelController] Get all hotels with queries',
  timestamp: '2026-07-31T03:09:26.969Z'
}
{
  message: '[HotelController] Get my hotels',
  level: 'info',
  timestamp: '2026-07-31T03:09:30.149Z'
}
{
  message: '[HotelController] Get my hotels',
  level: 'info',
  timestamp: '2026-07-31T03:09:30.189Z'
}
{
  hotelId: '14e13170-7bd5-4c0d-8cde-4f1617ac5e58',
  level: 'info',
  message: '[BookingController] Get hotel bookings',
  timestamp: '2026-07-31T03:09:30.220Z'
}
{
  hotelId: '47f2265b-e71a-4c5c-b2b4-706d929e6c57',
  level: 'info',
  message: '[BookingController] Get hotel bookings',
  timestamp: '2026-07-31T03:09:30.226Z'
}
{
  message: '[Cache Miss] Tìm hotel ID: 14e13170-7bd5-4c0d-8cde-4f1617ac5e58 trong Database',
  level: 'debug',
  timestamp: '2026-07-31T03:09:30.227Z'
}
{
  message: '[Cache Miss] Tìm hotel ID: 47f2265b-e71a-4c5c-b2b4-706d929e6c57 trong Database',
  level: 'debug',
  timestamp: '2026-07-31T03:09:30.229Z'
}
{
  hotelId: '4f687b5d-cdf8-4f93-8d1e-d1f3a93dbd94',
  level: 'info',
  message: '[BookingController] Get hotel bookings',
  timestamp: '2026-07-31T03:09:30.256Z'
}
{
  message: '[Cache Miss] Tìm hotel ID: 4f687b5d-cdf8-4f93-8d1e-d1f3a93dbd94 trong Database',
  level: 'debug',
  timestamp: '2026-07-31T03:09:30.260Z'
}
{
  hotelId: 'a4666ad8-7bf3-4a56-a194-75f257b574f6',
  level: 'info',
  message: '[BookingController] Get hotel bookings',
  timestamp: '2026-07-31T03:09:30.264Z'
}
{
  message: '[Cache Miss] Tìm hotel ID: a4666ad8-7bf3-4a56-a194-75f257b574f6 trong Database',
  level: 'debug',
  timestamp: '2026-07-31T03:09:30.266Z'
}
{
  hotelId: 'f6168b41-05c7-4c40-a16c-668648f6a3ee',
  level: 'info',
  message: '[BookingController] Get hotel bookings',
  timestamp: '2026-07-31T03:09:30.272Z'
}
{
  message: '[Cache Miss] Tìm hotel ID: f6168b41-05c7-4c40-a16c-668648f6a3ee trong Database',
  level: 'debug',
  timestamp: '2026-07-31T03:09:30.275Z'
}
{
  hotelId: '7002085f-3d58-44c1-a5f1-21e2dc86d390',
  level: 'info',
  message: '[BookingController] Get hotel bookings',
  timestamp: '2026-07-31T03:09:30.280Z'
}
{
  message: '[Cache Miss] Tìm hotel ID: 7002085f-3d58-44c1-a5f1-21e2dc86d390 trong Database',
  level: 'debug',
  timestamp: '2026-07-31T03:09:30.282Z'
}
{
  hotelId: '9c38c1a3-2a35-4339-8e31-70823491cf8c',
  level: 'info',
  message: '[BookingController] Get hotel bookings',
  timestamp: '2026-07-31T03:09:30.306Z'
}
{
  message: '[Cache Miss] Tìm hotel ID: 9c38c1a3-2a35-4339-8e31-70823491cf8c trong Database',
  level: 'debug',
  timestamp: '2026-07-31T03:09:30.308Z'
}
{
  hotelId: '4d2f20ca-19f2-4c2b-a536-336f6e39c865',
  level: 'info',
  message: '[BookingController] Get hotel bookings',
  timestamp: '2026-07-31T03:09:30.319Z'
}
{
  message: '[Cache Miss] Tìm hotel ID: 4d2f20ca-19f2-4c2b-a536-336f6e39c865 trong Database',
  level: 'debug',
  timestamp: '2026-07-31T03:09:30.319Z'
}
{
  hotelId: 'd71f7bba-63f5-432c-be2e-70b8d2caf840',
  level: 'info',
  message: '[BookingController] Get hotel bookings',
  timestamp: '2026-07-31T03:09:30.358Z'
}
{
  message: '[Cache Miss] Tìm hotel ID: d71f7bba-63f5-432c-be2e-70b8d2caf840 trong Database',
  level: 'debug',
  timestamp: '2026-07-31T03:09:30.361Z'
}
{
  hotelId: 'dc4fb180-274a-4eb4-8a09-6965b9955306',
  level: 'info',
  message: '[BookingController] Get hotel bookings',
  timestamp: '2026-07-31T03:09:30.364Z'
}
{
  message: '[Cache Miss] Tìm hotel ID: dc4fb180-274a-4eb4-8a09-6965b9955306 trong Database',
  level: 'debug',
  timestamp: '2026-07-31T03:09:30.366Z'
}
{
  hotelId: 'cbe60089-f16d-4342-b3aa-293e78fb7e46',
  level: 'info',
  message: '[BookingController] Get hotel bookings',
  timestamp: '2026-07-31T03:09:30.376Z'
}
{
  message: '[Cache Hit] Lấy thông tin hotel ID: cbe60089-f16d-4342-b3aa-293e78fb7e46 từ Redis',
  level: 'debug',
  timestamp: '2026-07-31T03:09:30.380Z'
}
{
  hotelId: 'c028860e-b34c-4ad7-a141-962fec938a72',
  level: 'info',
  message: '[BookingController] Get hotel bookings',
  timestamp: '2026-07-31T03:09:30.384Z'
}
{
  message: '[Cache Hit] Lấy thông tin hotel ID: c028860e-b34c-4ad7-a141-962fec938a72 từ Redis',
  level: 'debug',
  timestamp: '2026-07-31T03:09:30.385Z'
}
{
  hotelId: '14e13170-7bd5-4c0d-8cde-4f1617ac5e58',
  level: 'info',
  message: '[BookingController] Get hotel bookings',
  timestamp: '2026-07-31T03:09:30.408Z'
}
{
  hotelId: 'a4666ad8-7bf3-4a56-a194-75f257b574f6',
  level: 'info',
  message: '[BookingController] Get hotel bookings',
  timestamp: '2026-07-31T03:09:30.410Z'
}
{
  message: '[Cache Hit] Lấy thông tin hotel ID: 14e13170-7bd5-4c0d-8cde-4f1617ac5e58 từ Redis',
  level: 'debug',
  timestamp: '2026-07-31T03:09:30.410Z'
}
{
  message: '[Cache Hit] Lấy thông tin hotel ID: a4666ad8-7bf3-4a56-a194-75f257b574f6 từ Redis',
  level: 'debug',
  timestamp: '2026-07-31T03:09:30.410Z'
}
{
  hotelId: '4f687b5d-cdf8-4f93-8d1e-d1f3a93dbd94',
  level: 'info',
  message: '[BookingController] Get hotel bookings',
  timestamp: '2026-07-31T03:09:30.416Z'
}
{
  message: '[Cache Hit] Lấy thông tin hotel ID: 4f687b5d-cdf8-4f93-8d1e-d1f3a93dbd94 từ Redis',
  level: 'debug',
  timestamp: '2026-07-31T03:09:30.417Z'
}
{
  hotelId: '4d2f20ca-19f2-4c2b-a536-336f6e39c865',
  level: 'info',
  message: '[BookingController] Get hotel bookings',
  timestamp: '2026-07-31T03:09:30.419Z'
}
{
  hotelId: '47f2265b-e71a-4c5c-b2b4-706d929e6c57',
  level: 'info',
  message: '[BookingController] Get hotel bookings',
  timestamp: '2026-07-31T03:09:30.421Z'
}
{
  hotelId: '7002085f-3d58-44c1-a5f1-21e2dc86d390',
  level: 'info',
  message: '[BookingController] Get hotel bookings',
  timestamp: '2026-07-31T03:09:30.423Z'
}
{
  hotelId: 'dc4fb180-274a-4eb4-8a09-6965b9955306',
  level: 'info',
  message: '[BookingController] Get hotel bookings',
  timestamp: '2026-07-31T03:09:30.424Z'
}
{
  message: '[Cache Hit] Lấy thông tin hotel ID: 4d2f20ca-19f2-4c2b-a536-336f6e39c865 từ Redis',
  level: 'debug',
  timestamp: '2026-07-31T03:09:30.425Z'
}
{
  message: '[Cache Hit] Lấy thông tin hotel ID: 47f2265b-e71a-4c5c-b2b4-706d929e6c57 từ Redis',
  level: 'debug',
  timestamp: '2026-07-31T03:09:30.425Z'
}
{
  message: '[Cache Hit] Lấy thông tin hotel ID: 7002085f-3d58-44c1-a5f1-21e2dc86d390 từ Redis',
  level: 'debug',
  timestamp: '2026-07-31T03:09:30.425Z'
}
{
  message: '[Cache Hit] Lấy thông tin hotel ID: dc4fb180-274a-4eb4-8a09-6965b9955306 từ Redis',
  level: 'debug',
  timestamp: '2026-07-31T03:09:30.426Z'
}
{
  hotelId: 'cbe60089-f16d-4342-b3aa-293e78fb7e46',
  level: 'info',
  message: '[BookingController] Get hotel bookings',
  timestamp: '2026-07-31T03:09:30.432Z'
}
{
  message: '[Cache Hit] Lấy thông tin hotel ID: cbe60089-f16d-4342-b3aa-293e78fb7e46 từ Redis',
  level: 'debug',
  timestamp: '2026-07-31T03:09:30.433Z'
}
{
  hotelId: '9c38c1a3-2a35-4339-8e31-70823491cf8c',
  level: 'info',
  message: '[BookingController] Get hotel bookings',
  timestamp: '2026-07-31T03:09:30.436Z'
}
{
  hotelId: 'd71f7bba-63f5-432c-be2e-70b8d2caf840',
  level: 'info',
  message: '[BookingController] Get hotel bookings',
  timestamp: '2026-07-31T03:09:30.438Z'
}
{
  hotelId: 'c028860e-b34c-4ad7-a141-962fec938a72',
  level: 'info',
  message: '[BookingController] Get hotel bookings',
  timestamp: '2026-07-31T03:09:30.440Z'
}
{
  message: '[Cache Hit] Lấy thông tin hotel ID: 9c38c1a3-2a35-4339-8e31-70823491cf8c từ Redis',
  level: 'debug',
  timestamp: '2026-07-31T03:09:30.441Z'
}
{
  message: '[Cache Hit] Lấy thông tin hotel ID: d71f7bba-63f5-432c-be2e-70b8d2caf840 từ Redis',
  level: 'debug',
  timestamp: '2026-07-31T03:09:30.441Z'
}
{
  message: '[Cache Hit] Lấy thông tin hotel ID: c028860e-b34c-4ad7-a141-962fec938a72 từ Redis',
  level: 'debug',
  timestamp: '2026-07-31T03:09:30.442Z'
}
{
  hotelId: 'f6168b41-05c7-4c40-a16c-668648f6a3ee',
  level: 'info',
  message: '[BookingController] Get hotel bookings',
  timestamp: '2026-07-31T03:09:30.457Z'
}
{
  message: '[Cache Hit] Lấy thông tin hotel ID: f6168b41-05c7-4c40-a16c-668648f6a3ee từ Redis',
  level: 'debug',
  timestamp: '2026-07-31T03:09:30.458Z'
}
{
  message: '[HotelController] Get my hotels',
  level: 'info',
  timestamp: '2026-07-31T03:09:32.314Z'
}
{
  message: '[HotelController] Get my hotels',
  level: 'info',
  timestamp: '2026-07-31T03:09:32.323Z'
}
{
  message: '[HotelController] Get my hotels',
  level: 'info',
  timestamp: '2026-07-31T03:09:32.969Z'
}
{
  message: '[HotelController] Get my hotels',
  level: 'info',
  timestamp: '2026-07-31T03:09:32.983Z'
}
{
  hotelId: '14e13170-7bd5-4c0d-8cde-4f1617ac5e58',
  level: 'info',
  message: '[BookingController] Get hotel bookings',
  timestamp: '2026-07-31T03:09:33.032Z'
}
{
  message: '[Cache Hit] Lấy thông tin hotel ID: 14e13170-7bd5-4c0d-8cde-4f1617ac5e58 từ Redis',
  level: 'debug',
  timestamp: '2026-07-31T03:09:33.034Z'
}
{
  message: '[HotelController] Get my hotels',
  level: 'info',
  timestamp: '2026-07-31T03:09:34.889Z'
}
{
  message: '[HotelController] Get my hotels',
  level: 'info',
  timestamp: '2026-07-31T03:09:34.902Z'
}
{
  message: '[SchedulerService] Đang kiểm tra các booking hết hạn thanh toán...',
  level: 'info',
  timestamp: '2026-07-31T03:10:00.003Z'
}
{
  hotelId: '14e13170-7bd5-4c0d-8cde-4f1617ac5e58',
  level: 'info',
  message: '[HotelController] Get hotel by id',
  timestamp: '2026-07-31T03:10:49.984Z'
}
{
  message: '[Cache Hit] Lấy thông tin hotel ID: 14e13170-7bd5-4c0d-8cde-4f1617ac5e58 từ Redis',
  level: 'debug',
  timestamp: '2026-07-31T03:10:49.985Z'
}
{
  hotelId: '14e13170-7bd5-4c0d-8cde-4f1617ac5e58',
  level: 'info',
  message: '[HotelController] Get hotel by id',
  timestamp: '2026-07-31T03:10:49.992Z'
}
{
  message: '[Cache Hit] Lấy thông tin hotel ID: 14e13170-7bd5-4c0d-8cde-4f1617ac5e58 từ Redis',
  level: 'debug',
  timestamp: '2026-07-31T03:10:49.993Z'
}
{
  message: '[HotelController] Get my hotels',
  level: 'info',
  timestamp: '2026-07-31T03:10:56.309Z'
}
{
  message: '[HotelController] Get my hotels',
  level: 'info',
  timestamp: '2026-07-31T03:10:56.355Z'
}
{
  message: '[HotelController] Get my hotels',
  level: 'info',
  timestamp: '2026-07-31T03:11:01.104Z'
}
{
  message: '[HotelController] Get my hotels',
  level: 'info',
  timestamp: '2026-07-31T03:11:01.123Z'
}
{
  hotelId: '14e13170-7bd5-4c0d-8cde-4f1617ac5e58',
  level: 'info',
  message: '[BookingController] Get hotel bookings',
  timestamp: '2026-07-31T03:11:01.164Z'
}
{
  message: '[Cache Hit] Lấy thông tin hotel ID: 14e13170-7bd5-4c0d-8cde-4f1617ac5e58 từ Redis',
  level: 'debug',
  timestamp: '2026-07-31T03:11:01.165Z'
}
{
  hotelId: '4f687b5d-cdf8-4f93-8d1e-d1f3a93dbd94',
  level: 'info',
  message: '[BookingController] Get hotel bookings',
  timestamp: '2026-07-31T03:11:05.663Z'
}
{
  message: '[Cache Hit] Lấy thông tin hotel ID: 4f687b5d-cdf8-4f93-8d1e-d1f3a93dbd94 từ Redis',
  level: 'debug',
  timestamp: '2026-07-31T03:11:05.664Z'
}
{
  hotelId: 'a4666ad8-7bf3-4a56-a194-75f257b574f6',
  level: 'info',
  message: '[BookingController] Get hotel bookings',
  timestamp: '2026-07-31T03:11:06.972Z'
}
{
  message: '[Cache Hit] Lấy thông tin hotel ID: a4666ad8-7bf3-4a56-a194-75f257b574f6 từ Redis',
  level: 'debug',
  timestamp: '2026-07-31T03:11:06.973Z'
}
{
  hotelId: '7002085f-3d58-44c1-a5f1-21e2dc86d390',
  level: 'info',
  message: '[BookingController] Get hotel bookings',
  timestamp: '2026-07-31T03:11:07.966Z'
}
{
  message: '[Cache Hit] Lấy thông tin hotel ID: 7002085f-3d58-44c1-a5f1-21e2dc86d390 từ Redis',
  level: 'debug',
  timestamp: '2026-07-31T03:11:07.967Z'
}
{
  hotelId: 'f6168b41-05c7-4c40-a16c-668648f6a3ee',
  level: 'info',
  message: '[BookingController] Get hotel bookings',
  timestamp: '2026-07-31T03:11:09.417Z'
}
{
  message: '[Cache Hit] Lấy thông tin hotel ID: f6168b41-05c7-4c40-a16c-668648f6a3ee từ Redis',
  level: 'debug',
  timestamp: '2026-07-31T03:11:09.417Z'
}
{
  message: '[HotelController] Get my hotels',
  level: 'info',
  timestamp: '2026-07-31T03:11:10.449Z'
}
{
  message: '[HotelController] Get my hotels',
  level: 'info',
  timestamp: '2026-07-31T03:11:10.461Z'
}
{
  message: '[RoomTypeController] Get all room types for agent',
  level: 'info',
  timestamp: '2026-07-31T03:11:18.909Z'
}
{
  message: '[RoomTypeController] Get all room types for agent',
  level: 'info',
  timestamp: '2026-07-31T03:11:18.953Z'
}
{
  message: '[HotelController] Get my hotels',
  level: 'info',
  timestamp: '2026-07-31T03:11:25.589Z'
}
{
  message: '[HotelController] Get my hotels',
  level: 'info',
  timestamp: '2026-07-31T03:11:25.599Z'
}
{
  message: '[RoomController] Get rooms by hotel',
  level: 'info',
  timestamp: '2026-07-31T03:11:29.618Z'
}
{
  message: '[RoomTypeController] Get all room types for agent',
  level: 'info',
  timestamp: '2026-07-31T03:11:29.630Z'
}
{
  message: '[RoomTypeController] Get all room types for agent',
  level: 'info',
  timestamp: '2026-07-31T03:11:29.671Z'
}
{
  message: '[RoomController] Get rooms by hotel',
  level: 'info',
  timestamp: '2026-07-31T03:11:29.675Z'
}
{
  message: '[HotelController] Get my hotels',
  level: 'info',
  timestamp: '2026-07-31T03:11:31.456Z'
}
{
  message: '[HotelController] Get my hotels',
  level: 'info',
  timestamp: '2026-07-31T03:11:31.484Z'
}
{
  message: 'JWT Verification Error: jwt expired',
  level: 'error',
  timestamp: '2026-07-31T03:13:27.347Z'
}
{
  message: 'GLOBAL ERROR HANDLER CAUGHT: Error: Phiên đăng nhập đã hết hạn. Vui lòng lấy Token mới.\n' +
    '    at authMiddleware (/app/src/middlewares/authMiddleware.ts:80:9)\n' +
    '    at Layer.handleRequest (/app/node_modules/router/lib/layer.js:152:17)\n' +
    '    at trimPrefix (/app/node_modules/router/index.js:342:13)\n' +
    '    at /app/node_modules/router/index.js:297:9\n' +
    '    at processParams (/app/node_modules/router/index.js:582:12)\n' +
    '    at next (/app/node_modules/router/index.js:291:5)\n' +
    '    at Function.handle (/app/node_modules/router/index.js:186:3)\n' +
    '    at router (/app/node_modules/router/index.js:60:12)\n' +
    '    at Layer.handleRequest (/app/node_modules/router/lib/layer.js:152:17)\n' +
    '    at trimPrefix (/app/node_modules/router/index.js:342:13)',
  level: 'error',
  timestamp: '2026-07-31T03:13:27.349Z'
}
{
  message: 'JWT Verification Error: jwt expired',
  level: 'error',
  timestamp: '2026-07-31T03:13:27.355Z'
}
{
  message: 'GLOBAL ERROR HANDLER CAUGHT: Error: Phiên đăng nhập đã hết hạn. Vui lòng lấy Token mới.\n' +
    '    at authMiddleware (/app/src/middlewares/authMiddleware.ts:80:9)\n' +
    '    at Layer.handleRequest (/app/node_modules/router/lib/layer.js:152:17)\n' +
    '    at next (/app/node_modules/router/lib/route.js:157:13)\n' +
    '    at Route.dispatch (/app/node_modules/router/lib/route.js:117:3)\n' +
    '    at handle (/app/node_modules/router/index.js:435:11)\n' +
    '    at Layer.handleRequest (/app/node_modules/router/lib/layer.js:152:17)\n' +
    '    at /app/node_modules/router/index.js:295:15\n' +
    '    at processParams (/app/node_modules/router/index.js:582:12)\n' +
    '    at next (/app/node_modules/router/index.js:291:5)\n' +
    '    at Function.handle (/app/node_modules/router/index.js:186:3)',
  level: 'error',
  timestamp: '2026-07-31T03:13:27.357Z'
}
{
  message: '[AuthController] Refresh Tokens',
  level: 'info',
  timestamp: '2026-07-31T03:13:27.367Z'
}
{
  message: 'Fetching user details for ID: 07913145-efb3-4c70-9ed7-b2b4064bf612',
  level: 'debug',
  timestamp: '2026-07-31T03:13:27.396Z'
}
{
  message: '[Cache Hit] Lấy thông tin user ID: 07913145-efb3-4c70-9ed7-b2b4064bf612 từ Redis',
  level: 'debug',
  timestamp: '2026-07-31T03:13:27.397Z'
}
{
  message: '[AuthService] Tokens refreshed successfully for user: agent@booking.com',
  level: 'info',
  timestamp: '2026-07-31T03:13:27.415Z'
}
{
  message: '[HotelController] Get my hotels',
  level: 'info',
  timestamp: '2026-07-31T03:13:27.449Z'
}
{
  message: '[SchedulerService] Đang kiểm tra các booking hết hạn thanh toán...',
  level: 'info',
  timestamp: '2026-07-31T03:15:00.003Z'
}
{
  message: 'Nhận tín hiệu SIGTERM. Đang đóng API Server...',
  level: 'info',
  timestamp: '2026-07-31T03:15:05.644Z'
}
{
  message: 'Express HTTP server đã đóng.',
  level: 'info',
  timestamp: '2026-07-31T03:15:05.646Z'
}
{
  message: '[Redis] Đã đóng kết nối Redis',
  level: 'info',
  timestamp: '2026-07-31T03:15:05.647Z'
}
{
  message: '[SchedulerService] Khởi tạo các cron job...',
  level: 'info',
  timestamp: '2026-07-31T03:15:27.749Z'
}
{
  message: 'Booking API Service đang chạy tại port 3000 (Môi trường: development)',
  level: 'info',
  timestamp: '2026-07-31T03:15:27.818Z'
}
{
  message: '[Redis] Kết nối thành công tới Redis server',
  level: 'info',
  timestamp: '2026-07-31T03:15:27.826Z'
}
{
  email: 'user1@booking.com',
  level: 'info',
  message: '[AuthController] Login with Password',
  timestamp: '2026-07-31T03:16:11.120Z'
}
{
  message: 'User ID 4fca7f1e-233a-4abf-bd5e-c3c14d5a5a46 đăng nhập thành công. Đã làm sạch lịch sử đăng nhập sai.',
  level: 'info',
  timestamp: '2026-07-31T03:16:11.320Z'
}
{
  message: '[AuthService] Password login successful for user: user1@booking.com',
  level: 'info',
  timestamp: '2026-07-31T03:16:11.337Z'
}
{
  query: [Object: null prototype] {
    location: 'Hà Nội',
    checkInDate: '2026-08-20T00:00:00.000Z',
    checkOutDate: '2026-08-22T00:00:00.000Z',
    adults: '2',
    children: '0',
    rooms: '1'
  },
  level: 'info',
  message: '[SearchController] Search hotels',
  timestamp: '2026-07-31T03:16:11.421Z'
}
{
  message: '[BookingController] Create booking',
  level: 'info',
  timestamp: '2026-07-31T03:16:11.518Z'
}
{
  message: 'Đã gửi email tới user1@booking.com',
  level: 'info',
  timestamp: '2026-07-31T03:16:14.809Z'
}
{
  email: 'agent1@booking.com',
  level: 'info',
  message: '[AuthController] Login with Password',
  timestamp: '2026-07-31T03:16:14.815Z'
}
{
  message: 'GLOBAL ERROR HANDLER CAUGHT: Error: Tài khoản hoặc mật khẩu không chính xác.\n' +
    '    at AuthService.loginWithPassword (/app/src/modules/auth/services/authService.ts:126:13)\n' +
    '    at process.processTicksAndRejections (node:internal/process/task_queues:95:5)\n' +
    '    at async loginWithPassword (/app/src/modules/auth/controllers/authController.ts:118:20)',
  level: 'error',
  timestamp: '2026-07-31T03:16:14.823Z'
}
{
  message: 'JWT Verification Error: Bạn chưa đăng nhập hoặc thiếu Access Token',
  level: 'error',
  timestamp: '2026-07-31T03:16:15.119Z'
}
{
  message: 'GLOBAL ERROR HANDLER CAUGHT: Error: Token không hợp lệ hoặc đã bị giả mạo. Chi tiết: Bạn chưa đăng nhập hoặc thiếu Access Token\n' +
    '    at authMiddleware (/app/src/middlewares/authMiddleware.ts:85:12)\n' +
    '    at Layer.handleRequest (/app/node_modules/router/lib/layer.js:152:17)\n' +
    '    at trimPrefix (/app/node_modules/router/index.js:342:13)\n' +
    '    at /app/node_modules/router/index.js:297:9\n' +
    '    at processParams (/app/node_modules/router/index.js:582:12)\n' +
    '    at next (/app/node_modules/router/index.js:291:5)\n' +
    '    at Function.handle (/app/node_modules/router/index.js:186:3)\n' +
    '    at router (/app/node_modules/router/index.js:60:12)\n' +
    '    at Layer.handleRequest (/app/node_modules/router/lib/layer.js:152:17)\n' +
    '    at trimPrefix (/app/node_modules/router/index.js:342:13)',
  level: 'error',
  timestamp: '2026-07-31T03:16:15.123Z'
}
{
  email: 'agent1@booking.com',
  level: 'info',
  message: '[AuthController] Login with Password',
  timestamp: '2026-07-31T03:17:18.090Z'
}
{
  message: 'User ID b9ec6910-a1ff-4d4e-8a5a-e0d2b53596cf đăng nhập thành công. Đã làm sạch lịch sử đăng nhập sai.',
  level: 'info',
  timestamp: '2026-07-31T03:17:18.183Z'
}
{
  message: '[AuthService] Password login successful for user: agent1@booking.com',
  level: 'info',
  timestamp: '2026-07-31T03:17:18.189Z'
}
{
  email: 'user1@booking.com',
  level: 'info',
  message: '[AuthController] Login with Password',
  timestamp: '2026-07-31T03:17:18.250Z'
}
{
  message: 'User ID 4fca7f1e-233a-4abf-bd5e-c3c14d5a5a46 đăng nhập thành công. Đã làm sạch lịch sử đăng nhập sai.',
  level: 'info',
  timestamp: '2026-07-31T03:17:18.322Z'
}
{
  message: '[AuthService] Password login successful for user: user1@booking.com',
  level: 'info',
  timestamp: '2026-07-31T03:17:18.326Z'
}
{
  query: [Object: null prototype] {
    location: 'Hà Nội',
    checkInDate: '2026-08-20T00:00:00.000Z',
    checkOutDate: '2026-08-22T00:00:00.000Z',
    adults: '2',
    children: '0',
    rooms: '1'
  },
  level: 'info',
  message: '[SearchController] Search hotels',
  timestamp: '2026-07-31T03:17:18.389Z'
}
{
  message: '[BookingController] Create booking',
  level: 'info',
  timestamp: '2026-07-31T03:17:18.429Z'
}
{
  message: 'Đã gửi email tới user1@booking.com',
  level: 'info',
  timestamp: '2026-07-31T03:17:21.903Z'
}
{
  message: 'GLOBAL ERROR HANDLER CAUGHT: Error: Bạn không có quyền cập nhật thông báo này.\n' +
    '    at NotificationService.markAsRead (/app/src/modules/notification/services/notificationService.ts:24:13)\n' +
    '    at process.processTicksAndRejections (node:internal/process/task_queues:95:5)\n' +
    '    at async markAsRead (/app/src/modules/notification/controllers/notificationController.ts:18:26)',
  level: 'error',
  timestamp: '2026-07-31T03:17:21.966Z'
}
{
  email: 'agent@booking.com',
  level: 'info',
  message: '[AuthController] Login with Password',
  timestamp: '2026-07-31T03:17:58.784Z'
}
{
  message: 'User ID 07913145-efb3-4c70-9ed7-b2b4064bf612 đăng nhập thành công. Đã làm sạch lịch sử đăng nhập sai.',
  level: 'info',
  timestamp: '2026-07-31T03:17:58.907Z'
}
{
  message: '[AuthService] Password login successful for user: agent@booking.com',
  level: 'info',
  timestamp: '2026-07-31T03:17:58.917Z'
}
{
  userId: '07913145-efb3-4c70-9ed7-b2b4064bf612',
  level: 'info',
  message: '[AuthController] Get Me',
  timestamp: '2026-07-31T03:17:58.975Z'
}
{
  message: 'Fetching user details for ID: 07913145-efb3-4c70-9ed7-b2b4064bf612',
  level: 'debug',
  timestamp: '2026-07-31T03:17:58.976Z'
}
{
  message: '[Cache Hit] Lấy thông tin user ID: 07913145-efb3-4c70-9ed7-b2b4064bf612 từ Redis',
  level: 'debug',
  timestamp: '2026-07-31T03:17:58.987Z'
}
{
  message: '[HotelController] Get my hotels',
  level: 'info',
  timestamp: '2026-07-31T03:17:59.813Z'
}
{
  message: '[HotelController] Get my hotels',
  level: 'info',
  timestamp: '2026-07-31T03:17:59.933Z'
}
{
  message: '[HotelController] Get my hotels',
  level: 'info',
  timestamp: '2026-07-31T03:18:47.976Z'
}
{
  message: '[HotelController] Get my hotels',
  level: 'info',
  timestamp: '2026-07-31T03:18:48.023Z'
}
{
  message: '[HotelController] Get my hotels',
  level: 'info',
  timestamp: '2026-07-31T03:18:53.470Z'
}
{
  message: '[HotelController] Get my hotels',
  level: 'info',
  timestamp: '2026-07-31T03:18:53.479Z'
}
{
  message: '[HotelController] Get my hotels',
  level: 'info',
  timestamp: '2026-07-31T03:18:56.654Z'
}
{
  message: '[HotelController] Get my hotels',
  level: 'info',
  timestamp: '2026-07-31T03:18:56.662Z'
}
{
  message: '[HotelController] Get my hotels',
  level: 'info',
  timestamp: '2026-07-31T03:19:01.032Z'
}
{
  message: '[HotelController] Get my hotels',
  level: 'info',
  timestamp: '2026-07-31T03:19:01.043Z'
}
{
  message: '[HotelController] Get my hotels',
  level: 'info',
  timestamp: '2026-07-31T03:19:02.501Z'
}
{
  message: '[HotelController] Get my hotels',
  level: 'info',
  timestamp: '2026-07-31T03:19:02.513Z'
}
{
  message: '[HotelController] Get my hotels',
  level: 'info',
  timestamp: '2026-07-31T03:19:05.550Z'
}
{
  message: '[HotelController] Get my hotels',
  level: 'info',
  timestamp: '2026-07-31T03:19:05.562Z'
}
{
  message: '[SchedulerService] Đang kiểm tra các booking hết hạn thanh toán...',
  level: 'info',
  timestamp: '2026-07-31T03:20:00.005Z'
}
{
  message: 'Nhận tín hiệu SIGTERM. Đang đóng API Server...',
  level: 'info',
  timestamp: '2026-07-31T03:21:15.395Z'
}
{
  message: '[SchedulerService] Khởi tạo các cron job...',
  level: 'info',
  timestamp: '2026-07-31T03:21:33.596Z'
}
{
  message: 'Booking API Service đang chạy tại port 3000 (Môi trường: development)',
  level: 'info',
  timestamp: '2026-07-31T03:21:33.707Z'
}
{
  message: '[Redis] Kết nối thành công tới Redis server',
  level: 'info',
  timestamp: '2026-07-31T03:21:33.715Z'
}
{
  email: 'agent@booking.com',
  level: 'info',
  message: '[AuthController] Login with Password',
  timestamp: '2026-07-31T03:21:41.539Z'
}
{
  message: 'User ID 07913145-efb3-4c70-9ed7-b2b4064bf612 đăng nhập thành công. Đã làm sạch lịch sử đăng nhập sai.',
  level: 'info',
  timestamp: '2026-07-31T03:21:41.740Z'
}
{
  message: '[AuthService] Password login successful for user: agent@booking.com',
  level: 'info',
  timestamp: '2026-07-31T03:21:41.757Z'
}
{
  userId: '07913145-efb3-4c70-9ed7-b2b4064bf612',
  level: 'info',
  message: '[AuthController] Get Me',
  timestamp: '2026-07-31T03:21:41.815Z'
}
{
  message: 'Fetching user details for ID: 07913145-efb3-4c70-9ed7-b2b4064bf612',
  level: 'debug',
  timestamp: '2026-07-31T03:21:41.816Z'
}
{
  message: '[Cache Hit] Lấy thông tin user ID: 07913145-efb3-4c70-9ed7-b2b4064bf612 từ Redis',
  level: 'debug',
  timestamp: '2026-07-31T03:21:41.818Z'
}
{
  page: '1',
  limit: '10',
  status: 'ACTIVE',
  level: 'info',
  message: '[HotelController] Get all hotels with queries',
  timestamp: '2026-07-31T03:21:42.210Z'
}
{
  page: '1',
  limit: '10',
  status: 'ACTIVE',
  level: 'info',
  message: '[HotelController] Get all hotels with queries',
  timestamp: '2026-07-31T03:21:42.223Z'
}
{
  message: '[HotelController] Get my hotels',
  level: 'info',
  timestamp: '2026-07-31T03:21:46.706Z'
}
{
  message: '[HotelController] Get my hotels',
  level: 'info',
  timestamp: '2026-07-31T03:21:46.774Z'
}
{
  message: '[HotelController] Get my hotels',
  level: 'info',
  timestamp: '2026-07-31T03:21:48.245Z'
}
{
  message: '[HotelController] Get my hotels',
  level: 'info',
  timestamp: '2026-07-31T03:21:48.253Z'
}
{
  userId: '07913145-efb3-4c70-9ed7-b2b4064bf612',
  level: 'info',
  message: '[AuthController] Get Me',
  timestamp: '2026-07-31T03:21:52.774Z'
}
{
  message: 'Fetching user details for ID: 07913145-efb3-4c70-9ed7-b2b4064bf612',
  level: 'debug',
  timestamp: '2026-07-31T03:21:52.775Z'
}
{
  message: '[Cache Hit] Lấy thông tin user ID: 07913145-efb3-4c70-9ed7-b2b4064bf612 từ Redis',
  level: 'debug',
  timestamp: '2026-07-31T03:21:52.776Z'
}
{
  userId: '07913145-efb3-4c70-9ed7-b2b4064bf612',
  level: 'info',
  message: '[AuthController] Get Me',
  timestamp: '2026-07-31T03:21:52.781Z'
}
{
  message: 'Fetching user details for ID: 07913145-efb3-4c70-9ed7-b2b4064bf612',
  level: 'debug',
  timestamp: '2026-07-31T03:21:52.782Z'
}
{
  message: '[Cache Hit] Lấy thông tin user ID: 07913145-efb3-4c70-9ed7-b2b4064bf612 từ Redis',
  level: 'debug',
  timestamp: '2026-07-31T03:21:52.783Z'
}
{
  userId: '07913145-efb3-4c70-9ed7-b2b4064bf612',
  level: 'info',
  message: '[AuthController] Get Me',
  timestamp: '2026-07-31T03:21:55.070Z'
}
{
  message: 'Fetching user details for ID: 07913145-efb3-4c70-9ed7-b2b4064bf612',
  level: 'debug',
  timestamp: '2026-07-31T03:21:55.070Z'
}
{
  message: '[Cache Hit] Lấy thông tin user ID: 07913145-efb3-4c70-9ed7-b2b4064bf612 từ Redis',
  level: 'debug',
  timestamp: '2026-07-31T03:21:55.071Z'
}
{
  userId: '07913145-efb3-4c70-9ed7-b2b4064bf612',
  level: 'info',
  message: '[AuthController] Get Me',
  timestamp: '2026-07-31T03:21:55.079Z'
}
{
  message: 'Fetching user details for ID: 07913145-efb3-4c70-9ed7-b2b4064bf612',
  level: 'debug',
  timestamp: '2026-07-31T03:21:55.080Z'
}
{
  message: '[Cache Hit] Lấy thông tin user ID: 07913145-efb3-4c70-9ed7-b2b4064bf612 từ Redis',
  level: 'debug',
  timestamp: '2026-07-31T03:21:55.085Z'
}
{
  page: '1',
  limit: '10',
  status: 'ACTIVE',
  level: 'info',
  message: '[HotelController] Get all hotels with queries',
  timestamp: '2026-07-31T03:21:55.378Z'
}
{
  page: '1',
  limit: '10',
  status: 'ACTIVE',
  level: 'info',
  message: '[HotelController] Get all hotels with queries',
  timestamp: '2026-07-31T03:21:55.388Z'
}
{
  email: 'agent@booking.com',
  level: 'info',
  message: '[AuthController] Login with Password',
  timestamp: '2026-07-31T03:22:12.959Z'
}
{
  message: 'User ID 07913145-efb3-4c70-9ed7-b2b4064bf612 đăng nhập thành công. Đã làm sạch lịch sử đăng nhập sai.',
  level: 'info',
  timestamp: '2026-07-31T03:22:13.043Z'
}
{
  message: '[AuthService] Password login successful for user: agent@booking.com',
  level: 'info',
  timestamp: '2026-07-31T03:22:13.055Z'
}
{
  userId: '07913145-efb3-4c70-9ed7-b2b4064bf612',
  level: 'info',
  message: '[AuthController] Get Me',
  timestamp: '2026-07-31T03:22:13.093Z'
}
{
  message: 'Fetching user details for ID: 07913145-efb3-4c70-9ed7-b2b4064bf612',
  level: 'debug',
  timestamp: '2026-07-31T03:22:13.094Z'
}
{
  message: '[Cache Hit] Lấy thông tin user ID: 07913145-efb3-4c70-9ed7-b2b4064bf612 từ Redis',
  level: 'debug',
  timestamp: '2026-07-31T03:22:13.095Z'
}
{
  message: '[HotelController] Get my hotels',
  level: 'info',
  timestamp: '2026-07-31T03:22:13.197Z'
}
{
  message: '[HotelController] Get my hotels',
  level: 'info',
  timestamp: '2026-07-31T03:22:13.242Z'
}
{
  email: 'user1@booking.com',
  level: 'info',
  message: '[AuthController] Login with Password',
  timestamp: '2026-07-31T03:22:43.962Z'
}
{
  message: 'User ID 4fca7f1e-233a-4abf-bd5e-c3c14d5a5a46 đăng nhập thành công. Đã làm sạch lịch sử đăng nhập sai.',
  level: 'info',
  timestamp: '2026-07-31T03:22:44.029Z'
}
{
  message: '[AuthService] Password login successful for user: user1@booking.com',
  level: 'info',
  timestamp: '2026-07-31T03:22:44.037Z'
}
{
  userId: '4fca7f1e-233a-4abf-bd5e-c3c14d5a5a46',
  level: 'info',
  message: '[AuthController] Get Me',
  timestamp: '2026-07-31T03:22:44.071Z'
}
{
  message: 'Fetching user details for ID: 4fca7f1e-233a-4abf-bd5e-c3c14d5a5a46',
  level: 'debug',
  timestamp: '2026-07-31T03:22:44.072Z'
}
{
  message: '[Cache Miss] Tìm user ID: 4fca7f1e-233a-4abf-bd5e-c3c14d5a5a46 trong Database',
  level: 'debug',
  timestamp: '2026-07-31T03:22:44.074Z'
}
{
  page: '1',
  limit: '10',
  status: 'ACTIVE',
  level: 'info',
  message: '[HotelController] Get all hotels with queries',
  timestamp: '2026-07-31T03:22:44.252Z'
}
{
  page: '1',
  limit: '10',
  status: 'ACTIVE',
  level: 'info',
  message: '[HotelController] Get all hotels with queries',
  timestamp: '2026-07-31T03:22:44.267Z'
}
{
  query: [Object: null prototype] {
    location: 'Hà Nội',
    checkInDate: '2026-07-31T17:00:00.000Z',
    checkOutDate: '2026-08-01T17:00:00.000Z',
    adults: '2',
    children: '0',
    rooms: '1'
  },
  level: 'info',
  message: '[SearchController] Search hotels',
  timestamp: '2026-07-31T03:22:49.596Z'
}
{
  query: [Object: null prototype] {
    location: 'Hà Nội',
    checkInDate: '2026-07-31T17:00:00.000Z',
    checkOutDate: '2026-08-01T17:00:00.000Z',
    adults: '2',
    children: '0',
    rooms: '1'
  },
  level: 'info',
  message: '[SearchController] Search hotels',
  timestamp: '2026-07-31T03:22:49.678Z'
}
{
  hotelId: '4d2f20ca-19f2-4c2b-a536-336f6e39c865',
  level: 'info',
  message: '[HotelController] Get hotel by id',
  timestamp: '2026-07-31T03:22:51.335Z'
}
{
  message: '[Cache Hit] Lấy thông tin hotel ID: 4d2f20ca-19f2-4c2b-a536-336f6e39c865 từ Redis',
  level: 'debug',
  timestamp: '2026-07-31T03:22:51.335Z'
}
{
  hotelId: '4d2f20ca-19f2-4c2b-a536-336f6e39c865',
  level: 'info',
  message: '[HotelController] Get hotel by id',
  timestamp: '2026-07-31T03:22:51.339Z'
}
{
  message: '[Cache Hit] Lấy thông tin hotel ID: 4d2f20ca-19f2-4c2b-a536-336f6e39c865 từ Redis',
  level: 'debug',
  timestamp: '2026-07-31T03:22:51.341Z'
}
{
  query: [Object: null prototype] {
    location: 'Hà Nội',
    checkInDate: '2026-07-31T17:00:00.000Z',
    checkOutDate: '2026-08-01T17:00:00.000Z',
    adults: '2',
    children: '0',
    rooms: '1'
  },
  level: 'info',
  message: '[SearchController] Search hotels',
  timestamp: '2026-07-31T03:22:52.685Z'
}
{
  query: [Object: null prototype] {
    location: 'Hà Nội',
    checkInDate: '2026-07-31T17:00:00.000Z',
    checkOutDate: '2026-08-01T17:00:00.000Z',
    adults: '2',
    children: '0',
    rooms: '1'
  },
  level: 'info',
  message: '[SearchController] Search hotels',
  timestamp: '2026-07-31T03:22:52.706Z'
}
{
  query: [Object: null prototype] {
    location: 'Sa Pa',
    checkInDate: '2026-07-30T17:00:00.000Z',
    checkOutDate: '2026-07-31T17:00:00.000Z',
    adults: '2',
    children: '0',
    rooms: '1'
  },
  level: 'info',
  message: '[SearchController] Search hotels',
  timestamp: '2026-07-31T03:22:58.227Z'
}
{
  message: 'GLOBAL ERROR HANDLER CAUGHT: Error: Ngày nhận phòng không được trong quá khứ.\n' +
    '    at SearchService.searchHotels (/app/src/modules/search/services/searchService.ts:44:15)\n' +
    '    at searchHotels (/app/src/modules/search/controllers/searchController.ts:19:45)\n' +
    '    at <anonymous> (/app/src/utils/asyncHandler.ts:5:25)\n' +
    '    at Layer.handleRequest (/app/node_modules/router/lib/layer.js:152:17)\n' +
    '    at next (/app/node_modules/router/lib/route.js:157:13)\n' +
    '    at <anonymous> (/app/src/middlewares/validationMiddleware.ts:32:7)\n' +
    '    at process.processTicksAndRejections (node:internal/process/task_queues:95:5)',
  level: 'error',
  timestamp: '2026-07-31T03:22:58.231Z'
}
{
  hotelId: '4d2f20ca-19f2-4c2b-a536-336f6e39c865',
  level: 'info',
  message: '[HotelController] Get hotel by id',
  timestamp: '2026-07-31T03:23:04.735Z'
}
{
  message: '[Cache Hit] Lấy thông tin hotel ID: 4d2f20ca-19f2-4c2b-a536-336f6e39c865 từ Redis',
  level: 'debug',
  timestamp: '2026-07-31T03:23:04.736Z'
}
{
  hotelId: '4d2f20ca-19f2-4c2b-a536-336f6e39c865',
  level: 'info',
  message: '[HotelController] Get hotel by id',
  timestamp: '2026-07-31T03:23:04.740Z'
}
{
  message: '[Cache Hit] Lấy thông tin hotel ID: 4d2f20ca-19f2-4c2b-a536-336f6e39c865 từ Redis',
  level: 'debug',
  timestamp: '2026-07-31T03:23:04.741Z'
}
{
  message: '[BookingController] Create booking',
  level: 'info',
  timestamp: '2026-07-31T03:23:08.350Z'
}
{
  message: 'GLOBAL ERROR HANDLER CAUGHT: Error: Ngày Check-in không được nằm trong quá khứ.\n' +
    '    at BookingCreationService.validateAndParseDates (/app/src/modules/booking/services/bookingCreation/bookingCreationService.ts:60:13)\n' +
    '    at BookingCreationService.createBooking (/app/src/modules/booking/services/bookingCreation/bookingCreationService.ts:25:48)\n' +
    '    at BookingService.createBooking (/app/src/modules/booking/services/bookingService.ts:27:40)\n' +
    '    at createBooking (/app/src/modules/booking/controllers/bookingController.ts:26:46)\n' +
    '    at <anonymous> (/app/src/utils/asyncHandler.ts:5:25)\n' +
    '    at Layer.handleRequest (/app/node_modules/router/lib/layer.js:152:17)\n' +
    '    at next (/app/node_modules/router/lib/route.js:157:13)\n' +
    '    at <anonymous> (/app/src/middlewares/validationMiddleware.ts:32:7)\n' +
    '    at process.processTicksAndRejections (node:internal/process/task_queues:95:5)',
  level: 'error',
  timestamp: '2026-07-31T03:23:08.368Z'
}
{
  message: '[BookingController] Create booking',
  level: 'info',
  timestamp: '2026-07-31T03:23:23.514Z'
}
{
  message: 'GLOBAL ERROR HANDLER CAUGHT: Error: Ngày Check-in không được nằm trong quá khứ.\n' +
    '    at BookingCreationService.validateAndParseDates (/app/src/modules/booking/services/bookingCreation/bookingCreationService.ts:60:13)\n' +
    '    at BookingCreationService.createBooking (/app/src/modules/booking/services/bookingCreation/bookingCreationService.ts:25:48)\n' +
    '    at BookingService.createBooking (/app/src/modules/booking/services/bookingService.ts:27:40)\n' +
    '    at createBooking (/app/src/modules/booking/controllers/bookingController.ts:26:46)\n' +
    '    at <anonymous> (/app/src/utils/asyncHandler.ts:5:25)\n' +
    '    at Layer.handleRequest (/app/node_modules/router/lib/layer.js:152:17)\n' +
    '    at next (/app/node_modules/router/lib/route.js:157:13)\n' +
    '    at <anonymous> (/app/src/middlewares/validationMiddleware.ts:32:7)\n' +
    '    at process.processTicksAndRejections (node:internal/process/task_queues:95:5)',
  level: 'error',
  timestamp: '2026-07-31T03:23:23.515Z'
}
{
  hotelId: '4d2f20ca-19f2-4c2b-a536-336f6e39c865',
  level: 'info',
  message: '[HotelController] Get hotel by id',
  timestamp: '2026-07-31T03:23:28.896Z'
}
{
  message: '[Cache Hit] Lấy thông tin hotel ID: 4d2f20ca-19f2-4c2b-a536-336f6e39c865 từ Redis',
  level: 'debug',
  timestamp: '2026-07-31T03:23:28.897Z'
}
{
  hotelId: '4d2f20ca-19f2-4c2b-a536-336f6e39c865',
  level: 'info',
  message: '[HotelController] Get hotel by id',
  timestamp: '2026-07-31T03:23:28.899Z'
}
{
  message: '[Cache Hit] Lấy thông tin hotel ID: 4d2f20ca-19f2-4c2b-a536-336f6e39c865 từ Redis',
  level: 'debug',
  timestamp: '2026-07-31T03:23:28.900Z'
}
{
  hotelId: '4d2f20ca-19f2-4c2b-a536-336f6e39c865',
  level: 'info',
  message: '[HotelController] Get hotel by id',
  timestamp: '2026-07-31T03:23:38.849Z'
}
{
  message: '[Cache Hit] Lấy thông tin hotel ID: 4d2f20ca-19f2-4c2b-a536-336f6e39c865 từ Redis',
  level: 'debug',
  timestamp: '2026-07-31T03:23:38.850Z'
}
{
  hotelId: '4d2f20ca-19f2-4c2b-a536-336f6e39c865',
  level: 'info',
  message: '[HotelController] Get hotel by id',
  timestamp: '2026-07-31T03:23:38.852Z'
}
{
  message: '[Cache Hit] Lấy thông tin hotel ID: 4d2f20ca-19f2-4c2b-a536-336f6e39c865 từ Redis',
  level: 'debug',
  timestamp: '2026-07-31T03:23:38.853Z'
}
{
  query: [Object: null prototype] {
    location: 'Sa Pa',
    checkInDate: '2026-07-30T17:00:00.000Z',
    checkOutDate: '2026-07-31T17:00:00.000Z',
    adults: '2',
    children: '0',
    rooms: '1'
  },
  level: 'info',
  message: '[SearchController] Search hotels',
  timestamp: '2026-07-31T03:23:39.403Z'
}
{
  message: 'GLOBAL ERROR HANDLER CAUGHT: Error: Ngày nhận phòng không được trong quá khứ.\n' +
    '    at SearchService.searchHotels (/app/src/modules/search/services/searchService.ts:44:15)\n' +
    '    at searchHotels (/app/src/modules/search/controllers/searchController.ts:19:45)\n' +
    '    at <anonymous> (/app/src/utils/asyncHandler.ts:5:25)\n' +
    '    at Layer.handleRequest (/app/node_modules/router/lib/layer.js:152:17)\n' +
    '    at next (/app/node_modules/router/lib/route.js:157:13)\n' +
    '    at <anonymous> (/app/src/middlewares/validationMiddleware.ts:32:7)\n' +
    '    at process.processTicksAndRejections (node:internal/process/task_queues:95:5)',
  level: 'error',
  timestamp: '2026-07-31T03:23:39.405Z'
}
{
  query: [Object: null prototype] {
    location: 'Sa Pa',
    checkInDate: '2026-07-30T17:00:00.000Z',
    checkOutDate: '2026-07-31T17:00:00.000Z',
    adults: '2',
    children: '0',
    rooms: '1'
  },
  level: 'info',
  message: '[SearchController] Search hotels',
  timestamp: '2026-07-31T03:23:39.411Z'
}
{
  message: 'GLOBAL ERROR HANDLER CAUGHT: Error: Ngày nhận phòng không được trong quá khứ.\n' +
    '    at SearchService.searchHotels (/app/src/modules/search/services/searchService.ts:44:15)\n' +
    '    at searchHotels (/app/src/modules/search/controllers/searchController.ts:19:45)\n' +
    '    at <anonymous> (/app/src/utils/asyncHandler.ts:5:25)\n' +
    '    at Layer.handleRequest (/app/node_modules/router/lib/layer.js:152:17)\n' +
    '    at next (/app/node_modules/router/lib/route.js:157:13)\n' +
    '    at <anonymous> (/app/src/middlewares/validationMiddleware.ts:32:7)\n' +
    '    at process.processTicksAndRejections (node:internal/process/task_queues:95:5)',
  level: 'error',
  timestamp: '2026-07-31T03:23:39.412Z'
}
{
  page: '1',
  limit: '10',
  status: 'ACTIVE',
  level: 'info',
  message: '[HotelController] Get all hotels with queries',
  timestamp: '2026-07-31T03:23:42.338Z'
}
{
  page: '1',
  limit: '10',
  status: 'ACTIVE',
  level: 'info',
  message: '[HotelController] Get all hotels with queries',
  timestamp: '2026-07-31T03:23:42.349Z'
}
{
  hotelId: '14e13170-7bd5-4c0d-8cde-4f1617ac5e58',
  level: 'info',
  message: '[HotelController] Get hotel by id',
  timestamp: '2026-07-31T03:23:47.313Z'
}
{
  message: '[Cache Hit] Lấy thông tin hotel ID: 14e13170-7bd5-4c0d-8cde-4f1617ac5e58 từ Redis',
  level: 'debug',
  timestamp: '2026-07-31T03:23:47.314Z'
}
{
  hotelId: '14e13170-7bd5-4c0d-8cde-4f1617ac5e58',
  level: 'info',
  message: '[HotelController] Get hotel by id',
  timestamp: '2026-07-31T03:23:47.318Z'
}
{
  message: '[Cache Hit] Lấy thông tin hotel ID: 14e13170-7bd5-4c0d-8cde-4f1617ac5e58 từ Redis',
  level: 'debug',
  timestamp: '2026-07-31T03:23:47.320Z'
}
{
  hotelId: '14e13170-7bd5-4c0d-8cde-4f1617ac5e58',
  level: 'info',
  message: '[HotelController] Get hotel by id',
  timestamp: '2026-07-31T03:23:56.895Z'
}
{
  message: '[Cache Hit] Lấy thông tin hotel ID: 14e13170-7bd5-4c0d-8cde-4f1617ac5e58 từ Redis',
  level: 'debug',
  timestamp: '2026-07-31T03:23:56.898Z'
}
{
  hotelId: '14e13170-7bd5-4c0d-8cde-4f1617ac5e58',
  level: 'info',
  message: '[HotelController] Get hotel by id',
  timestamp: '2026-07-31T03:23:56.903Z'
}
{
  message: '[Cache Hit] Lấy thông tin hotel ID: 14e13170-7bd5-4c0d-8cde-4f1617ac5e58 từ Redis',
  level: 'debug',
  timestamp: '2026-07-31T03:23:56.905Z'
}
{
  message: '[BookingController] Create booking',
  level: 'info',
  timestamp: '2026-07-31T03:24:06.527Z'
}
{
  message: 'Đã gửi email tới user1@booking.com',
  level: 'info',
  timestamp: '2026-07-31T03:24:10.371Z'
}
{
  message: '[BookingController] Get user bookings',
  level: 'info',
  timestamp: '2026-07-31T03:24:10.534Z'
}
{
  message: '[BookingController] Get user bookings',
  level: 'info',
  timestamp: '2026-07-31T03:24:10.581Z'
}
{
  message: '[HotelController] Get my hotels',
  level: 'info',
  timestamp: '2026-07-31T03:24:18.414Z'
}
{
  message: '[HotelController] Get my hotels',
  level: 'info',
  timestamp: '2026-07-31T03:24:18.423Z'
}
{
  userId: '07913145-efb3-4c70-9ed7-b2b4064bf612',
  level: 'info',
  message: '[AuthController] Get Me',
  timestamp: '2026-07-31T03:24:21.581Z'
}
{
  message: 'Fetching user details for ID: 07913145-efb3-4c70-9ed7-b2b4064bf612',
  level: 'debug',
  timestamp: '2026-07-31T03:24:21.582Z'
}
{
  message: '[Cache Hit] Lấy thông tin user ID: 07913145-efb3-4c70-9ed7-b2b4064bf612 từ Redis',
  level: 'debug',
  timestamp: '2026-07-31T03:24:21.583Z'
}
{
  userId: '07913145-efb3-4c70-9ed7-b2b4064bf612',
  level: 'info',
  message: '[AuthController] Get Me',
  timestamp: '2026-07-31T03:24:21.588Z'
}
{
  message: 'Fetching user details for ID: 07913145-efb3-4c70-9ed7-b2b4064bf612',
  level: 'debug',
  timestamp: '2026-07-31T03:24:21.588Z'
}
{
  message: '[Cache Hit] Lấy thông tin user ID: 07913145-efb3-4c70-9ed7-b2b4064bf612 từ Redis',
  level: 'debug',
  timestamp: '2026-07-31T03:24:21.589Z'
}
{
  message: '[HotelController] Get my hotels',
  level: 'info',
  timestamp: '2026-07-31T03:24:21.891Z'
}
{
  message: '[HotelController] Get my hotels',
  level: 'info',
  timestamp: '2026-07-31T03:24:21.906Z'
}
{
  message: '[HotelController] Get my hotels',
  level: 'info',
  timestamp: '2026-07-31T03:24:23.420Z'
}
{
  message: '[HotelController] Get my hotels',
  level: 'info',
  timestamp: '2026-07-31T03:24:23.430Z'
}
{
  message: '[HotelController] Get my hotels',
  level: 'info',
  timestamp: '2026-07-31T03:24:23.976Z'
}
{
  message: '[HotelController] Get my hotels',
  level: 'info',
  timestamp: '2026-07-31T03:24:23.987Z'
}
{
  userId: '07913145-efb3-4c70-9ed7-b2b4064bf612',
  level: 'info',
  message: '[AuthController] Get Me',
  timestamp: '2026-07-31T03:24:27.322Z'
}
{
  message: 'Fetching user details for ID: 07913145-efb3-4c70-9ed7-b2b4064bf612',
  level: 'debug',
  timestamp: '2026-07-31T03:24:27.322Z'
}
{
  message: '[Cache Hit] Lấy thông tin user ID: 07913145-efb3-4c70-9ed7-b2b4064bf612 từ Redis',
  level: 'debug',
  timestamp: '2026-07-31T03:24:27.323Z'
}
{
  userId: '07913145-efb3-4c70-9ed7-b2b4064bf612',
  level: 'info',
  message: '[AuthController] Get Me',
  timestamp: '2026-07-31T03:24:27.329Z'
}
{
  message: 'Fetching user details for ID: 07913145-efb3-4c70-9ed7-b2b4064bf612',
  level: 'debug',
  timestamp: '2026-07-31T03:24:27.330Z'
}
{
  message: '[Cache Hit] Lấy thông tin user ID: 07913145-efb3-4c70-9ed7-b2b4064bf612 từ Redis',
  level: 'debug',
  timestamp: '2026-07-31T03:24:27.331Z'
}
{
  message: '[HotelController] Get my hotels',
  level: 'info',
  timestamp: '2026-07-31T03:24:27.618Z'
}
{
  message: '[HotelController] Get my hotels',
  level: 'info',
  timestamp: '2026-07-31T03:24:27.634Z'
}
{
  message: '[HotelController] Get my hotels',
  level: 'info',
  timestamp: '2026-07-31T03:24:28.864Z'
}
{
  message: '[HotelController] Get my hotels',
  level: 'info',
  timestamp: '2026-07-31T03:24:28.873Z'
}
{
  message: '[SchedulerService] Đang kiểm tra các booking hết hạn thanh toán...',
  level: 'info',
  timestamp: '2026-07-31T03:25:00.002Z'
}
{
  message: 'JWT Verification Error: jwt expired',
  level: 'error',
  timestamp: '2026-07-31T03:25:13.128Z'
}
{
  message: 'GLOBAL ERROR HANDLER CAUGHT: Error: Phiên đăng nhập đã hết hạn. Vui lòng lấy Token mới.\n' +
    '    at authMiddleware (/app/src/middlewares/authMiddleware.ts:80:9)\n' +
    '    at Layer.handleRequest (/app/node_modules/router/lib/layer.js:152:17)\n' +
    '    at trimPrefix (/app/node_modules/router/index.js:342:13)\n' +
    '    at /app/node_modules/router/index.js:297:9\n' +
    '    at processParams (/app/node_modules/router/index.js:582:12)\n' +
    '    at next (/app/node_modules/router/index.js:291:5)\n' +
    '    at Function.handle (/app/node_modules/router/index.js:186:3)\n' +
    '    at router (/app/node_modules/router/index.js:60:12)\n' +
    '    at Layer.handleRequest (/app/node_modules/router/lib/layer.js:152:17)\n' +
    '    at trimPrefix (/app/node_modules/router/index.js:342:13)',
  level: 'error',
  timestamp: '2026-07-31T03:25:13.130Z'
}
{
  message: '[AuthController] Refresh Tokens',
  level: 'info',
  timestamp: '2026-07-31T03:25:13.141Z'
}
{
  message: 'Fetching user details for ID: 07913145-efb3-4c70-9ed7-b2b4064bf612',
  level: 'debug',
  timestamp: '2026-07-31T03:25:13.161Z'
}
{
  message: '[Cache Hit] Lấy thông tin user ID: 07913145-efb3-4c70-9ed7-b2b4064bf612 từ Redis',
  level: 'debug',
  timestamp: '2026-07-31T03:25:13.162Z'
}
{
  message: '[AuthService] Tokens refreshed successfully for user: agent@booking.com',
  level: 'info',
  timestamp: '2026-07-31T03:25:13.175Z'
}
{
  email: 'agent1@booking.com',
  level: 'info',
  message: '[AuthController] Login with Password',
  timestamp: '2026-07-31T03:25:29.224Z'
}
{
  message: 'User ID b9ec6910-a1ff-4d4e-8a5a-e0d2b53596cf đăng nhập thành công. Đã làm sạch lịch sử đăng nhập sai.',
  level: 'info',
  timestamp: '2026-07-31T03:25:29.290Z'
}
{
  message: '[AuthService] Password login successful for user: agent1@booking.com',
  level: 'info',
  timestamp: '2026-07-31T03:25:29.294Z'
}
{
  userId: 'b9ec6910-a1ff-4d4e-8a5a-e0d2b53596cf',
  level: 'info',
  message: '[AuthController] Get Me',
  timestamp: '2026-07-31T03:25:29.314Z'
}
{
  message: 'Fetching user details for ID: b9ec6910-a1ff-4d4e-8a5a-e0d2b53596cf',
  level: 'debug',
  timestamp: '2026-07-31T03:25:29.315Z'
}
{
  message: '[Cache Miss] Tìm user ID: b9ec6910-a1ff-4d4e-8a5a-e0d2b53596cf trong Database',
  level: 'debug',
  timestamp: '2026-07-31T03:25:29.316Z'
}
{
  page: '1',
  limit: '10',
  status: 'ACTIVE',
  level: 'info',
  message: '[HotelController] Get all hotels with queries',
  timestamp: '2026-07-31T03:25:29.434Z'
}
{
  page: '1',
  limit: '10',
  status: 'ACTIVE',
  level: 'info',
  message: '[HotelController] Get all hotels with queries',
  timestamp: '2026-07-31T03:25:29.443Z'
}
{
  message: '[HotelController] Get my hotels',
  level: 'info',
  timestamp: '2026-07-31T03:25:31.011Z'
}
{
  message: '[HotelController] Get my hotels',
  level: 'info',
  timestamp: '2026-07-31T03:25:31.052Z'
}
{
  hotelId: '14e13170-7bd5-4c0d-8cde-4f1617ac5e58',
  level: 'info',
  message: '[BookingController] Get hotel bookings',
  timestamp: '2026-07-31T03:25:31.078Z'
}
{
  hotelId: '4f687b5d-cdf8-4f93-8d1e-d1f3a93dbd94',
  level: 'info',
  message: '[BookingController] Get hotel bookings',
  timestamp: '2026-07-31T03:25:31.086Z'
}
{
  hotelId: '47f2265b-e71a-4c5c-b2b4-706d929e6c57',
  level: 'info',
  message: '[BookingController] Get hotel bookings',
  timestamp: '2026-07-31T03:25:31.090Z'
}
{
  message: '[Cache Hit] Lấy thông tin hotel ID: 14e13170-7bd5-4c0d-8cde-4f1617ac5e58 từ Redis',
  level: 'debug',
  timestamp: '2026-07-31T03:25:31.090Z'
}
{
  message: '[Cache Hit] Lấy thông tin hotel ID: 4f687b5d-cdf8-4f93-8d1e-d1f3a93dbd94 từ Redis',
  level: 'debug',
  timestamp: '2026-07-31T03:25:31.091Z'
}
{
  message: '[Cache Hit] Lấy thông tin hotel ID: 47f2265b-e71a-4c5c-b2b4-706d929e6c57 từ Redis',
  level: 'debug',
  timestamp: '2026-07-31T03:25:31.091Z'
}
{
  message: 'GLOBAL ERROR HANDLER CAUGHT: Error: Bạn không có quyền truy cập vào khách sạn này\n' +
    '    at BookingService.getHotelBookings (/app/src/modules/booking/services/bookingService.ts:115:13)\n' +
    '    at process.processTicksAndRejections (node:internal/process/task_queues:95:5)\n' +
    '    at async getHotelBookings (/app/src/modules/booking/controllers/bookingController.ts:72:20)',
  level: 'error',
  timestamp: '2026-07-31T03:25:31.091Z'
}
{
  message: 'GLOBAL ERROR HANDLER CAUGHT: Error: Bạn không có quyền truy cập vào khách sạn này\n' +
    '    at BookingService.getHotelBookings (/app/src/modules/booking/services/bookingService.ts:115:13)\n' +
    '    at process.processTicksAndRejections (node:internal/process/task_queues:95:5)\n' +
    '    at async getHotelBookings (/app/src/modules/booking/controllers/bookingController.ts:72:20)',
  level: 'error',
  timestamp: '2026-07-31T03:25:31.092Z'
}
{
  message: 'GLOBAL ERROR HANDLER CAUGHT: Error: Bạn không có quyền truy cập vào khách sạn này\n' +
    '    at BookingService.getHotelBookings (/app/src/modules/booking/services/bookingService.ts:115:13)\n' +
    '    at process.processTicksAndRejections (node:internal/process/task_queues:95:5)\n' +
    '    at async getHotelBookings (/app/src/modules/booking/controllers/bookingController.ts:72:20)',
  level: 'error',
  timestamp: '2026-07-31T03:25:31.094Z'
}
{
  hotelId: 'f6168b41-05c7-4c40-a16c-668648f6a3ee',
  level: 'info',
  message: '[BookingController] Get hotel bookings',
  timestamp: '2026-07-31T03:25:31.102Z'
}
{
  hotelId: 'a4666ad8-7bf3-4a56-a194-75f257b574f6',
  level: 'info',
  message: '[BookingController] Get hotel bookings',
  timestamp: '2026-07-31T03:25:31.104Z'
}
{
  hotelId: 'd71f7bba-63f5-432c-be2e-70b8d2caf840',
  level: 'info',
  message: '[BookingController] Get hotel bookings',
  timestamp: '2026-07-31T03:25:31.106Z'
}
{
  hotelId: 'c028860e-b34c-4ad7-a141-962fec938a72',
  level: 'info',
  message: '[BookingController] Get hotel bookings',
  timestamp: '2026-07-31T03:25:31.109Z'
}
{
  message: '[Cache Hit] Lấy thông tin hotel ID: f6168b41-05c7-4c40-a16c-668648f6a3ee từ Redis',
  level: 'debug',
  timestamp: '2026-07-31T03:25:31.110Z'
}
{
  message: '[Cache Hit] Lấy thông tin hotel ID: a4666ad8-7bf3-4a56-a194-75f257b574f6 từ Redis',
  level: 'debug',
  timestamp: '2026-07-31T03:25:31.110Z'
}
{
  message: '[Cache Hit] Lấy thông tin hotel ID: d71f7bba-63f5-432c-be2e-70b8d2caf840 từ Redis',
  level: 'debug',
  timestamp: '2026-07-31T03:25:31.110Z'
}
{
  message: '[Cache Miss] Tìm hotel ID: c028860e-b34c-4ad7-a141-962fec938a72 trong Database',
  level: 'debug',
  timestamp: '2026-07-31T03:25:31.111Z'
}
{
  message: 'GLOBAL ERROR HANDLER CAUGHT: Error: Bạn không có quyền truy cập vào khách sạn này\n' +
    '    at BookingService.getHotelBookings (/app/src/modules/booking/services/bookingService.ts:115:13)\n' +
    '    at process.processTicksAndRejections (node:internal/process/task_queues:95:5)\n' +
    '    at async getHotelBookings (/app/src/modules/booking/controllers/bookingController.ts:72:20)',
  level: 'error',
  timestamp: '2026-07-31T03:25:31.111Z'
}
{
  message: 'GLOBAL ERROR HANDLER CAUGHT: Error: Bạn không có quyền truy cập vào khách sạn này\n' +
    '    at BookingService.getHotelBookings (/app/src/modules/booking/services/bookingService.ts:115:13)\n' +
    '    at process.processTicksAndRejections (node:internal/process/task_queues:95:5)\n' +
    '    at async getHotelBookings (/app/src/modules/booking/controllers/bookingController.ts:72:20)',
  level: 'error',
  timestamp: '2026-07-31T03:25:31.112Z'
}
{
  message: 'GLOBAL ERROR HANDLER CAUGHT: Error: Bạn không có quyền truy cập vào khách sạn này\n' +
    '    at BookingService.getHotelBookings (/app/src/modules/booking/services/bookingService.ts:115:13)\n' +
    '    at process.processTicksAndRejections (node:internal/process/task_queues:95:5)\n' +
    '    at async getHotelBookings (/app/src/modules/booking/controllers/bookingController.ts:72:20)',
  level: 'error',
  timestamp: '2026-07-31T03:25:31.113Z'
}
{
  hotelId: '7002085f-3d58-44c1-a5f1-21e2dc86d390',
  level: 'info',
  message: '[BookingController] Get hotel bookings',
  timestamp: '2026-07-31T03:25:31.122Z'
}
{
  hotelId: '9c38c1a3-2a35-4339-8e31-70823491cf8c',
  level: 'info',
  message: '[BookingController] Get hotel bookings',
  timestamp: '2026-07-31T03:25:31.129Z'
}
{
  message: '[Cache Hit] Lấy thông tin hotel ID: 7002085f-3d58-44c1-a5f1-21e2dc86d390 từ Redis',
  level: 'debug',
  timestamp: '2026-07-31T03:25:31.130Z'
}
{
  message: '[Cache Hit] Lấy thông tin hotel ID: 9c38c1a3-2a35-4339-8e31-70823491cf8c từ Redis',
  level: 'debug',
  timestamp: '2026-07-31T03:25:31.131Z'
}
{
  message: 'GLOBAL ERROR HANDLER CAUGHT: Error: Bạn không có quyền truy cập vào khách sạn này\n' +
    '    at BookingService.getHotelBookings (/app/src/modules/booking/services/bookingService.ts:115:13)\n' +
    '    at process.processTicksAndRejections (node:internal/process/task_queues:95:5)\n' +
    '    at async getHotelBookings (/app/src/modules/booking/controllers/bookingController.ts:72:20)',
  level: 'error',
  timestamp: '2026-07-31T03:25:31.132Z'
}
{
  message: 'GLOBAL ERROR HANDLER CAUGHT: Error: Bạn không có quyền truy cập vào khách sạn này\n' +
    '    at BookingService.getHotelBookings (/app/src/modules/booking/services/bookingService.ts:115:13)\n' +
    '    at process.processTicksAndRejections (node:internal/process/task_queues:95:5)\n' +
    '    at async getHotelBookings (/app/src/modules/booking/controllers/bookingController.ts:72:20)',
  level: 'error',
  timestamp: '2026-07-31T03:25:31.133Z'
}
{
  hotelId: '4d2f20ca-19f2-4c2b-a536-336f6e39c865',
  level: 'info',
  message: '[BookingController] Get hotel bookings',
  timestamp: '2026-07-31T03:25:31.140Z'
}
{
  hotelId: 'cbe60089-f16d-4342-b3aa-293e78fb7e46',
  level: 'info',
  message: '[BookingController] Get hotel bookings',
  timestamp: '2026-07-31T03:25:31.142Z'
}
{
  hotelId: 'dc4fb180-274a-4eb4-8a09-6965b9955306',
  level: 'info',
  message: '[BookingController] Get hotel bookings',
  timestamp: '2026-07-31T03:25:31.145Z'
}
{
  hotelId: '4f687b5d-cdf8-4f93-8d1e-d1f3a93dbd94',
  level: 'info',
  message: '[BookingController] Get hotel bookings',
  timestamp: '2026-07-31T03:25:31.148Z'
}
{
  message: '[Cache Hit] Lấy thông tin hotel ID: 4d2f20ca-19f2-4c2b-a536-336f6e39c865 từ Redis',
  level: 'debug',
  timestamp: '2026-07-31T03:25:31.148Z'
}
{
  message: '[Cache Hit] Lấy thông tin hotel ID: cbe60089-f16d-4342-b3aa-293e78fb7e46 từ Redis',
  level: 'debug',
  timestamp: '2026-07-31T03:25:31.149Z'
}
{
  message: '[Cache Hit] Lấy thông tin hotel ID: dc4fb180-274a-4eb4-8a09-6965b9955306 từ Redis',
  level: 'debug',
  timestamp: '2026-07-31T03:25:31.149Z'
}
{
  message: '[Cache Hit] Lấy thông tin hotel ID: 4f687b5d-cdf8-4f93-8d1e-d1f3a93dbd94 từ Redis',
  level: 'debug',
  timestamp: '2026-07-31T03:25:31.149Z'
}
{
  message: 'GLOBAL ERROR HANDLER CAUGHT: Error: Bạn không có quyền truy cập vào khách sạn này\n' +
    '    at BookingService.getHotelBookings (/app/src/modules/booking/services/bookingService.ts:115:13)\n' +
    '    at process.processTicksAndRejections (node:internal/process/task_queues:95:5)\n' +
    '    at async getHotelBookings (/app/src/modules/booking/controllers/bookingController.ts:72:20)',
  level: 'error',
  timestamp: '2026-07-31T03:25:31.150Z'
}
{
  message: 'GLOBAL ERROR HANDLER CAUGHT: Error: Bạn không có quyền truy cập vào khách sạn này\n' +
    '    at BookingService.getHotelBookings (/app/src/modules/booking/services/bookingService.ts:115:13)\n' +
    '    at process.processTicksAndRejections (node:internal/process/task_queues:95:5)\n' +
    '    at async getHotelBookings (/app/src/modules/booking/controllers/bookingController.ts:72:20)',
  level: 'error',
  timestamp: '2026-07-31T03:25:31.150Z'
}
{
  message: 'GLOBAL ERROR HANDLER CAUGHT: Error: Bạn không có quyền truy cập vào khách sạn này\n' +
    '    at BookingService.getHotelBookings (/app/src/modules/booking/services/bookingService.ts:115:13)\n' +
    '    at process.processTicksAndRejections (node:internal/process/task_queues:95:5)\n' +
    '    at async getHotelBookings (/app/src/modules/booking/controllers/bookingController.ts:72:20)',
  level: 'error',
  timestamp: '2026-07-31T03:25:31.151Z'
}
{
  message: 'GLOBAL ERROR HANDLER CAUGHT: Error: Bạn không có quyền truy cập vào khách sạn này\n' +
    '    at BookingService.getHotelBookings (/app/src/modules/booking/services/bookingService.ts:115:13)\n' +
    '    at process.processTicksAndRejections (node:internal/process/task_queues:95:5)\n' +
    '    at async getHotelBookings (/app/src/modules/booking/controllers/bookingController.ts:72:20)',
  level: 'error',
  timestamp: '2026-07-31T03:25:31.152Z'
}
{
  hotelId: '14e13170-7bd5-4c0d-8cde-4f1617ac5e58',
  level: 'info',
  message: '[BookingController] Get hotel bookings',
  timestamp: '2026-07-31T03:25:31.157Z'
}
{
  hotelId: 'd71f7bba-63f5-432c-be2e-70b8d2caf840',
  level: 'info',
  message: '[BookingController] Get hotel bookings',
  timestamp: '2026-07-31T03:25:31.161Z'
}
{
  message: '[Cache Hit] Lấy thông tin hotel ID: 14e13170-7bd5-4c0d-8cde-4f1617ac5e58 từ Redis',
  level: 'debug',
  timestamp: '2026-07-31T03:25:31.162Z'
}
{
  message: '[Cache Hit] Lấy thông tin hotel ID: d71f7bba-63f5-432c-be2e-70b8d2caf840 từ Redis',
  level: 'debug',
  timestamp: '2026-07-31T03:25:31.162Z'
}
{
  message: 'GLOBAL ERROR HANDLER CAUGHT: Error: Bạn không có quyền truy cập vào khách sạn này\n' +
    '    at BookingService.getHotelBookings (/app/src/modules/booking/services/bookingService.ts:115:13)\n' +
    '    at process.processTicksAndRejections (node:internal/process/task_queues:95:5)\n' +
    '    at async getHotelBookings (/app/src/modules/booking/controllers/bookingController.ts:72:20)',
  level: 'error',
  timestamp: '2026-07-31T03:25:31.162Z'
}
{
  message: 'GLOBAL ERROR HANDLER CAUGHT: Error: Bạn không có quyền truy cập vào khách sạn này\n' +
    '    at BookingService.getHotelBookings (/app/src/modules/booking/services/bookingService.ts:115:13)\n' +
    '    at process.processTicksAndRejections (node:internal/process/task_queues:95:5)\n' +
    '    at async getHotelBookings (/app/src/modules/booking/controllers/bookingController.ts:72:20)',
  level: 'error',
  timestamp: '2026-07-31T03:25:31.163Z'
}
{
  hotelId: '47f2265b-e71a-4c5c-b2b4-706d929e6c57',
  level: 'info',
  message: '[BookingController] Get hotel bookings',
  timestamp: '2026-07-31T03:25:31.167Z'
}
{
  hotelId: 'f6168b41-05c7-4c40-a16c-668648f6a3ee',
  level: 'info',
  message: '[BookingController] Get hotel bookings',
  timestamp: '2026-07-31T03:25:31.169Z'
}
{
  hotelId: 'a4666ad8-7bf3-4a56-a194-75f257b574f6',
  level: 'info',
  message: '[BookingController] Get hotel bookings',
  timestamp: '2026-07-31T03:25:31.171Z'
}
{
  hotelId: '9c38c1a3-2a35-4339-8e31-70823491cf8c',
  level: 'info',
  message: '[BookingController] Get hotel bookings',
  timestamp: '2026-07-31T03:25:31.173Z'
}
{
  message: '[Cache Hit] Lấy thông tin hotel ID: 47f2265b-e71a-4c5c-b2b4-706d929e6c57 từ Redis',
  level: 'debug',
  timestamp: '2026-07-31T03:25:31.174Z'
}
{
  message: '[Cache Hit] Lấy thông tin hotel ID: f6168b41-05c7-4c40-a16c-668648f6a3ee từ Redis',
  level: 'debug',
  timestamp: '2026-07-31T03:25:31.174Z'
}
{
  message: '[Cache Hit] Lấy thông tin hotel ID: a4666ad8-7bf3-4a56-a194-75f257b574f6 từ Redis',
  level: 'debug',
  timestamp: '2026-07-31T03:25:31.175Z'
}
{
  message: '[Cache Hit] Lấy thông tin hotel ID: 9c38c1a3-2a35-4339-8e31-70823491cf8c từ Redis',
  level: 'debug',
  timestamp: '2026-07-31T03:25:31.175Z'
}
{
  message: 'GLOBAL ERROR HANDLER CAUGHT: Error: Bạn không có quyền truy cập vào khách sạn này\n' +
    '    at BookingService.getHotelBookings (/app/src/modules/booking/services/bookingService.ts:115:13)\n' +
    '    at process.processTicksAndRejections (node:internal/process/task_queues:95:5)\n' +
    '    at async getHotelBookings (/app/src/modules/booking/controllers/bookingController.ts:72:20)',
  level: 'error',
  timestamp: '2026-07-31T03:25:31.180Z'
}
{
  message: 'GLOBAL ERROR HANDLER CAUGHT: Error: Bạn không có quyền truy cập vào khách sạn này\n' +
    '    at BookingService.getHotelBookings (/app/src/modules/booking/services/bookingService.ts:115:13)\n' +
    '    at process.processTicksAndRejections (node:internal/process/task_queues:95:5)\n' +
    '    at async getHotelBookings (/app/src/modules/booking/controllers/bookingController.ts:72:20)',
  level: 'error',
  timestamp: '2026-07-31T03:25:31.183Z'
}
{
  message: 'GLOBAL ERROR HANDLER CAUGHT: Error: Bạn không có quyền truy cập vào khách sạn này\n' +
    '    at BookingService.getHotelBookings (/app/src/modules/booking/services/bookingService.ts:115:13)\n' +
    '    at process.processTicksAndRejections (node:internal/process/task_queues:95:5)\n' +
    '    at async getHotelBookings (/app/src/modules/booking/controllers/bookingController.ts:72:20)',
  level: 'error',
  timestamp: '2026-07-31T03:25:31.187Z'
}
{
  message: 'GLOBAL ERROR HANDLER CAUGHT: Error: Bạn không có quyền truy cập vào khách sạn này\n' +
    '    at BookingService.getHotelBookings (/app/src/modules/booking/services/bookingService.ts:115:13)\n' +
    '    at process.processTicksAndRejections (node:internal/process/task_queues:95:5)\n' +
    '    at async getHotelBookings (/app/src/modules/booking/controllers/bookingController.ts:72:20)',
  level: 'error',
  timestamp: '2026-07-31T03:25:31.191Z'
}
{
  hotelId: '7002085f-3d58-44c1-a5f1-21e2dc86d390',
  level: 'info',
  message: '[BookingController] Get hotel bookings',
  timestamp: '2026-07-31T03:25:31.197Z'
}
{
  message: '[Cache Hit] Lấy thông tin hotel ID: 7002085f-3d58-44c1-a5f1-21e2dc86d390 từ Redis',
  level: 'debug',
  timestamp: '2026-07-31T03:25:31.198Z'
}
{
  message: 'GLOBAL ERROR HANDLER CAUGHT: Error: Bạn không có quyền truy cập vào khách sạn này\n' +
    '    at BookingService.getHotelBookings (/app/src/modules/booking/services/bookingService.ts:115:13)\n' +
    '    at process.processTicksAndRejections (node:internal/process/task_queues:95:5)\n' +
    '    at async getHotelBookings (/app/src/modules/booking/controllers/bookingController.ts:72:20)',
  level: 'error',
  timestamp: '2026-07-31T03:25:31.199Z'
}
{
  hotelId: '4d2f20ca-19f2-4c2b-a536-336f6e39c865',
  level: 'info',
  message: '[BookingController] Get hotel bookings',
  timestamp: '2026-07-31T03:25:31.208Z'
}
{
  hotelId: 'cbe60089-f16d-4342-b3aa-293e78fb7e46',
  level: 'info',
  message: '[BookingController] Get hotel bookings',
  timestamp: '2026-07-31T03:25:31.212Z'
}
{
  hotelId: 'dc4fb180-274a-4eb4-8a09-6965b9955306',
  level: 'info',
  message: '[BookingController] Get hotel bookings',
  timestamp: '2026-07-31T03:25:31.216Z'
}
{
  message: '[Cache Hit] Lấy thông tin hotel ID: 4d2f20ca-19f2-4c2b-a536-336f6e39c865 từ Redis',
  level: 'debug',
  timestamp: '2026-07-31T03:25:31.219Z'
}
{
  message: '[Cache Hit] Lấy thông tin hotel ID: cbe60089-f16d-4342-b3aa-293e78fb7e46 từ Redis',
  level: 'debug',
  timestamp: '2026-07-31T03:25:31.221Z'
}
{
  message: '[Cache Hit] Lấy thông tin hotel ID: dc4fb180-274a-4eb4-8a09-6965b9955306 từ Redis',
  level: 'debug',
  timestamp: '2026-07-31T03:25:31.222Z'
}
{
  message: 'GLOBAL ERROR HANDLER CAUGHT: Error: Bạn không có quyền truy cập vào khách sạn này\n' +
    '    at BookingService.getHotelBookings (/app/src/modules/booking/services/bookingService.ts:115:13)\n' +
    '    at process.processTicksAndRejections (node:internal/process/task_queues:95:5)\n' +
    '    at async getHotelBookings (/app/src/modules/booking/controllers/bookingController.ts:72:20)',
  level: 'error',
  timestamp: '2026-07-31T03:25:31.223Z'
}
{
  message: 'GLOBAL ERROR HANDLER CAUGHT: Error: Bạn không có quyền truy cập vào khách sạn này\n' +
    '    at BookingService.getHotelBookings (/app/src/modules/booking/services/bookingService.ts:115:13)\n' +
    '    at process.processTicksAndRejections (node:internal/process/task_queues:95:5)\n' +
    '    at async getHotelBookings (/app/src/modules/booking/controllers/bookingController.ts:72:20)',
  level: 'error',
  timestamp: '2026-07-31T03:25:31.223Z'
}
{
  message: 'GLOBAL ERROR HANDLER CAUGHT: Error: Bạn không có quyền truy cập vào khách sạn này\n' +
    '    at BookingService.getHotelBookings (/app/src/modules/booking/services/bookingService.ts:115:13)\n' +
    '    at process.processTicksAndRejections (node:internal/process/task_queues:95:5)\n' +
    '    at async getHotelBookings (/app/src/modules/booking/controllers/bookingController.ts:72:20)',
  level: 'error',
  timestamp: '2026-07-31T03:25:31.224Z'
}
{
  hotelId: 'c028860e-b34c-4ad7-a141-962fec938a72',
  level: 'info',
  message: '[BookingController] Get hotel bookings',
  timestamp: '2026-07-31T03:25:31.236Z'
}
{
  message: '[Cache Hit] Lấy thông tin hotel ID: c028860e-b34c-4ad7-a141-962fec938a72 từ Redis',
  level: 'debug',
  timestamp: '2026-07-31T03:25:31.240Z'
}
{
  message: '[HotelController] Get my hotels',
  level: 'info',
  timestamp: '2026-07-31T03:25:32.431Z'
}
{
  message: '[HotelController] Get my hotels',
  level: 'info',
  timestamp: '2026-07-31T03:25:32.442Z'
}
{
  message: '[BookingController] Create booking',
  level: 'info',
  timestamp: '2026-07-31T03:25:41.919Z'
}
{
  message: 'Đã gửi email tới user1@booking.com',
  level: 'info',
  timestamp: '2026-07-31T03:25:44.527Z'
}
{
  message: 'JWT Verification Error: jwt expired',
  level: 'error',
  timestamp: '2026-07-31T03:25:44.573Z'
}
{
  message: 'GLOBAL ERROR HANDLER CAUGHT: Error: Phiên đăng nhập đã hết hạn. Vui lòng lấy Token mới.\n' +
    '    at authMiddleware (/app/src/middlewares/authMiddleware.ts:80:9)\n' +
    '    at Layer.handleRequest (/app/node_modules/router/lib/layer.js:152:17)\n' +
    '    at next (/app/node_modules/router/lib/route.js:157:13)\n' +
    '    at Route.dispatch (/app/node_modules/router/lib/route.js:117:3)\n' +
    '    at handle (/app/node_modules/router/index.js:435:11)\n' +
    '    at Layer.handleRequest (/app/node_modules/router/lib/layer.js:152:17)\n' +
    '    at /app/node_modules/router/index.js:295:15\n' +
    '    at processParams (/app/node_modules/router/index.js:582:12)\n' +
    '    at next (/app/node_modules/router/index.js:291:5)\n' +
    '    at Function.handle (/app/node_modules/router/index.js:186:3)',
  level: 'error',
  timestamp: '2026-07-31T03:25:44.574Z'
}
{
  message: 'JWT Verification Error: jwt expired',
  level: 'error',
  timestamp: '2026-07-31T03:25:44.583Z'
}
{
  message: 'GLOBAL ERROR HANDLER CAUGHT: Error: Phiên đăng nhập đã hết hạn. Vui lòng lấy Token mới.\n' +
    '    at authMiddleware (/app/src/middlewares/authMiddleware.ts:80:9)\n' +
    '    at Layer.handleRequest (/app/node_modules/router/lib/layer.js:152:17)\n' +
    '    at next (/app/node_modules/router/lib/route.js:157:13)\n' +
    '    at Route.dispatch (/app/node_modules/router/lib/route.js:117:3)\n' +
    '    at handle (/app/node_modules/router/index.js:435:11)\n' +
    '    at Layer.handleRequest (/app/node_modules/router/lib/layer.js:152:17)\n' +
    '    at /app/node_modules/router/index.js:295:15\n' +
    '    at processParams (/app/node_modules/router/index.js:582:12)\n' +
    '    at next (/app/node_modules/router/index.js:291:5)\n' +
    '    at Function.handle (/app/node_modules/router/index.js:186:3)',
  level: 'error',
  timestamp: '2026-07-31T03:25:44.584Z'
}
{
  message: '[AuthController] Refresh Tokens',
  level: 'info',
  timestamp: '2026-07-31T03:25:44.591Z'
}
{
  message: 'Fetching user details for ID: 4fca7f1e-233a-4abf-bd5e-c3c14d5a5a46',
  level: 'debug',
  timestamp: '2026-07-31T03:25:44.599Z'
}
{
  message: '[Cache Hit] Lấy thông tin user ID: 4fca7f1e-233a-4abf-bd5e-c3c14d5a5a46 từ Redis',
  level: 'debug',
  timestamp: '2026-07-31T03:25:44.601Z'
}
{
  message: '[AuthService] Tokens refreshed successfully for user: user1@booking.com',
  level: 'info',
  timestamp: '2026-07-31T03:25:44.617Z'
}
{
  message: '[BookingController] Get user bookings',
  level: 'info',
  timestamp: '2026-07-31T03:25:44.640Z'
}
{
  message: '[BookingController] Get user bookings',
  level: 'info',
  timestamp: '2026-07-31T03:25:44.670Z'
}
{
  userId: 'b9ec6910-a1ff-4d4e-8a5a-e0d2b53596cf',
  level: 'info',
  message: '[AuthController] Get Me',
  timestamp: '2026-07-31T03:25:53.416Z'
}
{
  message: 'Fetching user details for ID: b9ec6910-a1ff-4d4e-8a5a-e0d2b53596cf',
  level: 'debug',
  timestamp: '2026-07-31T03:25:53.417Z'
}
{
  message: '[Cache Hit] Lấy thông tin user ID: b9ec6910-a1ff-4d4e-8a5a-e0d2b53596cf từ Redis',
  level: 'debug',
  timestamp: '2026-07-31T03:25:53.418Z'
}
{
  userId: 'b9ec6910-a1ff-4d4e-8a5a-e0d2b53596cf',
  level: 'info',
  message: '[AuthController] Get Me',
  timestamp: '2026-07-31T03:25:53.424Z'
}
{
  message: 'Fetching user details for ID: b9ec6910-a1ff-4d4e-8a5a-e0d2b53596cf',
  level: 'debug',
  timestamp: '2026-07-31T03:25:53.424Z'
}
{
  message: '[Cache Hit] Lấy thông tin user ID: b9ec6910-a1ff-4d4e-8a5a-e0d2b53596cf từ Redis',
  level: 'debug',
  timestamp: '2026-07-31T03:25:53.425Z'
}
{
  message: '[HotelController] Get my hotels',
  level: 'info',
  timestamp: '2026-07-31T03:25:53.707Z'
}
{
  message: '[HotelController] Get my hotels',
  level: 'info',
  timestamp: '2026-07-31T03:25:53.725Z'
}
{
  message: '[HotelController] Get my hotels',
  level: 'info',
  timestamp: '2026-07-31T03:25:56.488Z'
}
{
  message: '[HotelController] Get my hotels',
  level: 'info',
  timestamp: '2026-07-31T03:25:56.501Z'
}
{
  hotelId: '14e13170-7bd5-4c0d-8cde-4f1617ac5e58',
  level: 'info',
  message: '[BookingController] Get hotel bookings',
  timestamp: '2026-07-31T03:25:56.535Z'
}
{
  message: '[Cache Hit] Lấy thông tin hotel ID: 14e13170-7bd5-4c0d-8cde-4f1617ac5e58 từ Redis',
  level: 'debug',
  timestamp: '2026-07-31T03:25:56.537Z'
}
{
  message: 'GLOBAL ERROR HANDLER CAUGHT: Error: Bạn không có quyền truy cập vào khách sạn này\n' +
    '    at BookingService.getHotelBookings (/app/src/modules/booking/services/bookingService.ts:115:13)\n' +
    '    at process.processTicksAndRejections (node:internal/process/task_queues:95:5)\n' +
    '    at async getHotelBookings (/app/src/modules/booking/controllers/bookingController.ts:72:20)',
  level: 'error',
  timestamp: '2026-07-31T03:25:56.539Z'
}
{
  userId: 'b9ec6910-a1ff-4d4e-8a5a-e0d2b53596cf',
  level: 'info',
  message: '[AuthController] Get Me',
  timestamp: '2026-07-31T03:26:07.684Z'
}
{
  message: 'Fetching user details for ID: b9ec6910-a1ff-4d4e-8a5a-e0d2b53596cf',
  level: 'debug',
  timestamp: '2026-07-31T03:26:07.685Z'
}
{
  message: '[Cache Hit] Lấy thông tin user ID: b9ec6910-a1ff-4d4e-8a5a-e0d2b53596cf từ Redis',
  level: 'debug',
  timestamp: '2026-07-31T03:26:07.686Z'
}
{
  userId: 'b9ec6910-a1ff-4d4e-8a5a-e0d2b53596cf',
  level: 'info',
  message: '[AuthController] Get Me',
  timestamp: '2026-07-31T03:26:07.693Z'
}
{
  message: 'Fetching user details for ID: b9ec6910-a1ff-4d4e-8a5a-e0d2b53596cf',
  level: 'debug',
  timestamp: '2026-07-31T03:26:07.693Z'
}
{
  message: '[Cache Hit] Lấy thông tin user ID: b9ec6910-a1ff-4d4e-8a5a-e0d2b53596cf từ Redis',
  level: 'debug',
  timestamp: '2026-07-31T03:26:07.695Z'
}
{
  message: '[HotelController] Get my hotels',
  level: 'info',
  timestamp: '2026-07-31T03:26:08.069Z'
}
{
  message: '[HotelController] Get my hotels',
  level: 'info',
  timestamp: '2026-07-31T03:26:08.116Z'
}
{
  hotelId: '14e13170-7bd5-4c0d-8cde-4f1617ac5e58',
  level: 'info',
  message: '[BookingController] Get hotel bookings',
  timestamp: '2026-07-31T03:26:08.297Z'
}
{
  message: '[Cache Hit] Lấy thông tin hotel ID: 14e13170-7bd5-4c0d-8cde-4f1617ac5e58 từ Redis',
  level: 'debug',
  timestamp: '2026-07-31T03:26:08.298Z'
}
{
  message: 'GLOBAL ERROR HANDLER CAUGHT: Error: Bạn không có quyền truy cập vào khách sạn này\n' +
    '    at BookingService.getHotelBookings (/app/src/modules/booking/services/bookingService.ts:115:13)\n' +
    '    at process.processTicksAndRejections (node:internal/process/task_queues:95:5)\n' +
    '    at async getHotelBookings (/app/src/modules/booking/controllers/bookingController.ts:72:20)',
  level: 'error',
  timestamp: '2026-07-31T03:26:08.298Z'
}
{
  message: '[HotelController] Get my hotels',
  level: 'info',
  timestamp: '2026-07-31T03:26:22.967Z'
}
{
  message: '[HotelController] Get my hotels',
  level: 'info',
  timestamp: '2026-07-31T03:26:23.004Z'
}
{
  message: '[HotelController] Get my hotels',
  level: 'info',
  timestamp: '2026-07-31T03:26:31.105Z'
}
{
  message: '[HotelController] Get my hotels',
  level: 'info',
  timestamp: '2026-07-31T03:26:31.118Z'
}
{
  hotelId: '14e13170-7bd5-4c0d-8cde-4f1617ac5e58',
  level: 'info',
  message: '[BookingController] Get hotel bookings',
  timestamp: '2026-07-31T03:26:31.151Z'
}
{
  message: '[Cache Hit] Lấy thông tin hotel ID: 14e13170-7bd5-4c0d-8cde-4f1617ac5e58 từ Redis',
  level: 'debug',
  timestamp: '2026-07-31T03:26:31.152Z'
}
{
  message: 'GLOBAL ERROR HANDLER CAUGHT: Error: Bạn không có quyền truy cập vào khách sạn này\n' +
    '    at BookingService.getHotelBookings (/app/src/modules/booking/services/bookingService.ts:115:13)\n' +
    '    at process.processTicksAndRejections (node:internal/process/task_queues:95:5)\n' +
    '    at async getHotelBookings (/app/src/modules/booking/controllers/bookingController.ts:72:20)',
  level: 'error',
  timestamp: '2026-07-31T03:26:31.153Z'
}
{
  message: 'JWT Verification Error: jwt expired',
  level: 'error',
  timestamp: '2026-07-31T03:28:38.127Z'
}
{
  message: 'GLOBAL ERROR HANDLER CAUGHT: Error: Phiên đăng nhập đã hết hạn. Vui lòng lấy Token mới.\n' +
    '    at authMiddleware (/app/src/middlewares/authMiddleware.ts:80:9)\n' +
    '    at Layer.handleRequest (/app/node_modules/router/lib/layer.js:152:17)\n' +
    '    at trimPrefix (/app/node_modules/router/index.js:342:13)\n' +
    '    at /app/node_modules/router/index.js:297:9\n' +
    '    at processParams (/app/node_modules/router/index.js:582:12)\n' +
    '    at next (/app/node_modules/router/index.js:291:5)\n' +
    '    at Function.handle (/app/node_modules/router/index.js:186:3)\n' +
    '    at router (/app/node_modules/router/index.js:60:12)\n' +
    '    at Layer.handleRequest (/app/node_modules/router/lib/layer.js:152:17)\n' +
    '    at trimPrefix (/app/node_modules/router/index.js:342:13)',
  level: 'error',
  timestamp: '2026-07-31T03:28:38.128Z'
}
{
  message: '[AuthController] Refresh Tokens',
  level: 'info',
  timestamp: '2026-07-31T03:28:38.135Z'
}
{
  message: 'Fetching user details for ID: b9ec6910-a1ff-4d4e-8a5a-e0d2b53596cf',
  level: 'debug',
  timestamp: '2026-07-31T03:28:38.151Z'
}
{
  message: '[Cache Hit] Lấy thông tin user ID: b9ec6910-a1ff-4d4e-8a5a-e0d2b53596cf từ Redis',
  level: 'debug',
  timestamp: '2026-07-31T03:28:38.152Z'
}
{
  message: '[AuthService] Tokens refreshed successfully for user: agent1@booking.com',
  level: 'info',
  timestamp: '2026-07-31T03:28:38.165Z'
}
{
  message: '[HotelController] Get my hotels',
  level: 'info',
  timestamp: '2026-07-31T03:29:16.132Z'
}
{
  hotelId: '14e13170-7bd5-4c0d-8cde-4f1617ac5e58',
  level: 'info',
  message: '[BookingController] Get hotel bookings',
  timestamp: '2026-07-31T03:29:16.275Z'
}
{
  message: '[Cache Hit] Lấy thông tin hotel ID: 14e13170-7bd5-4c0d-8cde-4f1617ac5e58 từ Redis',
  level: 'debug',
  timestamp: '2026-07-31T03:29:16.277Z'
}
{
  message: 'GLOBAL ERROR HANDLER CAUGHT: Error: Bạn không có quyền truy cập vào khách sạn này\n' +
    '    at BookingService.getHotelBookings (/app/src/modules/booking/services/bookingService.ts:115:13)\n' +
    '    at process.processTicksAndRejections (node:internal/process/task_queues:95:5)\n' +
    '    at async getHotelBookings (/app/src/modules/booking/controllers/bookingController.ts:72:20)',
  level: 'error',
  timestamp: '2026-07-31T03:29:16.278Z'
}
{
  hotelId: '14e13170-7bd5-4c0d-8cde-4f1617ac5e58',
  level: 'info',
  message: '[BookingController] Get hotel bookings',
  timestamp: '2026-07-31T03:29:16.413Z'
}
{
  message: '[Cache Hit] Lấy thông tin hotel ID: 14e13170-7bd5-4c0d-8cde-4f1617ac5e58 từ Redis',
  level: 'debug',
  timestamp: '2026-07-31T03:29:16.414Z'
}
{
  message: 'GLOBAL ERROR HANDLER CAUGHT: Error: Bạn không có quyền truy cập vào khách sạn này\n' +
    '    at BookingService.getHotelBookings (/app/src/modules/booking/services/bookingService.ts:115:13)\n' +
    '    at process.processTicksAndRejections (node:internal/process/task_queues:95:5)\n' +
    '    at async getHotelBookings (/app/src/modules/booking/controllers/bookingController.ts:72:20)',
  level: 'error',
  timestamp: '2026-07-31T03:29:16.415Z'
}
{
  message: '[HotelController] Get my hotels',
  level: 'info',
  timestamp: '2026-07-31T03:29:23.167Z'
}
{
  hotelId: '14e13170-7bd5-4c0d-8cde-4f1617ac5e58',
  level: 'info',
  message: '[BookingController] Get hotel bookings',
  timestamp: '2026-07-31T03:29:23.171Z'
}
{
  message: '[Cache Hit] Lấy thông tin hotel ID: 14e13170-7bd5-4c0d-8cde-4f1617ac5e58 từ Redis',
  level: 'debug',
  timestamp: '2026-07-31T03:29:23.174Z'
}
{
  message: 'GLOBAL ERROR HANDLER CAUGHT: Error: Bạn không có quyền truy cập vào khách sạn này\n' +
    '    at BookingService.getHotelBookings (/app/src/modules/booking/services/bookingService.ts:115:13)\n' +
    '    at process.processTicksAndRejections (node:internal/process/task_queues:95:5)\n' +
    '    at async getHotelBookings (/app/src/modules/booking/controllers/bookingController.ts:72:20)',
  level: 'error',
  timestamp: '2026-07-31T03:29:23.175Z'
}
{
  hotelId: '14e13170-7bd5-4c0d-8cde-4f1617ac5e58',
  level: 'info',
  message: '[BookingController] Get hotel bookings',
  timestamp: '2026-07-31T03:29:23.195Z'
}
{
  message: '[HotelController] Get my hotels',
  level: 'info',
  timestamp: '2026-07-31T03:29:23.198Z'
}
{
  message: '[Cache Hit] Lấy thông tin hotel ID: 14e13170-7bd5-4c0d-8cde-4f1617ac5e58 từ Redis',
  level: 'debug',
  timestamp: '2026-07-31T03:29:23.204Z'
}
{
  message: 'GLOBAL ERROR HANDLER CAUGHT: Error: Bạn không có quyền truy cập vào khách sạn này\n' +
    '    at BookingService.getHotelBookings (/app/src/modules/booking/services/bookingService.ts:115:13)\n' +
    '    at process.processTicksAndRejections (node:internal/process/task_queues:95:5)\n' +
    '    at async getHotelBookings (/app/src/modules/booking/controllers/bookingController.ts:72:20)',
  level: 'error',
  timestamp: '2026-07-31T03:29:23.207Z'
}
{
  message: '[SchedulerService] Đang kiểm tra các booking hết hạn thanh toán...',
  level: 'info',
  timestamp: '2026-07-31T03:30:00.005Z'
}
{
  message: 'JWT Verification Error: jwt expired',
  level: 'error',
  timestamp: '2026-07-31T03:31:38.156Z'
}
{
  message: 'GLOBAL ERROR HANDLER CAUGHT: Error: Phiên đăng nhập đã hết hạn. Vui lòng lấy Token mới.\n' +
    '    at authMiddleware (/app/src/middlewares/authMiddleware.ts:80:9)\n' +
    '    at Layer.handleRequest (/app/node_modules/router/lib/layer.js:152:17)\n' +
    '    at trimPrefix (/app/node_modules/router/index.js:342:13)\n' +
    '    at /app/node_modules/router/index.js:297:9\n' +
    '    at processParams (/app/node_modules/router/index.js:582:12)\n' +
    '    at next (/app/node_modules/router/index.js:291:5)\n' +
    '    at Function.handle (/app/node_modules/router/index.js:186:3)\n' +
    '    at router (/app/node_modules/router/index.js:60:12)\n' +
    '    at Layer.handleRequest (/app/node_modules/router/lib/layer.js:152:17)\n' +
    '    at trimPrefix (/app/node_modules/router/index.js:342:13)',
  level: 'error',
  timestamp: '2026-07-31T03:31:38.157Z'
}
{
  message: '[AuthController] Refresh Tokens',
  level: 'info',
  timestamp: '2026-07-31T03:31:38.173Z'
}
{
  message: 'Fetching user details for ID: b9ec6910-a1ff-4d4e-8a5a-e0d2b53596cf',
  level: 'debug',
  timestamp: '2026-07-31T03:31:38.224Z'
}
{
  message: '[Cache Miss] Tìm user ID: b9ec6910-a1ff-4d4e-8a5a-e0d2b53596cf trong Database',
  level: 'debug',
  timestamp: '2026-07-31T03:31:38.226Z'
}
{
  message: '[AuthService] Tokens refreshed successfully for user: agent1@booking.com',
  level: 'info',
  timestamp: '2026-07-31T03:31:38.283Z'
}
{
  message: 'Nhận tín hiệu SIGTERM. Đang đóng API Server...',
  level: 'info',
  timestamp: '2026-07-31T03:34:16.600Z'
}
{
  message: 'Express HTTP server đã đóng.',
  level: 'info',
  timestamp: '2026-07-31T03:34:16.605Z'
}
{
  message: '[Redis] Đã đóng kết nối Redis',
  level: 'info',
  timestamp: '2026-07-31T03:34:16.606Z'
}
{
  message: '[SchedulerService] Khởi tạo các cron job...',
  level: 'info',
  timestamp: '2026-07-31T03:34:41.939Z'
}
{
  message: 'Booking API Service đang chạy tại port 3000 (Môi trường: development)',
  level: 'info',
  timestamp: '2026-07-31T03:34:42.142Z'
}
{
  message: '[Redis] Kết nối thành công tới Redis server',
  level: 'info',
  timestamp: '2026-07-31T03:34:42.160Z'
}
{
  message: '[SchedulerService] Đang kiểm tra các booking hết hạn thanh toán...',
  level: 'info',
  timestamp: '2026-07-31T03:35:00.007Z'
}
{
  email: 'agent1@booking.com',
  level: 'info',
  message: '[AuthController] Login with Password',
  timestamp: '2026-07-31T03:35:21.211Z'
}
{
  message: 'User ID b9ec6910-a1ff-4d4e-8a5a-e0d2b53596cf đăng nhập thành công. Đã làm sạch lịch sử đăng nhập sai.',
  level: 'info',
  timestamp: '2026-07-31T03:35:21.369Z'
}
{
  message: '[AuthService] Password login successful for user: agent1@booking.com',
  level: 'info',
  timestamp: '2026-07-31T03:35:21.392Z'
}
{
  message: '[HotelController] Get my hotels',
  level: 'info',
  timestamp: '2026-07-31T03:35:21.897Z'
}
{
  hotelId: '4d2f20ca-19f2-4c2b-a536-336f6e39c865',
  level: 'info',
  message: '[BookingController] Get hotel bookings',
  timestamp: '2026-07-31T03:35:22.115Z'
}
{
  message: '[Cache Miss] Tìm hotel ID: 4d2f20ca-19f2-4c2b-a536-336f6e39c865 trong Database',
  level: 'debug',
  timestamp: '2026-07-31T03:35:22.117Z'
}
{
  email: 'user1@booking.com',
  level: 'info',
  message: '[AuthController] Login with Password',
  timestamp: '2026-07-31T03:35:22.211Z'
}
{
  message: 'User ID 4fca7f1e-233a-4abf-bd5e-c3c14d5a5a46 đăng nhập thành công. Đã làm sạch lịch sử đăng nhập sai.',
  level: 'info',
  timestamp: '2026-07-31T03:35:22.288Z'
}
{
  message: '[AuthService] Password login successful for user: user1@booking.com',
  level: 'info',
  timestamp: '2026-07-31T03:35:22.294Z'
}
{
  query: [Object: null prototype] {
    location: 'Hà Nội',
    checkInDate: '2026-09-20T00:00:00.000Z',
    checkOutDate: '2026-09-22T00:00:00.000Z',
    adults: '2',
    children: '0',
    rooms: '1'
  },
  level: 'info',
  message: '[SearchController] Search hotels',
  timestamp: '2026-07-31T03:35:22.366Z'
}
{
  message: '[BookingController] Create booking',
  level: 'info',
  timestamp: '2026-07-31T03:35:22.503Z'
}
{
  message: 'Đã gửi email tới user1@booking.com',
  level: 'info',
  timestamp: '2026-07-31T03:35:25.794Z'
}
{
  bookingId: 'eb0c25c6-098f-49d2-96ca-a4daeb6fd1c3',
  level: 'info',
  message: '[BookingController] Update booking status',
  timestamp: '2026-07-31T03:35:25.802Z'
}
{
  message: '[Cache Hit] Lấy thông tin hotel ID: 4d2f20ca-19f2-4c2b-a536-336f6e39c865 từ Redis',
  level: 'debug',
  timestamp: '2026-07-31T03:35:25.815Z'
}
{
  message: 'GLOBAL ERROR HANDLER CAUGHT: Error: Không thể chuyển booking từ CONFIRMED sang CONFIRMED.\n' +
    '    at BookingService.updateBookingStatus (/app/src/modules/booking/services/bookingService.ts:157:13)\n' +
    '    at process.processTicksAndRejections (node:internal/process/task_queues:95:5)\n' +
    '    at async updateBookingStatus (/app/src/modules/booking/controllers/bookingController.ts:83:20)',
  level: 'error',
  timestamp: '2026-07-31T03:35:25.819Z'
}
{
  message: 'JWT Verification Error: jwt expired',
  level: 'error',
  timestamp: '2026-07-31T03:35:37.131Z'
}
{
  message: 'GLOBAL ERROR HANDLER CAUGHT: Error: Phiên đăng nhập đã hết hạn. Vui lòng lấy Token mới.\n' +
    '    at authMiddleware (/app/src/middlewares/authMiddleware.ts:80:9)\n' +
    '    at Layer.handleRequest (/app/node_modules/router/lib/layer.js:152:17)\n' +
    '    at trimPrefix (/app/node_modules/router/index.js:342:13)\n' +
    '    at /app/node_modules/router/index.js:297:9\n' +
    '    at processParams (/app/node_modules/router/index.js:582:12)\n' +
    '    at next (/app/node_modules/router/index.js:291:5)\n' +
    '    at Function.handle (/app/node_modules/router/index.js:186:3)\n' +
    '    at router (/app/node_modules/router/index.js:60:12)\n' +
    '    at Layer.handleRequest (/app/node_modules/router/lib/layer.js:152:17)\n' +
    '    at trimPrefix (/app/node_modules/router/index.js:342:13)',
  level: 'error',
  timestamp: '2026-07-31T03:35:37.133Z'
}
{
  message: '[AuthController] Refresh Tokens',
  level: 'info',
  timestamp: '2026-07-31T03:35:37.143Z'
}
{
  message: 'Fetching user details for ID: b9ec6910-a1ff-4d4e-8a5a-e0d2b53596cf',
  level: 'debug',
  timestamp: '2026-07-31T03:35:37.190Z'
}
{
  message: '[Cache Hit] Lấy thông tin user ID: b9ec6910-a1ff-4d4e-8a5a-e0d2b53596cf từ Redis',
  level: 'debug',
  timestamp: '2026-07-31T03:35:37.191Z'
}
{
  message: '[AuthService] Tokens refreshed successfully for user: agent1@booking.com',
  level: 'info',
  timestamp: '2026-07-31T03:35:37.208Z'
}
{
  email: 'agent1@booking.com',
  level: 'info',
  message: '[AuthController] Login with Password',
  timestamp: '2026-07-31T03:35:41.165Z'
}
{
  message: 'User ID b9ec6910-a1ff-4d4e-8a5a-e0d2b53596cf đăng nhập thành công. Đã làm sạch lịch sử đăng nhập sai.',
  level: 'info',
  timestamp: '2026-07-31T03:35:41.238Z'
}
{
  message: '[AuthService] Password login successful for user: agent1@booking.com',
  level: 'info',
  timestamp: '2026-07-31T03:35:41.243Z'
}
{
  bookingId: 'eb0c25c6-098f-49d2-96ca-a4daeb6fd1c3',
  level: 'info',
  message: '[BookingController] Update booking status',
  timestamp: '2026-07-31T03:35:41.514Z'
}
{
  message: '[Cache Hit] Lấy thông tin hotel ID: 4d2f20ca-19f2-4c2b-a536-336f6e39c865 từ Redis',
  level: 'debug',
  timestamp: '2026-07-31T03:35:41.555Z'
}
{
  userId: 'b9ec6910-a1ff-4d4e-8a5a-e0d2b53596cf',
  level: 'info',
  message: '[AuthController] Get Me',
  timestamp: '2026-07-31T03:36:47.619Z'
}
{
  message: 'Fetching user details for ID: b9ec6910-a1ff-4d4e-8a5a-e0d2b53596cf',
  level: 'debug',
  timestamp: '2026-07-31T03:36:47.620Z'
}
{
  message: '[Cache Miss] Tìm user ID: b9ec6910-a1ff-4d4e-8a5a-e0d2b53596cf trong Database',
  level: 'debug',
  timestamp: '2026-07-31T03:36:47.621Z'
}
{
  userId: 'b9ec6910-a1ff-4d4e-8a5a-e0d2b53596cf',
  level: 'info',
  message: '[AuthController] Get Me',
  timestamp: '2026-07-31T03:36:47.671Z'
}
{
  message: 'Fetching user details for ID: b9ec6910-a1ff-4d4e-8a5a-e0d2b53596cf',
  level: 'debug',
  timestamp: '2026-07-31T03:36:47.671Z'
}
{
  message: '[Cache Hit] Lấy thông tin user ID: b9ec6910-a1ff-4d4e-8a5a-e0d2b53596cf từ Redis',
  level: 'debug',
  timestamp: '2026-07-31T03:36:47.672Z'
}
{
  message: '[HotelController] Get my hotels',
  level: 'info',
  timestamp: '2026-07-31T03:36:48.202Z'
}
{
  hotelId: '14e13170-7bd5-4c0d-8cde-4f1617ac5e58',
  level: 'info',
  message: '[BookingController] Get hotel bookings',
  timestamp: '2026-07-31T03:36:48.235Z'
}
{
  message: '[Cache Miss] Tìm hotel ID: 14e13170-7bd5-4c0d-8cde-4f1617ac5e58 trong Database',
  level: 'debug',
  timestamp: '2026-07-31T03:36:48.238Z'
}
{
  message: '[HotelController] Get my hotels',
  level: 'info',
  timestamp: '2026-07-31T03:36:48.306Z'
}
{
  hotelId: '14e13170-7bd5-4c0d-8cde-4f1617ac5e58',
  level: 'info',
  message: '[BookingController] Get hotel bookings',
  timestamp: '2026-07-31T03:36:48.343Z'
}
{
  message: '[Cache Hit] Lấy thông tin hotel ID: 14e13170-7bd5-4c0d-8cde-4f1617ac5e58 từ Redis',
  level: 'debug',
  timestamp: '2026-07-31T03:36:48.346Z'
}
{
  message: '[HotelController] Get my hotels',
  level: 'info',
  timestamp: '2026-07-31T03:36:51.672Z'
}
{
  message: '[HotelController] Get my hotels',
  level: 'info',
  timestamp: '2026-07-31T03:36:51.693Z'
}
{
  message: '[HotelController] Get my hotels',
  level: 'info',
  timestamp: '2026-07-31T03:36:53.091Z'
}
{
  message: '[HotelController] Get my hotels',
  level: 'info',
  timestamp: '2026-07-31T03:36:53.103Z'
}
{
  hotelId: '14e13170-7bd5-4c0d-8cde-4f1617ac5e58',
  level: 'info',
  message: '[BookingController] Get hotel bookings',
  timestamp: '2026-07-31T03:36:53.148Z'
}
{
  message: '[Cache Hit] Lấy thông tin hotel ID: 14e13170-7bd5-4c0d-8cde-4f1617ac5e58 từ Redis',
  level: 'debug',
  timestamp: '2026-07-31T03:36:53.149Z'
}
{
  hotelId: '14e13170-7bd5-4c0d-8cde-4f1617ac5e58',
  level: 'info',
  message: '[BookingController] Get hotel bookings',
  timestamp: '2026-07-31T03:36:53.223Z'
}
{
  message: '[Cache Hit] Lấy thông tin hotel ID: 14e13170-7bd5-4c0d-8cde-4f1617ac5e58 từ Redis',
  level: 'debug',
  timestamp: '2026-07-31T03:36:53.224Z'
}
{
  email: 'user1@booking.com',
  level: 'info',
  message: '[AuthController] Login with Password',
  timestamp: '2026-07-31T03:37:54.964Z'
}
{
  message: 'User ID 4fca7f1e-233a-4abf-bd5e-c3c14d5a5a46 đăng nhập thành công. Đã làm sạch lịch sử đăng nhập sai.',
  level: 'info',
  timestamp: '2026-07-31T03:37:55.038Z'
}
{
  message: '[AuthService] Password login successful for user: user1@booking.com',
  level: 'info',
  timestamp: '2026-07-31T03:37:55.043Z'
}
{
  userId: '4fca7f1e-233a-4abf-bd5e-c3c14d5a5a46',
  level: 'info',
  message: '[AuthController] Get Me',
  timestamp: '2026-07-31T03:37:55.093Z'
}
{
  message: 'Fetching user details for ID: 4fca7f1e-233a-4abf-bd5e-c3c14d5a5a46',
  level: 'debug',
  timestamp: '2026-07-31T03:37:55.093Z'
}
{
  message: '[Cache Miss] Tìm user ID: 4fca7f1e-233a-4abf-bd5e-c3c14d5a5a46 trong Database',
  level: 'debug',
  timestamp: '2026-07-31T03:37:55.095Z'
}
{
  message: '[BookingController] Get user bookings',
  level: 'info',
  timestamp: '2026-07-31T03:37:55.131Z'
}
{
  message: '[BookingController] Get user bookings',
  level: 'info',
  timestamp: '2026-07-31T03:37:55.182Z'
}
{
  page: '1',
  limit: '10',
  status: 'ACTIVE',
  level: 'info',
  message: '[HotelController] Get all hotels with queries',
  timestamp: '2026-07-31T03:38:22.391Z'
}
{
  page: '1',
  limit: '10',
  status: 'ACTIVE',
  level: 'info',
  message: '[HotelController] Get all hotels with queries',
  timestamp: '2026-07-31T03:38:22.494Z'
}
{
  query: [Object: null prototype] {},
  level: 'info',
  message: '[SearchController] Search hotels',
  timestamp: '2026-07-31T03:39:29.666Z'
}
{
  query: [Object: null prototype] {},
  level: 'info',
  message: '[SearchController] Search hotels',
  timestamp: '2026-07-31T03:39:29.754Z'
}
{
  message: 'JWT Verification Error: jwt expired',
  level: 'error',
  timestamp: '2026-07-31T03:39:35.156Z'
}
{
  message: 'GLOBAL ERROR HANDLER CAUGHT: Error: Phiên đăng nhập đã hết hạn. Vui lòng lấy Token mới.\n' +
    '    at authMiddleware (/app/src/middlewares/authMiddleware.ts:80:9)\n' +
    '    at Layer.handleRequest (/app/node_modules/router/lib/layer.js:152:17)\n' +
    '    at trimPrefix (/app/node_modules/router/index.js:342:13)\n' +
    '    at /app/node_modules/router/index.js:297:9\n' +
    '    at processParams (/app/node_modules/router/index.js:582:12)\n' +
    '    at next (/app/node_modules/router/index.js:291:5)\n' +
    '    at Function.handle (/app/node_modules/router/index.js:186:3)\n' +
    '    at router (/app/node_modules/router/index.js:60:12)\n' +
    '    at Layer.handleRequest (/app/node_modules/router/lib/layer.js:152:17)\n' +
    '    at trimPrefix (/app/node_modules/router/index.js:342:13)',
  level: 'error',
  timestamp: '2026-07-31T03:39:35.159Z'
}
{
  message: '[AuthController] Refresh Tokens',
  level: 'info',
  timestamp: '2026-07-31T03:39:35.173Z'
}
{
  message: 'Fetching user details for ID: b9ec6910-a1ff-4d4e-8a5a-e0d2b53596cf',
  level: 'debug',
  timestamp: '2026-07-31T03:39:35.178Z'
}
{
  message: '[Cache Hit] Lấy thông tin user ID: b9ec6910-a1ff-4d4e-8a5a-e0d2b53596cf từ Redis',
  level: 'debug',
  timestamp: '2026-07-31T03:39:35.179Z'
}
{
  message: '[AuthService] Tokens refreshed successfully for user: agent1@booking.com',
  level: 'info',
  timestamp: '2026-07-31T03:39:35.194Z'
}
{
  hotelId: 'cbe60089-f16d-4342-b3aa-293e78fb7e46',
  level: 'info',
  message: '[HotelController] Get hotel by id',
  timestamp: '2026-07-31T03:39:44.030Z'
}
{
  message: '[Cache Miss] Tìm hotel ID: cbe60089-f16d-4342-b3aa-293e78fb7e46 trong Database',
  level: 'debug',
  timestamp: '2026-07-31T03:39:44.034Z'
}
{
  hotelId: 'cbe60089-f16d-4342-b3aa-293e78fb7e46',
  level: 'info',
  message: '[HotelController] Get hotel by id',
  timestamp: '2026-07-31T03:39:44.059Z'
}
{
  message: '[Cache Hit] Lấy thông tin hotel ID: cbe60089-f16d-4342-b3aa-293e78fb7e46 từ Redis',
  level: 'debug',
  timestamp: '2026-07-31T03:39:44.060Z'
}
{
  message: '[BookingController] Create booking',
  level: 'info',
  timestamp: '2026-07-31T03:39:49.464Z'
}
{
  message: '[SchedulerService] Đang kiểm tra các booking hết hạn thanh toán...',
  level: 'info',
  timestamp: '2026-07-31T03:40:00.004Z'
}
{
  message: 'JWT Verification Error: jwt expired',
  level: 'error',
  timestamp: '2026-07-31T03:42:37.135Z'
}
{
  message: 'GLOBAL ERROR HANDLER CAUGHT: Error: Phiên đăng nhập đã hết hạn. Vui lòng lấy Token mới.\n' +
    '    at authMiddleware (/app/src/middlewares/authMiddleware.ts:80:9)\n' +
    '    at Layer.handleRequest (/app/node_modules/router/lib/layer.js:152:17)\n' +
    '    at trimPrefix (/app/node_modules/router/index.js:342:13)\n' +
    '    at /app/node_modules/router/index.js:297:9\n' +
    '    at processParams (/app/node_modules/router/index.js:582:12)\n' +
    '    at next (/app/node_modules/router/index.js:291:5)\n' +
    '    at Function.handle (/app/node_modules/router/index.js:186:3)\n' +
    '    at router (/app/node_modules/router/index.js:60:12)\n' +
    '    at Layer.handleRequest (/app/node_modules/router/lib/layer.js:152:17)\n' +
    '    at trimPrefix (/app/node_modules/router/index.js:342:13)',
  level: 'error',
  timestamp: '2026-07-31T03:42:37.136Z'
}
{
  message: '[AuthController] Refresh Tokens',
  level: 'info',
  timestamp: '2026-07-31T03:42:37.144Z'
}
{
  message: 'Fetching user details for ID: b9ec6910-a1ff-4d4e-8a5a-e0d2b53596cf',
  level: 'debug',
  timestamp: '2026-07-31T03:42:37.164Z'
}
{
  message: '[Cache Hit] Lấy thông tin user ID: b9ec6910-a1ff-4d4e-8a5a-e0d2b53596cf từ Redis',
  level: 'debug',
  timestamp: '2026-07-31T03:42:37.165Z'
}
{
  message: '[AuthService] Tokens refreshed successfully for user: agent1@booking.com',
  level: 'info',
  timestamp: '2026-07-31T03:42:37.175Z'
}
{
  message: '[SchedulerService] Đang kiểm tra các booking hết hạn thanh toán...',
  level: 'info',
  timestamp: '2026-07-31T03:45:00.002Z'
}
{
  message: 'JWT Verification Error: jwt expired',
  level: 'error',
  timestamp: '2026-07-31T03:45:49.137Z'
}
{
  message: 'GLOBAL ERROR HANDLER CAUGHT: Error: Phiên đăng nhập đã hết hạn. Vui lòng lấy Token mới.\n' +
    '    at authMiddleware (/app/src/middlewares/authMiddleware.ts:80:9)\n' +
    '    at Layer.handleRequest (/app/node_modules/router/lib/layer.js:152:17)\n' +
    '    at trimPrefix (/app/node_modules/router/index.js:342:13)\n' +
    '    at /app/node_modules/router/index.js:297:9\n' +
    '    at processParams (/app/node_modules/router/index.js:582:12)\n' +
    '    at next (/app/node_modules/router/index.js:291:5)\n' +
    '    at Function.handle (/app/node_modules/router/index.js:186:3)\n' +
    '    at router (/app/node_modules/router/index.js:60:12)\n' +
    '    at Layer.handleRequest (/app/node_modules/router/lib/layer.js:152:17)\n' +
    '    at trimPrefix (/app/node_modules/router/index.js:342:13)',
  level: 'error',
  timestamp: '2026-07-31T03:45:49.138Z'
}
{
  message: '[AuthController] Refresh Tokens',
  level: 'info',
  timestamp: '2026-07-31T03:45:49.163Z'
}
{
  message: 'Fetching user details for ID: b9ec6910-a1ff-4d4e-8a5a-e0d2b53596cf',
  level: 'debug',
  timestamp: '2026-07-31T03:45:49.196Z'
}
{
  message: '[Cache Hit] Lấy thông tin user ID: b9ec6910-a1ff-4d4e-8a5a-e0d2b53596cf từ Redis',
  level: 'debug',
  timestamp: '2026-07-31T03:45:49.197Z'
}
{
  message: '[AuthService] Tokens refreshed successfully for user: agent1@booking.com',
  level: 'info',
  timestamp: '2026-07-31T03:45:49.219Z'
}
{
  message: 'Nhận tín hiệu SIGTERM. Đang đóng API Server...',
  level: 'info',
  timestamp: '2026-07-31T03:48:07.617Z'
}
{
  message: '[SchedulerService] Khởi tạo các cron job...',
  level: 'info',
  timestamp: '2026-07-31T03:48:33.990Z'
}
{
  message: 'Booking API Service đang chạy tại port 3000 (Môi trường: development)',
  level: 'info',
  timestamp: '2026-07-31T03:48:34.063Z'
}
{
  message: '[Redis] Kết nối thành công tới Redis server',
  level: 'info',
  timestamp: '2026-07-31T03:48:34.070Z'
}
{
  email: 'user1@booking.com',
  level: 'info',
  message: '[AuthController] Login with Password',
  timestamp: '2026-07-31T03:49:40.038Z'
}
{
  message: 'User ID 4fca7f1e-233a-4abf-bd5e-c3c14d5a5a46 đăng nhập thành công. Đã làm sạch lịch sử đăng nhập sai.',
  level: 'info',
  timestamp: '2026-07-31T03:49:40.365Z'
}
{
  message: '[AuthService] Password login successful for user: user1@booking.com',
  level: 'info',
  timestamp: '2026-07-31T03:49:40.386Z'
}
{
  query: [Object: null prototype] {
    location: 'Hà Nội',
    checkInDate: '2026-10-20T00:00:00.000Z',
    checkOutDate: '2026-10-22T00:00:00.000Z',
    adults: '2',
    children: '0',
    rooms: '1'
  },
  level: 'info',
  message: '[SearchController] Search hotels',
  timestamp: '2026-07-31T03:49:40.474Z'
}
{
  message: '[BookingController] Create booking',
  level: 'info',
  timestamp: '2026-07-31T03:49:40.586Z'
}
{
  message: 'JWT Verification Error: jwt expired',
  level: 'error',
  timestamp: '2026-07-31T03:49:46.954Z'
}
{
  message: 'GLOBAL ERROR HANDLER CAUGHT: Error: Phiên đăng nhập đã hết hạn. Vui lòng lấy Token mới.\n' +
    '    at authMiddleware (/app/src/middlewares/authMiddleware.ts:80:9)\n' +
    '    at Layer.handleRequest (/app/node_modules/router/lib/layer.js:152:17)\n' +
    '    at next (/app/node_modules/router/lib/route.js:157:13)\n' +
    '    at Route.dispatch (/app/node_modules/router/lib/route.js:117:3)\n' +
    '    at handle (/app/node_modules/router/index.js:435:11)\n' +
    '    at Layer.handleRequest (/app/node_modules/router/lib/layer.js:152:17)\n' +
    '    at /app/node_modules/router/index.js:295:15\n' +
    '    at processParams (/app/node_modules/router/index.js:582:12)\n' +
    '    at next (/app/node_modules/router/index.js:291:5)\n' +
    '    at Function.handle (/app/node_modules/router/index.js:186:3)',
  level: 'error',
  timestamp: '2026-07-31T03:49:46.957Z'
}
{
  message: 'JWT Verification Error: jwt expired',
  level: 'error',
  timestamp: '2026-07-31T03:49:46.990Z'
}
{
  message: 'GLOBAL ERROR HANDLER CAUGHT: Error: Phiên đăng nhập đã hết hạn. Vui lòng lấy Token mới.\n' +
    '    at authMiddleware (/app/src/middlewares/authMiddleware.ts:80:9)\n' +
    '    at Layer.handleRequest (/app/node_modules/router/lib/layer.js:152:17)\n' +
    '    at next (/app/node_modules/router/lib/route.js:157:13)\n' +
    '    at Route.dispatch (/app/node_modules/router/lib/route.js:117:3)\n' +
    '    at handle (/app/node_modules/router/index.js:435:11)\n' +
    '    at Layer.handleRequest (/app/node_modules/router/lib/layer.js:152:17)\n' +
    '    at /app/node_modules/router/index.js:295:15\n' +
    '    at processParams (/app/node_modules/router/index.js:582:12)\n' +
    '    at next (/app/node_modules/router/index.js:291:5)\n' +
    '    at Function.handle (/app/node_modules/router/index.js:186:3)',
  level: 'error',
  timestamp: '2026-07-31T03:49:46.996Z'
}
{
  message: '[AuthController] Refresh Tokens',
  level: 'info',
  timestamp: '2026-07-31T03:49:47.008Z'
}
{
  message: 'Fetching user details for ID: b9ec6910-a1ff-4d4e-8a5a-e0d2b53596cf',
  level: 'debug',
  timestamp: '2026-07-31T03:49:47.029Z'
}
{
  message: '[Cache Hit] Lấy thông tin user ID: b9ec6910-a1ff-4d4e-8a5a-e0d2b53596cf từ Redis',
  level: 'debug',
  timestamp: '2026-07-31T03:49:47.031Z'
}
{
  message: '[AuthService] Tokens refreshed successfully for user: agent1@booking.com',
  level: 'info',
  timestamp: '2026-07-31T03:49:47.059Z'
}
{
  userId: 'b9ec6910-a1ff-4d4e-8a5a-e0d2b53596cf',
  level: 'info',
  message: '[AuthController] Get Me',
  timestamp: '2026-07-31T03:49:47.084Z'
}
{
  message: 'Fetching user details for ID: b9ec6910-a1ff-4d4e-8a5a-e0d2b53596cf',
  level: 'debug',
  timestamp: '2026-07-31T03:49:47.084Z'
}
{
  message: '[Cache Hit] Lấy thông tin user ID: b9ec6910-a1ff-4d4e-8a5a-e0d2b53596cf từ Redis',
  level: 'debug',
  timestamp: '2026-07-31T03:49:47.086Z'
}
{
  userId: 'b9ec6910-a1ff-4d4e-8a5a-e0d2b53596cf',
  level: 'info',
  message: '[AuthController] Get Me',
  timestamp: '2026-07-31T03:49:47.093Z'
}
{
  message: 'Fetching user details for ID: b9ec6910-a1ff-4d4e-8a5a-e0d2b53596cf',
  level: 'debug',
  timestamp: '2026-07-31T03:49:47.094Z'
}
{
  message: '[Cache Hit] Lấy thông tin user ID: b9ec6910-a1ff-4d4e-8a5a-e0d2b53596cf từ Redis',
  level: 'debug',
  timestamp: '2026-07-31T03:49:47.096Z'
}
{
  message: '[HotelController] Get my hotels',
  level: 'info',
  timestamp: '2026-07-31T03:49:48.139Z'
}
{
  message: '[HotelController] Get my hotels',
  level: 'info',
  timestamp: '2026-07-31T03:49:48.173Z'
}
{
  hotelId: '7002085f-3d58-44c1-a5f1-21e2dc86d390',
  level: 'info',
  message: '[BookingController] Get hotel bookings',
  timestamp: '2026-07-31T03:49:48.209Z'
}
{
  message: '[Cache Miss] Tìm hotel ID: 7002085f-3d58-44c1-a5f1-21e2dc86d390 trong Database',
  level: 'debug',
  timestamp: '2026-07-31T03:49:48.219Z'
}
{
  hotelId: '14e13170-7bd5-4c0d-8cde-4f1617ac5e58',
  level: 'info',
  message: '[BookingController] Get hotel bookings',
  timestamp: '2026-07-31T03:49:48.228Z'
}
{
  message: '[Cache Hit] Lấy thông tin hotel ID: 14e13170-7bd5-4c0d-8cde-4f1617ac5e58 từ Redis',
  level: 'debug',
  timestamp: '2026-07-31T03:49:48.236Z'
}
{
  hotelId: '4f687b5d-cdf8-4f93-8d1e-d1f3a93dbd94',
  level: 'info',
  message: '[BookingController] Get hotel bookings',
  timestamp: '2026-07-31T03:49:48.253Z'
}
{
  message: '[Cache Miss] Tìm hotel ID: 4f687b5d-cdf8-4f93-8d1e-d1f3a93dbd94 trong Database',
  level: 'debug',
  timestamp: '2026-07-31T03:49:48.255Z'
}
{
  hotelId: 'a4666ad8-7bf3-4a56-a194-75f257b574f6',
  level: 'info',
  message: '[BookingController] Get hotel bookings',
  timestamp: '2026-07-31T03:49:48.261Z'
}
{
  message: '[Cache Miss] Tìm hotel ID: a4666ad8-7bf3-4a56-a194-75f257b574f6 trong Database',
  level: 'debug',
  timestamp: '2026-07-31T03:49:48.262Z'
}
{
  hotelId: 'f6168b41-05c7-4c40-a16c-668648f6a3ee',
  level: 'info',
  message: '[BookingController] Get hotel bookings',
  timestamp: '2026-07-31T03:49:48.268Z'
}
{
  message: '[Cache Miss] Tìm hotel ID: f6168b41-05c7-4c40-a16c-668648f6a3ee trong Database',
  level: 'debug',
  timestamp: '2026-07-31T03:49:48.269Z'
}
{
  hotelId: 'd71f7bba-63f5-432c-be2e-70b8d2caf840',
  level: 'info',
  message: '[BookingController] Get hotel bookings',
  timestamp: '2026-07-31T03:49:48.282Z'
}
{
  message: '[Cache Miss] Tìm hotel ID: d71f7bba-63f5-432c-be2e-70b8d2caf840 trong Database',
  level: 'debug',
  timestamp: '2026-07-31T03:49:48.284Z'
}
{
  hotelId: '47f2265b-e71a-4c5c-b2b4-706d929e6c57',
  level: 'info',
  message: '[BookingController] Get hotel bookings',
  timestamp: '2026-07-31T03:49:48.321Z'
}
{
  message: '[Cache Miss] Tìm hotel ID: 47f2265b-e71a-4c5c-b2b4-706d929e6c57 trong Database',
  level: 'debug',
  timestamp: '2026-07-31T03:49:48.325Z'
}
{
  hotelId: '9c38c1a3-2a35-4339-8e31-70823491cf8c',
  level: 'info',
  message: '[BookingController] Get hotel bookings',
  timestamp: '2026-07-31T03:49:48.339Z'
}
{
  message: '[Cache Miss] Tìm hotel ID: 9c38c1a3-2a35-4339-8e31-70823491cf8c trong Database',
  level: 'debug',
  timestamp: '2026-07-31T03:49:48.342Z'
}
{
  hotelId: 'c028860e-b34c-4ad7-a141-962fec938a72',
  level: 'info',
  message: '[BookingController] Get hotel bookings',
  timestamp: '2026-07-31T03:49:48.346Z'
}
{
  message: '[Cache Miss] Tìm hotel ID: c028860e-b34c-4ad7-a141-962fec938a72 trong Database',
  level: 'debug',
  timestamp: '2026-07-31T03:49:48.348Z'
}
{
  hotelId: 'dc4fb180-274a-4eb4-8a09-6965b9955306',
  level: 'info',
  message: '[BookingController] Get hotel bookings',
  timestamp: '2026-07-31T03:49:48.373Z'
}
{
  message: '[Cache Miss] Tìm hotel ID: dc4fb180-274a-4eb4-8a09-6965b9955306 trong Database',
  level: 'debug',
  timestamp: '2026-07-31T03:49:48.377Z'
}
{
  hotelId: 'cbe60089-f16d-4342-b3aa-293e78fb7e46',
  level: 'info',
  message: '[BookingController] Get hotel bookings',
  timestamp: '2026-07-31T03:49:48.386Z'
}
{
  message: '[Cache Hit] Lấy thông tin hotel ID: cbe60089-f16d-4342-b3aa-293e78fb7e46 từ Redis',
  level: 'debug',
  timestamp: '2026-07-31T03:49:48.388Z'
}
{
  hotelId: '4d2f20ca-19f2-4c2b-a536-336f6e39c865',
  level: 'info',
  message: '[BookingController] Get hotel bookings',
  timestamp: '2026-07-31T03:49:48.392Z'
}
{
  message: '[Cache Miss] Tìm hotel ID: 4d2f20ca-19f2-4c2b-a536-336f6e39c865 trong Database',
  level: 'debug',
  timestamp: '2026-07-31T03:49:48.393Z'
}
{
  hotelId: 'd71f7bba-63f5-432c-be2e-70b8d2caf840',
  level: 'info',
  message: '[BookingController] Get hotel bookings',
  timestamp: '2026-07-31T03:49:48.406Z'
}
{
  message: '[Cache Hit] Lấy thông tin hotel ID: d71f7bba-63f5-432c-be2e-70b8d2caf840 từ Redis',
  level: 'debug',
  timestamp: '2026-07-31T03:49:48.415Z'
}
{
  hotelId: '7002085f-3d58-44c1-a5f1-21e2dc86d390',
  level: 'info',
  message: '[BookingController] Get hotel bookings',
  timestamp: '2026-07-31T03:49:48.423Z'
}
{
  message: '[Cache Hit] Lấy thông tin hotel ID: 7002085f-3d58-44c1-a5f1-21e2dc86d390 từ Redis',
  level: 'debug',
  timestamp: '2026-07-31T03:49:48.424Z'
}
{
  hotelId: '14e13170-7bd5-4c0d-8cde-4f1617ac5e58',
  level: 'info',
  message: '[BookingController] Get hotel bookings',
  timestamp: '2026-07-31T03:49:48.427Z'
}
{
  hotelId: '4f687b5d-cdf8-4f93-8d1e-d1f3a93dbd94',
  level: 'info',
  message: '[BookingController] Get hotel bookings',
  timestamp: '2026-07-31T03:49:48.430Z'
}
{
  message: '[Cache Hit] Lấy thông tin hotel ID: 14e13170-7bd5-4c0d-8cde-4f1617ac5e58 từ Redis',
  level: 'debug',
  timestamp: '2026-07-31T03:49:48.431Z'
}
{
  message: '[Cache Hit] Lấy thông tin hotel ID: 4f687b5d-cdf8-4f93-8d1e-d1f3a93dbd94 từ Redis',
  level: 'debug',
  timestamp: '2026-07-31T03:49:48.431Z'
}
{
  hotelId: '47f2265b-e71a-4c5c-b2b4-706d929e6c57',
  level: 'info',
  message: '[BookingController] Get hotel bookings',
  timestamp: '2026-07-31T03:49:48.444Z'
}
{
  hotelId: 'f6168b41-05c7-4c40-a16c-668648f6a3ee',
  level: 'info',
  message: '[BookingController] Get hotel bookings',
  timestamp: '2026-07-31T03:49:48.447Z'
}
{
  hotelId: '9c38c1a3-2a35-4339-8e31-70823491cf8c',
  level: 'info',
  message: '[BookingController] Get hotel bookings',
  timestamp: '2026-07-31T03:49:48.449Z'
}
{
  message: '[Cache Hit] Lấy thông tin hotel ID: 47f2265b-e71a-4c5c-b2b4-706d929e6c57 từ Redis',
  level: 'debug',
  timestamp: '2026-07-31T03:49:48.450Z'
}
{
  message: '[Cache Hit] Lấy thông tin hotel ID: f6168b41-05c7-4c40-a16c-668648f6a3ee từ Redis',
  level: 'debug',
  timestamp: '2026-07-31T03:49:48.450Z'
}
{
  message: '[Cache Hit] Lấy thông tin hotel ID: 9c38c1a3-2a35-4339-8e31-70823491cf8c từ Redis',
  level: 'debug',
  timestamp: '2026-07-31T03:49:48.450Z'
}
{
  hotelId: 'c028860e-b34c-4ad7-a141-962fec938a72',
  level: 'info',
  message: '[BookingController] Get hotel bookings',
  timestamp: '2026-07-31T03:49:48.453Z'
}
{
  hotelId: 'cbe60089-f16d-4342-b3aa-293e78fb7e46',
  level: 'info',
  message: '[BookingController] Get hotel bookings',
  timestamp: '2026-07-31T03:49:48.455Z'
}
{
  message: '[Cache Hit] Lấy thông tin hotel ID: c028860e-b34c-4ad7-a141-962fec938a72 từ Redis',
  level: 'debug',
  timestamp: '2026-07-31T03:49:48.455Z'
}
{
  message: '[Cache Hit] Lấy thông tin hotel ID: cbe60089-f16d-4342-b3aa-293e78fb7e46 từ Redis',
  level: 'debug',
  timestamp: '2026-07-31T03:49:48.456Z'
}
{
  hotelId: 'dc4fb180-274a-4eb4-8a09-6965b9955306',
  level: 'info',
  message: '[BookingController] Get hotel bookings',
  timestamp: '2026-07-31T03:49:48.462Z'
}
{
  hotelId: 'a4666ad8-7bf3-4a56-a194-75f257b574f6',
  level: 'info',
  message: '[BookingController] Get hotel bookings',
  timestamp: '2026-07-31T03:49:48.464Z'
}
{
  message: '[Cache Hit] Lấy thông tin hotel ID: dc4fb180-274a-4eb4-8a09-6965b9955306 từ Redis',
  level: 'debug',
  timestamp: '2026-07-31T03:49:48.464Z'
}
{
  message: '[Cache Hit] Lấy thông tin hotel ID: a4666ad8-7bf3-4a56-a194-75f257b574f6 từ Redis',
  level: 'debug',
  timestamp: '2026-07-31T03:49:48.464Z'
}
{
  hotelId: '4d2f20ca-19f2-4c2b-a536-336f6e39c865',
  level: 'info',
  message: '[BookingController] Get hotel bookings',
  timestamp: '2026-07-31T03:49:48.469Z'
}
{
  message: '[Cache Hit] Lấy thông tin hotel ID: 4d2f20ca-19f2-4c2b-a536-336f6e39c865 từ Redis',
  level: 'debug',
  timestamp: '2026-07-31T03:49:48.470Z'
}
{
  message: '[SchedulerService] Đang kiểm tra các booking hết hạn thanh toán...',
  level: 'info',
  timestamp: '2026-07-31T03:50:00.010Z'
}
{
  message: '[SchedulerService] Đã hủy 1 booking do hết hạn thanh toán.',
  level: 'info',
  timestamp: '2026-07-31T03:50:00.073Z'
}
{
  message: 'Đã gửi email tới user1@booking.com',
  level: 'info',
  timestamp: '2026-07-31T03:50:05.589Z'
}
{
  message: 'Nhận tín hiệu SIGTERM. Đang đóng API Server...',
  level: 'info',
  timestamp: '2026-07-31T03:51:04.936Z'
}
{
  message: '[SchedulerService] Khởi tạo các cron job...',
  level: 'info',
  timestamp: '2026-07-31T03:51:24.779Z'
}
{
  message: 'Booking API Service đang chạy tại port 3000 (Môi trường: development)',
  level: 'info',
  timestamp: '2026-07-31T03:51:24.854Z'
}
{
  message: '[Redis] Kết nối thành công tới Redis server',
  level: 'info',
  timestamp: '2026-07-31T03:51:24.861Z'
}
{
  message: 'JWT Verification Error: jwt expired',
  level: 'error',
  timestamp: '2026-07-31T03:52:49.160Z'
}
{
  message: 'GLOBAL ERROR HANDLER CAUGHT: Error: Phiên đăng nhập đã hết hạn. Vui lòng lấy Token mới.\n' +
    '    at authMiddleware (/app/src/middlewares/authMiddleware.ts:80:9)\n' +
    '    at Layer.handleRequest (/app/node_modules/router/lib/layer.js:152:17)\n' +
    '    at trimPrefix (/app/node_modules/router/index.js:342:13)\n' +
    '    at /app/node_modules/router/index.js:297:9\n' +
    '    at processParams (/app/node_modules/router/index.js:582:12)\n' +
    '    at next (/app/node_modules/router/index.js:291:5)\n' +
    '    at Function.handle (/app/node_modules/router/index.js:186:3)\n' +
    '    at router (/app/node_modules/router/index.js:60:12)\n' +
    '    at Layer.handleRequest (/app/node_modules/router/lib/layer.js:152:17)\n' +
    '    at trimPrefix (/app/node_modules/router/index.js:342:13)',
  level: 'error',
  timestamp: '2026-07-31T03:52:49.170Z'
}
{
  message: '[AuthController] Refresh Tokens',
  level: 'info',
  timestamp: '2026-07-31T03:52:49.202Z'
}
{
  message: 'Fetching user details for ID: b9ec6910-a1ff-4d4e-8a5a-e0d2b53596cf',
  level: 'debug',
  timestamp: '2026-07-31T03:52:49.221Z'
}
{
  message: '[Cache Miss] Tìm user ID: b9ec6910-a1ff-4d4e-8a5a-e0d2b53596cf trong Database',
  level: 'debug',
  timestamp: '2026-07-31T03:52:49.221Z'
}
{
  message: '[AuthService] Tokens refreshed successfully for user: agent1@booking.com',
  level: 'info',
  timestamp: '2026-07-31T03:52:49.272Z'
}
{
  userId: 'b9ec6910-a1ff-4d4e-8a5a-e0d2b53596cf',
  level: 'info',
  message: '[AuthController] Get Me',
  timestamp: '2026-07-31T03:53:19.762Z'
}
{
  message: 'Fetching user details for ID: b9ec6910-a1ff-4d4e-8a5a-e0d2b53596cf',
  level: 'debug',
  timestamp: '2026-07-31T03:53:19.763Z'
}
{
  message: '[Cache Hit] Lấy thông tin user ID: b9ec6910-a1ff-4d4e-8a5a-e0d2b53596cf từ Redis',
  level: 'debug',
  timestamp: '2026-07-31T03:53:19.764Z'
}
{
  userId: 'b9ec6910-a1ff-4d4e-8a5a-e0d2b53596cf',
  level: 'info',
  message: '[AuthController] Get Me',
  timestamp: '2026-07-31T03:53:19.769Z'
}
{
  message: 'Fetching user details for ID: b9ec6910-a1ff-4d4e-8a5a-e0d2b53596cf',
  level: 'debug',
  timestamp: '2026-07-31T03:53:19.770Z'
}
{
  message: '[Cache Hit] Lấy thông tin user ID: b9ec6910-a1ff-4d4e-8a5a-e0d2b53596cf từ Redis',
  level: 'debug',
  timestamp: '2026-07-31T03:53:19.771Z'
}
{
  message: '[HotelController] Get my hotels',
  level: 'info',
  timestamp: '2026-07-31T03:53:20.137Z'
}
{
  message: '[HotelController] Get my hotels',
  level: 'info',
  timestamp: '2026-07-31T03:53:20.222Z'
}
{
  hotelId: '14e13170-7bd5-4c0d-8cde-4f1617ac5e58',
  level: 'info',
  message: '[BookingController] Get hotel bookings',
  timestamp: '2026-07-31T03:53:20.244Z'
}
{
  message: '[Cache Miss] Tìm hotel ID: 14e13170-7bd5-4c0d-8cde-4f1617ac5e58 trong Database',
  level: 'debug',
  timestamp: '2026-07-31T03:53:20.259Z'
}
{
  hotelId: 'dc4fb180-274a-4eb4-8a09-6965b9955306',
  level: 'info',
  message: '[BookingController] Get hotel bookings',
  timestamp: '2026-07-31T03:53:20.282Z'
}
{
  message: '[Cache Miss] Tìm hotel ID: dc4fb180-274a-4eb4-8a09-6965b9955306 trong Database',
  level: 'debug',
  timestamp: '2026-07-31T03:53:20.286Z'
}
{
  hotelId: '4f687b5d-cdf8-4f93-8d1e-d1f3a93dbd94',
  level: 'info',
  message: '[BookingController] Get hotel bookings',
  timestamp: '2026-07-31T03:53:20.289Z'
}
{
  message: '[Cache Miss] Tìm hotel ID: 4f687b5d-cdf8-4f93-8d1e-d1f3a93dbd94 trong Database',
  level: 'debug',
  timestamp: '2026-07-31T03:53:20.292Z'
}
{
  hotelId: 'a4666ad8-7bf3-4a56-a194-75f257b574f6',
  level: 'info',
  message: '[BookingController] Get hotel bookings',
  timestamp: '2026-07-31T03:53:20.303Z'
}
{
  message: '[Cache Miss] Tìm hotel ID: a4666ad8-7bf3-4a56-a194-75f257b574f6 trong Database',
  level: 'debug',
  timestamp: '2026-07-31T03:53:20.305Z'
}
{
  hotelId: '7002085f-3d58-44c1-a5f1-21e2dc86d390',
  level: 'info',
  message: '[BookingController] Get hotel bookings',
  timestamp: '2026-07-31T03:53:20.310Z'
}
{
  message: '[Cache Miss] Tìm hotel ID: 7002085f-3d58-44c1-a5f1-21e2dc86d390 trong Database',
  level: 'debug',
  timestamp: '2026-07-31T03:53:20.312Z'
}
{
  hotelId: 'cbe60089-f16d-4342-b3aa-293e78fb7e46',
  level: 'info',
  message: '[BookingController] Get hotel bookings',
  timestamp: '2026-07-31T03:53:20.315Z'
}
{
  message: '[Cache Miss] Tìm hotel ID: cbe60089-f16d-4342-b3aa-293e78fb7e46 trong Database',
  level: 'debug',
  timestamp: '2026-07-31T03:53:20.317Z'
}
{
  hotelId: '9c38c1a3-2a35-4339-8e31-70823491cf8c',
  level: 'info',
  message: '[BookingController] Get hotel bookings',
  timestamp: '2026-07-31T03:53:20.344Z'
}
{
  message: '[Cache Miss] Tìm hotel ID: 9c38c1a3-2a35-4339-8e31-70823491cf8c trong Database',
  level: 'debug',
  timestamp: '2026-07-31T03:53:20.347Z'
}
{
  hotelId: '4d2f20ca-19f2-4c2b-a536-336f6e39c865',
  level: 'info',
  message: '[BookingController] Get hotel bookings',
  timestamp: '2026-07-31T03:53:20.351Z'
}
{
  message: '[Cache Miss] Tìm hotel ID: 4d2f20ca-19f2-4c2b-a536-336f6e39c865 trong Database',
  level: 'debug',
  timestamp: '2026-07-31T03:53:20.353Z'
}
{
  hotelId: '47f2265b-e71a-4c5c-b2b4-706d929e6c57',
  level: 'info',
  message: '[BookingController] Get hotel bookings',
  timestamp: '2026-07-31T03:53:20.372Z'
}
{
  message: '[Cache Miss] Tìm hotel ID: 47f2265b-e71a-4c5c-b2b4-706d929e6c57 trong Database',
  level: 'debug',
  timestamp: '2026-07-31T03:53:20.380Z'
}
{
  hotelId: 'c028860e-b34c-4ad7-a141-962fec938a72',
  level: 'info',
  message: '[BookingController] Get hotel bookings',
  timestamp: '2026-07-31T03:53:20.393Z'
}
{
  message: '[Cache Miss] Tìm hotel ID: c028860e-b34c-4ad7-a141-962fec938a72 trong Database',
  level: 'debug',
  timestamp: '2026-07-31T03:53:20.397Z'
}
{
  hotelId: 'f6168b41-05c7-4c40-a16c-668648f6a3ee',
  level: 'info',
  message: '[BookingController] Get hotel bookings',
  timestamp: '2026-07-31T03:53:20.409Z'
}
{
  hotelId: 'd71f7bba-63f5-432c-be2e-70b8d2caf840',
  level: 'info',
  message: '[BookingController] Get hotel bookings',
  timestamp: '2026-07-31T03:53:20.413Z'
}
{
  message: '[Cache Miss] Tìm hotel ID: f6168b41-05c7-4c40-a16c-668648f6a3ee trong Database',
  level: 'debug',
  timestamp: '2026-07-31T03:53:20.413Z'
}
{
  message: '[Cache Miss] Tìm hotel ID: d71f7bba-63f5-432c-be2e-70b8d2caf840 trong Database',
  level: 'debug',
  timestamp: '2026-07-31T03:53:20.414Z'
}
{
  hotelId: 'dc4fb180-274a-4eb4-8a09-6965b9955306',
  level: 'info',
  message: '[BookingController] Get hotel bookings',
  timestamp: '2026-07-31T03:53:20.442Z'
}
{
  message: '[Cache Hit] Lấy thông tin hotel ID: dc4fb180-274a-4eb4-8a09-6965b9955306 từ Redis',
  level: 'debug',
  timestamp: '2026-07-31T03:53:20.444Z'
}
{
  hotelId: 'a4666ad8-7bf3-4a56-a194-75f257b574f6',
  level: 'info',
  message: '[BookingController] Get hotel bookings',
  timestamp: '2026-07-31T03:53:20.459Z'
}
{
  message: '[Cache Hit] Lấy thông tin hotel ID: a4666ad8-7bf3-4a56-a194-75f257b574f6 từ Redis',
  level: 'debug',
  timestamp: '2026-07-31T03:53:20.460Z'
}
{
  hotelId: '9c38c1a3-2a35-4339-8e31-70823491cf8c',
  level: 'info',
  message: '[BookingController] Get hotel bookings',
  timestamp: '2026-07-31T03:53:20.467Z'
}
{
  message: '[Cache Hit] Lấy thông tin hotel ID: 9c38c1a3-2a35-4339-8e31-70823491cf8c từ Redis',
  level: 'debug',
  timestamp: '2026-07-31T03:53:20.470Z'
}
{
  hotelId: '14e13170-7bd5-4c0d-8cde-4f1617ac5e58',
  level: 'info',
  message: '[BookingController] Get hotel bookings',
  timestamp: '2026-07-31T03:53:20.476Z'
}
{
  message: '[Cache Hit] Lấy thông tin hotel ID: 14e13170-7bd5-4c0d-8cde-4f1617ac5e58 từ Redis',
  level: 'debug',
  timestamp: '2026-07-31T03:53:20.477Z'
}
{
  hotelId: '4f687b5d-cdf8-4f93-8d1e-d1f3a93dbd94',
  level: 'info',
  message: '[BookingController] Get hotel bookings',
  timestamp: '2026-07-31T03:53:20.484Z'
}
{
  message: '[Cache Hit] Lấy thông tin hotel ID: 4f687b5d-cdf8-4f93-8d1e-d1f3a93dbd94 từ Redis',
  level: 'debug',
  timestamp: '2026-07-31T03:53:20.487Z'
}
{
  hotelId: 'cbe60089-f16d-4342-b3aa-293e78fb7e46',
  level: 'info',
  message: '[BookingController] Get hotel bookings',
  timestamp: '2026-07-31T03:53:20.492Z'
}
{
  message: '[Cache Hit] Lấy thông tin hotel ID: cbe60089-f16d-4342-b3aa-293e78fb7e46 từ Redis',
  level: 'debug',
  timestamp: '2026-07-31T03:53:20.493Z'
}
{
  hotelId: '7002085f-3d58-44c1-a5f1-21e2dc86d390',
  level: 'info',
  message: '[BookingController] Get hotel bookings',
  timestamp: '2026-07-31T03:53:20.500Z'
}
{
  hotelId: 'c028860e-b34c-4ad7-a141-962fec938a72',
  level: 'info',
  message: '[BookingController] Get hotel bookings',
  timestamp: '2026-07-31T03:53:20.502Z'
}
{
  message: '[Cache Hit] Lấy thông tin hotel ID: 7002085f-3d58-44c1-a5f1-21e2dc86d390 từ Redis',
  level: 'debug',
  timestamp: '2026-07-31T03:53:20.503Z'
}
{
  message: '[Cache Hit] Lấy thông tin hotel ID: c028860e-b34c-4ad7-a141-962fec938a72 từ Redis',
  level: 'debug',
  timestamp: '2026-07-31T03:53:20.503Z'
}
{
  hotelId: '4d2f20ca-19f2-4c2b-a536-336f6e39c865',
  level: 'info',
  message: '[BookingController] Get hotel bookings',
  timestamp: '2026-07-31T03:53:20.506Z'
}
{
  hotelId: 'f6168b41-05c7-4c40-a16c-668648f6a3ee',
  level: 'info',
  message: '[BookingController] Get hotel bookings',
  timestamp: '2026-07-31T03:53:20.509Z'
}
{
  message: '[Cache Hit] Lấy thông tin hotel ID: 4d2f20ca-19f2-4c2b-a536-336f6e39c865 từ Redis',
  level: 'debug',
  timestamp: '2026-07-31T03:53:20.510Z'
}
{
  message: '[Cache Hit] Lấy thông tin hotel ID: f6168b41-05c7-4c40-a16c-668648f6a3ee từ Redis',
  level: 'debug',
  timestamp: '2026-07-31T03:53:20.510Z'
}
{
  hotelId: 'd71f7bba-63f5-432c-be2e-70b8d2caf840',
  level: 'info',
  message: '[BookingController] Get hotel bookings',
  timestamp: '2026-07-31T03:53:20.515Z'
}
{
  message: '[Cache Hit] Lấy thông tin hotel ID: d71f7bba-63f5-432c-be2e-70b8d2caf840 từ Redis',
  level: 'debug',
  timestamp: '2026-07-31T03:53:20.515Z'
}
{
  hotelId: '47f2265b-e71a-4c5c-b2b4-706d929e6c57',
  level: 'info',
  message: '[BookingController] Get hotel bookings',
  timestamp: '2026-07-31T03:53:20.522Z'
}
{
  message: '[Cache Hit] Lấy thông tin hotel ID: 47f2265b-e71a-4c5c-b2b4-706d929e6c57 từ Redis',
  level: 'debug',
  timestamp: '2026-07-31T03:53:20.523Z'
}
{
  message: '[SchedulerService] Đang kiểm tra các booking hết hạn thanh toán...',
  level: 'info',
  timestamp: '2026-07-31T03:55:00.003Z'
}
{
  message: '[SchedulerService] Đã hủy 1 booking do hết hạn thanh toán.',
  level: 'info',
  timestamp: '2026-07-31T03:55:00.021Z'
}
{
  message: 'JWT Verification Error: jwt expired',
  level: 'error',
  timestamp: '2026-07-31T03:55:51.132Z'
}
{
  message: 'GLOBAL ERROR HANDLER CAUGHT: Error: Phiên đăng nhập đã hết hạn. Vui lòng lấy Token mới.\n' +
    '    at authMiddleware (/app/src/middlewares/authMiddleware.ts:80:9)\n' +
    '    at Layer.handleRequest (/app/node_modules/router/lib/layer.js:152:17)\n' +
    '    at trimPrefix (/app/node_modules/router/index.js:342:13)\n' +
    '    at /app/node_modules/router/index.js:297:9\n' +
    '    at processParams (/app/node_modules/router/index.js:582:12)\n' +
    '    at next (/app/node_modules/router/index.js:291:5)\n' +
    '    at Function.handle (/app/node_modules/router/index.js:186:3)\n' +
    '    at router (/app/node_modules/router/index.js:60:12)\n' +
    '    at Layer.handleRequest (/app/node_modules/router/lib/layer.js:152:17)\n' +
    '    at trimPrefix (/app/node_modules/router/index.js:342:13)',
  level: 'error',
  timestamp: '2026-07-31T03:55:51.133Z'
}
{
  message: '[AuthController] Refresh Tokens',
  level: 'info',
  timestamp: '2026-07-31T03:55:51.152Z'
}
{
  message: 'Fetching user details for ID: b9ec6910-a1ff-4d4e-8a5a-e0d2b53596cf',
  level: 'debug',
  timestamp: '2026-07-31T03:55:51.179Z'
}
{
  message: '[Cache Hit] Lấy thông tin user ID: b9ec6910-a1ff-4d4e-8a5a-e0d2b53596cf từ Redis',
  level: 'debug',
  timestamp: '2026-07-31T03:55:51.180Z'
}
{
  message: '[AuthService] Tokens refreshed successfully for user: agent1@booking.com',
  level: 'info',
  timestamp: '2026-07-31T03:55:51.203Z'
}
{
  message: 'JWT Verification Error: jwt expired',
  level: 'error',
  timestamp: '2026-07-31T03:58:51.122Z'
}
{
  message: 'GLOBAL ERROR HANDLER CAUGHT: Error: Phiên đăng nhập đã hết hạn. Vui lòng lấy Token mới.\n' +
    '    at authMiddleware (/app/src/middlewares/authMiddleware.ts:80:9)\n' +
    '    at Layer.handleRequest (/app/node_modules/router/lib/layer.js:152:17)\n' +
    '    at trimPrefix (/app/node_modules/router/index.js:342:13)\n' +
    '    at /app/node_modules/router/index.js:297:9\n' +
    '    at processParams (/app/node_modules/router/index.js:582:12)\n' +
    '    at next (/app/node_modules/router/index.js:291:5)\n' +
    '    at Function.handle (/app/node_modules/router/index.js:186:3)\n' +
    '    at router (/app/node_modules/router/index.js:60:12)\n' +
    '    at Layer.handleRequest (/app/node_modules/router/lib/layer.js:152:17)\n' +
    '    at trimPrefix (/app/node_modules/router/index.js:342:13)',
  level: 'error',
  timestamp: '2026-07-31T03:58:51.122Z'
}
{
  message: '[AuthController] Refresh Tokens',
  level: 'info',
  timestamp: '2026-07-31T03:58:51.130Z'
}
{
  message: 'Fetching user details for ID: b9ec6910-a1ff-4d4e-8a5a-e0d2b53596cf',
  level: 'debug',
  timestamp: '2026-07-31T03:58:51.145Z'
}
{
  message: '[Cache Hit] Lấy thông tin user ID: b9ec6910-a1ff-4d4e-8a5a-e0d2b53596cf từ Redis',
  level: 'debug',
  timestamp: '2026-07-31T03:58:51.145Z'
}
{
  message: '[AuthService] Tokens refreshed successfully for user: agent1@booking.com',
  level: 'info',
  timestamp: '2026-07-31T03:58:51.159Z'
}
{
  message: '[SchedulerService] Đang kiểm tra các booking hết hạn thanh toán...',
  level: 'info',
  timestamp: '2026-07-31T04:00:00.003Z'
}
{
  message: 'JWT Verification Error: jwt expired',
  level: 'error',
  timestamp: '2026-07-31T04:01:52.737Z'
}
{
  message: 'GLOBAL ERROR HANDLER CAUGHT: Error: Phiên đăng nhập đã hết hạn. Vui lòng lấy Token mới.\n' +
    '    at authMiddleware (/app/src/middlewares/authMiddleware.ts:80:9)\n' +
    '    at Layer.handleRequest (/app/node_modules/router/lib/layer.js:152:17)\n' +
    '    at trimPrefix (/app/node_modules/router/index.js:342:13)\n' +
    '    at /app/node_modules/router/index.js:297:9\n' +
    '    at processParams (/app/node_modules/router/index.js:582:12)\n' +
    '    at next (/app/node_modules/router/index.js:291:5)\n' +
    '    at Function.handle (/app/node_modules/router/index.js:186:3)\n' +
    '    at router (/app/node_modules/router/index.js:60:12)\n' +
    '    at Layer.handleRequest (/app/node_modules/router/lib/layer.js:152:17)\n' +
    '    at trimPrefix (/app/node_modules/router/index.js:342:13)',
  level: 'error',
  timestamp: '2026-07-31T04:01:52.738Z'
}
{
  message: '[AuthController] Refresh Tokens',
  level: 'info',
  timestamp: '2026-07-31T04:01:52.785Z'
}
{
  message: 'Fetching user details for ID: b9ec6910-a1ff-4d4e-8a5a-e0d2b53596cf',
  level: 'debug',
  timestamp: '2026-07-31T04:01:52.800Z'
}
{
  message: '[Cache Hit] Lấy thông tin user ID: b9ec6910-a1ff-4d4e-8a5a-e0d2b53596cf từ Redis',
  level: 'debug',
  timestamp: '2026-07-31T04:01:52.802Z'
}
{
  message: '[AuthService] Tokens refreshed successfully for user: agent1@booking.com',
  level: 'info',
  timestamp: '2026-07-31T04:01:52.823Z'
}
{
  message: 'Nhận tín hiệu SIGTERM. Đang đóng API Server...',
  level: 'info',
  timestamp: '2026-07-31T04:02:18.008Z'
}
{
  message: 'Express HTTP server đã đóng.',
  level: 'info',
  timestamp: '2026-07-31T04:02:18.010Z'
}
{
  message: '[Redis] Đã đóng kết nối Redis',
  level: 'info',
  timestamp: '2026-07-31T04:02:18.011Z'
}
{
  message: '[SchedulerService] Khởi tạo các cron job...',
  level: 'info',
  timestamp: '2026-07-31T04:02:38.571Z'
}
{
  message: 'Booking API Service đang chạy tại port 3000 (Môi trường: development)',
  level: 'info',
  timestamp: '2026-07-31T04:02:38.652Z'
}
{
  message: '[Redis] Kết nối thành công tới Redis server',
  level: 'info',
  timestamp: '2026-07-31T04:02:38.657Z'
}
{
  email: 'admin@booking.com',
  level: 'info',
  message: '[AuthController] Login with Password',
  timestamp: '2026-07-31T04:02:47.487Z'
}
{
  message: 'User ID 2f8dfd25-ab5a-40fb-9951-66b6b71d3b60 đăng nhập thành công. Đã làm sạch lịch sử đăng nhập sai.',
  level: 'info',
  timestamp: '2026-07-31T04:02:47.745Z'
}
{
  message: '[AuthService] Password login successful for user: admin@booking.com',
  level: 'info',
  timestamp: '2026-07-31T04:02:47.770Z'
}
{
  message: '[UserController] Get all users',
  level: 'info',
  timestamp: '2026-07-31T04:02:47.877Z'
}
{
  message: 'Fetching all users from repository',
  level: 'info',
  timestamp: '2026-07-31T04:02:47.877Z'
}
{
  page: '1',
  limit: '100',
  level: 'info',
  message: '[HotelController] Get all hotels with queries',
  timestamp: '2026-07-31T04:02:47.982Z'
}
{
  userId: '4fca7f1e-233a-4abf-bd5e-c3c14d5a5a46',
  status: 'BANNED',
  level: 'info',
  message: '[UserController] Change user status',
  timestamp: '2026-07-31T04:02:48.188Z'
}
{
  message: 'Trạng thái của User 4fca7f1e-233a-4abf-bd5e-c3c14d5a5a46 đã đổi thành: BANNED',
  level: 'info',
  timestamp: '2026-07-31T04:02:48.312Z'
}
{
  userId: '4fca7f1e-233a-4abf-bd5e-c3c14d5a5a46',
  status: 'ACTIVE',
  level: 'info',
  message: '[UserController] Change user status',
  timestamp: '2026-07-31T04:02:48.319Z'
}
{
  message: 'Trạng thái của User 4fca7f1e-233a-4abf-bd5e-c3c14d5a5a46 đã đổi thành: ACTIVE',
  level: 'info',
  timestamp: '2026-07-31T04:02:48.523Z'
}
{
  email: 'agent1@booking.com',
  level: 'info',
  message: '[AuthController] Login with Password',
  timestamp: '2026-07-31T04:02:48.528Z'
}
{
  message: 'User ID b9ec6910-a1ff-4d4e-8a5a-e0d2b53596cf đăng nhập thành công. Đã làm sạch lịch sử đăng nhập sai.',
  level: 'info',
  timestamp: '2026-07-31T04:02:48.599Z'
}
{
  message: '[AuthService] Password login successful for user: agent1@booking.com',
  level: 'info',
  timestamp: '2026-07-31T04:02:48.606Z'
}
{
  message: '[HotelController] Create hotel',
  level: 'info',
  timestamp: '2026-07-31T04:02:48.784Z'
}
{
  email: 'admin@booking.com',
  level: 'info',
  message: '[AuthController] Login with Password',
  timestamp: '2026-07-31T04:03:18.010Z'
}
{
  message: 'User ID 2f8dfd25-ab5a-40fb-9951-66b6b71d3b60 đăng nhập thành công. Đã làm sạch lịch sử đăng nhập sai.',
  level: 'info',
  timestamp: '2026-07-31T04:03:18.091Z'
}
{
  message: '[AuthService] Password login successful for user: admin@booking.com',
  level: 'info',
  timestamp: '2026-07-31T04:03:18.127Z'
}
{
  email: 'user1@booking.com',
  level: 'info',
  message: '[AuthController] Login with Password',
  timestamp: '2026-07-31T04:03:18.166Z'
}
{
  message: 'User ID 4fca7f1e-233a-4abf-bd5e-c3c14d5a5a46 đăng nhập thành công. Đã làm sạch lịch sử đăng nhập sai.',
  level: 'info',
  timestamp: '2026-07-31T04:03:18.242Z'
}
{
  message: '[AuthService] Password login successful for user: user1@booking.com',
  level: 'info',
  timestamp: '2026-07-31T04:03:18.246Z'
}
{
  query: [Object: null prototype] {
    location: 'Hà Nội',
    checkInDate: '2026-11-20T00:00:00.000Z',
    checkOutDate: '2026-11-22T00:00:00.000Z',
    adults: '2',
    children: '0',
    rooms: '1'
  },
  level: 'info',
  message: '[SearchController] Search hotels',
  timestamp: '2026-07-31T04:03:18.272Z'
}
{
  message: '[BookingController] Create booking',
  level: 'info',
  timestamp: '2026-07-31T04:03:18.351Z'
}
{
  bookingId: '1bf759ad-c4ec-432f-a6dd-78746ee87351',
  level: 'info',
  message: '[BookingController] Update booking status',
  timestamp: '2026-07-31T04:03:18.415Z'
}
{
  message: '[Cache Hit] Lấy thông tin hotel ID: 4d2f20ca-19f2-4c2b-a536-336f6e39c865 từ Redis',
  level: 'debug',
  timestamp: '2026-07-31T04:03:18.433Z'
}
{
  email: 'admin@booking.com',
  level: 'info',
  message: '[AuthController] Login with Password',
  timestamp: '2026-07-31T04:03:41.714Z'
}
{
  message: 'User ID 2f8dfd25-ab5a-40fb-9951-66b6b71d3b60 đăng nhập thành công. Đã làm sạch lịch sử đăng nhập sai.',
  level: 'info',
  timestamp: '2026-07-31T04:03:41.831Z'
}
{
  message: '[AuthService] Password login successful for user: admin@booking.com',
  level: 'info',
  timestamp: '2026-07-31T04:03:41.840Z'
}
{
  message: '[SchedulerService] Đang kiểm tra các booking hết hạn thanh toán...',
  level: 'info',
  timestamp: '2026-07-31T04:05:00.009Z'
}
{
  message: '[SchedulerService] Đã hủy 1 booking do hết hạn thanh toán.',
  level: 'info',
  timestamp: '2026-07-31T04:05:00.040Z'
}
