{
  message: '[SchedulerService] Khởi tạo các cron job...',
  level: 'info',
  timestamp: '2026-08-02T04:51:16.908Z'
}
{
  message: 'Booking API Service đang chạy tại port 3000 (Môi trường: development)',
  level: 'info',
  timestamp: '2026-08-02T04:51:16.998Z'
}
{
  message: '[Redis] Kết nối thành công tới Redis server',
  level: 'info',
  timestamp: '2026-08-02T04:51:17.012Z'
}
{
  message: '[Cache Hit] Lấy danh sách điểm đến hoạt động từ Redis',
  level: 'debug',
  timestamp: '2026-08-02T04:53:04.994Z'
}
{
  page: '1',
  limit: '10',
  status: 'ACTIVE',
  level: 'info',
  message: '[HotelController] Get all hotels with queries',
  timestamp: '2026-08-02T04:53:05.008Z'
}
{
  message: '[Cache Hit] Lấy danh sách điểm đến hoạt động từ Redis',
  level: 'debug',
  timestamp: '2026-08-02T04:53:05.175Z'
}
{
  message: '[Cache Hit] Lấy danh sách điểm đến hoạt động từ Redis',
  level: 'debug',
  timestamp: '2026-08-02T04:53:05.184Z'
}
{
  message: '[Cache Hit] Lấy danh sách điểm đến hoạt động từ Redis',
  level: 'debug',
  timestamp: '2026-08-02T04:53:05.209Z'
}
{
  page: '1',
  limit: '10',
  status: 'ACTIVE',
  level: 'info',
  message: '[HotelController] Get all hotels with queries',
  timestamp: '2026-08-02T04:53:05.302Z'
}
{
  email: 'hieu2k5bn@gmail.com',
  level: 'info',
  message: '[AuthController] Register user',
  timestamp: '2026-08-02T04:53:23.480Z'
}
{
  message: 'Fetching user details for Email: hieu2k5bn@gmail.com',
  level: 'debug',
  timestamp: '2026-08-02T04:53:23.480Z'
}
{
  message: '[Cache Miss] Tìm email hieu2k5bn@gmail.com trong Database',
  level: 'debug',
  timestamp: '2026-08-02T04:53:23.481Z'
}
{
  message: 'User with Email hieu2k5bn@gmail.com not found',
  level: 'warn',
  timestamp: '2026-08-02T04:53:23.512Z'
}
{
  userId: '060b52ae-f46b-4b3a-80ee-8bafbaf5923d',
  email: 'hieu2k5bn@gmail.com',
  level: 'info',
  message: 'User created successfully by admin',
  timestamp: '2026-08-02T04:53:23.618Z'
}
{
  message: '[AuthService] Password registration successful for user: hieu2k5bn@gmail.com',
  level: 'info',
  timestamp: '2026-08-02T04:53:23.638Z'
}
{
  userId: '060b52ae-f46b-4b3a-80ee-8bafbaf5923d',
  level: 'info',
  message: '[AuthController] Get Me',
  timestamp: '2026-08-02T04:53:23.667Z'
}
{
  message: 'Fetching user details for ID: 060b52ae-f46b-4b3a-80ee-8bafbaf5923d',
  level: 'debug',
  timestamp: '2026-08-02T04:53:23.668Z'
}
{
  message: '[Cache Miss] Tìm user ID: 060b52ae-f46b-4b3a-80ee-8bafbaf5923d trong Database',
  level: 'debug',
  timestamp: '2026-08-02T04:53:23.670Z'
}
{
  message: '[Cache Hit] Lấy danh sách điểm đến hoạt động từ Redis',
  level: 'debug',
  timestamp: '2026-08-02T04:53:23.762Z'
}
{
  page: '1',
  limit: '10',
  status: 'ACTIVE',
  level: 'info',
  message: '[HotelController] Get all hotels with queries',
  timestamp: '2026-08-02T04:53:23.777Z'
}
{
  message: '[Cache Hit] Lấy danh sách điểm đến hoạt động từ Redis',
  level: 'debug',
  timestamp: '2026-08-02T04:53:23.784Z'
}
{
  page: '1',
  limit: '10',
  status: 'ACTIVE',
  level: 'info',
  message: '[HotelController] Get all hotels with queries',
  timestamp: '2026-08-02T04:53:23.802Z'
}
{
  message: '[Cache Hit] Lấy danh sách điểm đến hoạt động từ Redis',
  level: 'debug',
  timestamp: '2026-08-02T04:53:23.804Z'
}
{
  message: '[Cache Hit] Lấy danh sách điểm đến hoạt động từ Redis',
  level: 'debug',
  timestamp: '2026-08-02T04:53:23.818Z'
}
{
  page: '1',
  limit: '10',
  status: 'ACTIVE',
  level: 'info',
  message: '[HotelController] Get all hotels with queries',
  timestamp: '2026-08-02T04:53:37.050Z'
}
{
  message: '[Cache Hit] Lấy danh sách điểm đến hoạt động từ Redis',
  level: 'debug',
  timestamp: '2026-08-02T04:53:37.064Z'
}
{
  page: '1',
  limit: '10',
  status: 'ACTIVE',
  level: 'info',
  message: '[HotelController] Get all hotels with queries',
  timestamp: '2026-08-02T04:53:37.083Z'
}
{
  message: '[Cache Hit] Lấy danh sách điểm đến hoạt động từ Redis',
  level: 'debug',
  timestamp: '2026-08-02T04:53:37.102Z'
}
{
  message: '[Cache Hit] Lấy danh sách điểm đến hoạt động từ Redis',
  level: 'debug',
  timestamp: '2026-08-02T04:53:37.117Z'
}
{
  message: '[Cache Hit] Lấy danh sách điểm đến hoạt động từ Redis',
  level: 'debug',
  timestamp: '2026-08-02T04:53:37.128Z'
}
{
  email: 'agent1@booking.com',
  level: 'info',
  message: '[AuthController] Login with Password',
  timestamp: '2026-08-02T04:54:53.776Z'
}
{
  message: 'User ID 0772409a-2c0f-47cb-9ec6-51dbdeedda73 đăng nhập thành công. Đã làm sạch lịch sử đăng nhập sai.',
  level: 'info',
  timestamp: '2026-08-02T04:54:53.853Z'
}
{
  message: '[AuthService] Password login successful for user: agent1@booking.com',
  level: 'info',
  timestamp: '2026-08-02T04:54:53.859Z'
}
{
  userId: '0772409a-2c0f-47cb-9ec6-51dbdeedda73',
  level: 'info',
  message: '[AuthController] Get Me',
  timestamp: '2026-08-02T04:54:53.889Z'
}
{
  message: 'Fetching user details for ID: 0772409a-2c0f-47cb-9ec6-51dbdeedda73',
  level: 'debug',
  timestamp: '2026-08-02T04:54:53.889Z'
}
{
  message: '[Cache Miss] Tìm user ID: 0772409a-2c0f-47cb-9ec6-51dbdeedda73 trong Database',
  level: 'debug',
  timestamp: '2026-08-02T04:54:53.890Z'
}
{
  message: '[Cache Hit] Lấy danh sách điểm đến hoạt động từ Redis',
  level: 'debug',
  timestamp: '2026-08-02T04:54:53.974Z'
}
{
  page: '1',
  limit: '10',
  status: 'ACTIVE',
  level: 'info',
  message: '[HotelController] Get all hotels with queries',
  timestamp: '2026-08-02T04:54:53.989Z'
}
{
  message: '[Cache Hit] Lấy danh sách điểm đến hoạt động từ Redis',
  level: 'debug',
  timestamp: '2026-08-02T04:54:53.991Z'
}
{
  message: '[Cache Hit] Lấy danh sách điểm đến hoạt động từ Redis',
  level: 'debug',
  timestamp: '2026-08-02T04:54:53.998Z'
}
{
  page: '1',
  limit: '10',
  status: 'ACTIVE',
  level: 'info',
  message: '[HotelController] Get all hotels with queries',
  timestamp: '2026-08-02T04:54:54.010Z'
}
{
  message: '[Cache Hit] Lấy danh sách điểm đến hoạt động từ Redis',
  level: 'debug',
  timestamp: '2026-08-02T04:54:54.013Z'
}
{
  message: '[SchedulerService] Đang kiểm tra các booking hết hạn thanh toán...',
  level: 'info',
  timestamp: '2026-08-02T04:55:00.028Z'
}
{
  userId: '060b52ae-f46b-4b3a-80ee-8bafbaf5923d',
  level: 'info',
  message: '[AuthController] Get Me',
  timestamp: '2026-08-02T04:55:23.333Z'
}
{
  message: 'Fetching user details for ID: 060b52ae-f46b-4b3a-80ee-8bafbaf5923d',
  level: 'debug',
  timestamp: '2026-08-02T04:55:23.338Z'
}
{
  message: '[Cache Hit] Lấy thông tin user ID: 060b52ae-f46b-4b3a-80ee-8bafbaf5923d từ Redis',
  level: 'debug',
  timestamp: '2026-08-02T04:55:23.343Z'
}
{
  userId: '060b52ae-f46b-4b3a-80ee-8bafbaf5923d',
  level: 'info',
  message: '[AuthController] Get Me',
  timestamp: '2026-08-02T04:55:23.366Z'
}
{
  message: 'Fetching user details for ID: 060b52ae-f46b-4b3a-80ee-8bafbaf5923d',
  level: 'debug',
  timestamp: '2026-08-02T04:55:23.367Z'
}
{
  message: '[Cache Hit] Lấy thông tin user ID: 060b52ae-f46b-4b3a-80ee-8bafbaf5923d từ Redis',
  level: 'debug',
  timestamp: '2026-08-02T04:55:23.368Z'
}
{
  userId: '0772409a-2c0f-47cb-9ec6-51dbdeedda73',
  level: 'info',
  message: '[AuthController] Get Me',
  timestamp: '2026-08-02T04:55:23.408Z'
}
{
  message: 'Fetching user details for ID: 0772409a-2c0f-47cb-9ec6-51dbdeedda73',
  level: 'debug',
  timestamp: '2026-08-02T04:55:23.408Z'
}
{
  message: '[Cache Hit] Lấy thông tin user ID: 0772409a-2c0f-47cb-9ec6-51dbdeedda73 từ Redis',
  level: 'debug',
  timestamp: '2026-08-02T04:55:23.409Z'
}
{
  userId: '0772409a-2c0f-47cb-9ec6-51dbdeedda73',
  level: 'info',
  message: '[AuthController] Get Me',
  timestamp: '2026-08-02T04:55:23.423Z'
}
{
  message: 'Fetching user details for ID: 0772409a-2c0f-47cb-9ec6-51dbdeedda73',
  level: 'debug',
  timestamp: '2026-08-02T04:55:23.424Z'
}
{
  message: '[Cache Hit] Lấy thông tin user ID: 0772409a-2c0f-47cb-9ec6-51dbdeedda73 từ Redis',
  level: 'debug',
  timestamp: '2026-08-02T04:55:23.427Z'
}
{
  message: '[Cache Hit] Lấy danh sách điểm đến hoạt động từ Redis',
  level: 'debug',
  timestamp: '2026-08-02T04:55:23.875Z'
}
{
  page: '1',
  limit: '10',
  status: 'ACTIVE',
  level: 'info',
  message: '[HotelController] Get all hotels with queries',
  timestamp: '2026-08-02T04:55:23.879Z'
}
{
  page: '1',
  limit: '10',
  status: 'ACTIVE',
  level: 'info',
  message: '[HotelController] Get all hotels with queries',
  timestamp: '2026-08-02T04:55:23.899Z'
}
{
  message: '[Cache Hit] Lấy danh sách điểm đến hoạt động từ Redis',
  level: 'debug',
  timestamp: '2026-08-02T04:55:23.901Z'
}
{
  message: '[Cache Hit] Lấy danh sách điểm đến hoạt động từ Redis',
  level: 'debug',
  timestamp: '2026-08-02T04:55:23.915Z'
}
{
  message: '[Cache Hit] Lấy danh sách điểm đến hoạt động từ Redis',
  level: 'debug',
  timestamp: '2026-08-02T04:55:23.922Z'
}
{
  message: '[HotelController] Get my hotels',
  level: 'info',
  timestamp: '2026-08-02T04:55:24.008Z'
}
{
  message: '[HotelController] Get my hotels',
  level: 'info',
  timestamp: '2026-08-02T04:55:24.146Z'
}
{
  hotelId: '2d556b72-df20-455a-98d8-5887c31297de',
  level: 'info',
  message: '[BookingController] Get hotel bookings',
  timestamp: '2026-08-02T04:55:24.186Z'
}
{
  hotelId: 'ca5dfeea-502a-49b4-8b40-edb8d8641096',
  level: 'info',
  message: '[BookingController] Get hotel bookings',
  timestamp: '2026-08-02T04:55:24.195Z'
}
{
  message: '[Cache Miss] Tìm hotel ID: 2d556b72-df20-455a-98d8-5887c31297de trong Database',
  level: 'debug',
  timestamp: '2026-08-02T04:55:24.219Z'
}
{
  message: '[Cache Miss] Tìm hotel ID: ca5dfeea-502a-49b4-8b40-edb8d8641096 trong Database',
  level: 'debug',
  timestamp: '2026-08-02T04:55:24.220Z'
}
{
  hotelId: '7806d7b1-469e-4a3e-b855-cc649c51efc9',
  level: 'info',
  message: '[BookingController] Get hotel bookings',
  timestamp: '2026-08-02T04:55:24.280Z'
}
{
  hotelId: '774ea0ad-10a2-4836-add4-ed1bf337d1f2',
  level: 'info',
  message: '[BookingController] Get hotel bookings',
  timestamp: '2026-08-02T04:55:24.285Z'
}
{
  message: '[Cache Miss] Tìm hotel ID: 7806d7b1-469e-4a3e-b855-cc649c51efc9 trong Database',
  level: 'debug',
  timestamp: '2026-08-02T04:55:24.300Z'
}
{
  message: '[Cache Miss] Tìm hotel ID: 774ea0ad-10a2-4836-add4-ed1bf337d1f2 trong Database',
  level: 'debug',
  timestamp: '2026-08-02T04:55:24.301Z'
}
{
  hotelId: '6c5095d1-8035-4ee6-b1b1-b9e27942a76f',
  level: 'info',
  message: '[BookingController] Get hotel bookings',
  timestamp: '2026-08-02T04:55:24.313Z'
}
{
  message: '[Cache Miss] Tìm hotel ID: 6c5095d1-8035-4ee6-b1b1-b9e27942a76f trong Database',
  level: 'debug',
  timestamp: '2026-08-02T04:55:24.319Z'
}
{
  hotelId: 'cdcc3f08-97f8-42a7-8c59-51ba169f3bee',
  level: 'info',
  message: '[BookingController] Get hotel bookings',
  timestamp: '2026-08-02T04:55:24.338Z'
}
{
  message: '[Cache Miss] Tìm hotel ID: cdcc3f08-97f8-42a7-8c59-51ba169f3bee trong Database',
  level: 'debug',
  timestamp: '2026-08-02T04:55:24.353Z'
}
{
  hotelId: '4ae8aa74-5d12-4c14-9904-1a09cd67b79d',
  level: 'info',
  message: '[BookingController] Get hotel bookings',
  timestamp: '2026-08-02T04:55:24.441Z'
}
{
  message: '[Cache Miss] Tìm hotel ID: 4ae8aa74-5d12-4c14-9904-1a09cd67b79d trong Database',
  level: 'debug',
  timestamp: '2026-08-02T04:55:24.457Z'
}
{
  hotelId: '615a05ed-ca06-4178-9e3d-e2e883cd86f0',
  level: 'info',
  message: '[BookingController] Get hotel bookings',
  timestamp: '2026-08-02T04:55:24.493Z'
}
{
  message: '[Cache Miss] Tìm hotel ID: 615a05ed-ca06-4178-9e3d-e2e883cd86f0 trong Database',
  level: 'debug',
  timestamp: '2026-08-02T04:55:24.496Z'
}
{
  hotelId: 'b1894531-1a55-41c4-8de3-3f7222ce9272',
  level: 'info',
  message: '[BookingController] Get hotel bookings',
  timestamp: '2026-08-02T04:55:24.568Z'
}
{
  message: '[Cache Miss] Tìm hotel ID: b1894531-1a55-41c4-8de3-3f7222ce9272 trong Database',
  level: 'debug',
  timestamp: '2026-08-02T04:55:24.570Z'
}
{
  hotelId: '99d133ab-5625-4527-9f6a-1c3784ec4888',
  level: 'info',
  message: '[BookingController] Get hotel bookings',
  timestamp: '2026-08-02T04:55:24.584Z'
}
{
  message: '[Cache Miss] Tìm hotel ID: 99d133ab-5625-4527-9f6a-1c3784ec4888 trong Database',
  level: 'debug',
  timestamp: '2026-08-02T04:55:24.589Z'
}
{
  hotelId: '8168c601-3fbd-4be9-b0ba-78bc1ac96ea4',
  level: 'info',
  message: '[BookingController] Get hotel bookings',
  timestamp: '2026-08-02T04:55:24.604Z'
}
{
  message: '[Cache Miss] Tìm hotel ID: 8168c601-3fbd-4be9-b0ba-78bc1ac96ea4 trong Database',
  level: 'debug',
  timestamp: '2026-08-02T04:55:24.611Z'
}
{
  hotelId: 'b791877f-a851-4df9-8e97-491b5f55e97f',
  level: 'info',
  message: '[BookingController] Get hotel bookings',
  timestamp: '2026-08-02T04:55:24.654Z'
}
{
  message: '[Cache Miss] Tìm hotel ID: b791877f-a851-4df9-8e97-491b5f55e97f trong Database',
  level: 'debug',
  timestamp: '2026-08-02T04:55:24.672Z'
}
{
  hotelId: '2d556b72-df20-455a-98d8-5887c31297de',
  level: 'info',
  message: '[BookingController] Get hotel bookings',
  timestamp: '2026-08-02T04:55:24.699Z'
}
{
  hotelId: '7806d7b1-469e-4a3e-b855-cc649c51efc9',
  level: 'info',
  message: '[BookingController] Get hotel bookings',
  timestamp: '2026-08-02T04:55:24.708Z'
}
{
  message: '[Cache Hit] Lấy thông tin hotel ID: 2d556b72-df20-455a-98d8-5887c31297de từ Redis',
  level: 'debug',
  timestamp: '2026-08-02T04:55:24.716Z'
}
{
  message: '[Cache Hit] Lấy thông tin hotel ID: 7806d7b1-469e-4a3e-b855-cc649c51efc9 từ Redis',
  level: 'debug',
  timestamp: '2026-08-02T04:55:24.716Z'
}
{
  hotelId: '4ae8aa74-5d12-4c14-9904-1a09cd67b79d',
  level: 'info',
  message: '[BookingController] Get hotel bookings',
  timestamp: '2026-08-02T04:55:24.721Z'
}
{
  hotelId: 'ca5dfeea-502a-49b4-8b40-edb8d8641096',
  level: 'info',
  message: '[BookingController] Get hotel bookings',
  timestamp: '2026-08-02T04:55:24.728Z'
}
{
  message: '[Cache Hit] Lấy thông tin hotel ID: 4ae8aa74-5d12-4c14-9904-1a09cd67b79d từ Redis',
  level: 'debug',
  timestamp: '2026-08-02T04:55:24.734Z'
}
{
  message: '[Cache Hit] Lấy thông tin hotel ID: ca5dfeea-502a-49b4-8b40-edb8d8641096 từ Redis',
  level: 'debug',
  timestamp: '2026-08-02T04:55:24.742Z'
}
{
  hotelId: '774ea0ad-10a2-4836-add4-ed1bf337d1f2',
  level: 'info',
  message: '[BookingController] Get hotel bookings',
  timestamp: '2026-08-02T04:55:24.764Z'
}
{
  message: '[Cache Hit] Lấy thông tin hotel ID: 774ea0ad-10a2-4836-add4-ed1bf337d1f2 từ Redis',
  level: 'debug',
  timestamp: '2026-08-02T04:55:24.768Z'
}
{
  hotelId: 'b1894531-1a55-41c4-8de3-3f7222ce9272',
  level: 'info',
  message: '[BookingController] Get hotel bookings',
  timestamp: '2026-08-02T04:55:24.780Z'
}
{
  hotelId: '99d133ab-5625-4527-9f6a-1c3784ec4888',
  level: 'info',
  message: '[BookingController] Get hotel bookings',
  timestamp: '2026-08-02T04:55:24.784Z'
}
{
  hotelId: 'cdcc3f08-97f8-42a7-8c59-51ba169f3bee',
  level: 'info',
  message: '[BookingController] Get hotel bookings',
  timestamp: '2026-08-02T04:55:24.788Z'
}
{
  hotelId: '615a05ed-ca06-4178-9e3d-e2e883cd86f0',
  level: 'info',
  message: '[BookingController] Get hotel bookings',
  timestamp: '2026-08-02T04:55:24.801Z'
}
{
  message: '[Cache Hit] Lấy thông tin hotel ID: b1894531-1a55-41c4-8de3-3f7222ce9272 từ Redis',
  level: 'debug',
  timestamp: '2026-08-02T04:55:24.803Z'
}
{
  message: '[Cache Hit] Lấy thông tin hotel ID: 99d133ab-5625-4527-9f6a-1c3784ec4888 từ Redis',
  level: 'debug',
  timestamp: '2026-08-02T04:55:24.804Z'
}
{
  message: '[Cache Hit] Lấy thông tin hotel ID: cdcc3f08-97f8-42a7-8c59-51ba169f3bee từ Redis',
  level: 'debug',
  timestamp: '2026-08-02T04:55:24.804Z'
}
{
  message: '[Cache Hit] Lấy thông tin hotel ID: 615a05ed-ca06-4178-9e3d-e2e883cd86f0 từ Redis',
  level: 'debug',
  timestamp: '2026-08-02T04:55:24.804Z'
}
{
  hotelId: '6c5095d1-8035-4ee6-b1b1-b9e27942a76f',
  level: 'info',
  message: '[BookingController] Get hotel bookings',
  timestamp: '2026-08-02T04:55:24.824Z'
}
{
  message: '[Cache Hit] Lấy thông tin hotel ID: 6c5095d1-8035-4ee6-b1b1-b9e27942a76f từ Redis',
  level: 'debug',
  timestamp: '2026-08-02T04:55:24.838Z'
}
{
  hotelId: '8168c601-3fbd-4be9-b0ba-78bc1ac96ea4',
  level: 'info',
  message: '[BookingController] Get hotel bookings',
  timestamp: '2026-08-02T04:55:24.855Z'
}
{
  hotelId: 'b791877f-a851-4df9-8e97-491b5f55e97f',
  level: 'info',
  message: '[BookingController] Get hotel bookings',
  timestamp: '2026-08-02T04:55:24.862Z'
}
{
  message: '[Cache Hit] Lấy thông tin hotel ID: 8168c601-3fbd-4be9-b0ba-78bc1ac96ea4 từ Redis',
  level: 'debug',
  timestamp: '2026-08-02T04:55:24.870Z'
}
{
  message: '[Cache Hit] Lấy thông tin hotel ID: b791877f-a851-4df9-8e97-491b5f55e97f từ Redis',
  level: 'debug',
  timestamp: '2026-08-02T04:55:24.870Z'
}
{
  message: '[HotelController] Get my hotels',
  level: 'info',
  timestamp: '2026-08-02T04:56:59.895Z'
}
{
  message: '[HotelController] Get my hotels',
  level: 'info',
  timestamp: '2026-08-02T04:56:59.923Z'
}
{
  message: '[HotelController] Get my hotels',
  level: 'info',
  timestamp: '2026-08-02T04:57:08.402Z'
}
{
  message: '[HotelController] Get my hotels',
  level: 'info',
  timestamp: '2026-08-02T04:57:08.421Z'
}
{
  hotelId: '7806d7b1-469e-4a3e-b855-cc649c51efc9',
  level: 'info',
  message: '[BookingController] Get hotel bookings',
  timestamp: '2026-08-02T04:57:08.461Z'
}
{
  hotelId: '2d556b72-df20-455a-98d8-5887c31297de',
  level: 'info',
  message: '[BookingController] Get hotel bookings',
  timestamp: '2026-08-02T04:57:08.472Z'
}
{
  message: '[Cache Hit] Lấy thông tin hotel ID: 7806d7b1-469e-4a3e-b855-cc649c51efc9 từ Redis',
  level: 'debug',
  timestamp: '2026-08-02T04:57:08.477Z'
}
{
  message: '[Cache Hit] Lấy thông tin hotel ID: 2d556b72-df20-455a-98d8-5887c31297de từ Redis',
  level: 'debug',
  timestamp: '2026-08-02T04:57:08.477Z'
}
{
  hotelId: 'ca5dfeea-502a-49b4-8b40-edb8d8641096',
  level: 'info',
  message: '[BookingController] Get hotel bookings',
  timestamp: '2026-08-02T04:57:08.484Z'
}
{
  message: '[Cache Hit] Lấy thông tin hotel ID: ca5dfeea-502a-49b4-8b40-edb8d8641096 từ Redis',
  level: 'debug',
  timestamp: '2026-08-02T04:57:08.485Z'
}
{
  hotelId: 'cdcc3f08-97f8-42a7-8c59-51ba169f3bee',
  level: 'info',
  message: '[BookingController] Get hotel bookings',
  timestamp: '2026-08-02T04:57:08.489Z'
}
{
  message: '[Cache Hit] Lấy thông tin hotel ID: cdcc3f08-97f8-42a7-8c59-51ba169f3bee từ Redis',
  level: 'debug',
  timestamp: '2026-08-02T04:57:08.490Z'
}
{
  hotelId: '6c5095d1-8035-4ee6-b1b1-b9e27942a76f',
  level: 'info',
  message: '[BookingController] Get hotel bookings',
  timestamp: '2026-08-02T04:57:08.492Z'
}
{
  hotelId: '8168c601-3fbd-4be9-b0ba-78bc1ac96ea4',
  level: 'info',
  message: '[BookingController] Get hotel bookings',
  timestamp: '2026-08-02T04:57:08.494Z'
}
{
  hotelId: '774ea0ad-10a2-4836-add4-ed1bf337d1f2',
  level: 'info',
  message: '[BookingController] Get hotel bookings',
  timestamp: '2026-08-02T04:57:08.504Z'
}
{
  message: '[Cache Hit] Lấy thông tin hotel ID: 6c5095d1-8035-4ee6-b1b1-b9e27942a76f từ Redis',
  level: 'debug',
  timestamp: '2026-08-02T04:57:08.506Z'
}
{
  message: '[Cache Hit] Lấy thông tin hotel ID: 8168c601-3fbd-4be9-b0ba-78bc1ac96ea4 từ Redis',
  level: 'debug',
  timestamp: '2026-08-02T04:57:08.506Z'
}
{
  message: '[Cache Hit] Lấy thông tin hotel ID: 774ea0ad-10a2-4836-add4-ed1bf337d1f2 từ Redis',
  level: 'debug',
  timestamp: '2026-08-02T04:57:08.506Z'
}
{
  hotelId: '615a05ed-ca06-4178-9e3d-e2e883cd86f0',
  level: 'info',
  message: '[BookingController] Get hotel bookings',
  timestamp: '2026-08-02T04:57:08.510Z'
}
{
  hotelId: '4ae8aa74-5d12-4c14-9904-1a09cd67b79d',
  level: 'info',
  message: '[BookingController] Get hotel bookings',
  timestamp: '2026-08-02T04:57:08.513Z'
}
{
  message: '[Cache Hit] Lấy thông tin hotel ID: 615a05ed-ca06-4178-9e3d-e2e883cd86f0 từ Redis',
  level: 'debug',
  timestamp: '2026-08-02T04:57:08.514Z'
}
{
  message: '[Cache Hit] Lấy thông tin hotel ID: 4ae8aa74-5d12-4c14-9904-1a09cd67b79d từ Redis',
  level: 'debug',
  timestamp: '2026-08-02T04:57:08.514Z'
}
{
  hotelId: 'b1894531-1a55-41c4-8de3-3f7222ce9272',
  level: 'info',
  message: '[BookingController] Get hotel bookings',
  timestamp: '2026-08-02T04:57:08.519Z'
}
{
  message: '[Cache Hit] Lấy thông tin hotel ID: b1894531-1a55-41c4-8de3-3f7222ce9272 từ Redis',
  level: 'debug',
  timestamp: '2026-08-02T04:57:08.521Z'
}
{
  hotelId: 'b791877f-a851-4df9-8e97-491b5f55e97f',
  level: 'info',
  message: '[BookingController] Get hotel bookings',
  timestamp: '2026-08-02T04:57:08.525Z'
}
{
  hotelId: '99d133ab-5625-4527-9f6a-1c3784ec4888',
  level: 'info',
  message: '[BookingController] Get hotel bookings',
  timestamp: '2026-08-02T04:57:08.527Z'
}
{
  hotelId: '7806d7b1-469e-4a3e-b855-cc649c51efc9',
  level: 'info',
  message: '[BookingController] Get hotel bookings',
  timestamp: '2026-08-02T04:57:08.529Z'
}
{
  message: '[Cache Hit] Lấy thông tin hotel ID: b791877f-a851-4df9-8e97-491b5f55e97f từ Redis',
  level: 'debug',
  timestamp: '2026-08-02T04:57:08.531Z'
}
{
  message: '[Cache Hit] Lấy thông tin hotel ID: 99d133ab-5625-4527-9f6a-1c3784ec4888 từ Redis',
  level: 'debug',
  timestamp: '2026-08-02T04:57:08.531Z'
}
{
  message: '[Cache Hit] Lấy thông tin hotel ID: 7806d7b1-469e-4a3e-b855-cc649c51efc9 từ Redis',
  level: 'debug',
  timestamp: '2026-08-02T04:57:08.531Z'
}
{
  hotelId: '2d556b72-df20-455a-98d8-5887c31297de',
  level: 'info',
  message: '[BookingController] Get hotel bookings',
  timestamp: '2026-08-02T04:57:08.534Z'
}
{
  hotelId: 'ca5dfeea-502a-49b4-8b40-edb8d8641096',
  level: 'info',
  message: '[BookingController] Get hotel bookings',
  timestamp: '2026-08-02T04:57:08.535Z'
}
{
  message: '[Cache Hit] Lấy thông tin hotel ID: 2d556b72-df20-455a-98d8-5887c31297de từ Redis',
  level: 'debug',
  timestamp: '2026-08-02T04:57:08.536Z'
}
{
  message: '[Cache Hit] Lấy thông tin hotel ID: ca5dfeea-502a-49b4-8b40-edb8d8641096 từ Redis',
  level: 'debug',
  timestamp: '2026-08-02T04:57:08.537Z'
}
{
  hotelId: 'cdcc3f08-97f8-42a7-8c59-51ba169f3bee',
  level: 'info',
  message: '[BookingController] Get hotel bookings',
  timestamp: '2026-08-02T04:57:08.541Z'
}
{
  message: '[Cache Hit] Lấy thông tin hotel ID: cdcc3f08-97f8-42a7-8c59-51ba169f3bee từ Redis',
  level: 'debug',
  timestamp: '2026-08-02T04:57:08.542Z'
}
{
  hotelId: '6c5095d1-8035-4ee6-b1b1-b9e27942a76f',
  level: 'info',
  message: '[BookingController] Get hotel bookings',
  timestamp: '2026-08-02T04:57:08.546Z'
}
{
  hotelId: '8168c601-3fbd-4be9-b0ba-78bc1ac96ea4',
  level: 'info',
  message: '[BookingController] Get hotel bookings',
  timestamp: '2026-08-02T04:57:08.549Z'
}
{
  hotelId: '774ea0ad-10a2-4836-add4-ed1bf337d1f2',
  level: 'info',
  message: '[BookingController] Get hotel bookings',
  timestamp: '2026-08-02T04:57:08.550Z'
}
{
  message: '[Cache Hit] Lấy thông tin hotel ID: 6c5095d1-8035-4ee6-b1b1-b9e27942a76f từ Redis',
  level: 'debug',
  timestamp: '2026-08-02T04:57:08.552Z'
}
{
  message: '[Cache Hit] Lấy thông tin hotel ID: 8168c601-3fbd-4be9-b0ba-78bc1ac96ea4 từ Redis',
  level: 'debug',
  timestamp: '2026-08-02T04:57:08.552Z'
}
{
  message: '[Cache Hit] Lấy thông tin hotel ID: 774ea0ad-10a2-4836-add4-ed1bf337d1f2 từ Redis',
  level: 'debug',
  timestamp: '2026-08-02T04:57:08.552Z'
}
{
  hotelId: '615a05ed-ca06-4178-9e3d-e2e883cd86f0',
  level: 'info',
  message: '[BookingController] Get hotel bookings',
  timestamp: '2026-08-02T04:57:08.556Z'
}
{
  hotelId: '4ae8aa74-5d12-4c14-9904-1a09cd67b79d',
  level: 'info',
  message: '[BookingController] Get hotel bookings',
  timestamp: '2026-08-02T04:57:08.559Z'
}
{
  message: '[Cache Hit] Lấy thông tin hotel ID: 615a05ed-ca06-4178-9e3d-e2e883cd86f0 từ Redis',
  level: 'debug',
  timestamp: '2026-08-02T04:57:08.560Z'
}
{
  message: '[Cache Hit] Lấy thông tin hotel ID: 4ae8aa74-5d12-4c14-9904-1a09cd67b79d từ Redis',
  level: 'debug',
  timestamp: '2026-08-02T04:57:08.561Z'
}
{
  hotelId: 'b1894531-1a55-41c4-8de3-3f7222ce9272',
  level: 'info',
  message: '[BookingController] Get hotel bookings',
  timestamp: '2026-08-02T04:57:08.568Z'
}
{
  message: '[Cache Hit] Lấy thông tin hotel ID: b1894531-1a55-41c4-8de3-3f7222ce9272 từ Redis',
  level: 'debug',
  timestamp: '2026-08-02T04:57:08.570Z'
}
{
  hotelId: 'b791877f-a851-4df9-8e97-491b5f55e97f',
  level: 'info',
  message: '[BookingController] Get hotel bookings',
  timestamp: '2026-08-02T04:57:08.574Z'
}
{
  hotelId: '99d133ab-5625-4527-9f6a-1c3784ec4888',
  level: 'info',
  message: '[BookingController] Get hotel bookings',
  timestamp: '2026-08-02T04:57:08.577Z'
}
{
  message: '[Cache Hit] Lấy thông tin hotel ID: b791877f-a851-4df9-8e97-491b5f55e97f từ Redis',
  level: 'debug',
  timestamp: '2026-08-02T04:57:08.580Z'
}
{
  message: '[Cache Hit] Lấy thông tin hotel ID: 99d133ab-5625-4527-9f6a-1c3784ec4888 từ Redis',
  level: 'debug',
  timestamp: '2026-08-02T04:57:08.580Z'
}
{
  message: '[HotelController] Get my hotels',
  level: 'info',
  timestamp: '2026-08-02T04:57:13.266Z'
}
{
  message: '[HotelController] Get my hotels',
  level: 'info',
  timestamp: '2026-08-02T04:57:13.293Z'
}
{
  hotelId: '2d556b72-df20-455a-98d8-5887c31297de',
  level: 'info',
  message: '[BookingController] Get hotel bookings',
  timestamp: '2026-08-02T04:57:13.303Z'
}
{
  hotelId: 'ca5dfeea-502a-49b4-8b40-edb8d8641096',
  level: 'info',
  message: '[BookingController] Get hotel bookings',
  timestamp: '2026-08-02T04:57:13.308Z'
}
{
  hotelId: '774ea0ad-10a2-4836-add4-ed1bf337d1f2',
  level: 'info',
  message: '[BookingController] Get hotel bookings',
  timestamp: '2026-08-02T04:57:13.315Z'
}
{
  hotelId: '6c5095d1-8035-4ee6-b1b1-b9e27942a76f',
  level: 'info',
  message: '[BookingController] Get hotel bookings',
  timestamp: '2026-08-02T04:57:13.320Z'
}
{
  hotelId: '615a05ed-ca06-4178-9e3d-e2e883cd86f0',
  level: 'info',
  message: '[BookingController] Get hotel bookings',
  timestamp: '2026-08-02T04:57:13.322Z'
}
{
  message: '[Cache Hit] Lấy thông tin hotel ID: 2d556b72-df20-455a-98d8-5887c31297de từ Redis',
  level: 'debug',
  timestamp: '2026-08-02T04:57:13.323Z'
}
{
  message: '[Cache Hit] Lấy thông tin hotel ID: ca5dfeea-502a-49b4-8b40-edb8d8641096 từ Redis',
  level: 'debug',
  timestamp: '2026-08-02T04:57:13.323Z'
}
{
  message: '[Cache Hit] Lấy thông tin hotel ID: 774ea0ad-10a2-4836-add4-ed1bf337d1f2 từ Redis',
  level: 'debug',
  timestamp: '2026-08-02T04:57:13.323Z'
}
{
  message: '[Cache Hit] Lấy thông tin hotel ID: 6c5095d1-8035-4ee6-b1b1-b9e27942a76f từ Redis',
  level: 'debug',
  timestamp: '2026-08-02T04:57:13.324Z'
}
{
  message: '[Cache Hit] Lấy thông tin hotel ID: 615a05ed-ca06-4178-9e3d-e2e883cd86f0 từ Redis',
  level: 'debug',
  timestamp: '2026-08-02T04:57:13.324Z'
}
{
  hotelId: 'b791877f-a851-4df9-8e97-491b5f55e97f',
  level: 'info',
  message: '[BookingController] Get hotel bookings',
  timestamp: '2026-08-02T04:57:13.330Z'
}
{
  message: '[Cache Hit] Lấy thông tin hotel ID: b791877f-a851-4df9-8e97-491b5f55e97f từ Redis',
  level: 'debug',
  timestamp: '2026-08-02T04:57:13.331Z'
}
{
  hotelId: 'cdcc3f08-97f8-42a7-8c59-51ba169f3bee',
  level: 'info',
  message: '[BookingController] Get hotel bookings',
  timestamp: '2026-08-02T04:57:13.333Z'
}
{
  hotelId: '7806d7b1-469e-4a3e-b855-cc649c51efc9',
  level: 'info',
  message: '[BookingController] Get hotel bookings',
  timestamp: '2026-08-02T04:57:13.335Z'
}
{
  hotelId: '4ae8aa74-5d12-4c14-9904-1a09cd67b79d',
  level: 'info',
  message: '[BookingController] Get hotel bookings',
  timestamp: '2026-08-02T04:57:13.337Z'
}
{
  hotelId: '8168c601-3fbd-4be9-b0ba-78bc1ac96ea4',
  level: 'info',
  message: '[BookingController] Get hotel bookings',
  timestamp: '2026-08-02T04:57:13.342Z'
}
{
  hotelId: 'b1894531-1a55-41c4-8de3-3f7222ce9272',
  level: 'info',
  message: '[BookingController] Get hotel bookings',
  timestamp: '2026-08-02T04:57:13.346Z'
}
{
  message: '[Cache Hit] Lấy thông tin hotel ID: cdcc3f08-97f8-42a7-8c59-51ba169f3bee từ Redis',
  level: 'debug',
  timestamp: '2026-08-02T04:57:13.347Z'
}
{
  message: '[Cache Hit] Lấy thông tin hotel ID: 7806d7b1-469e-4a3e-b855-cc649c51efc9 từ Redis',
  level: 'debug',
  timestamp: '2026-08-02T04:57:13.347Z'
}
{
  message: '[Cache Hit] Lấy thông tin hotel ID: 4ae8aa74-5d12-4c14-9904-1a09cd67b79d từ Redis',
  level: 'debug',
  timestamp: '2026-08-02T04:57:13.347Z'
}
{
  message: '[Cache Hit] Lấy thông tin hotel ID: 8168c601-3fbd-4be9-b0ba-78bc1ac96ea4 từ Redis',
  level: 'debug',
  timestamp: '2026-08-02T04:57:13.348Z'
}
{
  message: '[Cache Hit] Lấy thông tin hotel ID: b1894531-1a55-41c4-8de3-3f7222ce9272 từ Redis',
  level: 'debug',
  timestamp: '2026-08-02T04:57:13.348Z'
}
{
  hotelId: '99d133ab-5625-4527-9f6a-1c3784ec4888',
  level: 'info',
  message: '[BookingController] Get hotel bookings',
  timestamp: '2026-08-02T04:57:13.354Z'
}
{
  hotelId: '2d556b72-df20-455a-98d8-5887c31297de',
  level: 'info',
  message: '[BookingController] Get hotel bookings',
  timestamp: '2026-08-02T04:57:13.356Z'
}
{
  hotelId: 'ca5dfeea-502a-49b4-8b40-edb8d8641096',
  level: 'info',
  message: '[BookingController] Get hotel bookings',
  timestamp: '2026-08-02T04:57:13.358Z'
}
{
  hotelId: '774ea0ad-10a2-4836-add4-ed1bf337d1f2',
  level: 'info',
  message: '[BookingController] Get hotel bookings',
  timestamp: '2026-08-02T04:57:13.360Z'
}
{
  hotelId: '6c5095d1-8035-4ee6-b1b1-b9e27942a76f',
  level: 'info',
  message: '[BookingController] Get hotel bookings',
  timestamp: '2026-08-02T04:57:13.362Z'
}
{
  hotelId: '615a05ed-ca06-4178-9e3d-e2e883cd86f0',
  level: 'info',
  message: '[BookingController] Get hotel bookings',
  timestamp: '2026-08-02T04:57:13.365Z'
}
{
  message: '[Cache Hit] Lấy thông tin hotel ID: 99d133ab-5625-4527-9f6a-1c3784ec4888 từ Redis',
  level: 'debug',
  timestamp: '2026-08-02T04:57:13.368Z'
}
{
  message: '[Cache Hit] Lấy thông tin hotel ID: 2d556b72-df20-455a-98d8-5887c31297de từ Redis',
  level: 'debug',
  timestamp: '2026-08-02T04:57:13.368Z'
}
{
  message: '[Cache Hit] Lấy thông tin hotel ID: ca5dfeea-502a-49b4-8b40-edb8d8641096 từ Redis',
  level: 'debug',
  timestamp: '2026-08-02T04:57:13.368Z'
}
{
  message: '[Cache Hit] Lấy thông tin hotel ID: 774ea0ad-10a2-4836-add4-ed1bf337d1f2 từ Redis',
  level: 'debug',
  timestamp: '2026-08-02T04:57:13.369Z'
}
{
  message: '[Cache Hit] Lấy thông tin hotel ID: 6c5095d1-8035-4ee6-b1b1-b9e27942a76f từ Redis',
  level: 'debug',
  timestamp: '2026-08-02T04:57:13.369Z'
}
{
  message: '[Cache Hit] Lấy thông tin hotel ID: 615a05ed-ca06-4178-9e3d-e2e883cd86f0 từ Redis',
  level: 'debug',
  timestamp: '2026-08-02T04:57:13.369Z'
}
{
  hotelId: 'b791877f-a851-4df9-8e97-491b5f55e97f',
  level: 'info',
  message: '[BookingController] Get hotel bookings',
  timestamp: '2026-08-02T04:57:13.376Z'
}
{
  hotelId: 'cdcc3f08-97f8-42a7-8c59-51ba169f3bee',
  level: 'info',
  message: '[BookingController] Get hotel bookings',
  timestamp: '2026-08-02T04:57:13.380Z'
}
{
  hotelId: '7806d7b1-469e-4a3e-b855-cc649c51efc9',
  level: 'info',
  message: '[BookingController] Get hotel bookings',
  timestamp: '2026-08-02T04:57:13.387Z'
}
{
  hotelId: '4ae8aa74-5d12-4c14-9904-1a09cd67b79d',
  level: 'info',
  message: '[BookingController] Get hotel bookings',
  timestamp: '2026-08-02T04:57:13.390Z'
}
{
  hotelId: '8168c601-3fbd-4be9-b0ba-78bc1ac96ea4',
  level: 'info',
  message: '[BookingController] Get hotel bookings',
  timestamp: '2026-08-02T04:57:13.393Z'
}
{
  hotelId: 'b1894531-1a55-41c4-8de3-3f7222ce9272',
  level: 'info',
  message: '[BookingController] Get hotel bookings',
  timestamp: '2026-08-02T04:57:13.395Z'
}
{
  message: '[Cache Hit] Lấy thông tin hotel ID: b791877f-a851-4df9-8e97-491b5f55e97f từ Redis',
  level: 'debug',
  timestamp: '2026-08-02T04:57:13.396Z'
}
{
  message: '[Cache Hit] Lấy thông tin hotel ID: cdcc3f08-97f8-42a7-8c59-51ba169f3bee từ Redis',
  level: 'debug',
  timestamp: '2026-08-02T04:57:13.396Z'
}
{
  message: '[Cache Hit] Lấy thông tin hotel ID: 7806d7b1-469e-4a3e-b855-cc649c51efc9 từ Redis',
  level: 'debug',
  timestamp: '2026-08-02T04:57:13.396Z'
}
{
  message: '[Cache Hit] Lấy thông tin hotel ID: 4ae8aa74-5d12-4c14-9904-1a09cd67b79d từ Redis',
  level: 'debug',
  timestamp: '2026-08-02T04:57:13.396Z'
}
{
  message: '[Cache Hit] Lấy thông tin hotel ID: 8168c601-3fbd-4be9-b0ba-78bc1ac96ea4 từ Redis',
  level: 'debug',
  timestamp: '2026-08-02T04:57:13.396Z'
}
{
  message: '[Cache Hit] Lấy thông tin hotel ID: b1894531-1a55-41c4-8de3-3f7222ce9272 từ Redis',
  level: 'debug',
  timestamp: '2026-08-02T04:57:13.397Z'
}
{
  hotelId: '99d133ab-5625-4527-9f6a-1c3784ec4888',
  level: 'info',
  message: '[BookingController] Get hotel bookings',
  timestamp: '2026-08-02T04:57:13.404Z'
}
{
  message: '[Cache Hit] Lấy thông tin hotel ID: 99d133ab-5625-4527-9f6a-1c3784ec4888 từ Redis',
  level: 'debug',
  timestamp: '2026-08-02T04:57:13.405Z'
}
{
  bookingId: '175d8ba8-d44e-4fe7-ad03-0abe85efcad9',
  level: 'info',
  message: '[BookingController] Update booking status',
  timestamp: '2026-08-02T04:57:24.072Z'
}
{
  message: '[Cache Hit] Lấy thông tin hotel ID: 99d133ab-5625-4527-9f6a-1c3784ec4888 từ Redis',
  level: 'debug',
  timestamp: '2026-08-02T04:57:24.126Z'
}
{
  message: '[HotelController] Get my hotels',
  level: 'info',
  timestamp: '2026-08-02T04:57:29.568Z'
}
{
  message: '[HotelController] Get my hotels',
  level: 'info',
  timestamp: '2026-08-02T04:57:29.588Z'
}
{
  hotelId: '774ea0ad-10a2-4836-add4-ed1bf337d1f2',
  level: 'info',
  message: '[BookingController] Get hotel bookings',
  timestamp: '2026-08-02T04:57:29.638Z'
}
{
  message: '[Cache Hit] Lấy thông tin hotel ID: 774ea0ad-10a2-4836-add4-ed1bf337d1f2 từ Redis',
  level: 'debug',
  timestamp: '2026-08-02T04:57:29.642Z'
}
{
  hotelId: '2d556b72-df20-455a-98d8-5887c31297de',
  level: 'info',
  message: '[BookingController] Get hotel bookings',
  timestamp: '2026-08-02T04:57:29.650Z'
}
{
  hotelId: '8168c601-3fbd-4be9-b0ba-78bc1ac96ea4',
  level: 'info',
  message: '[BookingController] Get hotel bookings',
  timestamp: '2026-08-02T04:57:29.654Z'
}
{
  hotelId: 'ca5dfeea-502a-49b4-8b40-edb8d8641096',
  level: 'info',
  message: '[BookingController] Get hotel bookings',
  timestamp: '2026-08-02T04:57:29.657Z'
}
{
  message: '[Cache Hit] Lấy thông tin hotel ID: 2d556b72-df20-455a-98d8-5887c31297de từ Redis',
  level: 'debug',
  timestamp: '2026-08-02T04:57:29.658Z'
}
{
  message: '[Cache Hit] Lấy thông tin hotel ID: 8168c601-3fbd-4be9-b0ba-78bc1ac96ea4 từ Redis',
  level: 'debug',
  timestamp: '2026-08-02T04:57:29.658Z'
}
{
  message: '[Cache Hit] Lấy thông tin hotel ID: ca5dfeea-502a-49b4-8b40-edb8d8641096 từ Redis',
  level: 'debug',
  timestamp: '2026-08-02T04:57:29.659Z'
}
{
  hotelId: 'cdcc3f08-97f8-42a7-8c59-51ba169f3bee',
  level: 'info',
  message: '[BookingController] Get hotel bookings',
  timestamp: '2026-08-02T04:57:29.661Z'
}
{
  message: '[Cache Hit] Lấy thông tin hotel ID: cdcc3f08-97f8-42a7-8c59-51ba169f3bee từ Redis',
  level: 'debug',
  timestamp: '2026-08-02T04:57:29.663Z'
}
{
  hotelId: '4ae8aa74-5d12-4c14-9904-1a09cd67b79d',
  level: 'info',
  message: '[BookingController] Get hotel bookings',
  timestamp: '2026-08-02T04:57:29.671Z'
}
{
  message: '[Cache Hit] Lấy thông tin hotel ID: 4ae8aa74-5d12-4c14-9904-1a09cd67b79d từ Redis',
  level: 'debug',
  timestamp: '2026-08-02T04:57:29.673Z'
}
{
  hotelId: 'b1894531-1a55-41c4-8de3-3f7222ce9272',
  level: 'info',
  message: '[BookingController] Get hotel bookings',
  timestamp: '2026-08-02T04:57:29.676Z'
}
{
  hotelId: '99d133ab-5625-4527-9f6a-1c3784ec4888',
  level: 'info',
  message: '[BookingController] Get hotel bookings',
  timestamp: '2026-08-02T04:57:29.679Z'
}
{
  hotelId: '6c5095d1-8035-4ee6-b1b1-b9e27942a76f',
  level: 'info',
  message: '[BookingController] Get hotel bookings',
  timestamp: '2026-08-02T04:57:29.681Z'
}
{
  hotelId: '7806d7b1-469e-4a3e-b855-cc649c51efc9',
  level: 'info',
  message: '[BookingController] Get hotel bookings',
  timestamp: '2026-08-02T04:57:29.685Z'
}
{
  message: '[Cache Hit] Lấy thông tin hotel ID: b1894531-1a55-41c4-8de3-3f7222ce9272 từ Redis',
  level: 'debug',
  timestamp: '2026-08-02T04:57:29.686Z'
}
{
  message: '[Cache Hit] Lấy thông tin hotel ID: 99d133ab-5625-4527-9f6a-1c3784ec4888 từ Redis',
  level: 'debug',
  timestamp: '2026-08-02T04:57:29.687Z'
}
{
  message: '[Cache Hit] Lấy thông tin hotel ID: 6c5095d1-8035-4ee6-b1b1-b9e27942a76f từ Redis',
  level: 'debug',
  timestamp: '2026-08-02T04:57:29.696Z'
}
{
  message: '[Cache Hit] Lấy thông tin hotel ID: 7806d7b1-469e-4a3e-b855-cc649c51efc9 từ Redis',
  level: 'debug',
  timestamp: '2026-08-02T04:57:29.697Z'
}
{
  hotelId: '615a05ed-ca06-4178-9e3d-e2e883cd86f0',
  level: 'info',
  message: '[BookingController] Get hotel bookings',
  timestamp: '2026-08-02T04:57:29.703Z'
}
{
  message: '[Cache Hit] Lấy thông tin hotel ID: 615a05ed-ca06-4178-9e3d-e2e883cd86f0 từ Redis',
  level: 'debug',
  timestamp: '2026-08-02T04:57:29.705Z'
}
{
  hotelId: 'b791877f-a851-4df9-8e97-491b5f55e97f',
  level: 'info',
  message: '[BookingController] Get hotel bookings',
  timestamp: '2026-08-02T04:57:29.714Z'
}
{
  message: '[Cache Hit] Lấy thông tin hotel ID: b791877f-a851-4df9-8e97-491b5f55e97f từ Redis',
  level: 'debug',
  timestamp: '2026-08-02T04:57:29.715Z'
}
{
  hotelId: '774ea0ad-10a2-4836-add4-ed1bf337d1f2',
  level: 'info',
  message: '[BookingController] Get hotel bookings',
  timestamp: '2026-08-02T04:57:29.718Z'
}
{
  hotelId: '2d556b72-df20-455a-98d8-5887c31297de',
  level: 'info',
  message: '[BookingController] Get hotel bookings',
  timestamp: '2026-08-02T04:57:29.722Z'
}
{
  hotelId: '8168c601-3fbd-4be9-b0ba-78bc1ac96ea4',
  level: 'info',
  message: '[BookingController] Get hotel bookings',
  timestamp: '2026-08-02T04:57:29.724Z'
}
{
  message: '[Cache Hit] Lấy thông tin hotel ID: 774ea0ad-10a2-4836-add4-ed1bf337d1f2 từ Redis',
  level: 'debug',
  timestamp: '2026-08-02T04:57:29.725Z'
}
{
  message: '[Cache Hit] Lấy thông tin hotel ID: 2d556b72-df20-455a-98d8-5887c31297de từ Redis',
  level: 'debug',
  timestamp: '2026-08-02T04:57:29.726Z'
}
{
  message: '[Cache Hit] Lấy thông tin hotel ID: 8168c601-3fbd-4be9-b0ba-78bc1ac96ea4 từ Redis',
  level: 'debug',
  timestamp: '2026-08-02T04:57:29.726Z'
}
{
  hotelId: 'ca5dfeea-502a-49b4-8b40-edb8d8641096',
  level: 'info',
  message: '[BookingController] Get hotel bookings',
  timestamp: '2026-08-02T04:57:29.729Z'
}
{
  message: '[Cache Hit] Lấy thông tin hotel ID: ca5dfeea-502a-49b4-8b40-edb8d8641096 từ Redis',
  level: 'debug',
  timestamp: '2026-08-02T04:57:29.730Z'
}
{
  hotelId: 'cdcc3f08-97f8-42a7-8c59-51ba169f3bee',
  level: 'info',
  message: '[BookingController] Get hotel bookings',
  timestamp: '2026-08-02T04:57:29.736Z'
}
{
  message: '[Cache Hit] Lấy thông tin hotel ID: cdcc3f08-97f8-42a7-8c59-51ba169f3bee từ Redis',
  level: 'debug',
  timestamp: '2026-08-02T04:57:29.737Z'
}
{
  hotelId: '4ae8aa74-5d12-4c14-9904-1a09cd67b79d',
  level: 'info',
  message: '[BookingController] Get hotel bookings',
  timestamp: '2026-08-02T04:57:29.742Z'
}
{
  hotelId: 'b1894531-1a55-41c4-8de3-3f7222ce9272',
  level: 'info',
  message: '[BookingController] Get hotel bookings',
  timestamp: '2026-08-02T04:57:29.744Z'
}
{
  hotelId: '6c5095d1-8035-4ee6-b1b1-b9e27942a76f',
  level: 'info',
  message: '[BookingController] Get hotel bookings',
  timestamp: '2026-08-02T04:57:29.746Z'
}
{
  message: '[Cache Hit] Lấy thông tin hotel ID: 4ae8aa74-5d12-4c14-9904-1a09cd67b79d từ Redis',
  level: 'debug',
  timestamp: '2026-08-02T04:57:29.747Z'
}
{
  message: '[Cache Hit] Lấy thông tin hotel ID: b1894531-1a55-41c4-8de3-3f7222ce9272 từ Redis',
  level: 'debug',
  timestamp: '2026-08-02T04:57:29.747Z'
}
{
  message: '[Cache Hit] Lấy thông tin hotel ID: 6c5095d1-8035-4ee6-b1b1-b9e27942a76f từ Redis',
  level: 'debug',
  timestamp: '2026-08-02T04:57:29.747Z'
}
{
  hotelId: '7806d7b1-469e-4a3e-b855-cc649c51efc9',
  level: 'info',
  message: '[BookingController] Get hotel bookings',
  timestamp: '2026-08-02T04:57:29.751Z'
}
{
  message: '[Cache Hit] Lấy thông tin hotel ID: 7806d7b1-469e-4a3e-b855-cc649c51efc9 từ Redis',
  level: 'debug',
  timestamp: '2026-08-02T04:57:29.752Z'
}
{
  hotelId: '615a05ed-ca06-4178-9e3d-e2e883cd86f0',
  level: 'info',
  message: '[BookingController] Get hotel bookings',
  timestamp: '2026-08-02T04:57:29.758Z'
}
{
  hotelId: 'b791877f-a851-4df9-8e97-491b5f55e97f',
  level: 'info',
  message: '[BookingController] Get hotel bookings',
  timestamp: '2026-08-02T04:57:29.760Z'
}
{
  message: '[Cache Hit] Lấy thông tin hotel ID: 615a05ed-ca06-4178-9e3d-e2e883cd86f0 từ Redis',
  level: 'debug',
  timestamp: '2026-08-02T04:57:29.762Z'
}
{
  message: '[Cache Hit] Lấy thông tin hotel ID: b791877f-a851-4df9-8e97-491b5f55e97f từ Redis',
  level: 'debug',
  timestamp: '2026-08-02T04:57:29.762Z'
}
{
  hotelId: '99d133ab-5625-4527-9f6a-1c3784ec4888',
  level: 'info',
  message: '[BookingController] Get hotel bookings',
  timestamp: '2026-08-02T04:57:29.765Z'
}
{
  message: '[Cache Hit] Lấy thông tin hotel ID: 99d133ab-5625-4527-9f6a-1c3784ec4888 từ Redis',
  level: 'debug',
  timestamp: '2026-08-02T04:57:29.765Z'
}
{
  message: '[HotelController] Get my hotels',
  level: 'info',
  timestamp: '2026-08-02T04:57:35.177Z'
}
{
  message: '[HotelController] Get my hotels',
  level: 'info',
  timestamp: '2026-08-02T04:57:35.209Z'
}
{
  hotelId: '2d556b72-df20-455a-98d8-5887c31297de',
  level: 'info',
  message: '[BookingController] Get hotel bookings',
  timestamp: '2026-08-02T04:57:35.243Z'
}
{
  hotelId: 'ca5dfeea-502a-49b4-8b40-edb8d8641096',
  level: 'info',
  message: '[BookingController] Get hotel bookings',
  timestamp: '2026-08-02T04:57:35.248Z'
}
{
  hotelId: '774ea0ad-10a2-4836-add4-ed1bf337d1f2',
  level: 'info',
  message: '[BookingController] Get hotel bookings',
  timestamp: '2026-08-02T04:57:35.251Z'
}
{
  hotelId: '6c5095d1-8035-4ee6-b1b1-b9e27942a76f',
  level: 'info',
  message: '[BookingController] Get hotel bookings',
  timestamp: '2026-08-02T04:57:35.253Z'
}
{
  hotelId: '615a05ed-ca06-4178-9e3d-e2e883cd86f0',
  level: 'info',
  message: '[BookingController] Get hotel bookings',
  timestamp: '2026-08-02T04:57:35.256Z'
}
{
  hotelId: 'b791877f-a851-4df9-8e97-491b5f55e97f',
  level: 'info',
  message: '[BookingController] Get hotel bookings',
  timestamp: '2026-08-02T04:57:35.258Z'
}
{
  message: '[Cache Hit] Lấy thông tin hotel ID: 2d556b72-df20-455a-98d8-5887c31297de từ Redis',
  level: 'debug',
  timestamp: '2026-08-02T04:57:35.263Z'
}
{
  message: '[Cache Hit] Lấy thông tin hotel ID: ca5dfeea-502a-49b4-8b40-edb8d8641096 từ Redis',
  level: 'debug',
  timestamp: '2026-08-02T04:57:35.264Z'
}
{
  message: '[Cache Hit] Lấy thông tin hotel ID: 774ea0ad-10a2-4836-add4-ed1bf337d1f2 từ Redis',
  level: 'debug',
  timestamp: '2026-08-02T04:57:35.264Z'
}
{
  message: '[Cache Hit] Lấy thông tin hotel ID: 6c5095d1-8035-4ee6-b1b1-b9e27942a76f từ Redis',
  level: 'debug',
  timestamp: '2026-08-02T04:57:35.264Z'
}
{
  message: '[Cache Hit] Lấy thông tin hotel ID: 615a05ed-ca06-4178-9e3d-e2e883cd86f0 từ Redis',
  level: 'debug',
  timestamp: '2026-08-02T04:57:35.264Z'
}
{
  message: '[Cache Hit] Lấy thông tin hotel ID: b791877f-a851-4df9-8e97-491b5f55e97f từ Redis',
  level: 'debug',
  timestamp: '2026-08-02T04:57:35.265Z'
}
{
  hotelId: 'cdcc3f08-97f8-42a7-8c59-51ba169f3bee',
  level: 'info',
  message: '[BookingController] Get hotel bookings',
  timestamp: '2026-08-02T04:57:35.281Z'
}
{
  hotelId: 'b1894531-1a55-41c4-8de3-3f7222ce9272',
  level: 'info',
  message: '[BookingController] Get hotel bookings',
  timestamp: '2026-08-02T04:57:35.284Z'
}
{
  hotelId: '99d133ab-5625-4527-9f6a-1c3784ec4888',
  level: 'info',
  message: '[BookingController] Get hotel bookings',
  timestamp: '2026-08-02T04:57:35.286Z'
}
{
  hotelId: '7806d7b1-469e-4a3e-b855-cc649c51efc9',
  level: 'info',
  message: '[BookingController] Get hotel bookings',
  timestamp: '2026-08-02T04:57:35.289Z'
}
{
  hotelId: '4ae8aa74-5d12-4c14-9904-1a09cd67b79d',
  level: 'info',
  message: '[BookingController] Get hotel bookings',
  timestamp: '2026-08-02T04:57:35.290Z'
}
{
  hotelId: '8168c601-3fbd-4be9-b0ba-78bc1ac96ea4',
  level: 'info',
  message: '[BookingController] Get hotel bookings',
  timestamp: '2026-08-02T04:57:35.293Z'
}
{
  message: '[Cache Hit] Lấy thông tin hotel ID: cdcc3f08-97f8-42a7-8c59-51ba169f3bee từ Redis',
  level: 'debug',
  timestamp: '2026-08-02T04:57:35.295Z'
}
{
  message: '[Cache Hit] Lấy thông tin hotel ID: b1894531-1a55-41c4-8de3-3f7222ce9272 từ Redis',
  level: 'debug',
  timestamp: '2026-08-02T04:57:35.299Z'
}
{
  message: '[Cache Hit] Lấy thông tin hotel ID: 99d133ab-5625-4527-9f6a-1c3784ec4888 từ Redis',
  level: 'debug',
  timestamp: '2026-08-02T04:57:35.299Z'
}
{
  message: '[Cache Hit] Lấy thông tin hotel ID: 7806d7b1-469e-4a3e-b855-cc649c51efc9 từ Redis',
  level: 'debug',
  timestamp: '2026-08-02T04:57:35.300Z'
}
{
  message: '[Cache Hit] Lấy thông tin hotel ID: 4ae8aa74-5d12-4c14-9904-1a09cd67b79d từ Redis',
  level: 'debug',
  timestamp: '2026-08-02T04:57:35.301Z'
}
{
  message: '[Cache Hit] Lấy thông tin hotel ID: 8168c601-3fbd-4be9-b0ba-78bc1ac96ea4 từ Redis',
  level: 'debug',
  timestamp: '2026-08-02T04:57:35.302Z'
}
{
  hotelId: '2d556b72-df20-455a-98d8-5887c31297de',
  level: 'info',
  message: '[BookingController] Get hotel bookings',
  timestamp: '2026-08-02T04:57:35.321Z'
}
{
  hotelId: 'ca5dfeea-502a-49b4-8b40-edb8d8641096',
  level: 'info',
  message: '[BookingController] Get hotel bookings',
  timestamp: '2026-08-02T04:57:35.325Z'
}
{
  hotelId: '774ea0ad-10a2-4836-add4-ed1bf337d1f2',
  level: 'info',
  message: '[BookingController] Get hotel bookings',
  timestamp: '2026-08-02T04:57:35.329Z'
}
{
  hotelId: '6c5095d1-8035-4ee6-b1b1-b9e27942a76f',
  level: 'info',
  message: '[BookingController] Get hotel bookings',
  timestamp: '2026-08-02T04:57:35.334Z'
}
{
  hotelId: '615a05ed-ca06-4178-9e3d-e2e883cd86f0',
  level: 'info',
  message: '[BookingController] Get hotel bookings',
  timestamp: '2026-08-02T04:57:35.336Z'
}
{
  hotelId: 'b791877f-a851-4df9-8e97-491b5f55e97f',
  level: 'info',
  message: '[BookingController] Get hotel bookings',
  timestamp: '2026-08-02T04:57:35.339Z'
}
{
  message: '[Cache Hit] Lấy thông tin hotel ID: 2d556b72-df20-455a-98d8-5887c31297de từ Redis',
  level: 'debug',
  timestamp: '2026-08-02T04:57:35.340Z'
}
{
  message: '[Cache Hit] Lấy thông tin hotel ID: ca5dfeea-502a-49b4-8b40-edb8d8641096 từ Redis',
  level: 'debug',
  timestamp: '2026-08-02T04:57:35.340Z'
}
{
  message: '[Cache Hit] Lấy thông tin hotel ID: 774ea0ad-10a2-4836-add4-ed1bf337d1f2 từ Redis',
  level: 'debug',
  timestamp: '2026-08-02T04:57:35.341Z'
}
{
  message: '[Cache Hit] Lấy thông tin hotel ID: 6c5095d1-8035-4ee6-b1b1-b9e27942a76f từ Redis',
  level: 'debug',
  timestamp: '2026-08-02T04:57:35.341Z'
}
{
  message: '[Cache Hit] Lấy thông tin hotel ID: 615a05ed-ca06-4178-9e3d-e2e883cd86f0 từ Redis',
  level: 'debug',
  timestamp: '2026-08-02T04:57:35.341Z'
}
{
  message: '[Cache Hit] Lấy thông tin hotel ID: b791877f-a851-4df9-8e97-491b5f55e97f từ Redis',
  level: 'debug',
  timestamp: '2026-08-02T04:57:35.341Z'
}
{
  hotelId: 'cdcc3f08-97f8-42a7-8c59-51ba169f3bee',
  level: 'info',
  message: '[BookingController] Get hotel bookings',
  timestamp: '2026-08-02T04:57:35.350Z'
}
{
  hotelId: 'b1894531-1a55-41c4-8de3-3f7222ce9272',
  level: 'info',
  message: '[BookingController] Get hotel bookings',
  timestamp: '2026-08-02T04:57:35.356Z'
}
{
  hotelId: '99d133ab-5625-4527-9f6a-1c3784ec4888',
  level: 'info',
  message: '[BookingController] Get hotel bookings',
  timestamp: '2026-08-02T04:57:35.360Z'
}
{
  hotelId: '7806d7b1-469e-4a3e-b855-cc649c51efc9',
  level: 'info',
  message: '[BookingController] Get hotel bookings',
  timestamp: '2026-08-02T04:57:35.363Z'
}
{
  hotelId: '4ae8aa74-5d12-4c14-9904-1a09cd67b79d',
  level: 'info',
  message: '[BookingController] Get hotel bookings',
  timestamp: '2026-08-02T04:57:35.367Z'
}
{
  hotelId: '8168c601-3fbd-4be9-b0ba-78bc1ac96ea4',
  level: 'info',
  message: '[BookingController] Get hotel bookings',
  timestamp: '2026-08-02T04:57:35.379Z'
}
{
  message: '[Cache Hit] Lấy thông tin hotel ID: cdcc3f08-97f8-42a7-8c59-51ba169f3bee từ Redis',
  level: 'debug',
  timestamp: '2026-08-02T04:57:35.380Z'
}
{
  message: '[Cache Hit] Lấy thông tin hotel ID: b1894531-1a55-41c4-8de3-3f7222ce9272 từ Redis',
  level: 'debug',
  timestamp: '2026-08-02T04:57:35.381Z'
}
{
  message: '[Cache Hit] Lấy thông tin hotel ID: 99d133ab-5625-4527-9f6a-1c3784ec4888 từ Redis',
  level: 'debug',
  timestamp: '2026-08-02T04:57:35.381Z'
}
{
  message: '[Cache Hit] Lấy thông tin hotel ID: 7806d7b1-469e-4a3e-b855-cc649c51efc9 từ Redis',
  level: 'debug',
  timestamp: '2026-08-02T04:57:35.381Z'
}
{
  message: '[Cache Hit] Lấy thông tin hotel ID: 4ae8aa74-5d12-4c14-9904-1a09cd67b79d từ Redis',
  level: 'debug',
  timestamp: '2026-08-02T04:57:35.381Z'
}
{
  message: '[Cache Hit] Lấy thông tin hotel ID: 8168c601-3fbd-4be9-b0ba-78bc1ac96ea4 từ Redis',
  level: 'debug',
  timestamp: '2026-08-02T04:57:35.381Z'
}
{
  message: 'JWT Verification Error: jwt expired',
  level: 'error',
  timestamp: '2026-08-02T04:57:53.128Z'
}
{
  message: 'GLOBAL ERROR HANDLER CAUGHT: Error: Phiên đăng nhập đã hết hạn. Vui lòng lấy Token mới.\n' +
    '    at authMiddleware (/app/src/middlewares/authMiddleware.ts:80:9)\n' +
    '    at Layer.handleRequest (/app/node_modules/router/lib/layer.js:152:17)\n' +
    '    at trimPrefix (/app/node_modules/router/index.js:342:13)\n' +
    '    at /app/node_modules/router/index.js:297:9\n' +
    '    at processParams (/app/node_modules/router/index.js:582:12)\n' +
    '    at next (/app/node_modules/router/index.js:291:5)\n' +
    '    at Function.handle (/app/node_modules/router/index.js:186:3)\n' +
    '    at router (/app/node_modules/router/index.js:60:12)\n' +
    '    at Layer.handleRequest (/app/node_modules/router/lib/layer.js:152:17)\n' +
    '    at trimPrefix (/app/node_modules/router/index.js:342:13)',
  level: 'error',
  timestamp: '2026-08-02T04:57:53.130Z'
}
{
  message: '[AuthController] Refresh Tokens',
  level: 'info',
  timestamp: '2026-08-02T04:57:53.142Z'
}
{
  message: 'Fetching user details for ID: 0772409a-2c0f-47cb-9ec6-51dbdeedda73',
  level: 'debug',
  timestamp: '2026-08-02T04:57:53.176Z'
}
{
  message: '[Cache Hit] Lấy thông tin user ID: 0772409a-2c0f-47cb-9ec6-51dbdeedda73 từ Redis',
  level: 'debug',
  timestamp: '2026-08-02T04:57:53.178Z'
}
{
  message: '[AuthService] Tokens refreshed successfully for user: agent1@booking.com',
  level: 'info',
  timestamp: '2026-08-02T04:57:53.203Z'
}
{
  message: 'Nhận tín hiệu SIGTERM. Đang đóng API Server...',
  level: 'info',
  timestamp: '2026-08-02T04:59:46.139Z'
}
{
  message: 'Express HTTP server đã đóng.',
  level: 'info',
  timestamp: '2026-08-02T04:59:46.140Z'
}
{
  message: '[Redis] Đã đóng kết nối Redis',
  level: 'info',
  timestamp: '2026-08-02T04:59:46.140Z'
}
{
  message: '[SchedulerService] Khởi tạo các cron job...',
  level: 'info',
  timestamp: '2026-08-02T04:59:58.768Z'
}
{
  message: 'Booking API Service đang chạy tại port 3000 (Môi trường: development)',
  level: 'info',
  timestamp: '2026-08-02T04:59:58.859Z'
}
{
  message: '[Redis] Kết nối thành công tới Redis server',
  level: 'info',
  timestamp: '2026-08-02T04:59:58.880Z'
}
{
  message: '[HotelController] Get my hotels',
  level: 'info',
  timestamp: '2026-08-02T04:59:59.938Z'
}
{
  message: '[SchedulerService] Đang kiểm tra các booking hết hạn thanh toán...',
  level: 'info',
  timestamp: '2026-08-02T05:00:00.002Z'
}
{
  hotelId: '2d556b72-df20-455a-98d8-5887c31297de',
  level: 'info',
  message: '[BookingController] Get hotel bookings',
  timestamp: '2026-08-02T05:00:00.077Z'
}
{
  message: '[Cache Hit] Lấy thông tin hotel ID: 2d556b72-df20-455a-98d8-5887c31297de từ Redis',
  level: 'debug',
  timestamp: '2026-08-02T05:00:00.089Z'
}
{
  hotelId: '6c5095d1-8035-4ee6-b1b1-b9e27942a76f',
  level: 'info',
  message: '[BookingController] Get hotel bookings',
  timestamp: '2026-08-02T05:00:00.098Z'
}
{
  hotelId: 'ca5dfeea-502a-49b4-8b40-edb8d8641096',
  level: 'info',
  message: '[BookingController] Get hotel bookings',
  timestamp: '2026-08-02T05:00:00.101Z'
}
{
  message: '[Cache Hit] Lấy thông tin hotel ID: 6c5095d1-8035-4ee6-b1b1-b9e27942a76f từ Redis',
  level: 'debug',
  timestamp: '2026-08-02T05:00:00.103Z'
}
{
  message: '[Cache Hit] Lấy thông tin hotel ID: ca5dfeea-502a-49b4-8b40-edb8d8641096 từ Redis',
  level: 'debug',
  timestamp: '2026-08-02T05:00:00.104Z'
}
{
  hotelId: '774ea0ad-10a2-4836-add4-ed1bf337d1f2',
  level: 'info',
  message: '[BookingController] Get hotel bookings',
  timestamp: '2026-08-02T05:00:00.107Z'
}
{
  message: '[Cache Hit] Lấy thông tin hotel ID: 774ea0ad-10a2-4836-add4-ed1bf337d1f2 từ Redis',
  level: 'debug',
  timestamp: '2026-08-02T05:00:00.109Z'
}
{
  hotelId: 'cdcc3f08-97f8-42a7-8c59-51ba169f3bee',
  level: 'info',
  message: '[BookingController] Get hotel bookings',
  timestamp: '2026-08-02T05:00:00.116Z'
}
{
  message: '[Cache Hit] Lấy thông tin hotel ID: cdcc3f08-97f8-42a7-8c59-51ba169f3bee từ Redis',
  level: 'debug',
  timestamp: '2026-08-02T05:00:00.117Z'
}
{
  hotelId: 'b1894531-1a55-41c4-8de3-3f7222ce9272',
  level: 'info',
  message: '[BookingController] Get hotel bookings',
  timestamp: '2026-08-02T05:00:00.120Z'
}
{
  hotelId: '99d133ab-5625-4527-9f6a-1c3784ec4888',
  level: 'info',
  message: '[BookingController] Get hotel bookings',
  timestamp: '2026-08-02T05:00:00.124Z'
}
{
  hotelId: '7806d7b1-469e-4a3e-b855-cc649c51efc9',
  level: 'info',
  message: '[BookingController] Get hotel bookings',
  timestamp: '2026-08-02T05:00:00.127Z'
}
{
  message: '[Cache Hit] Lấy thông tin hotel ID: b1894531-1a55-41c4-8de3-3f7222ce9272 từ Redis',
  level: 'debug',
  timestamp: '2026-08-02T05:00:00.128Z'
}
{
  message: '[Cache Hit] Lấy thông tin hotel ID: 99d133ab-5625-4527-9f6a-1c3784ec4888 từ Redis',
  level: 'debug',
  timestamp: '2026-08-02T05:00:00.129Z'
}
{
  message: '[Cache Hit] Lấy thông tin hotel ID: 7806d7b1-469e-4a3e-b855-cc649c51efc9 từ Redis',
  level: 'debug',
  timestamp: '2026-08-02T05:00:00.129Z'
}
{
  hotelId: '8168c601-3fbd-4be9-b0ba-78bc1ac96ea4',
  level: 'info',
  message: '[BookingController] Get hotel bookings',
  timestamp: '2026-08-02T05:00:00.134Z'
}
{
  hotelId: '4ae8aa74-5d12-4c14-9904-1a09cd67b79d',
  level: 'info',
  message: '[BookingController] Get hotel bookings',
  timestamp: '2026-08-02T05:00:00.135Z'
}
{
  message: '[Cache Hit] Lấy thông tin hotel ID: 8168c601-3fbd-4be9-b0ba-78bc1ac96ea4 từ Redis',
  level: 'debug',
  timestamp: '2026-08-02T05:00:00.137Z'
}
{
  message: '[Cache Hit] Lấy thông tin hotel ID: 4ae8aa74-5d12-4c14-9904-1a09cd67b79d từ Redis',
  level: 'debug',
  timestamp: '2026-08-02T05:00:00.137Z'
}
{
  hotelId: '615a05ed-ca06-4178-9e3d-e2e883cd86f0',
  level: 'info',
  message: '[BookingController] Get hotel bookings',
  timestamp: '2026-08-02T05:00:00.140Z'
}
{
  message: '[Cache Hit] Lấy thông tin hotel ID: 615a05ed-ca06-4178-9e3d-e2e883cd86f0 từ Redis',
  level: 'debug',
  timestamp: '2026-08-02T05:00:00.141Z'
}
{
  hotelId: 'b791877f-a851-4df9-8e97-491b5f55e97f',
  level: 'info',
  message: '[BookingController] Get hotel bookings',
  timestamp: '2026-08-02T05:00:00.150Z'
}
{
  message: '[Cache Hit] Lấy thông tin hotel ID: b791877f-a851-4df9-8e97-491b5f55e97f từ Redis',
  level: 'debug',
  timestamp: '2026-08-02T05:00:00.151Z'
}
{
  message: 'JWT Verification Error: jwt expired',
  level: 'error',
  timestamp: '2026-08-02T05:00:57.938Z'
}
{
  message: 'GLOBAL ERROR HANDLER CAUGHT: Error: Phiên đăng nhập đã hết hạn. Vui lòng lấy Token mới.\n' +
    '    at authMiddleware (/app/src/middlewares/authMiddleware.ts:80:9)\n' +
    '    at Layer.handleRequest (/app/node_modules/router/lib/layer.js:152:17)\n' +
    '    at next (/app/node_modules/router/lib/route.js:157:13)\n' +
    '    at Route.dispatch (/app/node_modules/router/lib/route.js:117:3)\n' +
    '    at handle (/app/node_modules/router/index.js:435:11)\n' +
    '    at Layer.handleRequest (/app/node_modules/router/lib/layer.js:152:17)\n' +
    '    at /app/node_modules/router/index.js:295:15\n' +
    '    at processParams (/app/node_modules/router/index.js:582:12)\n' +
    '    at next (/app/node_modules/router/index.js:291:5)\n' +
    '    at Function.handle (/app/node_modules/router/index.js:186:3)',
  level: 'error',
  timestamp: '2026-08-02T05:00:57.941Z'
}
{
  message: '[AuthController] Refresh Tokens',
  level: 'info',
  timestamp: '2026-08-02T05:00:57.966Z'
}
{
  message: 'Fetching user details for ID: 0772409a-2c0f-47cb-9ec6-51dbdeedda73',
  level: 'debug',
  timestamp: '2026-08-02T05:00:57.982Z'
}
{
  message: '[Cache Hit] Lấy thông tin user ID: 0772409a-2c0f-47cb-9ec6-51dbdeedda73 từ Redis',
  level: 'debug',
  timestamp: '2026-08-02T05:00:57.983Z'
}
{
  message: '[AuthService] Tokens refreshed successfully for user: agent1@booking.com',
  level: 'info',
  timestamp: '2026-08-02T05:00:58.023Z'
}
{
  message: '[HotelController] Get my hotels',
  level: 'info',
  timestamp: '2026-08-02T05:00:58.087Z'
}
{
  hotelId: '2d556b72-df20-455a-98d8-5887c31297de',
  level: 'info',
  message: '[BookingController] Get hotel bookings',
  timestamp: '2026-08-02T05:00:58.136Z'
}
{
  message: '[Cache Hit] Lấy thông tin hotel ID: 2d556b72-df20-455a-98d8-5887c31297de từ Redis',
  level: 'debug',
  timestamp: '2026-08-02T05:00:58.151Z'
}
{
  hotelId: 'ca5dfeea-502a-49b4-8b40-edb8d8641096',
  level: 'info',
  message: '[BookingController] Get hotel bookings',
  timestamp: '2026-08-02T05:00:58.167Z'
}
{
  message: '[Cache Hit] Lấy thông tin hotel ID: ca5dfeea-502a-49b4-8b40-edb8d8641096 từ Redis',
  level: 'debug',
  timestamp: '2026-08-02T05:00:58.169Z'
}
{
  hotelId: '4ae8aa74-5d12-4c14-9904-1a09cd67b79d',
  level: 'info',
  message: '[BookingController] Get hotel bookings',
  timestamp: '2026-08-02T05:00:58.172Z'
}
{
  hotelId: '615a05ed-ca06-4178-9e3d-e2e883cd86f0',
  level: 'info',
  message: '[BookingController] Get hotel bookings',
  timestamp: '2026-08-02T05:00:58.178Z'
}
{
  message: '[Cache Hit] Lấy thông tin hotel ID: 4ae8aa74-5d12-4c14-9904-1a09cd67b79d từ Redis',
  level: 'debug',
  timestamp: '2026-08-02T05:00:58.180Z'
}
{
  message: '[Cache Hit] Lấy thông tin hotel ID: 615a05ed-ca06-4178-9e3d-e2e883cd86f0 từ Redis',
  level: 'debug',
  timestamp: '2026-08-02T05:00:58.181Z'
}
{
  hotelId: 'cdcc3f08-97f8-42a7-8c59-51ba169f3bee',
  level: 'info',
  message: '[BookingController] Get hotel bookings',
  timestamp: '2026-08-02T05:00:58.186Z'
}
{
  message: '[Cache Hit] Lấy thông tin hotel ID: cdcc3f08-97f8-42a7-8c59-51ba169f3bee từ Redis',
  level: 'debug',
  timestamp: '2026-08-02T05:00:58.188Z'
}
{
  hotelId: '8168c601-3fbd-4be9-b0ba-78bc1ac96ea4',
  level: 'info',
  message: '[BookingController] Get hotel bookings',
  timestamp: '2026-08-02T05:00:58.192Z'
}
{
  hotelId: '6c5095d1-8035-4ee6-b1b1-b9e27942a76f',
  level: 'info',
  message: '[BookingController] Get hotel bookings',
  timestamp: '2026-08-02T05:00:58.196Z'
}
{
  message: '[Cache Hit] Lấy thông tin hotel ID: 8168c601-3fbd-4be9-b0ba-78bc1ac96ea4 từ Redis',
  level: 'debug',
  timestamp: '2026-08-02T05:00:58.197Z'
}
{
  message: '[Cache Hit] Lấy thông tin hotel ID: 6c5095d1-8035-4ee6-b1b1-b9e27942a76f từ Redis',
  level: 'debug',
  timestamp: '2026-08-02T05:00:58.198Z'
}
{
  hotelId: 'b791877f-a851-4df9-8e97-491b5f55e97f',
  level: 'info',
  message: '[BookingController] Get hotel bookings',
  timestamp: '2026-08-02T05:00:58.219Z'
}
{
  hotelId: 'b1894531-1a55-41c4-8de3-3f7222ce9272',
  level: 'info',
  message: '[BookingController] Get hotel bookings',
  timestamp: '2026-08-02T05:00:58.223Z'
}
{
  hotelId: '774ea0ad-10a2-4836-add4-ed1bf337d1f2',
  level: 'info',
  message: '[BookingController] Get hotel bookings',
  timestamp: '2026-08-02T05:00:58.236Z'
}
{
  message: '[Cache Hit] Lấy thông tin hotel ID: b791877f-a851-4df9-8e97-491b5f55e97f từ Redis',
  level: 'debug',
  timestamp: '2026-08-02T05:00:58.237Z'
}
{
  message: '[Cache Hit] Lấy thông tin hotel ID: b1894531-1a55-41c4-8de3-3f7222ce9272 từ Redis',
  level: 'debug',
  timestamp: '2026-08-02T05:00:58.238Z'
}
{
  message: '[Cache Hit] Lấy thông tin hotel ID: 774ea0ad-10a2-4836-add4-ed1bf337d1f2 từ Redis',
  level: 'debug',
  timestamp: '2026-08-02T05:00:58.238Z'
}
{
  hotelId: '99d133ab-5625-4527-9f6a-1c3784ec4888',
  level: 'info',
  message: '[BookingController] Get hotel bookings',
  timestamp: '2026-08-02T05:00:58.242Z'
}
{
  message: '[Cache Hit] Lấy thông tin hotel ID: 99d133ab-5625-4527-9f6a-1c3784ec4888 từ Redis',
  level: 'debug',
  timestamp: '2026-08-02T05:00:58.244Z'
}
{
  hotelId: '7806d7b1-469e-4a3e-b855-cc649c51efc9',
  level: 'info',
  message: '[BookingController] Get hotel bookings',
  timestamp: '2026-08-02T05:00:58.261Z'
}
{
  message: '[Cache Hit] Lấy thông tin hotel ID: 7806d7b1-469e-4a3e-b855-cc649c51efc9 từ Redis',
  level: 'debug',
  timestamp: '2026-08-02T05:00:58.265Z'
}
{
  message: '[HotelController] Get my hotels',
  level: 'info',
  timestamp: '2026-08-02T05:01:08.949Z'
}
{
  hotelId: '2d556b72-df20-455a-98d8-5887c31297de',
  level: 'info',
  message: '[BookingController] Get hotel bookings',
  timestamp: '2026-08-02T05:01:09.009Z'
}
{
  message: '[Cache Hit] Lấy thông tin hotel ID: 2d556b72-df20-455a-98d8-5887c31297de từ Redis',
  level: 'debug',
  timestamp: '2026-08-02T05:01:09.025Z'
}
{
  hotelId: 'ca5dfeea-502a-49b4-8b40-edb8d8641096',
  level: 'info',
  message: '[BookingController] Get hotel bookings',
  timestamp: '2026-08-02T05:01:09.034Z'
}
{
  message: '[Cache Hit] Lấy thông tin hotel ID: ca5dfeea-502a-49b4-8b40-edb8d8641096 từ Redis',
  level: 'debug',
  timestamp: '2026-08-02T05:01:09.035Z'
}
{
  hotelId: '4ae8aa74-5d12-4c14-9904-1a09cd67b79d',
  level: 'info',
  message: '[BookingController] Get hotel bookings',
  timestamp: '2026-08-02T05:01:09.037Z'
}
{
  hotelId: '774ea0ad-10a2-4836-add4-ed1bf337d1f2',
  level: 'info',
  message: '[BookingController] Get hotel bookings',
  timestamp: '2026-08-02T05:01:09.039Z'
}
{
  message: '[Cache Hit] Lấy thông tin hotel ID: 4ae8aa74-5d12-4c14-9904-1a09cd67b79d từ Redis',
  level: 'debug',
  timestamp: '2026-08-02T05:01:09.040Z'
}
{
  message: '[Cache Hit] Lấy thông tin hotel ID: 774ea0ad-10a2-4836-add4-ed1bf337d1f2 từ Redis',
  level: 'debug',
  timestamp: '2026-08-02T05:01:09.040Z'
}
{
  hotelId: '6c5095d1-8035-4ee6-b1b1-b9e27942a76f',
  level: 'info',
  message: '[BookingController] Get hotel bookings',
  timestamp: '2026-08-02T05:01:09.042Z'
}
{
  message: '[Cache Hit] Lấy thông tin hotel ID: 6c5095d1-8035-4ee6-b1b1-b9e27942a76f từ Redis',
  level: 'debug',
  timestamp: '2026-08-02T05:01:09.043Z'
}
{
  hotelId: '8168c601-3fbd-4be9-b0ba-78bc1ac96ea4',
  level: 'info',
  message: '[BookingController] Get hotel bookings',
  timestamp: '2026-08-02T05:01:09.050Z'
}
{
  hotelId: '7806d7b1-469e-4a3e-b855-cc649c51efc9',
  level: 'info',
  message: '[BookingController] Get hotel bookings',
  timestamp: '2026-08-02T05:01:09.052Z'
}
{
  message: '[Cache Hit] Lấy thông tin hotel ID: 8168c601-3fbd-4be9-b0ba-78bc1ac96ea4 từ Redis',
  level: 'debug',
  timestamp: '2026-08-02T05:01:09.054Z'
}
{
  message: '[Cache Hit] Lấy thông tin hotel ID: 7806d7b1-469e-4a3e-b855-cc649c51efc9 từ Redis',
  level: 'debug',
  timestamp: '2026-08-02T05:01:09.055Z'
}
{
  hotelId: 'b791877f-a851-4df9-8e97-491b5f55e97f',
  level: 'info',
  message: '[BookingController] Get hotel bookings',
  timestamp: '2026-08-02T05:01:09.059Z'
}
{
  hotelId: 'b1894531-1a55-41c4-8de3-3f7222ce9272',
  level: 'info',
  message: '[BookingController] Get hotel bookings',
  timestamp: '2026-08-02T05:01:09.061Z'
}
{
  hotelId: '615a05ed-ca06-4178-9e3d-e2e883cd86f0',
  level: 'info',
  message: '[BookingController] Get hotel bookings',
  timestamp: '2026-08-02T05:01:09.065Z'
}
{
  message: '[Cache Hit] Lấy thông tin hotel ID: b791877f-a851-4df9-8e97-491b5f55e97f từ Redis',
  level: 'debug',
  timestamp: '2026-08-02T05:01:09.065Z'
}
{
  message: '[Cache Hit] Lấy thông tin hotel ID: b1894531-1a55-41c4-8de3-3f7222ce9272 từ Redis',
  level: 'debug',
  timestamp: '2026-08-02T05:01:09.066Z'
}
{
  message: '[Cache Hit] Lấy thông tin hotel ID: 615a05ed-ca06-4178-9e3d-e2e883cd86f0 từ Redis',
  level: 'debug',
  timestamp: '2026-08-02T05:01:09.066Z'
}
{
  hotelId: '99d133ab-5625-4527-9f6a-1c3784ec4888',
  level: 'info',
  message: '[BookingController] Get hotel bookings',
  timestamp: '2026-08-02T05:01:09.071Z'
}
{
  message: '[Cache Hit] Lấy thông tin hotel ID: 99d133ab-5625-4527-9f6a-1c3784ec4888 từ Redis',
  level: 'debug',
  timestamp: '2026-08-02T05:01:09.072Z'
}
{
  hotelId: 'cdcc3f08-97f8-42a7-8c59-51ba169f3bee',
  level: 'info',
  message: '[BookingController] Get hotel bookings',
  timestamp: '2026-08-02T05:01:09.077Z'
}
{
  message: '[Cache Hit] Lấy thông tin hotel ID: cdcc3f08-97f8-42a7-8c59-51ba169f3bee từ Redis',
  level: 'debug',
  timestamp: '2026-08-02T05:01:09.078Z'
}
{
  userId: '0772409a-2c0f-47cb-9ec6-51dbdeedda73',
  level: 'info',
  message: '[AuthController] Get Me',
  timestamp: '2026-08-02T05:01:24.580Z'
}
{
  message: 'Fetching user details for ID: 0772409a-2c0f-47cb-9ec6-51dbdeedda73',
  level: 'debug',
  timestamp: '2026-08-02T05:01:24.581Z'
}
{
  message: '[Cache Hit] Lấy thông tin user ID: 0772409a-2c0f-47cb-9ec6-51dbdeedda73 từ Redis',
  level: 'debug',
  timestamp: '2026-08-02T05:01:24.581Z'
}
{
  userId: '0772409a-2c0f-47cb-9ec6-51dbdeedda73',
  level: 'info',
  message: '[AuthController] Get Me',
  timestamp: '2026-08-02T05:01:24.585Z'
}
{
  message: 'Fetching user details for ID: 0772409a-2c0f-47cb-9ec6-51dbdeedda73',
  level: 'debug',
  timestamp: '2026-08-02T05:01:24.586Z'
}
{
  message: '[Cache Hit] Lấy thông tin user ID: 0772409a-2c0f-47cb-9ec6-51dbdeedda73 từ Redis',
  level: 'debug',
  timestamp: '2026-08-02T05:01:24.586Z'
}
{
  message: '[HotelController] Get my hotels',
  level: 'info',
  timestamp: '2026-08-02T05:01:24.912Z'
}
{
  message: '[HotelController] Get my hotels',
  level: 'info',
  timestamp: '2026-08-02T05:01:24.946Z'
}
{
  hotelId: '2d556b72-df20-455a-98d8-5887c31297de',
  level: 'info',
  message: '[BookingController] Get hotel bookings',
  timestamp: '2026-08-02T05:01:24.973Z'
}
{
  message: '[Cache Hit] Lấy thông tin hotel ID: 2d556b72-df20-455a-98d8-5887c31297de từ Redis',
  level: 'debug',
  timestamp: '2026-08-02T05:01:24.989Z'
}
{
  hotelId: '8168c601-3fbd-4be9-b0ba-78bc1ac96ea4',
  level: 'info',
  message: '[BookingController] Get hotel bookings',
  timestamp: '2026-08-02T05:01:24.999Z'
}
{
  message: '[Cache Hit] Lấy thông tin hotel ID: 8168c601-3fbd-4be9-b0ba-78bc1ac96ea4 từ Redis',
  level: 'debug',
  timestamp: '2026-08-02T05:01:25.006Z'
}
{
  hotelId: 'b1894531-1a55-41c4-8de3-3f7222ce9272',
  level: 'info',
  message: '[BookingController] Get hotel bookings',
  timestamp: '2026-08-02T05:01:25.014Z'
}
{
  message: '[Cache Hit] Lấy thông tin hotel ID: b1894531-1a55-41c4-8de3-3f7222ce9272 từ Redis',
  level: 'debug',
  timestamp: '2026-08-02T05:01:25.017Z'
}
{
  hotelId: '774ea0ad-10a2-4836-add4-ed1bf337d1f2',
  level: 'info',
  message: '[BookingController] Get hotel bookings',
  timestamp: '2026-08-02T05:01:25.027Z'
}
{
  hotelId: 'ca5dfeea-502a-49b4-8b40-edb8d8641096',
  level: 'info',
  message: '[BookingController] Get hotel bookings',
  timestamp: '2026-08-02T05:01:25.030Z'
}
{
  message: '[Cache Hit] Lấy thông tin hotel ID: 774ea0ad-10a2-4836-add4-ed1bf337d1f2 từ Redis',
  level: 'debug',
  timestamp: '2026-08-02T05:01:25.033Z'
}
{
  message: '[Cache Hit] Lấy thông tin hotel ID: ca5dfeea-502a-49b4-8b40-edb8d8641096 từ Redis',
  level: 'debug',
  timestamp: '2026-08-02T05:01:25.033Z'
}
{
  hotelId: '99d133ab-5625-4527-9f6a-1c3784ec4888',
  level: 'info',
  message: '[BookingController] Get hotel bookings',
  timestamp: '2026-08-02T05:01:25.036Z'
}
{
  hotelId: 'cdcc3f08-97f8-42a7-8c59-51ba169f3bee',
  level: 'info',
  message: '[BookingController] Get hotel bookings',
  timestamp: '2026-08-02T05:01:25.048Z'
}
{
  message: '[Cache Hit] Lấy thông tin hotel ID: 99d133ab-5625-4527-9f6a-1c3784ec4888 từ Redis',
  level: 'debug',
  timestamp: '2026-08-02T05:01:25.050Z'
}
{
  message: '[Cache Hit] Lấy thông tin hotel ID: cdcc3f08-97f8-42a7-8c59-51ba169f3bee từ Redis',
  level: 'debug',
  timestamp: '2026-08-02T05:01:25.050Z'
}
{
  hotelId: '4ae8aa74-5d12-4c14-9904-1a09cd67b79d',
  level: 'info',
  message: '[BookingController] Get hotel bookings',
  timestamp: '2026-08-02T05:01:25.055Z'
}
{
  message: '[Cache Hit] Lấy thông tin hotel ID: 4ae8aa74-5d12-4c14-9904-1a09cd67b79d từ Redis',
  level: 'debug',
  timestamp: '2026-08-02T05:01:25.057Z'
}
{
  hotelId: '6c5095d1-8035-4ee6-b1b1-b9e27942a76f',
  level: 'info',
  message: '[BookingController] Get hotel bookings',
  timestamp: '2026-08-02T05:01:25.067Z'
}
{
  hotelId: '615a05ed-ca06-4178-9e3d-e2e883cd86f0',
  level: 'info',
  message: '[BookingController] Get hotel bookings',
  timestamp: '2026-08-02T05:01:25.070Z'
}
{
  hotelId: '7806d7b1-469e-4a3e-b855-cc649c51efc9',
  level: 'info',
  message: '[BookingController] Get hotel bookings',
  timestamp: '2026-08-02T05:01:25.072Z'
}
{
  message: '[Cache Hit] Lấy thông tin hotel ID: 6c5095d1-8035-4ee6-b1b1-b9e27942a76f từ Redis',
  level: 'debug',
  timestamp: '2026-08-02T05:01:25.073Z'
}
{
  message: '[Cache Hit] Lấy thông tin hotel ID: 615a05ed-ca06-4178-9e3d-e2e883cd86f0 từ Redis',
  level: 'debug',
  timestamp: '2026-08-02T05:01:25.074Z'
}
{
  message: '[Cache Hit] Lấy thông tin hotel ID: 7806d7b1-469e-4a3e-b855-cc649c51efc9 từ Redis',
  level: 'debug',
  timestamp: '2026-08-02T05:01:25.074Z'
}
{
  hotelId: 'b791877f-a851-4df9-8e97-491b5f55e97f',
  level: 'info',
  message: '[BookingController] Get hotel bookings',
  timestamp: '2026-08-02T05:01:25.078Z'
}
{
  hotelId: '2d556b72-df20-455a-98d8-5887c31297de',
  level: 'info',
  message: '[BookingController] Get hotel bookings',
  timestamp: '2026-08-02T05:01:25.082Z'
}
{
  message: '[Cache Hit] Lấy thông tin hotel ID: b791877f-a851-4df9-8e97-491b5f55e97f từ Redis',
  level: 'debug',
  timestamp: '2026-08-02T05:01:25.084Z'
}
{
  message: '[Cache Hit] Lấy thông tin hotel ID: 2d556b72-df20-455a-98d8-5887c31297de từ Redis',
  level: 'debug',
  timestamp: '2026-08-02T05:01:25.084Z'
}
{
  hotelId: '8168c601-3fbd-4be9-b0ba-78bc1ac96ea4',
  level: 'info',
  message: '[BookingController] Get hotel bookings',
  timestamp: '2026-08-02T05:01:25.092Z'
}
{
  message: '[Cache Hit] Lấy thông tin hotel ID: 8168c601-3fbd-4be9-b0ba-78bc1ac96ea4 từ Redis',
  level: 'debug',
  timestamp: '2026-08-02T05:01:25.094Z'
}
{
  hotelId: 'b1894531-1a55-41c4-8de3-3f7222ce9272',
  level: 'info',
  message: '[BookingController] Get hotel bookings',
  timestamp: '2026-08-02T05:01:25.099Z'
}
{
  hotelId: '774ea0ad-10a2-4836-add4-ed1bf337d1f2',
  level: 'info',
  message: '[BookingController] Get hotel bookings',
  timestamp: '2026-08-02T05:01:25.102Z'
}
{
  hotelId: 'ca5dfeea-502a-49b4-8b40-edb8d8641096',
  level: 'info',
  message: '[BookingController] Get hotel bookings',
  timestamp: '2026-08-02T05:01:25.106Z'
}
{
  message: '[Cache Hit] Lấy thông tin hotel ID: b1894531-1a55-41c4-8de3-3f7222ce9272 từ Redis',
  level: 'debug',
  timestamp: '2026-08-02T05:01:25.108Z'
}
{
  message: '[Cache Hit] Lấy thông tin hotel ID: 774ea0ad-10a2-4836-add4-ed1bf337d1f2 từ Redis',
  level: 'debug',
  timestamp: '2026-08-02T05:01:25.109Z'
}
{
  message: '[Cache Hit] Lấy thông tin hotel ID: ca5dfeea-502a-49b4-8b40-edb8d8641096 từ Redis',
  level: 'debug',
  timestamp: '2026-08-02T05:01:25.109Z'
}
{
  hotelId: '99d133ab-5625-4527-9f6a-1c3784ec4888',
  level: 'info',
  message: '[BookingController] Get hotel bookings',
  timestamp: '2026-08-02T05:01:25.113Z'
}
{
  hotelId: 'cdcc3f08-97f8-42a7-8c59-51ba169f3bee',
  level: 'info',
  message: '[BookingController] Get hotel bookings',
  timestamp: '2026-08-02T05:01:25.116Z'
}
{
  message: '[Cache Hit] Lấy thông tin hotel ID: 99d133ab-5625-4527-9f6a-1c3784ec4888 từ Redis',
  level: 'debug',
  timestamp: '2026-08-02T05:01:25.118Z'
}
{
  message: '[Cache Hit] Lấy thông tin hotel ID: cdcc3f08-97f8-42a7-8c59-51ba169f3bee từ Redis',
  level: 'debug',
  timestamp: '2026-08-02T05:01:25.118Z'
}
{
  hotelId: '4ae8aa74-5d12-4c14-9904-1a09cd67b79d',
  level: 'info',
  message: '[BookingController] Get hotel bookings',
  timestamp: '2026-08-02T05:01:25.128Z'
}
{
  message: '[Cache Hit] Lấy thông tin hotel ID: 4ae8aa74-5d12-4c14-9904-1a09cd67b79d từ Redis',
  level: 'debug',
  timestamp: '2026-08-02T05:01:25.132Z'
}
{
  hotelId: '6c5095d1-8035-4ee6-b1b1-b9e27942a76f',
  level: 'info',
  message: '[BookingController] Get hotel bookings',
  timestamp: '2026-08-02T05:01:25.136Z'
}
{
  hotelId: '615a05ed-ca06-4178-9e3d-e2e883cd86f0',
  level: 'info',
  message: '[BookingController] Get hotel bookings',
  timestamp: '2026-08-02T05:01:25.140Z'
}
{
  hotelId: '7806d7b1-469e-4a3e-b855-cc649c51efc9',
  level: 'info',
  message: '[BookingController] Get hotel bookings',
  timestamp: '2026-08-02T05:01:25.142Z'
}
{
  message: '[Cache Hit] Lấy thông tin hotel ID: 6c5095d1-8035-4ee6-b1b1-b9e27942a76f từ Redis',
  level: 'debug',
  timestamp: '2026-08-02T05:01:25.144Z'
}
{
  message: '[Cache Hit] Lấy thông tin hotel ID: 615a05ed-ca06-4178-9e3d-e2e883cd86f0 từ Redis',
  level: 'debug',
  timestamp: '2026-08-02T05:01:25.146Z'
}
{
  message: '[Cache Hit] Lấy thông tin hotel ID: 7806d7b1-469e-4a3e-b855-cc649c51efc9 từ Redis',
  level: 'debug',
  timestamp: '2026-08-02T05:01:25.146Z'
}
{
  hotelId: 'b791877f-a851-4df9-8e97-491b5f55e97f',
  level: 'info',
  message: '[BookingController] Get hotel bookings',
  timestamp: '2026-08-02T05:01:25.152Z'
}
{
  message: '[Cache Hit] Lấy thông tin hotel ID: b791877f-a851-4df9-8e97-491b5f55e97f từ Redis',
  level: 'debug',
  timestamp: '2026-08-02T05:01:25.153Z'
}
{
  userId: '0772409a-2c0f-47cb-9ec6-51dbdeedda73',
  level: 'info',
  message: '[AuthController] Get Me',
  timestamp: '2026-08-02T05:01:33.997Z'
}
{
  message: 'Fetching user details for ID: 0772409a-2c0f-47cb-9ec6-51dbdeedda73',
  level: 'debug',
  timestamp: '2026-08-02T05:01:33.998Z'
}
{
  message: '[Cache Hit] Lấy thông tin user ID: 0772409a-2c0f-47cb-9ec6-51dbdeedda73 từ Redis',
  level: 'debug',
  timestamp: '2026-08-02T05:01:34.001Z'
}
{
  userId: '0772409a-2c0f-47cb-9ec6-51dbdeedda73',
  level: 'info',
  message: '[AuthController] Get Me',
  timestamp: '2026-08-02T05:01:34.012Z'
}
{
  message: 'Fetching user details for ID: 0772409a-2c0f-47cb-9ec6-51dbdeedda73',
  level: 'debug',
  timestamp: '2026-08-02T05:01:34.013Z'
}
{
  message: '[Cache Hit] Lấy thông tin user ID: 0772409a-2c0f-47cb-9ec6-51dbdeedda73 từ Redis',
  level: 'debug',
  timestamp: '2026-08-02T05:01:34.014Z'
}
{
  message: '[HotelController] Get my hotels',
  level: 'info',
  timestamp: '2026-08-02T05:01:34.338Z'
}
{
  message: '[HotelController] Get my hotels',
  level: 'info',
  timestamp: '2026-08-02T05:01:34.356Z'
}
{
  hotelId: '774ea0ad-10a2-4836-add4-ed1bf337d1f2',
  level: 'info',
  message: '[BookingController] Get hotel bookings',
  timestamp: '2026-08-02T05:01:34.393Z'
}
{
  hotelId: '4ae8aa74-5d12-4c14-9904-1a09cd67b79d',
  level: 'info',
  message: '[BookingController] Get hotel bookings',
  timestamp: '2026-08-02T05:01:34.395Z'
}
{
  message: '[Cache Hit] Lấy thông tin hotel ID: 774ea0ad-10a2-4836-add4-ed1bf337d1f2 từ Redis',
  level: 'debug',
  timestamp: '2026-08-02T05:01:34.396Z'
}
{
  message: '[Cache Hit] Lấy thông tin hotel ID: 4ae8aa74-5d12-4c14-9904-1a09cd67b79d từ Redis',
  level: 'debug',
  timestamp: '2026-08-02T05:01:34.397Z'
}
{
  hotelId: '2d556b72-df20-455a-98d8-5887c31297de',
  level: 'info',
  message: '[BookingController] Get hotel bookings',
  timestamp: '2026-08-02T05:01:34.399Z'
}
{
  message: '[Cache Hit] Lấy thông tin hotel ID: 2d556b72-df20-455a-98d8-5887c31297de từ Redis',
  level: 'debug',
  timestamp: '2026-08-02T05:01:34.400Z'
}
{
  hotelId: 'ca5dfeea-502a-49b4-8b40-edb8d8641096',
  level: 'info',
  message: '[BookingController] Get hotel bookings',
  timestamp: '2026-08-02T05:01:34.404Z'
}
{
  message: '[Cache Hit] Lấy thông tin hotel ID: ca5dfeea-502a-49b4-8b40-edb8d8641096 từ Redis',
  level: 'debug',
  timestamp: '2026-08-02T05:01:34.405Z'
}
{
  hotelId: '8168c601-3fbd-4be9-b0ba-78bc1ac96ea4',
  level: 'info',
  message: '[BookingController] Get hotel bookings',
  timestamp: '2026-08-02T05:01:34.414Z'
}
{
  hotelId: 'b1894531-1a55-41c4-8de3-3f7222ce9272',
  level: 'info',
  message: '[BookingController] Get hotel bookings',
  timestamp: '2026-08-02T05:01:34.417Z'
}
{
  hotelId: 'cdcc3f08-97f8-42a7-8c59-51ba169f3bee',
  level: 'info',
  message: '[BookingController] Get hotel bookings',
  timestamp: '2026-08-02T05:01:34.419Z'
}
{
  message: '[Cache Hit] Lấy thông tin hotel ID: 8168c601-3fbd-4be9-b0ba-78bc1ac96ea4 từ Redis',
  level: 'debug',
  timestamp: '2026-08-02T05:01:34.420Z'
}
{
  message: '[Cache Hit] Lấy thông tin hotel ID: b1894531-1a55-41c4-8de3-3f7222ce9272 từ Redis',
  level: 'debug',
  timestamp: '2026-08-02T05:01:34.420Z'
}
{
  message: '[Cache Hit] Lấy thông tin hotel ID: cdcc3f08-97f8-42a7-8c59-51ba169f3bee từ Redis',
  level: 'debug',
  timestamp: '2026-08-02T05:01:34.421Z'
}
{
  hotelId: '7806d7b1-469e-4a3e-b855-cc649c51efc9',
  level: 'info',
  message: '[BookingController] Get hotel bookings',
  timestamp: '2026-08-02T05:01:34.425Z'
}
{
  hotelId: '6c5095d1-8035-4ee6-b1b1-b9e27942a76f',
  level: 'info',
  message: '[BookingController] Get hotel bookings',
  timestamp: '2026-08-02T05:01:34.427Z'
}
{
  message: '[Cache Hit] Lấy thông tin hotel ID: 7806d7b1-469e-4a3e-b855-cc649c51efc9 từ Redis',
  level: 'debug',
  timestamp: '2026-08-02T05:01:34.427Z'
}
{
  message: '[Cache Hit] Lấy thông tin hotel ID: 6c5095d1-8035-4ee6-b1b1-b9e27942a76f từ Redis',
  level: 'debug',
  timestamp: '2026-08-02T05:01:34.427Z'
}
{
  hotelId: '615a05ed-ca06-4178-9e3d-e2e883cd86f0',
  level: 'info',
  message: '[BookingController] Get hotel bookings',
  timestamp: '2026-08-02T05:01:34.433Z'
}
{
  message: '[Cache Hit] Lấy thông tin hotel ID: 615a05ed-ca06-4178-9e3d-e2e883cd86f0 từ Redis',
  level: 'debug',
  timestamp: '2026-08-02T05:01:34.433Z'
}
{
  hotelId: '99d133ab-5625-4527-9f6a-1c3784ec4888',
  level: 'info',
  message: '[BookingController] Get hotel bookings',
  timestamp: '2026-08-02T05:01:34.437Z'
}
{
  hotelId: 'b791877f-a851-4df9-8e97-491b5f55e97f',
  level: 'info',
  message: '[BookingController] Get hotel bookings',
  timestamp: '2026-08-02T05:01:34.439Z'
}
{
  hotelId: '2d556b72-df20-455a-98d8-5887c31297de',
  level: 'info',
  message: '[BookingController] Get hotel bookings',
  timestamp: '2026-08-02T05:01:34.441Z'
}
{
  message: '[Cache Hit] Lấy thông tin hotel ID: 99d133ab-5625-4527-9f6a-1c3784ec4888 từ Redis',
  level: 'debug',
  timestamp: '2026-08-02T05:01:34.441Z'
}
{
  message: '[Cache Hit] Lấy thông tin hotel ID: b791877f-a851-4df9-8e97-491b5f55e97f từ Redis',
  level: 'debug',
  timestamp: '2026-08-02T05:01:34.442Z'
}
{
  message: '[Cache Hit] Lấy thông tin hotel ID: 2d556b72-df20-455a-98d8-5887c31297de từ Redis',
  level: 'debug',
  timestamp: '2026-08-02T05:01:34.442Z'
}
{
  hotelId: '4ae8aa74-5d12-4c14-9904-1a09cd67b79d',
  level: 'info',
  message: '[BookingController] Get hotel bookings',
  timestamp: '2026-08-02T05:01:34.446Z'
}
{
  hotelId: '774ea0ad-10a2-4836-add4-ed1bf337d1f2',
  level: 'info',
  message: '[BookingController] Get hotel bookings',
  timestamp: '2026-08-02T05:01:34.449Z'
}
{
  message: '[Cache Hit] Lấy thông tin hotel ID: 4ae8aa74-5d12-4c14-9904-1a09cd67b79d từ Redis',
  level: 'debug',
  timestamp: '2026-08-02T05:01:34.451Z'
}
{
  message: '[Cache Hit] Lấy thông tin hotel ID: 774ea0ad-10a2-4836-add4-ed1bf337d1f2 từ Redis',
  level: 'debug',
  timestamp: '2026-08-02T05:01:34.451Z'
}
{
  hotelId: 'ca5dfeea-502a-49b4-8b40-edb8d8641096',
  level: 'info',
  message: '[BookingController] Get hotel bookings',
  timestamp: '2026-08-02T05:01:34.457Z'
}
{
  message: '[Cache Hit] Lấy thông tin hotel ID: ca5dfeea-502a-49b4-8b40-edb8d8641096 từ Redis',
  level: 'debug',
  timestamp: '2026-08-02T05:01:34.459Z'
}
{
  hotelId: '8168c601-3fbd-4be9-b0ba-78bc1ac96ea4',
  level: 'info',
  message: '[BookingController] Get hotel bookings',
  timestamp: '2026-08-02T05:01:34.465Z'
}
{
  hotelId: 'b1894531-1a55-41c4-8de3-3f7222ce9272',
  level: 'info',
  message: '[BookingController] Get hotel bookings',
  timestamp: '2026-08-02T05:01:34.468Z'
}
{
  hotelId: 'cdcc3f08-97f8-42a7-8c59-51ba169f3bee',
  level: 'info',
  message: '[BookingController] Get hotel bookings',
  timestamp: '2026-08-02T05:01:34.471Z'
}
{
  message: '[Cache Hit] Lấy thông tin hotel ID: 8168c601-3fbd-4be9-b0ba-78bc1ac96ea4 từ Redis',
  level: 'debug',
  timestamp: '2026-08-02T05:01:34.473Z'
}
{
  message: '[Cache Hit] Lấy thông tin hotel ID: b1894531-1a55-41c4-8de3-3f7222ce9272 từ Redis',
  level: 'debug',
  timestamp: '2026-08-02T05:01:34.473Z'
}
{
  message: '[Cache Hit] Lấy thông tin hotel ID: cdcc3f08-97f8-42a7-8c59-51ba169f3bee từ Redis',
  level: 'debug',
  timestamp: '2026-08-02T05:01:34.473Z'
}
{
  hotelId: '7806d7b1-469e-4a3e-b855-cc649c51efc9',
  level: 'info',
  message: '[BookingController] Get hotel bookings',
  timestamp: '2026-08-02T05:01:34.480Z'
}
{
  hotelId: '6c5095d1-8035-4ee6-b1b1-b9e27942a76f',
  level: 'info',
  message: '[BookingController] Get hotel bookings',
  timestamp: '2026-08-02T05:01:34.484Z'
}
{
  message: '[Cache Hit] Lấy thông tin hotel ID: 7806d7b1-469e-4a3e-b855-cc649c51efc9 từ Redis',
  level: 'debug',
  timestamp: '2026-08-02T05:01:34.486Z'
}
{
  message: '[Cache Hit] Lấy thông tin hotel ID: 6c5095d1-8035-4ee6-b1b1-b9e27942a76f từ Redis',
  level: 'debug',
  timestamp: '2026-08-02T05:01:34.486Z'
}
{
  hotelId: '615a05ed-ca06-4178-9e3d-e2e883cd86f0',
  level: 'info',
  message: '[BookingController] Get hotel bookings',
  timestamp: '2026-08-02T05:01:34.494Z'
}
{
  message: '[Cache Hit] Lấy thông tin hotel ID: 615a05ed-ca06-4178-9e3d-e2e883cd86f0 từ Redis',
  level: 'debug',
  timestamp: '2026-08-02T05:01:34.495Z'
}
{
  hotelId: '99d133ab-5625-4527-9f6a-1c3784ec4888',
  level: 'info',
  message: '[BookingController] Get hotel bookings',
  timestamp: '2026-08-02T05:01:34.501Z'
}
{
  hotelId: 'b791877f-a851-4df9-8e97-491b5f55e97f',
  level: 'info',
  message: '[BookingController] Get hotel bookings',
  timestamp: '2026-08-02T05:01:34.504Z'
}
{
  message: '[Cache Hit] Lấy thông tin hotel ID: 99d133ab-5625-4527-9f6a-1c3784ec4888 từ Redis',
  level: 'debug',
  timestamp: '2026-08-02T05:01:34.505Z'
}
{
  message: '[Cache Hit] Lấy thông tin hotel ID: b791877f-a851-4df9-8e97-491b5f55e97f từ Redis',
  level: 'debug',
  timestamp: '2026-08-02T05:01:34.505Z'
}
{
  userId: '0772409a-2c0f-47cb-9ec6-51dbdeedda73',
  level: 'info',
  message: '[AuthController] Get Me',
  timestamp: '2026-08-02T05:01:55.163Z'
}
{
  message: 'Fetching user details for ID: 0772409a-2c0f-47cb-9ec6-51dbdeedda73',
  level: 'debug',
  timestamp: '2026-08-02T05:01:55.164Z'
}
{
  message: '[Cache Hit] Lấy thông tin user ID: 0772409a-2c0f-47cb-9ec6-51dbdeedda73 từ Redis',
  level: 'debug',
  timestamp: '2026-08-02T05:01:55.166Z'
}
{
  userId: '0772409a-2c0f-47cb-9ec6-51dbdeedda73',
  level: 'info',
  message: '[AuthController] Get Me',
  timestamp: '2026-08-02T05:01:55.173Z'
}
{
  message: 'Fetching user details for ID: 0772409a-2c0f-47cb-9ec6-51dbdeedda73',
  level: 'debug',
  timestamp: '2026-08-02T05:01:55.174Z'
}
{
  message: '[Cache Hit] Lấy thông tin user ID: 0772409a-2c0f-47cb-9ec6-51dbdeedda73 từ Redis',
  level: 'debug',
  timestamp: '2026-08-02T05:01:55.180Z'
}
{
  message: '[HotelController] Get my hotels',
  level: 'info',
  timestamp: '2026-08-02T05:01:55.484Z'
}
{
  message: '[HotelController] Get my hotels',
  level: 'info',
  timestamp: '2026-08-02T05:01:55.524Z'
}
{
  hotelId: '2d556b72-df20-455a-98d8-5887c31297de',
  level: 'info',
  message: '[BookingController] Get hotel bookings',
  timestamp: '2026-08-02T05:01:55.544Z'
}
{
  message: '[Cache Hit] Lấy thông tin hotel ID: 2d556b72-df20-455a-98d8-5887c31297de từ Redis',
  level: 'debug',
  timestamp: '2026-08-02T05:01:55.560Z'
}
{
  hotelId: '4ae8aa74-5d12-4c14-9904-1a09cd67b79d',
  level: 'info',
  message: '[BookingController] Get hotel bookings',
  timestamp: '2026-08-02T05:01:55.566Z'
}
{
  message: '[Cache Hit] Lấy thông tin hotel ID: 4ae8aa74-5d12-4c14-9904-1a09cd67b79d từ Redis',
  level: 'debug',
  timestamp: '2026-08-02T05:01:55.574Z'
}
{
  hotelId: 'cdcc3f08-97f8-42a7-8c59-51ba169f3bee',
  level: 'info',
  message: '[BookingController] Get hotel bookings',
  timestamp: '2026-08-02T05:01:55.577Z'
}
{
  hotelId: 'ca5dfeea-502a-49b4-8b40-edb8d8641096',
  level: 'info',
  message: '[BookingController] Get hotel bookings',
  timestamp: '2026-08-02T05:01:55.578Z'
}
{
  message: '[Cache Hit] Lấy thông tin hotel ID: cdcc3f08-97f8-42a7-8c59-51ba169f3bee từ Redis',
  level: 'debug',
  timestamp: '2026-08-02T05:01:55.579Z'
}
{
  message: '[Cache Hit] Lấy thông tin hotel ID: ca5dfeea-502a-49b4-8b40-edb8d8641096 từ Redis',
  level: 'debug',
  timestamp: '2026-08-02T05:01:55.580Z'
}
{
  hotelId: '6c5095d1-8035-4ee6-b1b1-b9e27942a76f',
  level: 'info',
  message: '[BookingController] Get hotel bookings',
  timestamp: '2026-08-02T05:01:55.583Z'
}
{
  message: '[Cache Hit] Lấy thông tin hotel ID: 6c5095d1-8035-4ee6-b1b1-b9e27942a76f từ Redis',
  level: 'debug',
  timestamp: '2026-08-02T05:01:55.584Z'
}
{
  hotelId: 'b1894531-1a55-41c4-8de3-3f7222ce9272',
  level: 'info',
  message: '[BookingController] Get hotel bookings',
  timestamp: '2026-08-02T05:01:55.596Z'
}
{
  hotelId: '774ea0ad-10a2-4836-add4-ed1bf337d1f2',
  level: 'info',
  message: '[BookingController] Get hotel bookings',
  timestamp: '2026-08-02T05:01:55.598Z'
}
{
  message: '[Cache Hit] Lấy thông tin hotel ID: b1894531-1a55-41c4-8de3-3f7222ce9272 từ Redis',
  level: 'debug',
  timestamp: '2026-08-02T05:01:55.599Z'
}
{
  message: '[Cache Hit] Lấy thông tin hotel ID: 774ea0ad-10a2-4836-add4-ed1bf337d1f2 từ Redis',
  level: 'debug',
  timestamp: '2026-08-02T05:01:55.599Z'
}
{
  hotelId: '99d133ab-5625-4527-9f6a-1c3784ec4888',
  level: 'info',
  message: '[BookingController] Get hotel bookings',
  timestamp: '2026-08-02T05:01:55.602Z'
}
{
  hotelId: '8168c601-3fbd-4be9-b0ba-78bc1ac96ea4',
  level: 'info',
  message: '[BookingController] Get hotel bookings',
  timestamp: '2026-08-02T05:01:55.604Z'
}
{
  hotelId: '7806d7b1-469e-4a3e-b855-cc649c51efc9',
  level: 'info',
  message: '[BookingController] Get hotel bookings',
  timestamp: '2026-08-02T05:01:55.606Z'
}
{
  message: '[Cache Hit] Lấy thông tin hotel ID: 99d133ab-5625-4527-9f6a-1c3784ec4888 từ Redis',
  level: 'debug',
  timestamp: '2026-08-02T05:01:55.607Z'
}
{
  message: '[Cache Hit] Lấy thông tin hotel ID: 8168c601-3fbd-4be9-b0ba-78bc1ac96ea4 từ Redis',
  level: 'debug',
  timestamp: '2026-08-02T05:01:55.607Z'
}
{
  message: '[Cache Hit] Lấy thông tin hotel ID: 7806d7b1-469e-4a3e-b855-cc649c51efc9 từ Redis',
  level: 'debug',
  timestamp: '2026-08-02T05:01:55.608Z'
}
{
  hotelId: '615a05ed-ca06-4178-9e3d-e2e883cd86f0',
  level: 'info',
  message: '[BookingController] Get hotel bookings',
  timestamp: '2026-08-02T05:01:55.612Z'
}
{
  message: '[Cache Hit] Lấy thông tin hotel ID: 615a05ed-ca06-4178-9e3d-e2e883cd86f0 từ Redis',
  level: 'debug',
  timestamp: '2026-08-02T05:01:55.614Z'
}
{
  hotelId: 'b791877f-a851-4df9-8e97-491b5f55e97f',
  level: 'info',
  message: '[BookingController] Get hotel bookings',
  timestamp: '2026-08-02T05:01:55.618Z'
}
{
  hotelId: '2d556b72-df20-455a-98d8-5887c31297de',
  level: 'info',
  message: '[BookingController] Get hotel bookings',
  timestamp: '2026-08-02T05:01:55.620Z'
}
{
  message: '[Cache Hit] Lấy thông tin hotel ID: b791877f-a851-4df9-8e97-491b5f55e97f từ Redis',
  level: 'debug',
  timestamp: '2026-08-02T05:01:55.621Z'
}
{
  message: '[Cache Hit] Lấy thông tin hotel ID: 2d556b72-df20-455a-98d8-5887c31297de từ Redis',
  level: 'debug',
  timestamp: '2026-08-02T05:01:55.621Z'
}
{
  hotelId: '4ae8aa74-5d12-4c14-9904-1a09cd67b79d',
  level: 'info',
  message: '[BookingController] Get hotel bookings',
  timestamp: '2026-08-02T05:01:55.624Z'
}
{
  hotelId: 'cdcc3f08-97f8-42a7-8c59-51ba169f3bee',
  level: 'info',
  message: '[BookingController] Get hotel bookings',
  timestamp: '2026-08-02T05:01:55.626Z'
}
{
  hotelId: 'ca5dfeea-502a-49b4-8b40-edb8d8641096',
  level: 'info',
  message: '[BookingController] Get hotel bookings',
  timestamp: '2026-08-02T05:01:55.627Z'
}
{
  message: '[Cache Hit] Lấy thông tin hotel ID: 4ae8aa74-5d12-4c14-9904-1a09cd67b79d từ Redis',
  level: 'debug',
  timestamp: '2026-08-02T05:01:55.627Z'
}
{
  message: '[Cache Hit] Lấy thông tin hotel ID: cdcc3f08-97f8-42a7-8c59-51ba169f3bee từ Redis',
  level: 'debug',
  timestamp: '2026-08-02T05:01:55.628Z'
}
{
  message: '[Cache Hit] Lấy thông tin hotel ID: ca5dfeea-502a-49b4-8b40-edb8d8641096 từ Redis',
  level: 'debug',
  timestamp: '2026-08-02T05:01:55.628Z'
}
{
  hotelId: '6c5095d1-8035-4ee6-b1b1-b9e27942a76f',
  level: 'info',
  message: '[BookingController] Get hotel bookings',
  timestamp: '2026-08-02T05:01:55.632Z'
}
{
  message: '[Cache Hit] Lấy thông tin hotel ID: 6c5095d1-8035-4ee6-b1b1-b9e27942a76f từ Redis',
  level: 'debug',
  timestamp: '2026-08-02T05:01:55.633Z'
}
{
  hotelId: 'b1894531-1a55-41c4-8de3-3f7222ce9272',
  level: 'info',
  message: '[BookingController] Get hotel bookings',
  timestamp: '2026-08-02T05:01:55.637Z'
}
{
  hotelId: '774ea0ad-10a2-4836-add4-ed1bf337d1f2',
  level: 'info',
  message: '[BookingController] Get hotel bookings',
  timestamp: '2026-08-02T05:01:55.639Z'
}
{
  message: '[Cache Hit] Lấy thông tin hotel ID: b1894531-1a55-41c4-8de3-3f7222ce9272 từ Redis',
  level: 'debug',
  timestamp: '2026-08-02T05:01:55.640Z'
}
{
  message: '[Cache Hit] Lấy thông tin hotel ID: 774ea0ad-10a2-4836-add4-ed1bf337d1f2 từ Redis',
  level: 'debug',
  timestamp: '2026-08-02T05:01:55.640Z'
}
{
  hotelId: '99d133ab-5625-4527-9f6a-1c3784ec4888',
  level: 'info',
  message: '[BookingController] Get hotel bookings',
  timestamp: '2026-08-02T05:01:55.643Z'
}
{
  hotelId: '8168c601-3fbd-4be9-b0ba-78bc1ac96ea4',
  level: 'info',
  message: '[BookingController] Get hotel bookings',
  timestamp: '2026-08-02T05:01:55.645Z'
}
{
  hotelId: '7806d7b1-469e-4a3e-b855-cc649c51efc9',
  level: 'info',
  message: '[BookingController] Get hotel bookings',
  timestamp: '2026-08-02T05:01:55.646Z'
}
{
  message: '[Cache Hit] Lấy thông tin hotel ID: 99d133ab-5625-4527-9f6a-1c3784ec4888 từ Redis',
  level: 'debug',
  timestamp: '2026-08-02T05:01:55.649Z'
}
{
  message: '[Cache Hit] Lấy thông tin hotel ID: 8168c601-3fbd-4be9-b0ba-78bc1ac96ea4 từ Redis',
  level: 'debug',
  timestamp: '2026-08-02T05:01:55.651Z'
}
{
  message: '[Cache Hit] Lấy thông tin hotel ID: 7806d7b1-469e-4a3e-b855-cc649c51efc9 từ Redis',
  level: 'debug',
  timestamp: '2026-08-02T05:01:55.652Z'
}
{
  hotelId: '615a05ed-ca06-4178-9e3d-e2e883cd86f0',
  level: 'info',
  message: '[BookingController] Get hotel bookings',
  timestamp: '2026-08-02T05:01:55.657Z'
}
{
  message: '[Cache Hit] Lấy thông tin hotel ID: 615a05ed-ca06-4178-9e3d-e2e883cd86f0 từ Redis',
  level: 'debug',
  timestamp: '2026-08-02T05:01:55.659Z'
}
{
  hotelId: 'b791877f-a851-4df9-8e97-491b5f55e97f',
  level: 'info',
  message: '[BookingController] Get hotel bookings',
  timestamp: '2026-08-02T05:01:55.664Z'
}
{
  message: '[Cache Hit] Lấy thông tin hotel ID: b791877f-a851-4df9-8e97-491b5f55e97f từ Redis',
  level: 'debug',
  timestamp: '2026-08-02T05:01:55.666Z'
}
{
  message: '[Cache Hit] Lấy danh sách điểm đến hoạt động từ Redis',
  level: 'debug',
  timestamp: '2026-08-02T05:02:03.352Z'
}
{
  message: '[Cache Hit] Lấy danh sách điểm đến hoạt động từ Redis',
  level: 'debug',
  timestamp: '2026-08-02T05:02:03.355Z'
}
{
  query: [Object: null prototype] {
    location: 'Hà Nội',
    checkInDate: '2026-08-02T17:00:00.000Z',
    checkOutDate: '2026-08-03T17:00:00.000Z',
    adults: '2',
    children: '0',
    rooms: '1'
  },
  level: 'info',
  message: '[SearchController] Search hotels',
  timestamp: '2026-08-02T05:02:03.359Z'
}
{
  query: [Object: null prototype] {
    location: 'Hà Nội',
    checkInDate: '2026-08-02T17:00:00.000Z',
    checkOutDate: '2026-08-03T17:00:00.000Z',
    adults: '2',
    children: '0',
    rooms: '1'
  },
  level: 'info',
  message: '[SearchController] Search hotels',
  timestamp: '2026-08-02T05:02:03.403Z'
}
{
  hotelId: '99d133ab-5625-4527-9f6a-1c3784ec4888',
  level: 'info',
  message: '[HotelController] Get hotel by id',
  timestamp: '2026-08-02T05:02:05.175Z'
}
{
  message: '[Cache Hit] Lấy thông tin hotel ID: 99d133ab-5625-4527-9f6a-1c3784ec4888 từ Redis',
  level: 'debug',
  timestamp: '2026-08-02T05:02:05.176Z'
}
{
  hotelId: '99d133ab-5625-4527-9f6a-1c3784ec4888',
  level: 'info',
  message: '[HotelController] Get hotel by id',
  timestamp: '2026-08-02T05:02:05.180Z'
}
{
  message: '[Cache Hit] Lấy thông tin hotel ID: 99d133ab-5625-4527-9f6a-1c3784ec4888 từ Redis',
  level: 'debug',
  timestamp: '2026-08-02T05:02:05.181Z'
}
{
  message: 'JWT Verification Error: jwt expired',
  level: 'error',
  timestamp: '2026-08-02T05:02:24.212Z'
}
{
  message: 'GLOBAL ERROR HANDLER CAUGHT: Error: Phiên đăng nhập đã hết hạn. Vui lòng lấy Token mới.\n' +
    '    at authMiddleware (/app/src/middlewares/authMiddleware.ts:80:9)\n' +
    '    at Layer.handleRequest (/app/node_modules/router/lib/layer.js:152:17)\n' +
    '    at next (/app/node_modules/router/lib/route.js:157:13)\n' +
    '    at Route.dispatch (/app/node_modules/router/lib/route.js:117:3)\n' +
    '    at handle (/app/node_modules/router/index.js:435:11)\n' +
    '    at Layer.handleRequest (/app/node_modules/router/lib/layer.js:152:17)\n' +
    '    at /app/node_modules/router/index.js:295:15\n' +
    '    at processParams (/app/node_modules/router/index.js:582:12)\n' +
    '    at next (/app/node_modules/router/index.js:291:5)\n' +
    '    at Function.handle (/app/node_modules/router/index.js:186:3)',
  level: 'error',
  timestamp: '2026-08-02T05:02:24.213Z'
}
{
  message: '[AuthController] Refresh Tokens',
  level: 'info',
  timestamp: '2026-08-02T05:02:24.222Z'
}
{
  message: 'Fetching user details for ID: 060b52ae-f46b-4b3a-80ee-8bafbaf5923d',
  level: 'debug',
  timestamp: '2026-08-02T05:02:24.243Z'
}
{
  message: '[Cache Hit] Lấy thông tin user ID: 060b52ae-f46b-4b3a-80ee-8bafbaf5923d từ Redis',
  level: 'debug',
  timestamp: '2026-08-02T05:02:24.244Z'
}
{
  message: '[AuthService] Tokens refreshed successfully for user: hieu2k5bn@gmail.com',
  level: 'info',
  timestamp: '2026-08-02T05:02:24.255Z'
}
{
  message: '[BookingController] Create booking',
  level: 'info',
  timestamp: '2026-08-02T05:02:24.334Z'
}
{
  message: '[BookingController] Create booking',
  level: 'info',
  timestamp: '2026-08-02T05:02:30.323Z'
}
{
  message: 'Đã gửi email tới hieu2k5bn@gmail.com',
  level: 'info',
  timestamp: '2026-08-02T05:02:32.877Z'
}
{
  message: '[BookingController] Get user bookings',
  level: 'info',
  timestamp: '2026-08-02T05:02:33.091Z'
}
{
  message: '[BookingController] Get user bookings',
  level: 'info',
  timestamp: '2026-08-02T05:02:33.122Z'
}
{
  message: '[HotelController] Get my hotels',
  level: 'info',
  timestamp: '2026-08-02T05:02:38.032Z'
}
{
  message: '[HotelController] Get my hotels',
  level: 'info',
  timestamp: '2026-08-02T05:02:38.049Z'
}
{
  hotelId: '615a05ed-ca06-4178-9e3d-e2e883cd86f0',
  level: 'info',
  message: '[BookingController] Get hotel bookings',
  timestamp: '2026-08-02T05:02:38.086Z'
}
{
  message: '[Cache Hit] Lấy thông tin hotel ID: 615a05ed-ca06-4178-9e3d-e2e883cd86f0 từ Redis',
  level: 'debug',
  timestamp: '2026-08-02T05:02:38.103Z'
}
{
  hotelId: '2d556b72-df20-455a-98d8-5887c31297de',
  level: 'info',
  message: '[BookingController] Get hotel bookings',
  timestamp: '2026-08-02T05:02:38.110Z'
}
{
  message: '[Cache Hit] Lấy thông tin hotel ID: 2d556b72-df20-455a-98d8-5887c31297de từ Redis',
  level: 'debug',
  timestamp: '2026-08-02T05:02:38.112Z'
}
{
  hotelId: '6c5095d1-8035-4ee6-b1b1-b9e27942a76f',
  level: 'info',
  message: '[BookingController] Get hotel bookings',
  timestamp: '2026-08-02T05:02:38.115Z'
}
{
  hotelId: 'ca5dfeea-502a-49b4-8b40-edb8d8641096',
  level: 'info',
  message: '[BookingController] Get hotel bookings',
  timestamp: '2026-08-02T05:02:38.117Z'
}
{
  message: '[Cache Hit] Lấy thông tin hotel ID: 6c5095d1-8035-4ee6-b1b1-b9e27942a76f từ Redis',
  level: 'debug',
  timestamp: '2026-08-02T05:02:38.118Z'
}
{
  message: '[Cache Hit] Lấy thông tin hotel ID: ca5dfeea-502a-49b4-8b40-edb8d8641096 từ Redis',
  level: 'debug',
  timestamp: '2026-08-02T05:02:38.118Z'
}
{
  hotelId: '7806d7b1-469e-4a3e-b855-cc649c51efc9',
  level: 'info',
  message: '[BookingController] Get hotel bookings',
  timestamp: '2026-08-02T05:02:38.122Z'
}
{
  message: '[Cache Hit] Lấy thông tin hotel ID: 7806d7b1-469e-4a3e-b855-cc649c51efc9 từ Redis',
  level: 'debug',
  timestamp: '2026-08-02T05:02:38.124Z'
}
{
  hotelId: '8168c601-3fbd-4be9-b0ba-78bc1ac96ea4',
  level: 'info',
  message: '[BookingController] Get hotel bookings',
  timestamp: '2026-08-02T05:02:38.131Z'
}
{
  hotelId: '774ea0ad-10a2-4836-add4-ed1bf337d1f2',
  level: 'info',
  message: '[BookingController] Get hotel bookings',
  timestamp: '2026-08-02T05:02:38.134Z'
}
{
  message: '[Cache Hit] Lấy thông tin hotel ID: 8168c601-3fbd-4be9-b0ba-78bc1ac96ea4 từ Redis',
  level: 'debug',
  timestamp: '2026-08-02T05:02:38.135Z'
}
{
  message: '[Cache Hit] Lấy thông tin hotel ID: 774ea0ad-10a2-4836-add4-ed1bf337d1f2 từ Redis',
  level: 'debug',
  timestamp: '2026-08-02T05:02:38.135Z'
}
{
  hotelId: 'b1894531-1a55-41c4-8de3-3f7222ce9272',
  level: 'info',
  message: '[BookingController] Get hotel bookings',
  timestamp: '2026-08-02T05:02:38.139Z'
}
{
  hotelId: 'b791877f-a851-4df9-8e97-491b5f55e97f',
  level: 'info',
  message: '[BookingController] Get hotel bookings',
  timestamp: '2026-08-02T05:02:38.141Z'
}
{
  hotelId: '4ae8aa74-5d12-4c14-9904-1a09cd67b79d',
  level: 'info',
  message: '[BookingController] Get hotel bookings',
  timestamp: '2026-08-02T05:02:38.143Z'
}
{
  message: '[Cache Hit] Lấy thông tin hotel ID: b1894531-1a55-41c4-8de3-3f7222ce9272 từ Redis',
  level: 'debug',
  timestamp: '2026-08-02T05:02:38.143Z'
}
{
  message: '[Cache Hit] Lấy thông tin hotel ID: b791877f-a851-4df9-8e97-491b5f55e97f từ Redis',
  level: 'debug',
  timestamp: '2026-08-02T05:02:38.143Z'
}
{
  message: '[Cache Hit] Lấy thông tin hotel ID: 4ae8aa74-5d12-4c14-9904-1a09cd67b79d từ Redis',
  level: 'debug',
  timestamp: '2026-08-02T05:02:38.143Z'
}
{
  hotelId: '99d133ab-5625-4527-9f6a-1c3784ec4888',
  level: 'info',
  message: '[BookingController] Get hotel bookings',
  timestamp: '2026-08-02T05:02:38.146Z'
}
{
  message: '[Cache Hit] Lấy thông tin hotel ID: 99d133ab-5625-4527-9f6a-1c3784ec4888 từ Redis',
  level: 'debug',
  timestamp: '2026-08-02T05:02:38.147Z'
}
{
  hotelId: 'cdcc3f08-97f8-42a7-8c59-51ba169f3bee',
  level: 'info',
  message: '[BookingController] Get hotel bookings',
  timestamp: '2026-08-02T05:02:38.150Z'
}
{
  hotelId: '615a05ed-ca06-4178-9e3d-e2e883cd86f0',
  level: 'info',
  message: '[BookingController] Get hotel bookings',
  timestamp: '2026-08-02T05:02:38.152Z'
}
{
  message: '[Cache Hit] Lấy thông tin hotel ID: cdcc3f08-97f8-42a7-8c59-51ba169f3bee từ Redis',
  level: 'debug',
  timestamp: '2026-08-02T05:02:38.153Z'
}
{
  message: '[Cache Hit] Lấy thông tin hotel ID: 615a05ed-ca06-4178-9e3d-e2e883cd86f0 từ Redis',
  level: 'debug',
  timestamp: '2026-08-02T05:02:38.153Z'
}
{
  hotelId: '2d556b72-df20-455a-98d8-5887c31297de',
  level: 'info',
  message: '[BookingController] Get hotel bookings',
  timestamp: '2026-08-02T05:02:38.159Z'
}
{
  hotelId: '6c5095d1-8035-4ee6-b1b1-b9e27942a76f',
  level: 'info',
  message: '[BookingController] Get hotel bookings',
  timestamp: '2026-08-02T05:02:38.162Z'
}
{
  hotelId: 'ca5dfeea-502a-49b4-8b40-edb8d8641096',
  level: 'info',
  message: '[BookingController] Get hotel bookings',
  timestamp: '2026-08-02T05:02:38.166Z'
}
{
  message: '[Cache Hit] Lấy thông tin hotel ID: 2d556b72-df20-455a-98d8-5887c31297de từ Redis',
  level: 'debug',
  timestamp: '2026-08-02T05:02:38.168Z'
}
{
  message: '[Cache Hit] Lấy thông tin hotel ID: 6c5095d1-8035-4ee6-b1b1-b9e27942a76f từ Redis',
  level: 'debug',
  timestamp: '2026-08-02T05:02:38.169Z'
}
{
  message: '[Cache Hit] Lấy thông tin hotel ID: ca5dfeea-502a-49b4-8b40-edb8d8641096 từ Redis',
  level: 'debug',
  timestamp: '2026-08-02T05:02:38.170Z'
}
{
  hotelId: '7806d7b1-469e-4a3e-b855-cc649c51efc9',
  level: 'info',
  message: '[BookingController] Get hotel bookings',
  timestamp: '2026-08-02T05:02:38.184Z'
}
{
  hotelId: '8168c601-3fbd-4be9-b0ba-78bc1ac96ea4',
  level: 'info',
  message: '[BookingController] Get hotel bookings',
  timestamp: '2026-08-02T05:02:38.187Z'
}
{
  message: '[Cache Hit] Lấy thông tin hotel ID: 7806d7b1-469e-4a3e-b855-cc649c51efc9 từ Redis',
  level: 'debug',
  timestamp: '2026-08-02T05:02:38.189Z'
}
{
  message: '[Cache Hit] Lấy thông tin hotel ID: 8168c601-3fbd-4be9-b0ba-78bc1ac96ea4 từ Redis',
  level: 'debug',
  timestamp: '2026-08-02T05:02:38.190Z'
}
{
  hotelId: '774ea0ad-10a2-4836-add4-ed1bf337d1f2',
  level: 'info',
  message: '[BookingController] Get hotel bookings',
  timestamp: '2026-08-02T05:02:38.192Z'
}
{
  hotelId: 'b1894531-1a55-41c4-8de3-3f7222ce9272',
  level: 'info',
  message: '[BookingController] Get hotel bookings',
  timestamp: '2026-08-02T05:02:38.194Z'
}
{
  hotelId: 'b791877f-a851-4df9-8e97-491b5f55e97f',
  level: 'info',
  message: '[BookingController] Get hotel bookings',
  timestamp: '2026-08-02T05:02:38.195Z'
}
{
  message: '[Cache Hit] Lấy thông tin hotel ID: 774ea0ad-10a2-4836-add4-ed1bf337d1f2 từ Redis',
  level: 'debug',
  timestamp: '2026-08-02T05:02:38.196Z'
}
{
  message: '[Cache Hit] Lấy thông tin hotel ID: b1894531-1a55-41c4-8de3-3f7222ce9272 từ Redis',
  level: 'debug',
  timestamp: '2026-08-02T05:02:38.196Z'
}
{
  message: '[Cache Hit] Lấy thông tin hotel ID: b791877f-a851-4df9-8e97-491b5f55e97f từ Redis',
  level: 'debug',
  timestamp: '2026-08-02T05:02:38.200Z'
}
{
  hotelId: '4ae8aa74-5d12-4c14-9904-1a09cd67b79d',
  level: 'info',
  message: '[BookingController] Get hotel bookings',
  timestamp: '2026-08-02T05:02:38.204Z'
}
{
  hotelId: 'cdcc3f08-97f8-42a7-8c59-51ba169f3bee',
  level: 'info',
  message: '[BookingController] Get hotel bookings',
  timestamp: '2026-08-02T05:02:38.207Z'
}
{
  message: '[Cache Hit] Lấy thông tin hotel ID: 4ae8aa74-5d12-4c14-9904-1a09cd67b79d từ Redis',
  level: 'debug',
  timestamp: '2026-08-02T05:02:38.208Z'
}
{
  message: '[Cache Hit] Lấy thông tin hotel ID: cdcc3f08-97f8-42a7-8c59-51ba169f3bee từ Redis',
  level: 'debug',
  timestamp: '2026-08-02T05:02:38.208Z'
}
{
  hotelId: '99d133ab-5625-4527-9f6a-1c3784ec4888',
  level: 'info',
  message: '[BookingController] Get hotel bookings',
  timestamp: '2026-08-02T05:02:38.211Z'
}
{
  message: '[Cache Hit] Lấy thông tin hotel ID: 99d133ab-5625-4527-9f6a-1c3784ec4888 từ Redis',
  level: 'debug',
  timestamp: '2026-08-02T05:02:38.212Z'
}
{
  message: '[HotelController] Get my hotels',
  level: 'info',
  timestamp: '2026-08-02T05:02:40.354Z'
}
{
  message: '[HotelController] Get my hotels',
  level: 'info',
  timestamp: '2026-08-02T05:02:40.381Z'
}
{
  hotelId: '2d556b72-df20-455a-98d8-5887c31297de',
  level: 'info',
  message: '[BookingController] Get hotel bookings',
  timestamp: '2026-08-02T05:02:40.394Z'
}
{
  hotelId: 'ca5dfeea-502a-49b4-8b40-edb8d8641096',
  level: 'info',
  message: '[BookingController] Get hotel bookings',
  timestamp: '2026-08-02T05:02:40.397Z'
}
{
  hotelId: '774ea0ad-10a2-4836-add4-ed1bf337d1f2',
  level: 'info',
  message: '[BookingController] Get hotel bookings',
  timestamp: '2026-08-02T05:02:40.399Z'
}
{
  hotelId: '615a05ed-ca06-4178-9e3d-e2e883cd86f0',
  level: 'info',
  message: '[BookingController] Get hotel bookings',
  timestamp: '2026-08-02T05:02:40.400Z'
}
{
  hotelId: '6c5095d1-8035-4ee6-b1b1-b9e27942a76f',
  level: 'info',
  message: '[BookingController] Get hotel bookings',
  timestamp: '2026-08-02T05:02:40.404Z'
}
{
  message: '[Cache Hit] Lấy thông tin hotel ID: 2d556b72-df20-455a-98d8-5887c31297de từ Redis',
  level: 'debug',
  timestamp: '2026-08-02T05:02:40.411Z'
}
{
  message: '[Cache Hit] Lấy thông tin hotel ID: ca5dfeea-502a-49b4-8b40-edb8d8641096 từ Redis',
  level: 'debug',
  timestamp: '2026-08-02T05:02:40.412Z'
}
{
  message: '[Cache Hit] Lấy thông tin hotel ID: 774ea0ad-10a2-4836-add4-ed1bf337d1f2 từ Redis',
  level: 'debug',
  timestamp: '2026-08-02T05:02:40.412Z'
}
{
  message: '[Cache Hit] Lấy thông tin hotel ID: 615a05ed-ca06-4178-9e3d-e2e883cd86f0 từ Redis',
  level: 'debug',
  timestamp: '2026-08-02T05:02:40.412Z'
}
{
  message: '[Cache Hit] Lấy thông tin hotel ID: 6c5095d1-8035-4ee6-b1b1-b9e27942a76f từ Redis',
  level: 'debug',
  timestamp: '2026-08-02T05:02:40.413Z'
}
{
  hotelId: 'b791877f-a851-4df9-8e97-491b5f55e97f',
  level: 'info',
  message: '[BookingController] Get hotel bookings',
  timestamp: '2026-08-02T05:02:40.419Z'
}
{
  message: '[Cache Hit] Lấy thông tin hotel ID: b791877f-a851-4df9-8e97-491b5f55e97f từ Redis',
  level: 'debug',
  timestamp: '2026-08-02T05:02:40.420Z'
}
{
  hotelId: 'cdcc3f08-97f8-42a7-8c59-51ba169f3bee',
  level: 'info',
  message: '[BookingController] Get hotel bookings',
  timestamp: '2026-08-02T05:02:40.423Z'
}
{
  hotelId: '7806d7b1-469e-4a3e-b855-cc649c51efc9',
  level: 'info',
  message: '[BookingController] Get hotel bookings',
  timestamp: '2026-08-02T05:02:40.427Z'
}
{
  hotelId: '4ae8aa74-5d12-4c14-9904-1a09cd67b79d',
  level: 'info',
  message: '[BookingController] Get hotel bookings',
  timestamp: '2026-08-02T05:02:40.429Z'
}
{
  hotelId: '8168c601-3fbd-4be9-b0ba-78bc1ac96ea4',
  level: 'info',
  message: '[BookingController] Get hotel bookings',
  timestamp: '2026-08-02T05:02:40.431Z'
}
{
  hotelId: 'b1894531-1a55-41c4-8de3-3f7222ce9272',
  level: 'info',
  message: '[BookingController] Get hotel bookings',
  timestamp: '2026-08-02T05:02:40.435Z'
}
{
  message: '[Cache Hit] Lấy thông tin hotel ID: cdcc3f08-97f8-42a7-8c59-51ba169f3bee từ Redis',
  level: 'debug',
  timestamp: '2026-08-02T05:02:40.435Z'
}
{
  message: '[Cache Hit] Lấy thông tin hotel ID: 7806d7b1-469e-4a3e-b855-cc649c51efc9 từ Redis',
  level: 'debug',
  timestamp: '2026-08-02T05:02:40.436Z'
}
{
  message: '[Cache Hit] Lấy thông tin hotel ID: 4ae8aa74-5d12-4c14-9904-1a09cd67b79d từ Redis',
  level: 'debug',
  timestamp: '2026-08-02T05:02:40.436Z'
}
{
  message: '[Cache Hit] Lấy thông tin hotel ID: 8168c601-3fbd-4be9-b0ba-78bc1ac96ea4 từ Redis',
  level: 'debug',
  timestamp: '2026-08-02T05:02:40.437Z'
}
{
  message: '[Cache Hit] Lấy thông tin hotel ID: b1894531-1a55-41c4-8de3-3f7222ce9272 từ Redis',
  level: 'debug',
  timestamp: '2026-08-02T05:02:40.437Z'
}
{
  hotelId: '99d133ab-5625-4527-9f6a-1c3784ec4888',
  level: 'info',
  message: '[BookingController] Get hotel bookings',
  timestamp: '2026-08-02T05:02:40.451Z'
}
{
  message: '[Cache Hit] Lấy thông tin hotel ID: 99d133ab-5625-4527-9f6a-1c3784ec4888 từ Redis',
  level: 'debug',
  timestamp: '2026-08-02T05:02:40.452Z'
}
{
  hotelId: '2d556b72-df20-455a-98d8-5887c31297de',
  level: 'info',
  message: '[BookingController] Get hotel bookings',
  timestamp: '2026-08-02T05:02:40.454Z'
}
{
  hotelId: 'ca5dfeea-502a-49b4-8b40-edb8d8641096',
  level: 'info',
  message: '[BookingController] Get hotel bookings',
  timestamp: '2026-08-02T05:02:40.456Z'
}
{
  hotelId: '774ea0ad-10a2-4836-add4-ed1bf337d1f2',
  level: 'info',
  message: '[BookingController] Get hotel bookings',
  timestamp: '2026-08-02T05:02:40.460Z'
}
{
  hotelId: '6c5095d1-8035-4ee6-b1b1-b9e27942a76f',
  level: 'info',
  message: '[BookingController] Get hotel bookings',
  timestamp: '2026-08-02T05:02:40.470Z'
}
{
  hotelId: '615a05ed-ca06-4178-9e3d-e2e883cd86f0',
  level: 'info',
  message: '[BookingController] Get hotel bookings',
  timestamp: '2026-08-02T05:02:40.473Z'
}
{
  message: '[Cache Hit] Lấy thông tin hotel ID: 2d556b72-df20-455a-98d8-5887c31297de từ Redis',
  level: 'debug',
  timestamp: '2026-08-02T05:02:40.474Z'
}
{
  message: '[Cache Hit] Lấy thông tin hotel ID: ca5dfeea-502a-49b4-8b40-edb8d8641096 từ Redis',
  level: 'debug',
  timestamp: '2026-08-02T05:02:40.474Z'
}
{
  message: '[Cache Hit] Lấy thông tin hotel ID: 774ea0ad-10a2-4836-add4-ed1bf337d1f2 từ Redis',
  level: 'debug',
  timestamp: '2026-08-02T05:02:40.474Z'
}
{
  message: '[Cache Hit] Lấy thông tin hotel ID: 6c5095d1-8035-4ee6-b1b1-b9e27942a76f từ Redis',
  level: 'debug',
  timestamp: '2026-08-02T05:02:40.475Z'
}
{
  message: '[Cache Hit] Lấy thông tin hotel ID: 615a05ed-ca06-4178-9e3d-e2e883cd86f0 từ Redis',
  level: 'debug',
  timestamp: '2026-08-02T05:02:40.475Z'
}
{
  hotelId: 'b791877f-a851-4df9-8e97-491b5f55e97f',
  level: 'info',
  message: '[BookingController] Get hotel bookings',
  timestamp: '2026-08-02T05:02:40.488Z'
}
{
  message: '[Cache Hit] Lấy thông tin hotel ID: b791877f-a851-4df9-8e97-491b5f55e97f từ Redis',
  level: 'debug',
  timestamp: '2026-08-02T05:02:40.489Z'
}
{
  hotelId: 'cdcc3f08-97f8-42a7-8c59-51ba169f3bee',
  level: 'info',
  message: '[BookingController] Get hotel bookings',
  timestamp: '2026-08-02T05:02:40.492Z'
}
{
  hotelId: '7806d7b1-469e-4a3e-b855-cc649c51efc9',
  level: 'info',
  message: '[BookingController] Get hotel bookings',
  timestamp: '2026-08-02T05:02:40.494Z'
}
{
  hotelId: '8168c601-3fbd-4be9-b0ba-78bc1ac96ea4',
  level: 'info',
  message: '[BookingController] Get hotel bookings',
  timestamp: '2026-08-02T05:02:40.496Z'
}
{
  hotelId: 'b1894531-1a55-41c4-8de3-3f7222ce9272',
  level: 'info',
  message: '[BookingController] Get hotel bookings',
  timestamp: '2026-08-02T05:02:40.499Z'
}
{
  hotelId: '4ae8aa74-5d12-4c14-9904-1a09cd67b79d',
  level: 'info',
  message: '[BookingController] Get hotel bookings',
  timestamp: '2026-08-02T05:02:40.503Z'
}
{
  message: '[Cache Hit] Lấy thông tin hotel ID: cdcc3f08-97f8-42a7-8c59-51ba169f3bee từ Redis',
  level: 'debug',
  timestamp: '2026-08-02T05:02:40.506Z'
}
{
  message: '[Cache Hit] Lấy thông tin hotel ID: 7806d7b1-469e-4a3e-b855-cc649c51efc9 từ Redis',
  level: 'debug',
  timestamp: '2026-08-02T05:02:40.506Z'
}
{
  message: '[Cache Hit] Lấy thông tin hotel ID: 8168c601-3fbd-4be9-b0ba-78bc1ac96ea4 từ Redis',
  level: 'debug',
  timestamp: '2026-08-02T05:02:40.506Z'
}
{
  message: '[Cache Hit] Lấy thông tin hotel ID: b1894531-1a55-41c4-8de3-3f7222ce9272 từ Redis',
  level: 'debug',
  timestamp: '2026-08-02T05:02:40.507Z'
}
{
  message: '[Cache Hit] Lấy thông tin hotel ID: 4ae8aa74-5d12-4c14-9904-1a09cd67b79d từ Redis',
  level: 'debug',
  timestamp: '2026-08-02T05:02:40.507Z'
}
{
  hotelId: '99d133ab-5625-4527-9f6a-1c3784ec4888',
  level: 'info',
  message: '[BookingController] Get hotel bookings',
  timestamp: '2026-08-02T05:02:40.517Z'
}
{
  message: '[Cache Hit] Lấy thông tin hotel ID: 99d133ab-5625-4527-9f6a-1c3784ec4888 từ Redis',
  level: 'debug',
  timestamp: '2026-08-02T05:02:40.525Z'
}
{
  userId: '0772409a-2c0f-47cb-9ec6-51dbdeedda73',
  level: 'info',
  message: '[AuthController] Get Me',
  timestamp: '2026-08-02T05:02:52.302Z'
}
{
  message: 'Fetching user details for ID: 0772409a-2c0f-47cb-9ec6-51dbdeedda73',
  level: 'debug',
  timestamp: '2026-08-02T05:02:52.303Z'
}
{
  message: '[Cache Hit] Lấy thông tin user ID: 0772409a-2c0f-47cb-9ec6-51dbdeedda73 từ Redis',
  level: 'debug',
  timestamp: '2026-08-02T05:02:52.304Z'
}
{
  userId: '0772409a-2c0f-47cb-9ec6-51dbdeedda73',
  level: 'info',
  message: '[AuthController] Get Me',
  timestamp: '2026-08-02T05:02:52.312Z'
}
{
  message: 'Fetching user details for ID: 0772409a-2c0f-47cb-9ec6-51dbdeedda73',
  level: 'debug',
  timestamp: '2026-08-02T05:02:52.312Z'
}
{
  message: '[Cache Hit] Lấy thông tin user ID: 0772409a-2c0f-47cb-9ec6-51dbdeedda73 từ Redis',
  level: 'debug',
  timestamp: '2026-08-02T05:02:52.313Z'
}
{
  message: '[HotelController] Get my hotels',
  level: 'info',
  timestamp: '2026-08-02T05:02:52.667Z'
}
{
  message: '[HotelController] Get my hotels',
  level: 'info',
  timestamp: '2026-08-02T05:02:52.706Z'
}
{
  hotelId: '2d556b72-df20-455a-98d8-5887c31297de',
  level: 'info',
  message: '[BookingController] Get hotel bookings',
  timestamp: '2026-08-02T05:02:52.732Z'
}
{
  hotelId: '7806d7b1-469e-4a3e-b855-cc649c51efc9',
  level: 'info',
  message: '[BookingController] Get hotel bookings',
  timestamp: '2026-08-02T05:02:52.746Z'
}
{
  message: '[Cache Hit] Lấy thông tin hotel ID: 2d556b72-df20-455a-98d8-5887c31297de từ Redis',
  level: 'debug',
  timestamp: '2026-08-02T05:02:52.747Z'
}
{
  message: '[Cache Hit] Lấy thông tin hotel ID: 7806d7b1-469e-4a3e-b855-cc649c51efc9 từ Redis',
  level: 'debug',
  timestamp: '2026-08-02T05:02:52.748Z'
}
{
  hotelId: '774ea0ad-10a2-4836-add4-ed1bf337d1f2',
  level: 'info',
  message: '[BookingController] Get hotel bookings',
  timestamp: '2026-08-02T05:02:52.753Z'
}
{
  message: '[Cache Hit] Lấy thông tin hotel ID: 774ea0ad-10a2-4836-add4-ed1bf337d1f2 từ Redis',
  level: 'debug',
  timestamp: '2026-08-02T05:02:52.754Z'
}
{
  hotelId: '8168c601-3fbd-4be9-b0ba-78bc1ac96ea4',
  level: 'info',
  message: '[BookingController] Get hotel bookings',
  timestamp: '2026-08-02T05:02:52.757Z'
}
{
  hotelId: 'cdcc3f08-97f8-42a7-8c59-51ba169f3bee',
  level: 'info',
  message: '[BookingController] Get hotel bookings',
  timestamp: '2026-08-02T05:02:52.760Z'
}
{
  hotelId: 'ca5dfeea-502a-49b4-8b40-edb8d8641096',
  level: 'info',
  message: '[BookingController] Get hotel bookings',
  timestamp: '2026-08-02T05:02:52.762Z'
}
{
  message: '[Cache Hit] Lấy thông tin hotel ID: 8168c601-3fbd-4be9-b0ba-78bc1ac96ea4 từ Redis',
  level: 'debug',
  timestamp: '2026-08-02T05:02:52.763Z'
}
{
  message: '[Cache Hit] Lấy thông tin hotel ID: cdcc3f08-97f8-42a7-8c59-51ba169f3bee từ Redis',
  level: 'debug',
  timestamp: '2026-08-02T05:02:52.763Z'
}
{
  message: '[Cache Hit] Lấy thông tin hotel ID: ca5dfeea-502a-49b4-8b40-edb8d8641096 từ Redis',
  level: 'debug',
  timestamp: '2026-08-02T05:02:52.763Z'
}
{
  hotelId: '6c5095d1-8035-4ee6-b1b1-b9e27942a76f',
  level: 'info',
  message: '[BookingController] Get hotel bookings',
  timestamp: '2026-08-02T05:02:52.770Z'
}
{
  message: '[Cache Hit] Lấy thông tin hotel ID: 6c5095d1-8035-4ee6-b1b1-b9e27942a76f từ Redis',
  level: 'debug',
  timestamp: '2026-08-02T05:02:52.770Z'
}
{
  hotelId: '615a05ed-ca06-4178-9e3d-e2e883cd86f0',
  level: 'info',
  message: '[BookingController] Get hotel bookings',
  timestamp: '2026-08-02T05:02:52.773Z'
}
{
  hotelId: '4ae8aa74-5d12-4c14-9904-1a09cd67b79d',
  level: 'info',
  message: '[BookingController] Get hotel bookings',
  timestamp: '2026-08-02T05:02:52.776Z'
}
{
  message: '[Cache Hit] Lấy thông tin hotel ID: 615a05ed-ca06-4178-9e3d-e2e883cd86f0 từ Redis',
  level: 'debug',
  timestamp: '2026-08-02T05:02:52.777Z'
}
{
  message: '[Cache Hit] Lấy thông tin hotel ID: 4ae8aa74-5d12-4c14-9904-1a09cd67b79d từ Redis',
  level: 'debug',
  timestamp: '2026-08-02T05:02:52.777Z'
}
{
  hotelId: 'b1894531-1a55-41c4-8de3-3f7222ce9272',
  level: 'info',
  message: '[BookingController] Get hotel bookings',
  timestamp: '2026-08-02T05:02:52.781Z'
}
{
  hotelId: '99d133ab-5625-4527-9f6a-1c3784ec4888',
  level: 'info',
  message: '[BookingController] Get hotel bookings',
  timestamp: '2026-08-02T05:02:52.785Z'
}
{
  hotelId: 'b791877f-a851-4df9-8e97-491b5f55e97f',
  level: 'info',
  message: '[BookingController] Get hotel bookings',
  timestamp: '2026-08-02T05:02:52.788Z'
}
{
  message: '[Cache Hit] Lấy thông tin hotel ID: b1894531-1a55-41c4-8de3-3f7222ce9272 từ Redis',
  level: 'debug',
  timestamp: '2026-08-02T05:02:52.789Z'
}
{
  message: '[Cache Hit] Lấy thông tin hotel ID: 99d133ab-5625-4527-9f6a-1c3784ec4888 từ Redis',
  level: 'debug',
  timestamp: '2026-08-02T05:02:52.789Z'
}
{
  message: '[Cache Hit] Lấy thông tin hotel ID: b791877f-a851-4df9-8e97-491b5f55e97f từ Redis',
  level: 'debug',
  timestamp: '2026-08-02T05:02:52.789Z'
}
{
  hotelId: '2d556b72-df20-455a-98d8-5887c31297de',
  level: 'info',
  message: '[BookingController] Get hotel bookings',
  timestamp: '2026-08-02T05:02:52.794Z'
}
{
  message: '[Cache Hit] Lấy thông tin hotel ID: 2d556b72-df20-455a-98d8-5887c31297de từ Redis',
  level: 'debug',
  timestamp: '2026-08-02T05:02:52.795Z'
}
{
  hotelId: '7806d7b1-469e-4a3e-b855-cc649c51efc9',
  level: 'info',
  message: '[BookingController] Get hotel bookings',
  timestamp: '2026-08-02T05:02:52.802Z'
}
{
  hotelId: '774ea0ad-10a2-4836-add4-ed1bf337d1f2',
  level: 'info',
  message: '[BookingController] Get hotel bookings',
  timestamp: '2026-08-02T05:02:52.805Z'
}
{
  message: '[Cache Hit] Lấy thông tin hotel ID: 7806d7b1-469e-4a3e-b855-cc649c51efc9 từ Redis',
  level: 'debug',
  timestamp: '2026-08-02T05:02:52.805Z'
}
{
  message: '[Cache Hit] Lấy thông tin hotel ID: 774ea0ad-10a2-4836-add4-ed1bf337d1f2 từ Redis',
  level: 'debug',
  timestamp: '2026-08-02T05:02:52.805Z'
}
{
  hotelId: '8168c601-3fbd-4be9-b0ba-78bc1ac96ea4',
  level: 'info',
  message: '[BookingController] Get hotel bookings',
  timestamp: '2026-08-02T05:02:52.809Z'
}
{
  hotelId: 'cdcc3f08-97f8-42a7-8c59-51ba169f3bee',
  level: 'info',
  message: '[BookingController] Get hotel bookings',
  timestamp: '2026-08-02T05:02:52.811Z'
}
{
  hotelId: 'ca5dfeea-502a-49b4-8b40-edb8d8641096',
  level: 'info',
  message: '[BookingController] Get hotel bookings',
  timestamp: '2026-08-02T05:02:52.813Z'
}
{
  message: '[Cache Hit] Lấy thông tin hotel ID: 8168c601-3fbd-4be9-b0ba-78bc1ac96ea4 từ Redis',
  level: 'debug',
  timestamp: '2026-08-02T05:02:52.814Z'
}
{
  message: '[Cache Hit] Lấy thông tin hotel ID: cdcc3f08-97f8-42a7-8c59-51ba169f3bee từ Redis',
  level: 'debug',
  timestamp: '2026-08-02T05:02:52.815Z'
}
{
  message: '[Cache Hit] Lấy thông tin hotel ID: ca5dfeea-502a-49b4-8b40-edb8d8641096 từ Redis',
  level: 'debug',
  timestamp: '2026-08-02T05:02:52.815Z'
}
{
  hotelId: '6c5095d1-8035-4ee6-b1b1-b9e27942a76f',
  level: 'info',
  message: '[BookingController] Get hotel bookings',
  timestamp: '2026-08-02T05:02:52.820Z'
}
{
  message: '[Cache Hit] Lấy thông tin hotel ID: 6c5095d1-8035-4ee6-b1b1-b9e27942a76f từ Redis',
  level: 'debug',
  timestamp: '2026-08-02T05:02:52.821Z'
}
{
  hotelId: '615a05ed-ca06-4178-9e3d-e2e883cd86f0',
  level: 'info',
  message: '[BookingController] Get hotel bookings',
  timestamp: '2026-08-02T05:02:52.824Z'
}
{
  hotelId: '4ae8aa74-5d12-4c14-9904-1a09cd67b79d',
  level: 'info',
  message: '[BookingController] Get hotel bookings',
  timestamp: '2026-08-02T05:02:52.827Z'
}
{
  message: '[Cache Hit] Lấy thông tin hotel ID: 615a05ed-ca06-4178-9e3d-e2e883cd86f0 từ Redis',
  level: 'debug',
  timestamp: '2026-08-02T05:02:52.827Z'
}
{
  message: '[Cache Hit] Lấy thông tin hotel ID: 4ae8aa74-5d12-4c14-9904-1a09cd67b79d từ Redis',
  level: 'debug',
  timestamp: '2026-08-02T05:02:52.828Z'
}
{
  hotelId: 'b1894531-1a55-41c4-8de3-3f7222ce9272',
  level: 'info',
  message: '[BookingController] Get hotel bookings',
  timestamp: '2026-08-02T05:02:52.830Z'
}
{
  hotelId: '99d133ab-5625-4527-9f6a-1c3784ec4888',
  level: 'info',
  message: '[BookingController] Get hotel bookings',
  timestamp: '2026-08-02T05:02:52.832Z'
}
{
  hotelId: 'b791877f-a851-4df9-8e97-491b5f55e97f',
  level: 'info',
  message: '[BookingController] Get hotel bookings',
  timestamp: '2026-08-02T05:02:52.836Z'
}
{
  message: '[Cache Hit] Lấy thông tin hotel ID: b1894531-1a55-41c4-8de3-3f7222ce9272 từ Redis',
  level: 'debug',
  timestamp: '2026-08-02T05:02:52.837Z'
}
{
  message: '[Cache Hit] Lấy thông tin hotel ID: 99d133ab-5625-4527-9f6a-1c3784ec4888 từ Redis',
  level: 'debug',
  timestamp: '2026-08-02T05:02:52.837Z'
}
{
  message: '[Cache Hit] Lấy thông tin hotel ID: b791877f-a851-4df9-8e97-491b5f55e97f từ Redis',
  level: 'debug',
  timestamp: '2026-08-02T05:02:52.838Z'
}
{
  message: 'JWT Verification Error: jwt expired',
  level: 'error',
  timestamp: '2026-08-02T05:04:04.877Z'
}
{
  message: 'GLOBAL ERROR HANDLER CAUGHT: Error: Phiên đăng nhập đã hết hạn. Vui lòng lấy Token mới.\n' +
    '    at authMiddleware (/app/src/middlewares/authMiddleware.ts:80:9)\n' +
    '    at Layer.handleRequest (/app/node_modules/router/lib/layer.js:152:17)\n' +
    '    at trimPrefix (/app/node_modules/router/index.js:342:13)\n' +
    '    at /app/node_modules/router/index.js:297:9\n' +
    '    at processParams (/app/node_modules/router/index.js:582:12)\n' +
    '    at next (/app/node_modules/router/index.js:291:5)\n' +
    '    at Function.handle (/app/node_modules/router/index.js:186:3)\n' +
    '    at router (/app/node_modules/router/index.js:60:12)\n' +
    '    at Layer.handleRequest (/app/node_modules/router/lib/layer.js:152:17)\n' +
    '    at trimPrefix (/app/node_modules/router/index.js:342:13)',
  level: 'error',
  timestamp: '2026-08-02T05:04:04.878Z'
}
{
  message: '[AuthController] Refresh Tokens',
  level: 'info',
  timestamp: '2026-08-02T05:04:04.895Z'
}
{
  message: 'Fetching user details for ID: 0772409a-2c0f-47cb-9ec6-51dbdeedda73',
  level: 'debug',
  timestamp: '2026-08-02T05:04:04.930Z'
}
{
  message: '[Cache Hit] Lấy thông tin user ID: 0772409a-2c0f-47cb-9ec6-51dbdeedda73 từ Redis',
  level: 'debug',
  timestamp: '2026-08-02T05:04:04.932Z'
}
{
  message: '[AuthService] Tokens refreshed successfully for user: agent1@booking.com',
  level: 'info',
  timestamp: '2026-08-02T05:04:04.959Z'
}
{
  message: '[SchedulerService] Đang kiểm tra các booking hết hạn thanh toán...',
  level: 'info',
  timestamp: '2026-08-02T05:05:00.063Z'
}
{
  userId: '0772409a-2c0f-47cb-9ec6-51dbdeedda73',
  level: 'info',
  message: '[AuthController] Get Me',
  timestamp: '2026-08-02T05:05:24.202Z'
}
{
  message: 'Fetching user details for ID: 0772409a-2c0f-47cb-9ec6-51dbdeedda73',
  level: 'debug',
  timestamp: '2026-08-02T05:05:24.202Z'
}
{
  message: '[Cache Hit] Lấy thông tin user ID: 0772409a-2c0f-47cb-9ec6-51dbdeedda73 từ Redis',
  level: 'debug',
  timestamp: '2026-08-02T05:05:24.203Z'
}
{
  userId: '0772409a-2c0f-47cb-9ec6-51dbdeedda73',
  level: 'info',
  message: '[AuthController] Get Me',
  timestamp: '2026-08-02T05:05:24.208Z'
}
{
  message: 'Fetching user details for ID: 0772409a-2c0f-47cb-9ec6-51dbdeedda73',
  level: 'debug',
  timestamp: '2026-08-02T05:05:24.208Z'
}
{
  message: '[Cache Hit] Lấy thông tin user ID: 0772409a-2c0f-47cb-9ec6-51dbdeedda73 từ Redis',
  level: 'debug',
  timestamp: '2026-08-02T05:05:24.210Z'
}
{
  message: '[HotelController] Get my hotels',
  level: 'info',
  timestamp: '2026-08-02T05:05:24.598Z'
}
{
  message: '[HotelController] Get my hotels',
  level: 'info',
  timestamp: '2026-08-02T05:05:24.632Z'
}
{
  hotelId: '2d556b72-df20-455a-98d8-5887c31297de',
  level: 'info',
  message: '[BookingController] Get hotel bookings',
  timestamp: '2026-08-02T05:05:24.656Z'
}
{
  hotelId: 'cdcc3f08-97f8-42a7-8c59-51ba169f3bee',
  level: 'info',
  message: '[BookingController] Get hotel bookings',
  timestamp: '2026-08-02T05:05:24.669Z'
}
{
  message: '[Cache Hit] Lấy thông tin hotel ID: 2d556b72-df20-455a-98d8-5887c31297de từ Redis',
  level: 'debug',
  timestamp: '2026-08-02T05:05:24.670Z'
}
{
  message: '[Cache Hit] Lấy thông tin hotel ID: cdcc3f08-97f8-42a7-8c59-51ba169f3bee từ Redis',
  level: 'debug',
  timestamp: '2026-08-02T05:05:24.670Z'
}
{
  hotelId: 'ca5dfeea-502a-49b4-8b40-edb8d8641096',
  level: 'info',
  message: '[BookingController] Get hotel bookings',
  timestamp: '2026-08-02T05:05:24.674Z'
}
{
  message: '[Cache Hit] Lấy thông tin hotel ID: ca5dfeea-502a-49b4-8b40-edb8d8641096 từ Redis',
  level: 'debug',
  timestamp: '2026-08-02T05:05:24.675Z'
}
{
  hotelId: '774ea0ad-10a2-4836-add4-ed1bf337d1f2',
  level: 'info',
  message: '[BookingController] Get hotel bookings',
  timestamp: '2026-08-02T05:05:24.679Z'
}
{
  message: '[Cache Hit] Lấy thông tin hotel ID: 774ea0ad-10a2-4836-add4-ed1bf337d1f2 từ Redis',
  level: 'debug',
  timestamp: '2026-08-02T05:05:24.680Z'
}
{
  hotelId: '6c5095d1-8035-4ee6-b1b1-b9e27942a76f',
  level: 'info',
  message: '[BookingController] Get hotel bookings',
  timestamp: '2026-08-02T05:05:24.684Z'
}
{
  message: '[Cache Hit] Lấy thông tin hotel ID: 6c5095d1-8035-4ee6-b1b1-b9e27942a76f từ Redis',
  level: 'debug',
  timestamp: '2026-08-02T05:05:24.687Z'
}
{
  hotelId: '7806d7b1-469e-4a3e-b855-cc649c51efc9',
  level: 'info',
  message: '[BookingController] Get hotel bookings',
  timestamp: '2026-08-02T05:05:24.691Z'
}
{
  message: '[Cache Hit] Lấy thông tin hotel ID: 7806d7b1-469e-4a3e-b855-cc649c51efc9 từ Redis',
  level: 'debug',
  timestamp: '2026-08-02T05:05:24.692Z'
}
{
  hotelId: '4ae8aa74-5d12-4c14-9904-1a09cd67b79d',
  level: 'info',
  message: '[BookingController] Get hotel bookings',
  timestamp: '2026-08-02T05:05:24.700Z'
}
{
  hotelId: '615a05ed-ca06-4178-9e3d-e2e883cd86f0',
  level: 'info',
  message: '[BookingController] Get hotel bookings',
  timestamp: '2026-08-02T05:05:24.703Z'
}
{
  hotelId: '99d133ab-5625-4527-9f6a-1c3784ec4888',
  level: 'info',
  message: '[BookingController] Get hotel bookings',
  timestamp: '2026-08-02T05:05:24.707Z'
}
{
  message: '[Cache Hit] Lấy thông tin hotel ID: 4ae8aa74-5d12-4c14-9904-1a09cd67b79d từ Redis',
  level: 'debug',
  timestamp: '2026-08-02T05:05:24.710Z'
}
{
  message: '[Cache Hit] Lấy thông tin hotel ID: 615a05ed-ca06-4178-9e3d-e2e883cd86f0 từ Redis',
  level: 'debug',
  timestamp: '2026-08-02T05:05:24.711Z'
}
{
  message: '[Cache Hit] Lấy thông tin hotel ID: 99d133ab-5625-4527-9f6a-1c3784ec4888 từ Redis',
  level: 'debug',
  timestamp: '2026-08-02T05:05:24.711Z'
}
{
  hotelId: '8168c601-3fbd-4be9-b0ba-78bc1ac96ea4',
  level: 'info',
  message: '[BookingController] Get hotel bookings',
  timestamp: '2026-08-02T05:05:24.728Z'
}
{
  hotelId: 'b1894531-1a55-41c4-8de3-3f7222ce9272',
  level: 'info',
  message: '[BookingController] Get hotel bookings',
  timestamp: '2026-08-02T05:05:24.732Z'
}
{
  message: '[Cache Hit] Lấy thông tin hotel ID: 8168c601-3fbd-4be9-b0ba-78bc1ac96ea4 từ Redis',
  level: 'debug',
  timestamp: '2026-08-02T05:05:24.738Z'
}
{
  message: '[Cache Hit] Lấy thông tin hotel ID: b1894531-1a55-41c4-8de3-3f7222ce9272 từ Redis',
  level: 'debug',
  timestamp: '2026-08-02T05:05:24.738Z'
}
{
  hotelId: 'b791877f-a851-4df9-8e97-491b5f55e97f',
  level: 'info',
  message: '[BookingController] Get hotel bookings',
  timestamp: '2026-08-02T05:05:24.748Z'
}
{
  hotelId: '6c5095d1-8035-4ee6-b1b1-b9e27942a76f',
  level: 'info',
  message: '[BookingController] Get hotel bookings',
  timestamp: '2026-08-02T05:05:24.749Z'
}
{
  message: '[Cache Hit] Lấy thông tin hotel ID: b791877f-a851-4df9-8e97-491b5f55e97f từ Redis',
  level: 'debug',
  timestamp: '2026-08-02T05:05:24.750Z'
}
{
  message: '[Cache Hit] Lấy thông tin hotel ID: 6c5095d1-8035-4ee6-b1b1-b9e27942a76f từ Redis',
  level: 'debug',
  timestamp: '2026-08-02T05:05:24.750Z'
}
{
  hotelId: 'cdcc3f08-97f8-42a7-8c59-51ba169f3bee',
  level: 'info',
  message: '[BookingController] Get hotel bookings',
  timestamp: '2026-08-02T05:05:24.755Z'
}
{
  hotelId: '2d556b72-df20-455a-98d8-5887c31297de',
  level: 'info',
  message: '[BookingController] Get hotel bookings',
  timestamp: '2026-08-02T05:05:24.757Z'
}
{
  message: '[Cache Hit] Lấy thông tin hotel ID: cdcc3f08-97f8-42a7-8c59-51ba169f3bee từ Redis',
  level: 'debug',
  timestamp: '2026-08-02T05:05:24.758Z'
}
{
  message: '[Cache Hit] Lấy thông tin hotel ID: 2d556b72-df20-455a-98d8-5887c31297de từ Redis',
  level: 'debug',
  timestamp: '2026-08-02T05:05:24.759Z'
}
{
  hotelId: '99d133ab-5625-4527-9f6a-1c3784ec4888',
  level: 'info',
  message: '[BookingController] Get hotel bookings',
  timestamp: '2026-08-02T05:05:24.762Z'
}
{
  message: '[Cache Hit] Lấy thông tin hotel ID: 99d133ab-5625-4527-9f6a-1c3784ec4888 từ Redis',
  level: 'debug',
  timestamp: '2026-08-02T05:05:24.764Z'
}
{
  hotelId: '774ea0ad-10a2-4836-add4-ed1bf337d1f2',
  level: 'info',
  message: '[BookingController] Get hotel bookings',
  timestamp: '2026-08-02T05:05:24.768Z'
}
{
  message: '[Cache Hit] Lấy thông tin hotel ID: 774ea0ad-10a2-4836-add4-ed1bf337d1f2 từ Redis',
  level: 'debug',
  timestamp: '2026-08-02T05:05:24.769Z'
}
{
  hotelId: '7806d7b1-469e-4a3e-b855-cc649c51efc9',
  level: 'info',
  message: '[BookingController] Get hotel bookings',
  timestamp: '2026-08-02T05:05:24.772Z'
}
{
  hotelId: '8168c601-3fbd-4be9-b0ba-78bc1ac96ea4',
  level: 'info',
  message: '[BookingController] Get hotel bookings',
  timestamp: '2026-08-02T05:05:24.773Z'
}
{
  message: '[Cache Hit] Lấy thông tin hotel ID: 7806d7b1-469e-4a3e-b855-cc649c51efc9 từ Redis',
  level: 'debug',
  timestamp: '2026-08-02T05:05:24.774Z'
}
{
  message: '[Cache Hit] Lấy thông tin hotel ID: 8168c601-3fbd-4be9-b0ba-78bc1ac96ea4 từ Redis',
  level: 'debug',
  timestamp: '2026-08-02T05:05:24.774Z'
}
{
  hotelId: '4ae8aa74-5d12-4c14-9904-1a09cd67b79d',
  level: 'info',
  message: '[BookingController] Get hotel bookings',
  timestamp: '2026-08-02T05:05:24.778Z'
}
{
  message: '[Cache Hit] Lấy thông tin hotel ID: 4ae8aa74-5d12-4c14-9904-1a09cd67b79d từ Redis',
  level: 'debug',
  timestamp: '2026-08-02T05:05:24.779Z'
}
{
  hotelId: '615a05ed-ca06-4178-9e3d-e2e883cd86f0',
  level: 'info',
  message: '[BookingController] Get hotel bookings',
  timestamp: '2026-08-02T05:05:24.783Z'
}
{
  hotelId: 'b791877f-a851-4df9-8e97-491b5f55e97f',
  level: 'info',
  message: '[BookingController] Get hotel bookings',
  timestamp: '2026-08-02T05:05:24.785Z'
}
{
  message: '[Cache Hit] Lấy thông tin hotel ID: 615a05ed-ca06-4178-9e3d-e2e883cd86f0 từ Redis',
  level: 'debug',
  timestamp: '2026-08-02T05:05:24.786Z'
}
{
  message: '[Cache Hit] Lấy thông tin hotel ID: b791877f-a851-4df9-8e97-491b5f55e97f từ Redis',
  level: 'debug',
  timestamp: '2026-08-02T05:05:24.786Z'
}
{
  hotelId: 'b1894531-1a55-41c4-8de3-3f7222ce9272',
  level: 'info',
  message: '[BookingController] Get hotel bookings',
  timestamp: '2026-08-02T05:05:24.790Z'
}
{
  message: '[Cache Hit] Lấy thông tin hotel ID: b1894531-1a55-41c4-8de3-3f7222ce9272 từ Redis',
  level: 'debug',
  timestamp: '2026-08-02T05:05:24.792Z'
}
{
  hotelId: 'ca5dfeea-502a-49b4-8b40-edb8d8641096',
  level: 'info',
  message: '[BookingController] Get hotel bookings',
  timestamp: '2026-08-02T05:05:24.799Z'
}
{
  message: '[Cache Hit] Lấy thông tin hotel ID: ca5dfeea-502a-49b4-8b40-edb8d8641096 từ Redis',
  level: 'debug',
  timestamp: '2026-08-02T05:05:24.801Z'
}
{
  bookingId: '73109714-c5ba-4627-aff4-7953af574eb2',
  level: 'info',
  message: '[BookingController] Update booking status',
  timestamp: '2026-08-02T05:05:27.222Z'
}
{
  message: '[Cache Hit] Lấy thông tin hotel ID: 99d133ab-5625-4527-9f6a-1c3784ec4888 từ Redis',
  level: 'debug',
  timestamp: '2026-08-02T05:05:27.230Z'
}
{
  bookingId: '21ad4a9b-9fa9-4bb5-a5b0-610ea228f9cd',
  level: 'info',
  message: '[BookingController] Update booking status',
  timestamp: '2026-08-02T05:05:29.079Z'
}
{
  message: '[Cache Hit] Lấy thông tin hotel ID: 99d133ab-5625-4527-9f6a-1c3784ec4888 từ Redis',
  level: 'debug',
  timestamp: '2026-08-02T05:05:29.084Z'
}
{
  userId: '0772409a-2c0f-47cb-9ec6-51dbdeedda73',
  level: 'info',
  message: '[AuthController] Get Me',
  timestamp: '2026-08-02T05:05:30.660Z'
}
{
  message: 'Fetching user details for ID: 0772409a-2c0f-47cb-9ec6-51dbdeedda73',
  level: 'debug',
  timestamp: '2026-08-02T05:05:30.660Z'
}
{
  message: '[Cache Hit] Lấy thông tin user ID: 0772409a-2c0f-47cb-9ec6-51dbdeedda73 từ Redis',
  level: 'debug',
  timestamp: '2026-08-02T05:05:30.661Z'
}
{
  userId: '0772409a-2c0f-47cb-9ec6-51dbdeedda73',
  level: 'info',
  message: '[AuthController] Get Me',
  timestamp: '2026-08-02T05:05:30.665Z'
}
{
  message: 'Fetching user details for ID: 0772409a-2c0f-47cb-9ec6-51dbdeedda73',
  level: 'debug',
  timestamp: '2026-08-02T05:05:30.665Z'
}
{
  message: '[Cache Hit] Lấy thông tin user ID: 0772409a-2c0f-47cb-9ec6-51dbdeedda73 từ Redis',
  level: 'debug',
  timestamp: '2026-08-02T05:05:30.667Z'
}
{
  message: '[HotelController] Get my hotels',
  level: 'info',
  timestamp: '2026-08-02T05:05:31.019Z'
}
{
  message: '[HotelController] Get my hotels',
  level: 'info',
  timestamp: '2026-08-02T05:05:31.062Z'
}
{
  hotelId: '2d556b72-df20-455a-98d8-5887c31297de',
  level: 'info',
  message: '[BookingController] Get hotel bookings',
  timestamp: '2026-08-02T05:05:31.101Z'
}
{
  message: '[Cache Hit] Lấy thông tin hotel ID: 2d556b72-df20-455a-98d8-5887c31297de từ Redis',
  level: 'debug',
  timestamp: '2026-08-02T05:05:31.120Z'
}
{
  hotelId: '7806d7b1-469e-4a3e-b855-cc649c51efc9',
  level: 'info',
  message: '[BookingController] Get hotel bookings',
  timestamp: '2026-08-02T05:05:31.135Z'
}
{
  message: '[Cache Hit] Lấy thông tin hotel ID: 7806d7b1-469e-4a3e-b855-cc649c51efc9 từ Redis',
  level: 'debug',
  timestamp: '2026-08-02T05:05:31.140Z'
}
{
  hotelId: '4ae8aa74-5d12-4c14-9904-1a09cd67b79d',
  level: 'info',
  message: '[BookingController] Get hotel bookings',
  timestamp: '2026-08-02T05:05:31.144Z'
}
{
  hotelId: 'ca5dfeea-502a-49b4-8b40-edb8d8641096',
  level: 'info',
  message: '[BookingController] Get hotel bookings',
  timestamp: '2026-08-02T05:05:31.148Z'
}
{
  message: '[Cache Hit] Lấy thông tin hotel ID: 4ae8aa74-5d12-4c14-9904-1a09cd67b79d từ Redis',
  level: 'debug',
  timestamp: '2026-08-02T05:05:31.151Z'
}
{
  message: '[Cache Hit] Lấy thông tin hotel ID: ca5dfeea-502a-49b4-8b40-edb8d8641096 từ Redis',
  level: 'debug',
  timestamp: '2026-08-02T05:05:31.151Z'
}
{
  hotelId: '774ea0ad-10a2-4836-add4-ed1bf337d1f2',
  level: 'info',
  message: '[BookingController] Get hotel bookings',
  timestamp: '2026-08-02T05:05:31.154Z'
}
{
  message: '[Cache Hit] Lấy thông tin hotel ID: 774ea0ad-10a2-4836-add4-ed1bf337d1f2 từ Redis',
  level: 'debug',
  timestamp: '2026-08-02T05:05:31.155Z'
}
{
  hotelId: 'b1894531-1a55-41c4-8de3-3f7222ce9272',
  level: 'info',
  message: '[BookingController] Get hotel bookings',
  timestamp: '2026-08-02T05:05:31.160Z'
}
{
  hotelId: '6c5095d1-8035-4ee6-b1b1-b9e27942a76f',
  level: 'info',
  message: '[BookingController] Get hotel bookings',
  timestamp: '2026-08-02T05:05:31.163Z'
}
{
  message: '[Cache Hit] Lấy thông tin hotel ID: b1894531-1a55-41c4-8de3-3f7222ce9272 từ Redis',
  level: 'debug',
  timestamp: '2026-08-02T05:05:31.164Z'
}
{
  message: '[Cache Hit] Lấy thông tin hotel ID: 6c5095d1-8035-4ee6-b1b1-b9e27942a76f từ Redis',
  level: 'debug',
  timestamp: '2026-08-02T05:05:31.165Z'
}
{
  hotelId: '99d133ab-5625-4527-9f6a-1c3784ec4888',
  level: 'info',
  message: '[BookingController] Get hotel bookings',
  timestamp: '2026-08-02T05:05:31.172Z'
}
{
  hotelId: '8168c601-3fbd-4be9-b0ba-78bc1ac96ea4',
  level: 'info',
  message: '[BookingController] Get hotel bookings',
  timestamp: '2026-08-02T05:05:31.174Z'
}
{
  hotelId: 'cdcc3f08-97f8-42a7-8c59-51ba169f3bee',
  level: 'info',
  message: '[BookingController] Get hotel bookings',
  timestamp: '2026-08-02T05:05:31.178Z'
}
{
  message: '[Cache Hit] Lấy thông tin hotel ID: 99d133ab-5625-4527-9f6a-1c3784ec4888 từ Redis',
  level: 'debug',
  timestamp: '2026-08-02T05:05:31.180Z'
}
{
  message: '[Cache Hit] Lấy thông tin hotel ID: 8168c601-3fbd-4be9-b0ba-78bc1ac96ea4 từ Redis',
  level: 'debug',
  timestamp: '2026-08-02T05:05:31.180Z'
}
{
  message: '[Cache Hit] Lấy thông tin hotel ID: cdcc3f08-97f8-42a7-8c59-51ba169f3bee từ Redis',
  level: 'debug',
  timestamp: '2026-08-02T05:05:31.181Z'
}
{
  hotelId: '615a05ed-ca06-4178-9e3d-e2e883cd86f0',
  level: 'info',
  message: '[BookingController] Get hotel bookings',
  timestamp: '2026-08-02T05:05:31.185Z'
}
{
  message: '[Cache Hit] Lấy thông tin hotel ID: 615a05ed-ca06-4178-9e3d-e2e883cd86f0 từ Redis',
  level: 'debug',
  timestamp: '2026-08-02T05:05:31.187Z'
}
{
  hotelId: 'b791877f-a851-4df9-8e97-491b5f55e97f',
  level: 'info',
  message: '[BookingController] Get hotel bookings',
  timestamp: '2026-08-02T05:05:31.197Z'
}
{
  hotelId: '2d556b72-df20-455a-98d8-5887c31297de',
  level: 'info',
  message: '[BookingController] Get hotel bookings',
  timestamp: '2026-08-02T05:05:31.199Z'
}
{
  message: '[Cache Hit] Lấy thông tin hotel ID: b791877f-a851-4df9-8e97-491b5f55e97f từ Redis',
  level: 'debug',
  timestamp: '2026-08-02T05:05:31.200Z'
}
{
  message: '[Cache Hit] Lấy thông tin hotel ID: 2d556b72-df20-455a-98d8-5887c31297de từ Redis',
  level: 'debug',
  timestamp: '2026-08-02T05:05:31.201Z'
}
{
  hotelId: '7806d7b1-469e-4a3e-b855-cc649c51efc9',
  level: 'info',
  message: '[BookingController] Get hotel bookings',
  timestamp: '2026-08-02T05:05:31.205Z'
}
{
  hotelId: '4ae8aa74-5d12-4c14-9904-1a09cd67b79d',
  level: 'info',
  message: '[BookingController] Get hotel bookings',
  timestamp: '2026-08-02T05:05:31.211Z'
}
{
  message: '[Cache Hit] Lấy thông tin hotel ID: 7806d7b1-469e-4a3e-b855-cc649c51efc9 từ Redis',
  level: 'debug',
  timestamp: '2026-08-02T05:05:31.215Z'
}
{
  message: '[Cache Hit] Lấy thông tin hotel ID: 4ae8aa74-5d12-4c14-9904-1a09cd67b79d từ Redis',
  level: 'debug',
  timestamp: '2026-08-02T05:05:31.216Z'
}
{
  hotelId: 'ca5dfeea-502a-49b4-8b40-edb8d8641096',
  level: 'info',
  message: '[BookingController] Get hotel bookings',
  timestamp: '2026-08-02T05:05:31.221Z'
}
{
  message: '[Cache Hit] Lấy thông tin hotel ID: ca5dfeea-502a-49b4-8b40-edb8d8641096 từ Redis',
  level: 'debug',
  timestamp: '2026-08-02T05:05:31.222Z'
}
{
  hotelId: '774ea0ad-10a2-4836-add4-ed1bf337d1f2',
  level: 'info',
  message: '[BookingController] Get hotel bookings',
  timestamp: '2026-08-02T05:05:31.227Z'
}
{
  message: '[Cache Hit] Lấy thông tin hotel ID: 774ea0ad-10a2-4836-add4-ed1bf337d1f2 từ Redis',
  level: 'debug',
  timestamp: '2026-08-02T05:05:31.230Z'
}
{
  hotelId: 'b1894531-1a55-41c4-8de3-3f7222ce9272',
  level: 'info',
  message: '[BookingController] Get hotel bookings',
  timestamp: '2026-08-02T05:05:31.237Z'
}
{
  hotelId: '6c5095d1-8035-4ee6-b1b1-b9e27942a76f',
  level: 'info',
  message: '[BookingController] Get hotel bookings',
  timestamp: '2026-08-02T05:05:31.239Z'
}
{
  message: '[Cache Hit] Lấy thông tin hotel ID: b1894531-1a55-41c4-8de3-3f7222ce9272 từ Redis',
  level: 'debug',
  timestamp: '2026-08-02T05:05:31.240Z'
}
{
  message: '[Cache Hit] Lấy thông tin hotel ID: 6c5095d1-8035-4ee6-b1b1-b9e27942a76f từ Redis',
  level: 'debug',
  timestamp: '2026-08-02T05:05:31.240Z'
}
{
  hotelId: '8168c601-3fbd-4be9-b0ba-78bc1ac96ea4',
  level: 'info',
  message: '[BookingController] Get hotel bookings',
  timestamp: '2026-08-02T05:05:31.246Z'
}
{
  message: '[Cache Hit] Lấy thông tin hotel ID: 8168c601-3fbd-4be9-b0ba-78bc1ac96ea4 từ Redis',
  level: 'debug',
  timestamp: '2026-08-02T05:05:31.247Z'
}
{
  hotelId: 'cdcc3f08-97f8-42a7-8c59-51ba169f3bee',
  level: 'info',
  message: '[BookingController] Get hotel bookings',
  timestamp: '2026-08-02T05:05:31.257Z'
}
{
  hotelId: '615a05ed-ca06-4178-9e3d-e2e883cd86f0',
  level: 'info',
  message: '[BookingController] Get hotel bookings',
  timestamp: '2026-08-02T05:05:31.260Z'
}
{
  message: '[Cache Hit] Lấy thông tin hotel ID: cdcc3f08-97f8-42a7-8c59-51ba169f3bee từ Redis',
  level: 'debug',
  timestamp: '2026-08-02T05:05:31.261Z'
}
{
  message: '[Cache Hit] Lấy thông tin hotel ID: 615a05ed-ca06-4178-9e3d-e2e883cd86f0 từ Redis',
  level: 'debug',
  timestamp: '2026-08-02T05:05:31.262Z'
}
{
  hotelId: '99d133ab-5625-4527-9f6a-1c3784ec4888',
  level: 'info',
  message: '[BookingController] Get hotel bookings',
  timestamp: '2026-08-02T05:05:31.265Z'
}
{
  message: '[Cache Hit] Lấy thông tin hotel ID: 99d133ab-5625-4527-9f6a-1c3784ec4888 từ Redis',
  level: 'debug',
  timestamp: '2026-08-02T05:05:31.267Z'
}
{
  hotelId: 'b791877f-a851-4df9-8e97-491b5f55e97f',
  level: 'info',
  message: '[BookingController] Get hotel bookings',
  timestamp: '2026-08-02T05:05:31.273Z'
}
{
  message: '[Cache Hit] Lấy thông tin hotel ID: b791877f-a851-4df9-8e97-491b5f55e97f từ Redis',
  level: 'debug',
  timestamp: '2026-08-02T05:05:31.276Z'
}
{
  message: 'JWT Verification Error: jwt expired',
  level: 'error',
  timestamp: '2026-08-02T05:05:36.766Z'
}
{
  message: 'GLOBAL ERROR HANDLER CAUGHT: Error: Phiên đăng nhập đã hết hạn. Vui lòng lấy Token mới.\n' +
    '    at authMiddleware (/app/src/middlewares/authMiddleware.ts:80:9)\n' +
    '    at Layer.handleRequest (/app/node_modules/router/lib/layer.js:152:17)\n' +
    '    at next (/app/node_modules/router/lib/route.js:157:13)\n' +
    '    at Route.dispatch (/app/node_modules/router/lib/route.js:117:3)\n' +
    '    at handle (/app/node_modules/router/index.js:435:11)\n' +
    '    at Layer.handleRequest (/app/node_modules/router/lib/layer.js:152:17)\n' +
    '    at /app/node_modules/router/index.js:295:15\n' +
    '    at processParams (/app/node_modules/router/index.js:582:12)\n' +
    '    at next (/app/node_modules/router/index.js:291:5)\n' +
    '    at Function.handle (/app/node_modules/router/index.js:186:3)',
  level: 'error',
  timestamp: '2026-08-02T05:05:36.767Z'
}
{
  message: 'JWT Verification Error: jwt expired',
  level: 'error',
  timestamp: '2026-08-02T05:05:36.773Z'
}
{
  message: 'GLOBAL ERROR HANDLER CAUGHT: Error: Phiên đăng nhập đã hết hạn. Vui lòng lấy Token mới.\n' +
    '    at authMiddleware (/app/src/middlewares/authMiddleware.ts:80:9)\n' +
    '    at Layer.handleRequest (/app/node_modules/router/lib/layer.js:152:17)\n' +
    '    at next (/app/node_modules/router/lib/route.js:157:13)\n' +
    '    at Route.dispatch (/app/node_modules/router/lib/route.js:117:3)\n' +
    '    at handle (/app/node_modules/router/index.js:435:11)\n' +
    '    at Layer.handleRequest (/app/node_modules/router/lib/layer.js:152:17)\n' +
    '    at /app/node_modules/router/index.js:295:15\n' +
    '    at processParams (/app/node_modules/router/index.js:582:12)\n' +
    '    at next (/app/node_modules/router/index.js:291:5)\n' +
    '    at Function.handle (/app/node_modules/router/index.js:186:3)',
  level: 'error',
  timestamp: '2026-08-02T05:05:36.774Z'
}
{
  message: '[AuthController] Refresh Tokens',
  level: 'info',
  timestamp: '2026-08-02T05:05:36.782Z'
}
{
  message: 'Fetching user details for ID: 060b52ae-f46b-4b3a-80ee-8bafbaf5923d',
  level: 'debug',
  timestamp: '2026-08-02T05:05:36.789Z'
}
{
  message: '[Cache Hit] Lấy thông tin user ID: 060b52ae-f46b-4b3a-80ee-8bafbaf5923d từ Redis',
  level: 'debug',
  timestamp: '2026-08-02T05:05:36.790Z'
}
{
  message: '[AuthService] Tokens refreshed successfully for user: hieu2k5bn@gmail.com',
  level: 'info',
  timestamp: '2026-08-02T05:05:36.798Z'
}
{
  userId: '060b52ae-f46b-4b3a-80ee-8bafbaf5923d',
  level: 'info',
  message: '[AuthController] Get Me',
  timestamp: '2026-08-02T05:05:36.850Z'
}
{
  message: 'Fetching user details for ID: 060b52ae-f46b-4b3a-80ee-8bafbaf5923d',
  level: 'debug',
  timestamp: '2026-08-02T05:05:36.851Z'
}
{
  message: '[Cache Hit] Lấy thông tin user ID: 060b52ae-f46b-4b3a-80ee-8bafbaf5923d từ Redis',
  level: 'debug',
  timestamp: '2026-08-02T05:05:36.852Z'
}
{
  message: '[BookingController] Get user bookings',
  level: 'info',
  timestamp: '2026-08-02T05:05:36.855Z'
}
{
  userId: '060b52ae-f46b-4b3a-80ee-8bafbaf5923d',
  level: 'info',
  message: '[AuthController] Get Me',
  timestamp: '2026-08-02T05:05:36.859Z'
}
{
  message: 'Fetching user details for ID: 060b52ae-f46b-4b3a-80ee-8bafbaf5923d',
  level: 'debug',
  timestamp: '2026-08-02T05:05:36.859Z'
}
{
  message: '[Cache Hit] Lấy thông tin user ID: 060b52ae-f46b-4b3a-80ee-8bafbaf5923d từ Redis',
  level: 'debug',
  timestamp: '2026-08-02T05:05:36.860Z'
}
{
  message: '[BookingController] Get user bookings',
  level: 'info',
  timestamp: '2026-08-02T05:05:36.873Z'
}
{
  message: '[Cache Hit] Lấy danh sách điểm đến hoạt động từ Redis',
  level: 'debug',
  timestamp: '2026-08-02T05:05:46.652Z'
}
{
  page: '1',
  limit: '10',
  status: 'ACTIVE',
  level: 'info',
  message: '[HotelController] Get all hotels with queries',
  timestamp: '2026-08-02T05:05:46.656Z'
}
{
  message: '[Cache Hit] Lấy danh sách điểm đến hoạt động từ Redis',
  level: 'debug',
  timestamp: '2026-08-02T05:05:46.659Z'
}
{
  page: '1',
  limit: '10',
  status: 'ACTIVE',
  level: 'info',
  message: '[HotelController] Get all hotels with queries',
  timestamp: '2026-08-02T05:05:46.666Z'
}
{
  message: '[Cache Hit] Lấy danh sách điểm đến hoạt động từ Redis',
  level: 'debug',
  timestamp: '2026-08-02T05:05:46.669Z'
}
{
  message: '[Cache Hit] Lấy danh sách điểm đến hoạt động từ Redis',
  level: 'debug',
  timestamp: '2026-08-02T05:05:46.683Z'
}
{
  message: '[Cache Hit] Lấy danh sách điểm đến hoạt động từ Redis',
  level: 'debug',
  timestamp: '2026-08-02T05:05:52.232Z'
}
{
  query: [Object: null prototype] {
    location: 'Hà Nội',
    checkInDate: '2026-08-02T17:00:00.000Z',
    checkOutDate: '2026-08-03T17:00:00.000Z',
    adults: '2',
    children: '0',
    rooms: '1'
  },
  level: 'info',
  message: '[SearchController] Search hotels',
  timestamp: '2026-08-02T05:05:52.234Z'
}
{
  message: '[Cache Hit] Lấy danh sách điểm đến hoạt động từ Redis',
  level: 'debug',
  timestamp: '2026-08-02T05:05:52.241Z'
}
{
  query: [Object: null prototype] {
    location: 'Hà Nội',
    checkInDate: '2026-08-02T17:00:00.000Z',
    checkOutDate: '2026-08-03T17:00:00.000Z',
    adults: '2',
    children: '0',
    rooms: '1'
  },
  level: 'info',
  message: '[SearchController] Search hotels',
  timestamp: '2026-08-02T05:05:52.262Z'
}
{
  hotelId: '99d133ab-5625-4527-9f6a-1c3784ec4888',
  level: 'info',
  message: '[HotelController] Get hotel by id',
  timestamp: '2026-08-02T05:05:53.407Z'
}
{
  message: '[Cache Hit] Lấy thông tin hotel ID: 99d133ab-5625-4527-9f6a-1c3784ec4888 từ Redis',
  level: 'debug',
  timestamp: '2026-08-02T05:05:53.408Z'
}
{
  hotelId: '99d133ab-5625-4527-9f6a-1c3784ec4888',
  level: 'info',
  message: '[HotelController] Get hotel by id',
  timestamp: '2026-08-02T05:05:53.414Z'
}
{
  message: '[Cache Hit] Lấy thông tin hotel ID: 99d133ab-5625-4527-9f6a-1c3784ec4888 từ Redis',
  level: 'debug',
  timestamp: '2026-08-02T05:05:53.415Z'
}
{
  message: '[BookingController] Create booking',
  level: 'info',
  timestamp: '2026-08-02T05:06:07.771Z'
}
{
  message: 'Đã gửi email tới hieu2k5bn@gmail.com',
  level: 'info',
  timestamp: '2026-08-02T05:06:10.572Z'
}
{
  message: '[BookingController] Get user bookings',
  level: 'info',
  timestamp: '2026-08-02T05:06:10.625Z'
}
{
  message: '[BookingController] Get user bookings',
  level: 'info',
  timestamp: '2026-08-02T05:06:10.654Z'
}
{
  userId: '0772409a-2c0f-47cb-9ec6-51dbdeedda73',
  level: 'info',
  message: '[AuthController] Get Me',
  timestamp: '2026-08-02T05:06:33.516Z'
}
{
  message: 'Fetching user details for ID: 0772409a-2c0f-47cb-9ec6-51dbdeedda73',
  level: 'debug',
  timestamp: '2026-08-02T05:06:33.516Z'
}
{
  message: '[Cache Hit] Lấy thông tin user ID: 0772409a-2c0f-47cb-9ec6-51dbdeedda73 từ Redis',
  level: 'debug',
  timestamp: '2026-08-02T05:06:33.517Z'
}
{
  userId: '0772409a-2c0f-47cb-9ec6-51dbdeedda73',
  level: 'info',
  message: '[AuthController] Get Me',
  timestamp: '2026-08-02T05:06:33.523Z'
}
{
  message: 'Fetching user details for ID: 0772409a-2c0f-47cb-9ec6-51dbdeedda73',
  level: 'debug',
  timestamp: '2026-08-02T05:06:33.524Z'
}
{
  message: '[Cache Hit] Lấy thông tin user ID: 0772409a-2c0f-47cb-9ec6-51dbdeedda73 từ Redis',
  level: 'debug',
  timestamp: '2026-08-02T05:06:33.528Z'
}
{
  message: '[HotelController] Get my hotels',
  level: 'info',
  timestamp: '2026-08-02T05:06:33.851Z'
}
{
  message: '[HotelController] Get my hotels',
  level: 'info',
  timestamp: '2026-08-02T05:06:33.903Z'
}
{
  hotelId: 'ca5dfeea-502a-49b4-8b40-edb8d8641096',
  level: 'info',
  message: '[BookingController] Get hotel bookings',
  timestamp: '2026-08-02T05:06:33.944Z'
}
{
  hotelId: '7806d7b1-469e-4a3e-b855-cc649c51efc9',
  level: 'info',
  message: '[BookingController] Get hotel bookings',
  timestamp: '2026-08-02T05:06:33.949Z'
}
{
  message: '[Cache Hit] Lấy thông tin hotel ID: ca5dfeea-502a-49b4-8b40-edb8d8641096 từ Redis',
  level: 'debug',
  timestamp: '2026-08-02T05:06:33.949Z'
}
{
  message: '[Cache Hit] Lấy thông tin hotel ID: 7806d7b1-469e-4a3e-b855-cc649c51efc9 từ Redis',
  level: 'debug',
  timestamp: '2026-08-02T05:06:33.949Z'
}
{
  hotelId: '2d556b72-df20-455a-98d8-5887c31297de',
  level: 'info',
  message: '[BookingController] Get hotel bookings',
  timestamp: '2026-08-02T05:06:33.952Z'
}
{
  message: '[Cache Hit] Lấy thông tin hotel ID: 2d556b72-df20-455a-98d8-5887c31297de từ Redis',
  level: 'debug',
  timestamp: '2026-08-02T05:06:33.955Z'
}
{
  hotelId: '774ea0ad-10a2-4836-add4-ed1bf337d1f2',
  level: 'info',
  message: '[BookingController] Get hotel bookings',
  timestamp: '2026-08-02T05:06:33.959Z'
}
{
  message: '[Cache Hit] Lấy thông tin hotel ID: 774ea0ad-10a2-4836-add4-ed1bf337d1f2 từ Redis',
  level: 'debug',
  timestamp: '2026-08-02T05:06:33.961Z'
}
{
  hotelId: '4ae8aa74-5d12-4c14-9904-1a09cd67b79d',
  level: 'info',
  message: '[BookingController] Get hotel bookings',
  timestamp: '2026-08-02T05:06:33.968Z'
}
{
  hotelId: '8168c601-3fbd-4be9-b0ba-78bc1ac96ea4',
  level: 'info',
  message: '[BookingController] Get hotel bookings',
  timestamp: '2026-08-02T05:06:33.973Z'
}
{
  hotelId: '6c5095d1-8035-4ee6-b1b1-b9e27942a76f',
  level: 'info',
  message: '[BookingController] Get hotel bookings',
  timestamp: '2026-08-02T05:06:33.976Z'
}
{
  message: '[Cache Hit] Lấy thông tin hotel ID: 4ae8aa74-5d12-4c14-9904-1a09cd67b79d từ Redis',
  level: 'debug',
  timestamp: '2026-08-02T05:06:33.977Z'
}
{
  message: '[Cache Hit] Lấy thông tin hotel ID: 8168c601-3fbd-4be9-b0ba-78bc1ac96ea4 từ Redis',
  level: 'debug',
  timestamp: '2026-08-02T05:06:33.977Z'
}
{
  message: '[Cache Hit] Lấy thông tin hotel ID: 6c5095d1-8035-4ee6-b1b1-b9e27942a76f từ Redis',
  level: 'debug',
  timestamp: '2026-08-02T05:06:33.978Z'
}
{
  hotelId: '615a05ed-ca06-4178-9e3d-e2e883cd86f0',
  level: 'info',
  message: '[BookingController] Get hotel bookings',
  timestamp: '2026-08-02T05:06:33.982Z'
}
{
  hotelId: 'cdcc3f08-97f8-42a7-8c59-51ba169f3bee',
  level: 'info',
  message: '[BookingController] Get hotel bookings',
  timestamp: '2026-08-02T05:06:33.986Z'
}
{
  message: '[Cache Hit] Lấy thông tin hotel ID: 615a05ed-ca06-4178-9e3d-e2e883cd86f0 từ Redis',
  level: 'debug',
  timestamp: '2026-08-02T05:06:33.987Z'
}
{
  message: '[Cache Hit] Lấy thông tin hotel ID: cdcc3f08-97f8-42a7-8c59-51ba169f3bee từ Redis',
  level: 'debug',
  timestamp: '2026-08-02T05:06:33.987Z'
}
{
  hotelId: '99d133ab-5625-4527-9f6a-1c3784ec4888',
  level: 'info',
  message: '[BookingController] Get hotel bookings',
  timestamp: '2026-08-02T05:06:33.995Z'
}
{
  message: '[Cache Hit] Lấy thông tin hotel ID: 99d133ab-5625-4527-9f6a-1c3784ec4888 từ Redis',
  level: 'debug',
  timestamp: '2026-08-02T05:06:33.996Z'
}
{
  hotelId: 'b1894531-1a55-41c4-8de3-3f7222ce9272',
  level: 'info',
  message: '[BookingController] Get hotel bookings',
  timestamp: '2026-08-02T05:06:34.001Z'
}
{
  hotelId: 'b791877f-a851-4df9-8e97-491b5f55e97f',
  level: 'info',
  message: '[BookingController] Get hotel bookings',
  timestamp: '2026-08-02T05:06:34.004Z'
}
{
  hotelId: '2d556b72-df20-455a-98d8-5887c31297de',
  level: 'info',
  message: '[BookingController] Get hotel bookings',
  timestamp: '2026-08-02T05:06:34.007Z'
}
{
  message: '[Cache Hit] Lấy thông tin hotel ID: b1894531-1a55-41c4-8de3-3f7222ce9272 từ Redis',
  level: 'debug',
  timestamp: '2026-08-02T05:06:34.008Z'
}
{
  message: '[Cache Hit] Lấy thông tin hotel ID: b791877f-a851-4df9-8e97-491b5f55e97f từ Redis',
  level: 'debug',
  timestamp: '2026-08-02T05:06:34.008Z'
}
{
  message: '[Cache Hit] Lấy thông tin hotel ID: 2d556b72-df20-455a-98d8-5887c31297de từ Redis',
  level: 'debug',
  timestamp: '2026-08-02T05:06:34.008Z'
}
{
  hotelId: 'ca5dfeea-502a-49b4-8b40-edb8d8641096',
  level: 'info',
  message: '[BookingController] Get hotel bookings',
  timestamp: '2026-08-02T05:06:34.021Z'
}
{
  hotelId: '7806d7b1-469e-4a3e-b855-cc649c51efc9',
  level: 'info',
  message: '[BookingController] Get hotel bookings',
  timestamp: '2026-08-02T05:06:34.026Z'
}
{
  message: '[Cache Hit] Lấy thông tin hotel ID: ca5dfeea-502a-49b4-8b40-edb8d8641096 từ Redis',
  level: 'debug',
  timestamp: '2026-08-02T05:06:34.037Z'
}
{
  message: '[Cache Hit] Lấy thông tin hotel ID: 7806d7b1-469e-4a3e-b855-cc649c51efc9 từ Redis',
  level: 'debug',
  timestamp: '2026-08-02T05:06:34.038Z'
}
{
  hotelId: '774ea0ad-10a2-4836-add4-ed1bf337d1f2',
  level: 'info',
  message: '[BookingController] Get hotel bookings',
  timestamp: '2026-08-02T05:06:34.053Z'
}
{
  hotelId: '4ae8aa74-5d12-4c14-9904-1a09cd67b79d',
  level: 'info',
  message: '[BookingController] Get hotel bookings',
  timestamp: '2026-08-02T05:06:34.059Z'
}
{
  hotelId: '8168c601-3fbd-4be9-b0ba-78bc1ac96ea4',
  level: 'info',
  message: '[BookingController] Get hotel bookings',
  timestamp: '2026-08-02T05:06:34.063Z'
}
{
  message: '[Cache Hit] Lấy thông tin hotel ID: 774ea0ad-10a2-4836-add4-ed1bf337d1f2 từ Redis',
  level: 'debug',
  timestamp: '2026-08-02T05:06:34.064Z'
}
{
  message: '[Cache Hit] Lấy thông tin hotel ID: 4ae8aa74-5d12-4c14-9904-1a09cd67b79d từ Redis',
  level: 'debug',
  timestamp: '2026-08-02T05:06:34.065Z'
}
{
  message: '[Cache Hit] Lấy thông tin hotel ID: 8168c601-3fbd-4be9-b0ba-78bc1ac96ea4 từ Redis',
  level: 'debug',
  timestamp: '2026-08-02T05:06:34.067Z'
}
{
  hotelId: '6c5095d1-8035-4ee6-b1b1-b9e27942a76f',
  level: 'info',
  message: '[BookingController] Get hotel bookings',
  timestamp: '2026-08-02T05:06:34.077Z'
}
{
  hotelId: '615a05ed-ca06-4178-9e3d-e2e883cd86f0',
  level: 'info',
  message: '[BookingController] Get hotel bookings',
  timestamp: '2026-08-02T05:06:34.081Z'
}
{
  message: '[Cache Hit] Lấy thông tin hotel ID: 6c5095d1-8035-4ee6-b1b1-b9e27942a76f từ Redis',
  level: 'debug',
  timestamp: '2026-08-02T05:06:34.084Z'
}
{
  message: '[Cache Hit] Lấy thông tin hotel ID: 615a05ed-ca06-4178-9e3d-e2e883cd86f0 từ Redis',
  level: 'debug',
  timestamp: '2026-08-02T05:06:34.085Z'
}
{
  hotelId: 'cdcc3f08-97f8-42a7-8c59-51ba169f3bee',
  level: 'info',
  message: '[BookingController] Get hotel bookings',
  timestamp: '2026-08-02T05:06:34.097Z'
}
{
  hotelId: 'b1894531-1a55-41c4-8de3-3f7222ce9272',
  level: 'info',
  message: '[BookingController] Get hotel bookings',
  timestamp: '2026-08-02T05:06:34.101Z'
}
{
  hotelId: 'b791877f-a851-4df9-8e97-491b5f55e97f',
  level: 'info',
  message: '[BookingController] Get hotel bookings',
  timestamp: '2026-08-02T05:06:34.110Z'
}
{
  message: '[Cache Hit] Lấy thông tin hotel ID: cdcc3f08-97f8-42a7-8c59-51ba169f3bee từ Redis',
  level: 'debug',
  timestamp: '2026-08-02T05:06:34.115Z'
}
{
  message: '[Cache Hit] Lấy thông tin hotel ID: b1894531-1a55-41c4-8de3-3f7222ce9272 từ Redis',
  level: 'debug',
  timestamp: '2026-08-02T05:06:34.116Z'
}
{
  message: '[Cache Hit] Lấy thông tin hotel ID: b791877f-a851-4df9-8e97-491b5f55e97f từ Redis',
  level: 'debug',
  timestamp: '2026-08-02T05:06:34.116Z'
}
{
  hotelId: '99d133ab-5625-4527-9f6a-1c3784ec4888',
  level: 'info',
  message: '[BookingController] Get hotel bookings',
  timestamp: '2026-08-02T05:06:34.119Z'
}
{
  message: '[Cache Hit] Lấy thông tin hotel ID: 99d133ab-5625-4527-9f6a-1c3784ec4888 từ Redis',
  level: 'debug',
  timestamp: '2026-08-02T05:06:34.121Z'
}
{
  userId: '0772409a-2c0f-47cb-9ec6-51dbdeedda73',
  level: 'info',
  message: '[AuthController] Get Me',
  timestamp: '2026-08-02T05:06:42.641Z'
}
{
  message: 'Fetching user details for ID: 0772409a-2c0f-47cb-9ec6-51dbdeedda73',
  level: 'debug',
  timestamp: '2026-08-02T05:06:42.641Z'
}
{
  message: '[Cache Hit] Lấy thông tin user ID: 0772409a-2c0f-47cb-9ec6-51dbdeedda73 từ Redis',
  level: 'debug',
  timestamp: '2026-08-02T05:06:42.642Z'
}
{
  userId: '0772409a-2c0f-47cb-9ec6-51dbdeedda73',
  level: 'info',
  message: '[AuthController] Get Me',
  timestamp: '2026-08-02T05:06:42.649Z'
}
{
  message: 'Fetching user details for ID: 0772409a-2c0f-47cb-9ec6-51dbdeedda73',
  level: 'debug',
  timestamp: '2026-08-02T05:06:42.649Z'
}
{
  message: '[Cache Hit] Lấy thông tin user ID: 0772409a-2c0f-47cb-9ec6-51dbdeedda73 từ Redis',
  level: 'debug',
  timestamp: '2026-08-02T05:06:42.650Z'
}
{
  message: '[HotelController] Get my hotels',
  level: 'info',
  timestamp: '2026-08-02T05:06:42.977Z'
}
{
  message: '[HotelController] Get my hotels',
  level: 'info',
  timestamp: '2026-08-02T05:06:43.002Z'
}
{
  hotelId: '2d556b72-df20-455a-98d8-5887c31297de',
  level: 'info',
  message: '[BookingController] Get hotel bookings',
  timestamp: '2026-08-02T05:06:43.033Z'
}
{
  message: '[Cache Hit] Lấy thông tin hotel ID: 2d556b72-df20-455a-98d8-5887c31297de từ Redis',
  level: 'debug',
  timestamp: '2026-08-02T05:06:43.052Z'
}
{
  hotelId: 'cdcc3f08-97f8-42a7-8c59-51ba169f3bee',
  level: 'info',
  message: '[BookingController] Get hotel bookings',
  timestamp: '2026-08-02T05:06:43.062Z'
}
{
  message: '[Cache Hit] Lấy thông tin hotel ID: cdcc3f08-97f8-42a7-8c59-51ba169f3bee từ Redis',
  level: 'debug',
  timestamp: '2026-08-02T05:06:43.068Z'
}
{
  hotelId: '7806d7b1-469e-4a3e-b855-cc649c51efc9',
  level: 'info',
  message: '[BookingController] Get hotel bookings',
  timestamp: '2026-08-02T05:06:43.076Z'
}
{
  message: '[Cache Hit] Lấy thông tin hotel ID: 7806d7b1-469e-4a3e-b855-cc649c51efc9 từ Redis',
  level: 'debug',
  timestamp: '2026-08-02T05:06:43.081Z'
}
{
  hotelId: 'ca5dfeea-502a-49b4-8b40-edb8d8641096',
  level: 'info',
  message: '[BookingController] Get hotel bookings',
  timestamp: '2026-08-02T05:06:43.087Z'
}
{
  message: '[Cache Hit] Lấy thông tin hotel ID: ca5dfeea-502a-49b4-8b40-edb8d8641096 từ Redis',
  level: 'debug',
  timestamp: '2026-08-02T05:06:43.088Z'
}
{
  hotelId: 'b1894531-1a55-41c4-8de3-3f7222ce9272',
  level: 'info',
  message: '[BookingController] Get hotel bookings',
  timestamp: '2026-08-02T05:06:43.098Z'
}
{
  hotelId: '774ea0ad-10a2-4836-add4-ed1bf337d1f2',
  level: 'info',
  message: '[BookingController] Get hotel bookings',
  timestamp: '2026-08-02T05:06:43.101Z'
}
{
  message: '[Cache Hit] Lấy thông tin hotel ID: b1894531-1a55-41c4-8de3-3f7222ce9272 từ Redis',
  level: 'debug',
  timestamp: '2026-08-02T05:06:43.103Z'
}
{
  message: '[Cache Hit] Lấy thông tin hotel ID: 774ea0ad-10a2-4836-add4-ed1bf337d1f2 từ Redis',
  level: 'debug',
  timestamp: '2026-08-02T05:06:43.104Z'
}
{
  hotelId: '99d133ab-5625-4527-9f6a-1c3784ec4888',
  level: 'info',
  message: '[BookingController] Get hotel bookings',
  timestamp: '2026-08-02T05:06:43.108Z'
}
{
  hotelId: '4ae8aa74-5d12-4c14-9904-1a09cd67b79d',
  level: 'info',
  message: '[BookingController] Get hotel bookings',
  timestamp: '2026-08-02T05:06:43.120Z'
}
{
  hotelId: '6c5095d1-8035-4ee6-b1b1-b9e27942a76f',
  level: 'info',
  message: '[BookingController] Get hotel bookings',
  timestamp: '2026-08-02T05:06:43.124Z'
}
{
  message: '[Cache Hit] Lấy thông tin hotel ID: 99d133ab-5625-4527-9f6a-1c3784ec4888 từ Redis',
  level: 'debug',
  timestamp: '2026-08-02T05:06:43.126Z'
}
{
  message: '[Cache Hit] Lấy thông tin hotel ID: 4ae8aa74-5d12-4c14-9904-1a09cd67b79d từ Redis',
  level: 'debug',
  timestamp: '2026-08-02T05:06:43.126Z'
}
{
  message: '[Cache Hit] Lấy thông tin hotel ID: 6c5095d1-8035-4ee6-b1b1-b9e27942a76f từ Redis',
  level: 'debug',
  timestamp: '2026-08-02T05:06:43.127Z'
}
{
  hotelId: '8168c601-3fbd-4be9-b0ba-78bc1ac96ea4',
  level: 'info',
  message: '[BookingController] Get hotel bookings',
  timestamp: '2026-08-02T05:06:43.138Z'
}
{
  message: '[Cache Hit] Lấy thông tin hotel ID: 8168c601-3fbd-4be9-b0ba-78bc1ac96ea4 từ Redis',
  level: 'debug',
  timestamp: '2026-08-02T05:06:43.140Z'
}
{
  hotelId: '615a05ed-ca06-4178-9e3d-e2e883cd86f0',
  level: 'info',
  message: '[BookingController] Get hotel bookings',
  timestamp: '2026-08-02T05:06:43.148Z'
}
{
  hotelId: '2d556b72-df20-455a-98d8-5887c31297de',
  level: 'info',
  message: '[BookingController] Get hotel bookings',
  timestamp: '2026-08-02T05:06:43.155Z'
}
{
  message: '[Cache Hit] Lấy thông tin hotel ID: 615a05ed-ca06-4178-9e3d-e2e883cd86f0 từ Redis',
  level: 'debug',
  timestamp: '2026-08-02T05:06:43.159Z'
}
{
  message: '[Cache Hit] Lấy thông tin hotel ID: 2d556b72-df20-455a-98d8-5887c31297de từ Redis',
  level: 'debug',
  timestamp: '2026-08-02T05:06:43.160Z'
}
{
  hotelId: 'b791877f-a851-4df9-8e97-491b5f55e97f',
  level: 'info',
  message: '[BookingController] Get hotel bookings',
  timestamp: '2026-08-02T05:06:43.164Z'
}
{
  hotelId: 'cdcc3f08-97f8-42a7-8c59-51ba169f3bee',
  level: 'info',
  message: '[BookingController] Get hotel bookings',
  timestamp: '2026-08-02T05:06:43.172Z'
}
{
  hotelId: '7806d7b1-469e-4a3e-b855-cc649c51efc9',
  level: 'info',
  message: '[BookingController] Get hotel bookings',
  timestamp: '2026-08-02T05:06:43.181Z'
}
{
  message: '[Cache Hit] Lấy thông tin hotel ID: b791877f-a851-4df9-8e97-491b5f55e97f từ Redis',
  level: 'debug',
  timestamp: '2026-08-02T05:06:43.182Z'
}
{
  message: '[Cache Hit] Lấy thông tin hotel ID: cdcc3f08-97f8-42a7-8c59-51ba169f3bee từ Redis',
  level: 'debug',
  timestamp: '2026-08-02T05:06:43.182Z'
}
{
  message: '[Cache Hit] Lấy thông tin hotel ID: 7806d7b1-469e-4a3e-b855-cc649c51efc9 từ Redis',
  level: 'debug',
  timestamp: '2026-08-02T05:06:43.183Z'
}
{
  hotelId: 'ca5dfeea-502a-49b4-8b40-edb8d8641096',
  level: 'info',
  message: '[BookingController] Get hotel bookings',
  timestamp: '2026-08-02T05:06:43.193Z'
}
{
  message: '[Cache Hit] Lấy thông tin hotel ID: ca5dfeea-502a-49b4-8b40-edb8d8641096 từ Redis',
  level: 'debug',
  timestamp: '2026-08-02T05:06:43.195Z'
}
{
  hotelId: 'b1894531-1a55-41c4-8de3-3f7222ce9272',
  level: 'info',
  message: '[BookingController] Get hotel bookings',
  timestamp: '2026-08-02T05:06:43.201Z'
}
{
  hotelId: '774ea0ad-10a2-4836-add4-ed1bf337d1f2',
  level: 'info',
  message: '[BookingController] Get hotel bookings',
  timestamp: '2026-08-02T05:06:43.208Z'
}
{
  message: '[Cache Hit] Lấy thông tin hotel ID: b1894531-1a55-41c4-8de3-3f7222ce9272 từ Redis',
  level: 'debug',
  timestamp: '2026-08-02T05:06:43.212Z'
}
{
  message: '[Cache Hit] Lấy thông tin hotel ID: 774ea0ad-10a2-4836-add4-ed1bf337d1f2 từ Redis',
  level: 'debug',
  timestamp: '2026-08-02T05:06:43.215Z'
}
{
  hotelId: '4ae8aa74-5d12-4c14-9904-1a09cd67b79d',
  level: 'info',
  message: '[BookingController] Get hotel bookings',
  timestamp: '2026-08-02T05:06:43.230Z'
}
{
  hotelId: '99d133ab-5625-4527-9f6a-1c3784ec4888',
  level: 'info',
  message: '[BookingController] Get hotel bookings',
  timestamp: '2026-08-02T05:06:43.236Z'
}
{
  hotelId: '6c5095d1-8035-4ee6-b1b1-b9e27942a76f',
  level: 'info',
  message: '[BookingController] Get hotel bookings',
  timestamp: '2026-08-02T05:06:43.240Z'
}
{
  message: '[Cache Hit] Lấy thông tin hotel ID: 4ae8aa74-5d12-4c14-9904-1a09cd67b79d từ Redis',
  level: 'debug',
  timestamp: '2026-08-02T05:06:43.242Z'
}
{
  message: '[Cache Hit] Lấy thông tin hotel ID: 99d133ab-5625-4527-9f6a-1c3784ec4888 từ Redis',
  level: 'debug',
  timestamp: '2026-08-02T05:06:43.243Z'
}
{
  message: '[Cache Hit] Lấy thông tin hotel ID: 6c5095d1-8035-4ee6-b1b1-b9e27942a76f từ Redis',
  level: 'debug',
  timestamp: '2026-08-02T05:06:43.245Z'
}
{
  hotelId: '8168c601-3fbd-4be9-b0ba-78bc1ac96ea4',
  level: 'info',
  message: '[BookingController] Get hotel bookings',
  timestamp: '2026-08-02T05:06:43.255Z'
}
{
  message: '[Cache Hit] Lấy thông tin hotel ID: 8168c601-3fbd-4be9-b0ba-78bc1ac96ea4 từ Redis',
  level: 'debug',
  timestamp: '2026-08-02T05:06:43.257Z'
}
{
  hotelId: '615a05ed-ca06-4178-9e3d-e2e883cd86f0',
  level: 'info',
  message: '[BookingController] Get hotel bookings',
  timestamp: '2026-08-02T05:06:43.266Z'
}
{
  hotelId: 'b791877f-a851-4df9-8e97-491b5f55e97f',
  level: 'info',
  message: '[BookingController] Get hotel bookings',
  timestamp: '2026-08-02T05:06:43.270Z'
}
{
  message: '[Cache Hit] Lấy thông tin hotel ID: 615a05ed-ca06-4178-9e3d-e2e883cd86f0 từ Redis',
  level: 'debug',
  timestamp: '2026-08-02T05:06:43.271Z'
}
{
  message: '[Cache Hit] Lấy thông tin hotel ID: b791877f-a851-4df9-8e97-491b5f55e97f từ Redis',
  level: 'debug',
  timestamp: '2026-08-02T05:06:43.271Z'
}
{
  message: 'JWT Verification Error: jwt expired',
  level: 'error',
  timestamp: '2026-08-02T05:07:12.984Z'
}
{
  message: 'GLOBAL ERROR HANDLER CAUGHT: Error: Phiên đăng nhập đã hết hạn. Vui lòng lấy Token mới.\n' +
    '    at authMiddleware (/app/src/middlewares/authMiddleware.ts:80:9)\n' +
    '    at Layer.handleRequest (/app/node_modules/router/lib/layer.js:152:17)\n' +
    '    at trimPrefix (/app/node_modules/router/index.js:342:13)\n' +
    '    at /app/node_modules/router/index.js:297:9\n' +
    '    at processParams (/app/node_modules/router/index.js:582:12)\n' +
    '    at next (/app/node_modules/router/index.js:291:5)\n' +
    '    at Function.handle (/app/node_modules/router/index.js:186:3)\n' +
    '    at router (/app/node_modules/router/index.js:60:12)\n' +
    '    at Layer.handleRequest (/app/node_modules/router/lib/layer.js:152:17)\n' +
    '    at trimPrefix (/app/node_modules/router/index.js:342:13)',
  level: 'error',
  timestamp: '2026-08-02T05:07:12.987Z'
}
{
  message: '[AuthController] Refresh Tokens',
  level: 'info',
  timestamp: '2026-08-02T05:07:13.008Z'
}
{
  message: 'Fetching user details for ID: 0772409a-2c0f-47cb-9ec6-51dbdeedda73',
  level: 'debug',
  timestamp: '2026-08-02T05:07:13.028Z'
}
{
  message: '[Cache Hit] Lấy thông tin user ID: 0772409a-2c0f-47cb-9ec6-51dbdeedda73 từ Redis',
  level: 'debug',
  timestamp: '2026-08-02T05:07:13.030Z'
}
{
  message: '[AuthService] Tokens refreshed successfully for user: agent1@booking.com',
  level: 'info',
  timestamp: '2026-08-02T05:07:13.049Z'
}
{
  message: 'Nhận tín hiệu SIGTERM. Đang đóng API Server...',
  level: 'info',
  timestamp: '2026-08-02T05:07:56.688Z'
}
{
  message: 'Express HTTP server đã đóng.',
  level: 'info',
  timestamp: '2026-08-02T05:07:56.690Z'
}
{
  message: '[Redis] Đã đóng kết nối Redis',
  level: 'info',
  timestamp: '2026-08-02T05:07:56.691Z'
}
{
  message: '[SchedulerService] Khởi tạo các cron job...',
  level: 'info',
  timestamp: '2026-08-02T05:08:11.199Z'
}
{
  message: 'Booking API Service đang chạy tại port 3000 (Môi trường: development)',
  level: 'info',
  timestamp: '2026-08-02T05:08:11.306Z'
}
{
  message: '[Redis] Kết nối thành công tới Redis server',
  level: 'info',
  timestamp: '2026-08-02T05:08:11.314Z'
}
{
  message: '[SchedulerService] Đang kiểm tra các booking hết hạn thanh toán...',
  level: 'info',
  timestamp: '2026-08-02T05:10:00.021Z'
}
{
  message: 'JWT Verification Error: jwt expired',
  level: 'error',
  timestamp: '2026-08-02T05:10:13.915Z'
}
{
  message: 'GLOBAL ERROR HANDLER CAUGHT: Error: Phiên đăng nhập đã hết hạn. Vui lòng lấy Token mới.\n' +
    '    at authMiddleware (/app/src/middlewares/authMiddleware.ts:80:9)\n' +
    '    at Layer.handleRequest (/app/node_modules/router/lib/layer.js:152:17)\n' +
    '    at trimPrefix (/app/node_modules/router/index.js:342:13)\n' +
    '    at /app/node_modules/router/index.js:297:9\n' +
    '    at processParams (/app/node_modules/router/index.js:582:12)\n' +
    '    at next (/app/node_modules/router/index.js:291:5)\n' +
    '    at Function.handle (/app/node_modules/router/index.js:186:3)\n' +
    '    at router (/app/node_modules/router/index.js:60:12)\n' +
    '    at Layer.handleRequest (/app/node_modules/router/lib/layer.js:152:17)\n' +
    '    at trimPrefix (/app/node_modules/router/index.js:342:13)',
  level: 'error',
  timestamp: '2026-08-02T05:10:13.921Z'
}
{
  message: '[AuthController] Refresh Tokens',
  level: 'info',
  timestamp: '2026-08-02T05:10:13.949Z'
}
{
  message: 'Fetching user details for ID: 0772409a-2c0f-47cb-9ec6-51dbdeedda73',
  level: 'debug',
  timestamp: '2026-08-02T05:10:13.964Z'
}
{
  message: '[Cache Hit] Lấy thông tin user ID: 0772409a-2c0f-47cb-9ec6-51dbdeedda73 từ Redis',
  level: 'debug',
  timestamp: '2026-08-02T05:10:13.965Z'
}
{
  message: '[AuthService] Tokens refreshed successfully for user: agent1@booking.com',
  level: 'info',
  timestamp: '2026-08-02T05:10:13.987Z'
}
{
  message: '[Cache Hit] Lấy danh sách điểm đến hoạt động từ Redis',
  level: 'debug',
  timestamp: '2026-08-02T05:11:01.220Z'
}
{
  page: '1',
  limit: '10',
  status: 'ACTIVE',
  level: 'info',
  message: '[HotelController] Get all hotels with queries',
  timestamp: '2026-08-02T05:11:01.228Z'
}
{
  message: '[Cache Hit] Lấy danh sách điểm đến hoạt động từ Redis',
  level: 'debug',
  timestamp: '2026-08-02T05:11:01.246Z'
}
{
  page: '1',
  limit: '10',
  status: 'ACTIVE',
  level: 'info',
  message: '[HotelController] Get all hotels with queries',
  timestamp: '2026-08-02T05:11:01.259Z'
}
{
  message: '[Cache Hit] Lấy danh sách điểm đến hoạt động từ Redis',
  level: 'debug',
  timestamp: '2026-08-02T05:11:01.268Z'
}
{
  message: '[Cache Hit] Lấy danh sách điểm đến hoạt động từ Redis',
  level: 'debug',
  timestamp: '2026-08-02T05:11:01.284Z'
}
{
  message: 'JWT Verification Error: jwt expired',
  level: 'error',
  timestamp: '2026-08-02T05:13:31.891Z'
}
{
  message: 'GLOBAL ERROR HANDLER CAUGHT: Error: Phiên đăng nhập đã hết hạn. Vui lòng lấy Token mới.\n' +
    '    at authMiddleware (/app/src/middlewares/authMiddleware.ts:80:9)\n' +
    '    at Layer.handleRequest (/app/node_modules/router/lib/layer.js:152:17)\n' +
    '    at trimPrefix (/app/node_modules/router/index.js:342:13)\n' +
    '    at /app/node_modules/router/index.js:297:9\n' +
    '    at processParams (/app/node_modules/router/index.js:582:12)\n' +
    '    at next (/app/node_modules/router/index.js:291:5)\n' +
    '    at Function.handle (/app/node_modules/router/index.js:186:3)\n' +
    '    at router (/app/node_modules/router/index.js:60:12)\n' +
    '    at Layer.handleRequest (/app/node_modules/router/lib/layer.js:152:17)\n' +
    '    at trimPrefix (/app/node_modules/router/index.js:342:13)',
  level: 'error',
  timestamp: '2026-08-02T05:13:31.892Z'
}
{
  message: '[AuthController] Refresh Tokens',
  level: 'info',
  timestamp: '2026-08-02T05:13:31.905Z'
}
{
  message: 'Fetching user details for ID: 0772409a-2c0f-47cb-9ec6-51dbdeedda73',
  level: 'debug',
  timestamp: '2026-08-02T05:13:31.925Z'
}
{
  message: '[Cache Hit] Lấy thông tin user ID: 0772409a-2c0f-47cb-9ec6-51dbdeedda73 từ Redis',
  level: 'debug',
  timestamp: '2026-08-02T05:13:31.928Z'
}
{
  message: '[AuthService] Tokens refreshed successfully for user: agent1@booking.com',
  level: 'info',
  timestamp: '2026-08-02T05:13:31.977Z'
}
{
  message: '[HotelController] Get my hotels',
  level: 'info',
  timestamp: '2026-08-02T05:13:32.961Z'
}
{
  hotelId: '2d556b72-df20-455a-98d8-5887c31297de',
  level: 'info',
  message: '[BookingController] Get hotel bookings',
  timestamp: '2026-08-02T05:13:33.065Z'
}
{
  message: '[Cache Hit] Lấy thông tin hotel ID: 2d556b72-df20-455a-98d8-5887c31297de từ Redis',
  level: 'debug',
  timestamp: '2026-08-02T05:13:33.080Z'
}
{
  hotelId: 'ca5dfeea-502a-49b4-8b40-edb8d8641096',
  level: 'info',
  message: '[BookingController] Get hotel bookings',
  timestamp: '2026-08-02T05:13:33.090Z'
}
{
  message: '[Cache Hit] Lấy thông tin hotel ID: ca5dfeea-502a-49b4-8b40-edb8d8641096 từ Redis',
  level: 'debug',
  timestamp: '2026-08-02T05:13:33.097Z'
}
{
  hotelId: '7806d7b1-469e-4a3e-b855-cc649c51efc9',
  level: 'info',
  message: '[BookingController] Get hotel bookings',
  timestamp: '2026-08-02T05:13:33.104Z'
}
{
  hotelId: '774ea0ad-10a2-4836-add4-ed1bf337d1f2',
  level: 'info',
  message: '[BookingController] Get hotel bookings',
  timestamp: '2026-08-02T05:13:33.108Z'
}
{
  message: '[Cache Hit] Lấy thông tin hotel ID: 7806d7b1-469e-4a3e-b855-cc649c51efc9 từ Redis',
  level: 'debug',
  timestamp: '2026-08-02T05:13:33.114Z'
}
{
  message: '[Cache Hit] Lấy thông tin hotel ID: 774ea0ad-10a2-4836-add4-ed1bf337d1f2 từ Redis',
  level: 'debug',
  timestamp: '2026-08-02T05:13:33.114Z'
}
{
  hotelId: 'b791877f-a851-4df9-8e97-491b5f55e97f',
  level: 'info',
  message: '[BookingController] Get hotel bookings',
  timestamp: '2026-08-02T05:13:33.123Z'
}
{
  message: '[Cache Hit] Lấy thông tin hotel ID: b791877f-a851-4df9-8e97-491b5f55e97f từ Redis',
  level: 'debug',
  timestamp: '2026-08-02T05:13:33.125Z'
}
{
  hotelId: 'cdcc3f08-97f8-42a7-8c59-51ba169f3bee',
  level: 'info',
  message: '[BookingController] Get hotel bookings',
  timestamp: '2026-08-02T05:13:33.134Z'
}
{
  hotelId: '6c5095d1-8035-4ee6-b1b1-b9e27942a76f',
  level: 'info',
  message: '[BookingController] Get hotel bookings',
  timestamp: '2026-08-02T05:13:33.140Z'
}
{
  message: '[Cache Hit] Lấy thông tin hotel ID: cdcc3f08-97f8-42a7-8c59-51ba169f3bee từ Redis',
  level: 'debug',
  timestamp: '2026-08-02T05:13:33.142Z'
}
{
  message: '[Cache Hit] Lấy thông tin hotel ID: 6c5095d1-8035-4ee6-b1b1-b9e27942a76f từ Redis',
  level: 'debug',
  timestamp: '2026-08-02T05:13:33.142Z'
}
{
  hotelId: '8168c601-3fbd-4be9-b0ba-78bc1ac96ea4',
  level: 'info',
  message: '[BookingController] Get hotel bookings',
  timestamp: '2026-08-02T05:13:33.148Z'
}
{
  hotelId: '4ae8aa74-5d12-4c14-9904-1a09cd67b79d',
  level: 'info',
  message: '[BookingController] Get hotel bookings',
  timestamp: '2026-08-02T05:13:33.155Z'
}
{
  hotelId: '615a05ed-ca06-4178-9e3d-e2e883cd86f0',
  level: 'info',
  message: '[BookingController] Get hotel bookings',
  timestamp: '2026-08-02T05:13:33.159Z'
}
{
  message: '[Cache Hit] Lấy thông tin hotel ID: 8168c601-3fbd-4be9-b0ba-78bc1ac96ea4 từ Redis',
  level: 'debug',
  timestamp: '2026-08-02T05:13:33.160Z'
}
{
  message: '[Cache Hit] Lấy thông tin hotel ID: 4ae8aa74-5d12-4c14-9904-1a09cd67b79d từ Redis',
  level: 'debug',
  timestamp: '2026-08-02T05:13:33.161Z'
}
{
  message: '[Cache Hit] Lấy thông tin hotel ID: 615a05ed-ca06-4178-9e3d-e2e883cd86f0 từ Redis',
  level: 'debug',
  timestamp: '2026-08-02T05:13:33.161Z'
}
{
  hotelId: 'b1894531-1a55-41c4-8de3-3f7222ce9272',
  level: 'info',
  message: '[BookingController] Get hotel bookings',
  timestamp: '2026-08-02T05:13:33.167Z'
}
{
  message: '[Cache Hit] Lấy thông tin hotel ID: b1894531-1a55-41c4-8de3-3f7222ce9272 từ Redis',
  level: 'debug',
  timestamp: '2026-08-02T05:13:33.170Z'
}
{
  hotelId: '99d133ab-5625-4527-9f6a-1c3784ec4888',
  level: 'info',
  message: '[BookingController] Get hotel bookings',
  timestamp: '2026-08-02T05:13:33.179Z'
}
{
  message: '[Cache Hit] Lấy thông tin hotel ID: 99d133ab-5625-4527-9f6a-1c3784ec4888 từ Redis',
  level: 'debug',
  timestamp: '2026-08-02T05:13:33.181Z'
}
{
  message: 'Nhận tín hiệu SIGTERM. Đang đóng API Server...',
  level: 'info',
  timestamp: '2026-08-02T05:13:43.507Z'
}
{
  message: 'Express HTTP server đã đóng.',
  level: 'info',
  timestamp: '2026-08-02T05:13:43.508Z'
}
{
  message: '[Redis] Đã đóng kết nối Redis',
  level: 'info',
  timestamp: '2026-08-02T05:13:43.509Z'
}
{
  message: '[SchedulerService] Khởi tạo các cron job...',
  level: 'info',
  timestamp: '2026-08-02T05:13:55.670Z'
}
{
  message: 'Booking API Service đang chạy tại port 3000 (Môi trường: development)',
  level: 'info',
  timestamp: '2026-08-02T05:13:55.726Z'
}
{
  message: '[Redis] Kết nối thành công tới Redis server',
  level: 'info',
  timestamp: '2026-08-02T05:13:55.731Z'
}
{
  userId: '0772409a-2c0f-47cb-9ec6-51dbdeedda73',
  level: 'info',
  message: '[AuthController] Get Me',
  timestamp: '2026-08-02T05:14:26.318Z'
}
{
  message: 'Fetching user details for ID: 0772409a-2c0f-47cb-9ec6-51dbdeedda73',
  level: 'debug',
  timestamp: '2026-08-02T05:14:26.319Z'
}
{
  message: '[Cache Hit] Lấy thông tin user ID: 0772409a-2c0f-47cb-9ec6-51dbdeedda73 từ Redis',
  level: 'debug',
  timestamp: '2026-08-02T05:14:26.321Z'
}
{
  userId: '0772409a-2c0f-47cb-9ec6-51dbdeedda73',
  level: 'info',
  message: '[AuthController] Get Me',
  timestamp: '2026-08-02T05:14:26.327Z'
}
{
  message: 'Fetching user details for ID: 0772409a-2c0f-47cb-9ec6-51dbdeedda73',
  level: 'debug',
  timestamp: '2026-08-02T05:14:26.328Z'
}
{
  message: '[Cache Hit] Lấy thông tin user ID: 0772409a-2c0f-47cb-9ec6-51dbdeedda73 từ Redis',
  level: 'debug',
  timestamp: '2026-08-02T05:14:26.329Z'
}
{
  message: '[HotelController] Get my hotels',
  level: 'info',
  timestamp: '2026-08-02T05:14:26.661Z'
}
{
  message: '[HotelController] Get my hotels',
  level: 'info',
  timestamp: '2026-08-02T05:14:26.748Z'
}
{
  hotelId: '2d556b72-df20-455a-98d8-5887c31297de',
  level: 'info',
  message: '[BookingController] Get hotel bookings',
  timestamp: '2026-08-02T05:14:26.811Z'
}
{
  hotelId: '4ae8aa74-5d12-4c14-9904-1a09cd67b79d',
  level: 'info',
  message: '[BookingController] Get hotel bookings',
  timestamp: '2026-08-02T05:14:26.822Z'
}
{
  message: '[Cache Hit] Lấy thông tin hotel ID: 2d556b72-df20-455a-98d8-5887c31297de từ Redis',
  level: 'debug',
  timestamp: '2026-08-02T05:14:26.827Z'
}
{
  message: '[Cache Hit] Lấy thông tin hotel ID: 4ae8aa74-5d12-4c14-9904-1a09cd67b79d từ Redis',
  level: 'debug',
  timestamp: '2026-08-02T05:14:26.831Z'
}
{
  hotelId: 'ca5dfeea-502a-49b4-8b40-edb8d8641096',
  level: 'info',
  message: '[BookingController] Get hotel bookings',
  timestamp: '2026-08-02T05:14:26.847Z'
}
{
  hotelId: '8168c601-3fbd-4be9-b0ba-78bc1ac96ea4',
  level: 'info',
  message: '[BookingController] Get hotel bookings',
  timestamp: '2026-08-02T05:14:26.851Z'
}
{
  hotelId: '6c5095d1-8035-4ee6-b1b1-b9e27942a76f',
  level: 'info',
  message: '[BookingController] Get hotel bookings',
  timestamp: '2026-08-02T05:14:26.853Z'
}
{
  hotelId: 'cdcc3f08-97f8-42a7-8c59-51ba169f3bee',
  level: 'info',
  message: '[BookingController] Get hotel bookings',
  timestamp: '2026-08-02T05:14:26.857Z'
}
{
  message: '[Cache Hit] Lấy thông tin hotel ID: ca5dfeea-502a-49b4-8b40-edb8d8641096 từ Redis',
  level: 'debug',
  timestamp: '2026-08-02T05:14:26.860Z'
}
{
  message: '[Cache Hit] Lấy thông tin hotel ID: 8168c601-3fbd-4be9-b0ba-78bc1ac96ea4 từ Redis',
  level: 'debug',
  timestamp: '2026-08-02T05:14:26.861Z'
}
{
  message: '[Cache Hit] Lấy thông tin hotel ID: 6c5095d1-8035-4ee6-b1b1-b9e27942a76f từ Redis',
  level: 'debug',
  timestamp: '2026-08-02T05:14:26.862Z'
}
{
  message: '[Cache Hit] Lấy thông tin hotel ID: cdcc3f08-97f8-42a7-8c59-51ba169f3bee từ Redis',
  level: 'debug',
  timestamp: '2026-08-02T05:14:26.863Z'
}
{
  hotelId: '7806d7b1-469e-4a3e-b855-cc649c51efc9',
  level: 'info',
  message: '[BookingController] Get hotel bookings',
  timestamp: '2026-08-02T05:14:26.867Z'
}
{
  message: '[Cache Hit] Lấy thông tin hotel ID: 7806d7b1-469e-4a3e-b855-cc649c51efc9 từ Redis',
  level: 'debug',
  timestamp: '2026-08-02T05:14:26.868Z'
}
{
  hotelId: '774ea0ad-10a2-4836-add4-ed1bf337d1f2',
  level: 'info',
  message: '[BookingController] Get hotel bookings',
  timestamp: '2026-08-02T05:14:26.874Z'
}
{
  message: '[Cache Hit] Lấy thông tin hotel ID: 774ea0ad-10a2-4836-add4-ed1bf337d1f2 từ Redis',
  level: 'debug',
  timestamp: '2026-08-02T05:14:26.875Z'
}
{
  hotelId: '99d133ab-5625-4527-9f6a-1c3784ec4888',
  level: 'info',
  message: '[BookingController] Get hotel bookings',
  timestamp: '2026-08-02T05:14:26.879Z'
}
{
  hotelId: 'b1894531-1a55-41c4-8de3-3f7222ce9272',
  level: 'info',
  message: '[BookingController] Get hotel bookings',
  timestamp: '2026-08-02T05:14:26.882Z'
}
{
  hotelId: '615a05ed-ca06-4178-9e3d-e2e883cd86f0',
  level: 'info',
  message: '[BookingController] Get hotel bookings',
  timestamp: '2026-08-02T05:14:26.885Z'
}
{
  hotelId: 'b791877f-a851-4df9-8e97-491b5f55e97f',
  level: 'info',
  message: '[BookingController] Get hotel bookings',
  timestamp: '2026-08-02T05:14:26.887Z'
}
{
  message: '[Cache Hit] Lấy thông tin hotel ID: 99d133ab-5625-4527-9f6a-1c3784ec4888 từ Redis',
  level: 'debug',
  timestamp: '2026-08-02T05:14:26.888Z'
}
{
  message: '[Cache Hit] Lấy thông tin hotel ID: b1894531-1a55-41c4-8de3-3f7222ce9272 từ Redis',
  level: 'debug',
  timestamp: '2026-08-02T05:14:26.889Z'
}
{
  message: '[Cache Hit] Lấy thông tin hotel ID: 615a05ed-ca06-4178-9e3d-e2e883cd86f0 từ Redis',
  level: 'debug',
  timestamp: '2026-08-02T05:14:26.889Z'
}
{
  message: '[Cache Hit] Lấy thông tin hotel ID: b791877f-a851-4df9-8e97-491b5f55e97f từ Redis',
  level: 'debug',
  timestamp: '2026-08-02T05:14:26.889Z'
}
{
  hotelId: '2d556b72-df20-455a-98d8-5887c31297de',
  level: 'info',
  message: '[BookingController] Get hotel bookings',
  timestamp: '2026-08-02T05:14:26.893Z'
}
{
  message: '[Cache Hit] Lấy thông tin hotel ID: 2d556b72-df20-455a-98d8-5887c31297de từ Redis',
  level: 'debug',
  timestamp: '2026-08-02T05:14:26.894Z'
}
{
  hotelId: '4ae8aa74-5d12-4c14-9904-1a09cd67b79d',
  level: 'info',
  message: '[BookingController] Get hotel bookings',
  timestamp: '2026-08-02T05:14:26.902Z'
}
{
  message: '[Cache Hit] Lấy thông tin hotel ID: 4ae8aa74-5d12-4c14-9904-1a09cd67b79d từ Redis',
  level: 'debug',
  timestamp: '2026-08-02T05:14:26.904Z'
}
{
  hotelId: 'ca5dfeea-502a-49b4-8b40-edb8d8641096',
  level: 'info',
  message: '[BookingController] Get hotel bookings',
  timestamp: '2026-08-02T05:14:26.908Z'
}
{
  hotelId: '8168c601-3fbd-4be9-b0ba-78bc1ac96ea4',
  level: 'info',
  message: '[BookingController] Get hotel bookings',
  timestamp: '2026-08-02T05:14:26.911Z'
}
{
  hotelId: '6c5095d1-8035-4ee6-b1b1-b9e27942a76f',
  level: 'info',
  message: '[BookingController] Get hotel bookings',
  timestamp: '2026-08-02T05:14:26.913Z'
}
{
  hotelId: 'cdcc3f08-97f8-42a7-8c59-51ba169f3bee',
  level: 'info',
  message: '[BookingController] Get hotel bookings',
  timestamp: '2026-08-02T05:14:26.917Z'
}
{
  message: '[Cache Hit] Lấy thông tin hotel ID: ca5dfeea-502a-49b4-8b40-edb8d8641096 từ Redis',
  level: 'debug',
  timestamp: '2026-08-02T05:14:26.918Z'
}
{
  message: '[Cache Hit] Lấy thông tin hotel ID: 8168c601-3fbd-4be9-b0ba-78bc1ac96ea4 từ Redis',
  level: 'debug',
  timestamp: '2026-08-02T05:14:26.918Z'
}
{
  message: '[Cache Hit] Lấy thông tin hotel ID: 6c5095d1-8035-4ee6-b1b1-b9e27942a76f từ Redis',
  level: 'debug',
  timestamp: '2026-08-02T05:14:26.918Z'
}
{
  message: '[Cache Hit] Lấy thông tin hotel ID: cdcc3f08-97f8-42a7-8c59-51ba169f3bee từ Redis',
  level: 'debug',
  timestamp: '2026-08-02T05:14:26.919Z'
}
{
  hotelId: '7806d7b1-469e-4a3e-b855-cc649c51efc9',
  level: 'info',
  message: '[BookingController] Get hotel bookings',
  timestamp: '2026-08-02T05:14:26.923Z'
}
{
  message: '[Cache Hit] Lấy thông tin hotel ID: 7806d7b1-469e-4a3e-b855-cc649c51efc9 từ Redis',
  level: 'debug',
  timestamp: '2026-08-02T05:14:26.924Z'
}
{
  hotelId: '774ea0ad-10a2-4836-add4-ed1bf337d1f2',
  level: 'info',
  message: '[BookingController] Get hotel bookings',
  timestamp: '2026-08-02T05:14:26.929Z'
}
{
  message: '[Cache Hit] Lấy thông tin hotel ID: 774ea0ad-10a2-4836-add4-ed1bf337d1f2 từ Redis',
  level: 'debug',
  timestamp: '2026-08-02T05:14:26.930Z'
}
{
  hotelId: '99d133ab-5625-4527-9f6a-1c3784ec4888',
  level: 'info',
  message: '[BookingController] Get hotel bookings',
  timestamp: '2026-08-02T05:14:26.936Z'
}
{
  hotelId: 'b1894531-1a55-41c4-8de3-3f7222ce9272',
  level: 'info',
  message: '[BookingController] Get hotel bookings',
  timestamp: '2026-08-02T05:14:26.940Z'
}
{
  hotelId: '615a05ed-ca06-4178-9e3d-e2e883cd86f0',
  level: 'info',
  message: '[BookingController] Get hotel bookings',
  timestamp: '2026-08-02T05:14:26.944Z'
}
{
  hotelId: 'b791877f-a851-4df9-8e97-491b5f55e97f',
  level: 'info',
  message: '[BookingController] Get hotel bookings',
  timestamp: '2026-08-02T05:14:26.947Z'
}
{
  message: '[Cache Hit] Lấy thông tin hotel ID: 99d133ab-5625-4527-9f6a-1c3784ec4888 từ Redis',
  level: 'debug',
  timestamp: '2026-08-02T05:14:26.949Z'
}
{
  message: '[Cache Hit] Lấy thông tin hotel ID: b1894531-1a55-41c4-8de3-3f7222ce9272 từ Redis',
  level: 'debug',
  timestamp: '2026-08-02T05:14:26.949Z'
}
{
  message: '[Cache Hit] Lấy thông tin hotel ID: 615a05ed-ca06-4178-9e3d-e2e883cd86f0 từ Redis',
  level: 'debug',
  timestamp: '2026-08-02T05:14:26.950Z'
}
{
  message: '[Cache Hit] Lấy thông tin hotel ID: b791877f-a851-4df9-8e97-491b5f55e97f từ Redis',
  level: 'debug',
  timestamp: '2026-08-02T05:14:26.950Z'
}
{
  bookingId: 'b1957259-3be5-440f-a6f8-608214d24332',
  level: 'info',
  message: '[BookingController] Update booking status',
  timestamp: '2026-08-02T05:14:30.930Z'
}
{
  message: '[Cache Hit] Lấy thông tin hotel ID: 99d133ab-5625-4527-9f6a-1c3784ec4888 từ Redis',
  level: 'debug',
  timestamp: '2026-08-02T05:14:30.965Z'
}
{
  bookingId: 'b1957259-3be5-440f-a6f8-608214d24332',
  level: 'info',
  message: '[BookingController] Update booking status',
  timestamp: '2026-08-02T05:14:40.141Z'
}
{
  message: '[Cache Hit] Lấy thông tin hotel ID: 99d133ab-5625-4527-9f6a-1c3784ec4888 từ Redis',
  level: 'debug',
  timestamp: '2026-08-02T05:14:40.146Z'
}
{
  userId: '0772409a-2c0f-47cb-9ec6-51dbdeedda73',
  level: 'info',
  message: '[AuthController] Get Me',
  timestamp: '2026-08-02T05:14:43.116Z'
}
{
  message: 'Fetching user details for ID: 0772409a-2c0f-47cb-9ec6-51dbdeedda73',
  level: 'debug',
  timestamp: '2026-08-02T05:14:43.116Z'
}
{
  message: '[Cache Hit] Lấy thông tin user ID: 0772409a-2c0f-47cb-9ec6-51dbdeedda73 từ Redis',
  level: 'debug',
  timestamp: '2026-08-02T05:14:43.119Z'
}
{
  userId: '0772409a-2c0f-47cb-9ec6-51dbdeedda73',
  level: 'info',
  message: '[AuthController] Get Me',
  timestamp: '2026-08-02T05:14:43.127Z'
}
{
  message: 'Fetching user details for ID: 0772409a-2c0f-47cb-9ec6-51dbdeedda73',
  level: 'debug',
  timestamp: '2026-08-02T05:14:43.132Z'
}
{
  message: '[Cache Hit] Lấy thông tin user ID: 0772409a-2c0f-47cb-9ec6-51dbdeedda73 từ Redis',
  level: 'debug',
  timestamp: '2026-08-02T05:14:43.134Z'
}
{
  message: '[HotelController] Get my hotels',
  level: 'info',
  timestamp: '2026-08-02T05:14:43.454Z'
}
{
  message: '[HotelController] Get my hotels',
  level: 'info',
  timestamp: '2026-08-02T05:14:43.475Z'
}
{
  hotelId: '2d556b72-df20-455a-98d8-5887c31297de',
  level: 'info',
  message: '[BookingController] Get hotel bookings',
  timestamp: '2026-08-02T05:14:43.531Z'
}
{
  hotelId: 'cdcc3f08-97f8-42a7-8c59-51ba169f3bee',
  level: 'info',
  message: '[BookingController] Get hotel bookings',
  timestamp: '2026-08-02T05:14:43.544Z'
}
{
  message: '[Cache Hit] Lấy thông tin hotel ID: 2d556b72-df20-455a-98d8-5887c31297de từ Redis',
  level: 'debug',
  timestamp: '2026-08-02T05:14:43.546Z'
}
{
  message: '[Cache Hit] Lấy thông tin hotel ID: cdcc3f08-97f8-42a7-8c59-51ba169f3bee từ Redis',
  level: 'debug',
  timestamp: '2026-08-02T05:14:43.546Z'
}
{
  hotelId: 'ca5dfeea-502a-49b4-8b40-edb8d8641096',
  level: 'info',
  message: '[BookingController] Get hotel bookings',
  timestamp: '2026-08-02T05:14:43.555Z'
}
{
  message: '[Cache Hit] Lấy thông tin hotel ID: ca5dfeea-502a-49b4-8b40-edb8d8641096 từ Redis',
  level: 'debug',
  timestamp: '2026-08-02T05:14:43.557Z'
}
{
  hotelId: '7806d7b1-469e-4a3e-b855-cc649c51efc9',
  level: 'info',
  message: '[BookingController] Get hotel bookings',
  timestamp: '2026-08-02T05:14:43.559Z'
}
{
  hotelId: '4ae8aa74-5d12-4c14-9904-1a09cd67b79d',
  level: 'info',
  message: '[BookingController] Get hotel bookings',
  timestamp: '2026-08-02T05:14:43.570Z'
}
{
  hotelId: '774ea0ad-10a2-4836-add4-ed1bf337d1f2',
  level: 'info',
  message: '[BookingController] Get hotel bookings',
  timestamp: '2026-08-02T05:14:43.573Z'
}
{
  message: '[Cache Hit] Lấy thông tin hotel ID: 7806d7b1-469e-4a3e-b855-cc649c51efc9 từ Redis',
  level: 'debug',
  timestamp: '2026-08-02T05:14:43.575Z'
}
{
  message: '[Cache Hit] Lấy thông tin hotel ID: 4ae8aa74-5d12-4c14-9904-1a09cd67b79d từ Redis',
  level: 'debug',
  timestamp: '2026-08-02T05:14:43.575Z'
}
{
  message: '[Cache Hit] Lấy thông tin hotel ID: 774ea0ad-10a2-4836-add4-ed1bf337d1f2 từ Redis',
  level: 'debug',
  timestamp: '2026-08-02T05:14:43.575Z'
}
{
  hotelId: '6c5095d1-8035-4ee6-b1b1-b9e27942a76f',
  level: 'info',
  message: '[BookingController] Get hotel bookings',
  timestamp: '2026-08-02T05:14:43.579Z'
}
{
  message: '[Cache Hit] Lấy thông tin hotel ID: 6c5095d1-8035-4ee6-b1b1-b9e27942a76f từ Redis',
  level: 'debug',
  timestamp: '2026-08-02T05:14:43.581Z'
}
{
  hotelId: '615a05ed-ca06-4178-9e3d-e2e883cd86f0',
  level: 'info',
  message: '[BookingController] Get hotel bookings',
  timestamp: '2026-08-02T05:14:43.589Z'
}
{
  hotelId: '8168c601-3fbd-4be9-b0ba-78bc1ac96ea4',
  level: 'info',
  message: '[BookingController] Get hotel bookings',
  timestamp: '2026-08-02T05:14:43.592Z'
}
{
  message: '[Cache Hit] Lấy thông tin hotel ID: 615a05ed-ca06-4178-9e3d-e2e883cd86f0 từ Redis',
  level: 'debug',
  timestamp: '2026-08-02T05:14:43.593Z'
}
{
  message: '[Cache Hit] Lấy thông tin hotel ID: 8168c601-3fbd-4be9-b0ba-78bc1ac96ea4 từ Redis',
  level: 'debug',
  timestamp: '2026-08-02T05:14:43.593Z'
}
{
  hotelId: '99d133ab-5625-4527-9f6a-1c3784ec4888',
  level: 'info',
  message: '[BookingController] Get hotel bookings',
  timestamp: '2026-08-02T05:14:43.598Z'
}
{
  hotelId: 'b1894531-1a55-41c4-8de3-3f7222ce9272',
  level: 'info',
  message: '[BookingController] Get hotel bookings',
  timestamp: '2026-08-02T05:14:43.601Z'
}
{
  hotelId: 'b791877f-a851-4df9-8e97-491b5f55e97f',
  level: 'info',
  message: '[BookingController] Get hotel bookings',
  timestamp: '2026-08-02T05:14:43.607Z'
}
{
  message: '[Cache Hit] Lấy thông tin hotel ID: 99d133ab-5625-4527-9f6a-1c3784ec4888 từ Redis',
  level: 'debug',
  timestamp: '2026-08-02T05:14:43.611Z'
}
{
  message: '[Cache Hit] Lấy thông tin hotel ID: b1894531-1a55-41c4-8de3-3f7222ce9272 từ Redis',
  level: 'debug',
  timestamp: '2026-08-02T05:14:43.612Z'
}
{
  message: '[Cache Hit] Lấy thông tin hotel ID: b791877f-a851-4df9-8e97-491b5f55e97f từ Redis',
  level: 'debug',
  timestamp: '2026-08-02T05:14:43.612Z'
}
{
  hotelId: '2d556b72-df20-455a-98d8-5887c31297de',
  level: 'info',
  message: '[BookingController] Get hotel bookings',
  timestamp: '2026-08-02T05:14:43.617Z'
}
{
  message: '[Cache Hit] Lấy thông tin hotel ID: 2d556b72-df20-455a-98d8-5887c31297de từ Redis',
  level: 'debug',
  timestamp: '2026-08-02T05:14:43.619Z'
}
{
  hotelId: 'cdcc3f08-97f8-42a7-8c59-51ba169f3bee',
  level: 'info',
  message: '[BookingController] Get hotel bookings',
  timestamp: '2026-08-02T05:14:43.637Z'
}
{
  hotelId: 'ca5dfeea-502a-49b4-8b40-edb8d8641096',
  level: 'info',
  message: '[BookingController] Get hotel bookings',
  timestamp: '2026-08-02T05:14:43.642Z'
}
{
  message: '[Cache Hit] Lấy thông tin hotel ID: cdcc3f08-97f8-42a7-8c59-51ba169f3bee từ Redis',
  level: 'debug',
  timestamp: '2026-08-02T05:14:43.643Z'
}
{
  message: '[Cache Hit] Lấy thông tin hotel ID: ca5dfeea-502a-49b4-8b40-edb8d8641096 từ Redis',
  level: 'debug',
  timestamp: '2026-08-02T05:14:43.644Z'
}
{
  hotelId: '7806d7b1-469e-4a3e-b855-cc649c51efc9',
  level: 'info',
  message: '[BookingController] Get hotel bookings',
  timestamp: '2026-08-02T05:14:43.650Z'
}
{
  hotelId: '4ae8aa74-5d12-4c14-9904-1a09cd67b79d',
  level: 'info',
  message: '[BookingController] Get hotel bookings',
  timestamp: '2026-08-02T05:14:43.652Z'
}
{
  message: '[Cache Hit] Lấy thông tin hotel ID: 7806d7b1-469e-4a3e-b855-cc649c51efc9 từ Redis',
  level: 'debug',
  timestamp: '2026-08-02T05:14:43.656Z'
}
{
  message: '[Cache Hit] Lấy thông tin hotel ID: 4ae8aa74-5d12-4c14-9904-1a09cd67b79d từ Redis',
  level: 'debug',
  timestamp: '2026-08-02T05:14:43.657Z'
}
{
  hotelId: '774ea0ad-10a2-4836-add4-ed1bf337d1f2',
  level: 'info',
  message: '[BookingController] Get hotel bookings',
  timestamp: '2026-08-02T05:14:43.661Z'
}
{
  message: '[Cache Hit] Lấy thông tin hotel ID: 774ea0ad-10a2-4836-add4-ed1bf337d1f2 từ Redis',
  level: 'debug',
  timestamp: '2026-08-02T05:14:43.662Z'
}
{
  hotelId: '6c5095d1-8035-4ee6-b1b1-b9e27942a76f',
  level: 'info',
  message: '[BookingController] Get hotel bookings',
  timestamp: '2026-08-02T05:14:43.667Z'
}
{
  hotelId: '615a05ed-ca06-4178-9e3d-e2e883cd86f0',
  level: 'info',
  message: '[BookingController] Get hotel bookings',
  timestamp: '2026-08-02T05:14:43.669Z'
}
{
  message: '[Cache Hit] Lấy thông tin hotel ID: 6c5095d1-8035-4ee6-b1b1-b9e27942a76f từ Redis',
  level: 'debug',
  timestamp: '2026-08-02T05:14:43.670Z'
}
{
  message: '[Cache Hit] Lấy thông tin hotel ID: 615a05ed-ca06-4178-9e3d-e2e883cd86f0 từ Redis',
  level: 'debug',
  timestamp: '2026-08-02T05:14:43.670Z'
}
{
  hotelId: 'b1894531-1a55-41c4-8de3-3f7222ce9272',
  level: 'info',
  message: '[BookingController] Get hotel bookings',
  timestamp: '2026-08-02T05:14:43.677Z'
}
{
  hotelId: '8168c601-3fbd-4be9-b0ba-78bc1ac96ea4',
  level: 'info',
  message: '[BookingController] Get hotel bookings',
  timestamp: '2026-08-02T05:14:43.681Z'
}
{
  message: '[Cache Hit] Lấy thông tin hotel ID: b1894531-1a55-41c4-8de3-3f7222ce9272 từ Redis',
  level: 'debug',
  timestamp: '2026-08-02T05:14:43.682Z'
}
{
  message: '[Cache Hit] Lấy thông tin hotel ID: 8168c601-3fbd-4be9-b0ba-78bc1ac96ea4 từ Redis',
  level: 'debug',
  timestamp: '2026-08-02T05:14:43.682Z'
}
{
  hotelId: 'b791877f-a851-4df9-8e97-491b5f55e97f',
  level: 'info',
  message: '[BookingController] Get hotel bookings',
  timestamp: '2026-08-02T05:14:43.689Z'
}
{
  message: '[Cache Hit] Lấy thông tin hotel ID: b791877f-a851-4df9-8e97-491b5f55e97f từ Redis',
  level: 'debug',
  timestamp: '2026-08-02T05:14:43.691Z'
}
{
  hotelId: '99d133ab-5625-4527-9f6a-1c3784ec4888',
  level: 'info',
  message: '[BookingController] Get hotel bookings',
  timestamp: '2026-08-02T05:14:43.696Z'
}
{
  message: '[Cache Hit] Lấy thông tin hotel ID: 99d133ab-5625-4527-9f6a-1c3784ec4888 từ Redis',
  level: 'debug',
  timestamp: '2026-08-02T05:14:43.700Z'
}
{
  message: '[Cache Hit] Lấy danh sách điểm đến hoạt động từ Redis',
  level: 'debug',
  timestamp: '2026-08-02T05:14:50.556Z'
}
{
  page: '1',
  limit: '10',
  status: 'ACTIVE',
  level: 'info',
  message: '[HotelController] Get all hotels with queries',
  timestamp: '2026-08-02T05:14:50.559Z'
}
{
  message: '[Cache Hit] Lấy danh sách điểm đến hoạt động từ Redis',
  level: 'debug',
  timestamp: '2026-08-02T05:14:50.562Z'
}
{
  page: '1',
  limit: '10',
  status: 'ACTIVE',
  level: 'info',
  message: '[HotelController] Get all hotels with queries',
  timestamp: '2026-08-02T05:14:50.567Z'
}
{
  message: '[Cache Hit] Lấy danh sách điểm đến hoạt động từ Redis',
  level: 'debug',
  timestamp: '2026-08-02T05:14:50.570Z'
}
{
  message: '[Cache Hit] Lấy danh sách điểm đến hoạt động từ Redis',
  level: 'debug',
  timestamp: '2026-08-02T05:14:50.575Z'
}
{
  message: '[Cache Hit] Lấy danh sách điểm đến hoạt động từ Redis',
  level: 'debug',
  timestamp: '2026-08-02T05:14:53.568Z'
}
{
  query: [Object: null prototype] {
    location: 'Hà Nội',
    checkInDate: '2026-08-02T17:00:00.000Z',
    checkOutDate: '2026-08-03T17:00:00.000Z',
    adults: '2',
    children: '0',
    rooms: '1'
  },
  level: 'info',
  message: '[SearchController] Search hotels',
  timestamp: '2026-08-02T05:14:53.573Z'
}
{
  message: '[Cache Hit] Lấy danh sách điểm đến hoạt động từ Redis',
  level: 'debug',
  timestamp: '2026-08-02T05:14:53.615Z'
}
{
  query: [Object: null prototype] {
    location: 'Hà Nội',
    checkInDate: '2026-08-02T17:00:00.000Z',
    checkOutDate: '2026-08-03T17:00:00.000Z',
    adults: '2',
    children: '0',
    rooms: '1'
  },
  level: 'info',
  message: '[SearchController] Search hotels',
  timestamp: '2026-08-02T05:14:53.640Z'
}
{
  hotelId: '99d133ab-5625-4527-9f6a-1c3784ec4888',
  level: 'info',
  message: '[HotelController] Get hotel by id',
  timestamp: '2026-08-02T05:14:55.376Z'
}
{
  message: '[Cache Hit] Lấy thông tin hotel ID: 99d133ab-5625-4527-9f6a-1c3784ec4888 từ Redis',
  level: 'debug',
  timestamp: '2026-08-02T05:14:55.377Z'
}
{
  hotelId: '99d133ab-5625-4527-9f6a-1c3784ec4888',
  level: 'info',
  message: '[HotelController] Get hotel by id',
  timestamp: '2026-08-02T05:14:55.380Z'
}
{
  message: '[Cache Hit] Lấy thông tin hotel ID: 99d133ab-5625-4527-9f6a-1c3784ec4888 từ Redis',
  level: 'debug',
  timestamp: '2026-08-02T05:14:55.381Z'
}
{
  message: '[SchedulerService] Đang kiểm tra các booking hết hạn thanh toán...',
  level: 'info',
  timestamp: '2026-08-02T05:15:00.005Z'
}
{
  message: 'JWT Verification Error: jwt expired',
  level: 'error',
  timestamp: '2026-08-02T05:15:03.792Z'
}
{
  message: 'GLOBAL ERROR HANDLER CAUGHT: Error: Phiên đăng nhập đã hết hạn. Vui lòng lấy Token mới.\n' +
    '    at authMiddleware (/app/src/middlewares/authMiddleware.ts:80:9)\n' +
    '    at Layer.handleRequest (/app/node_modules/router/lib/layer.js:152:17)\n' +
    '    at next (/app/node_modules/router/lib/route.js:157:13)\n' +
    '    at Route.dispatch (/app/node_modules/router/lib/route.js:117:3)\n' +
    '    at handle (/app/node_modules/router/index.js:435:11)\n' +
    '    at Layer.handleRequest (/app/node_modules/router/lib/layer.js:152:17)\n' +
    '    at /app/node_modules/router/index.js:295:15\n' +
    '    at processParams (/app/node_modules/router/index.js:582:12)\n' +
    '    at next (/app/node_modules/router/index.js:291:5)\n' +
    '    at Function.handle (/app/node_modules/router/index.js:186:3)',
  level: 'error',
  timestamp: '2026-08-02T05:15:03.794Z'
}
{
  message: '[AuthController] Refresh Tokens',
  level: 'info',
  timestamp: '2026-08-02T05:15:03.803Z'
}
{
  message: 'Fetching user details for ID: 060b52ae-f46b-4b3a-80ee-8bafbaf5923d',
  level: 'debug',
  timestamp: '2026-08-02T05:15:03.811Z'
}
{
  message: '[Cache Hit] Lấy thông tin user ID: 060b52ae-f46b-4b3a-80ee-8bafbaf5923d từ Redis',
  level: 'debug',
  timestamp: '2026-08-02T05:15:03.812Z'
}
{
  message: '[AuthService] Tokens refreshed successfully for user: hieu2k5bn@gmail.com',
  level: 'info',
  timestamp: '2026-08-02T05:15:03.875Z'
}
{
  message: '[BookingController] Create booking',
  level: 'info',
  timestamp: '2026-08-02T05:15:03.893Z'
}
{
  message: '[BookingController] Get user bookings',
  level: 'info',
  timestamp: '2026-08-02T05:15:03.993Z'
}
{
  message: '[BookingController] Get user bookings',
  level: 'info',
  timestamp: '2026-08-02T05:15:04.028Z'
}
{
  userId: '0772409a-2c0f-47cb-9ec6-51dbdeedda73',
  level: 'info',
  message: '[AuthController] Get Me',
  timestamp: '2026-08-02T05:15:14.647Z'
}
{
  message: 'Fetching user details for ID: 0772409a-2c0f-47cb-9ec6-51dbdeedda73',
  level: 'debug',
  timestamp: '2026-08-02T05:15:14.648Z'
}
{
  message: '[Cache Hit] Lấy thông tin user ID: 0772409a-2c0f-47cb-9ec6-51dbdeedda73 từ Redis',
  level: 'debug',
  timestamp: '2026-08-02T05:15:14.649Z'
}
{
  userId: '0772409a-2c0f-47cb-9ec6-51dbdeedda73',
  level: 'info',
  message: '[AuthController] Get Me',
  timestamp: '2026-08-02T05:15:14.655Z'
}
{
  message: 'Fetching user details for ID: 0772409a-2c0f-47cb-9ec6-51dbdeedda73',
  level: 'debug',
  timestamp: '2026-08-02T05:15:14.656Z'
}
{
  message: '[Cache Hit] Lấy thông tin user ID: 0772409a-2c0f-47cb-9ec6-51dbdeedda73 từ Redis',
  level: 'debug',
  timestamp: '2026-08-02T05:15:14.658Z'
}
{
  message: '[HotelController] Get my hotels',
  level: 'info',
  timestamp: '2026-08-02T05:15:15.029Z'
}
{
  message: '[HotelController] Get my hotels',
  level: 'info',
  timestamp: '2026-08-02T05:15:15.073Z'
}
{
  hotelId: '2d556b72-df20-455a-98d8-5887c31297de',
  level: 'info',
  message: '[BookingController] Get hotel bookings',
  timestamp: '2026-08-02T05:15:15.101Z'
}
{
  hotelId: '7806d7b1-469e-4a3e-b855-cc649c51efc9',
  level: 'info',
  message: '[BookingController] Get hotel bookings',
  timestamp: '2026-08-02T05:15:15.111Z'
}
{
  message: '[Cache Hit] Lấy thông tin hotel ID: 2d556b72-df20-455a-98d8-5887c31297de từ Redis',
  level: 'debug',
  timestamp: '2026-08-02T05:15:15.113Z'
}
{
  message: '[Cache Hit] Lấy thông tin hotel ID: 7806d7b1-469e-4a3e-b855-cc649c51efc9 từ Redis',
  level: 'debug',
  timestamp: '2026-08-02T05:15:15.113Z'
}
{
  hotelId: '774ea0ad-10a2-4836-add4-ed1bf337d1f2',
  level: 'info',
  message: '[BookingController] Get hotel bookings',
  timestamp: '2026-08-02T05:15:15.132Z'
}
{
  hotelId: 'b1894531-1a55-41c4-8de3-3f7222ce9272',
  level: 'info',
  message: '[BookingController] Get hotel bookings',
  timestamp: '2026-08-02T05:15:15.136Z'
}
{
  message: '[Cache Hit] Lấy thông tin hotel ID: 774ea0ad-10a2-4836-add4-ed1bf337d1f2 từ Redis',
  level: 'debug',
  timestamp: '2026-08-02T05:15:15.145Z'
}
{
  message: '[Cache Hit] Lấy thông tin hotel ID: b1894531-1a55-41c4-8de3-3f7222ce9272 từ Redis',
  level: 'debug',
  timestamp: '2026-08-02T05:15:15.150Z'
}
{
  hotelId: 'ca5dfeea-502a-49b4-8b40-edb8d8641096',
  level: 'info',
  message: '[BookingController] Get hotel bookings',
  timestamp: '2026-08-02T05:15:15.157Z'
}
{
  hotelId: '99d133ab-5625-4527-9f6a-1c3784ec4888',
  level: 'info',
  message: '[BookingController] Get hotel bookings',
  timestamp: '2026-08-02T05:15:15.160Z'
}
{
  hotelId: '2d556b72-df20-455a-98d8-5887c31297de',
  level: 'info',
  message: '[BookingController] Get hotel bookings',
  timestamp: '2026-08-02T05:15:15.166Z'
}
{
  hotelId: 'cdcc3f08-97f8-42a7-8c59-51ba169f3bee',
  level: 'info',
  message: '[BookingController] Get hotel bookings',
  timestamp: '2026-08-02T05:15:15.171Z'
}
{
  message: '[Cache Hit] Lấy thông tin hotel ID: ca5dfeea-502a-49b4-8b40-edb8d8641096 từ Redis',
  level: 'debug',
  timestamp: '2026-08-02T05:15:15.174Z'
}
{
  message: '[Cache Hit] Lấy thông tin hotel ID: 99d133ab-5625-4527-9f6a-1c3784ec4888 từ Redis',
  level: 'debug',
  timestamp: '2026-08-02T05:15:15.175Z'
}
{
  message: '[Cache Hit] Lấy thông tin hotel ID: 2d556b72-df20-455a-98d8-5887c31297de từ Redis',
  level: 'debug',
  timestamp: '2026-08-02T05:15:15.175Z'
}
{
  message: '[Cache Hit] Lấy thông tin hotel ID: cdcc3f08-97f8-42a7-8c59-51ba169f3bee từ Redis',
  level: 'debug',
  timestamp: '2026-08-02T05:15:15.176Z'
}
{
  hotelId: '4ae8aa74-5d12-4c14-9904-1a09cd67b79d',
  level: 'info',
  message: '[BookingController] Get hotel bookings',
  timestamp: '2026-08-02T05:15:15.179Z'
}
{
  message: '[Cache Hit] Lấy thông tin hotel ID: 4ae8aa74-5d12-4c14-9904-1a09cd67b79d từ Redis',
  level: 'debug',
  timestamp: '2026-08-02T05:15:15.180Z'
}
{
  hotelId: '8168c601-3fbd-4be9-b0ba-78bc1ac96ea4',
  level: 'info',
  message: '[BookingController] Get hotel bookings',
  timestamp: '2026-08-02T05:15:15.193Z'
}
{
  message: '[Cache Hit] Lấy thông tin hotel ID: 8168c601-3fbd-4be9-b0ba-78bc1ac96ea4 từ Redis',
  level: 'debug',
  timestamp: '2026-08-02T05:15:15.194Z'
}
{
  hotelId: '6c5095d1-8035-4ee6-b1b1-b9e27942a76f',
  level: 'info',
  message: '[BookingController] Get hotel bookings',
  timestamp: '2026-08-02T05:15:15.197Z'
}
{
  hotelId: '7806d7b1-469e-4a3e-b855-cc649c51efc9',
  level: 'info',
  message: '[BookingController] Get hotel bookings',
  timestamp: '2026-08-02T05:15:15.200Z'
}
{
  hotelId: '615a05ed-ca06-4178-9e3d-e2e883cd86f0',
  level: 'info',
  message: '[BookingController] Get hotel bookings',
  timestamp: '2026-08-02T05:15:15.202Z'
}
{
  message: '[Cache Hit] Lấy thông tin hotel ID: 6c5095d1-8035-4ee6-b1b1-b9e27942a76f từ Redis',
  level: 'debug',
  timestamp: '2026-08-02T05:15:15.204Z'
}
{
  message: '[Cache Hit] Lấy thông tin hotel ID: 7806d7b1-469e-4a3e-b855-cc649c51efc9 từ Redis',
  level: 'debug',
  timestamp: '2026-08-02T05:15:15.204Z'
}
{
  message: '[Cache Hit] Lấy thông tin hotel ID: 615a05ed-ca06-4178-9e3d-e2e883cd86f0 từ Redis',
  level: 'debug',
  timestamp: '2026-08-02T05:15:15.204Z'
}
{
  hotelId: 'b791877f-a851-4df9-8e97-491b5f55e97f',
  level: 'info',
  message: '[BookingController] Get hotel bookings',
  timestamp: '2026-08-02T05:15:15.211Z'
}
{
  message: '[Cache Hit] Lấy thông tin hotel ID: b791877f-a851-4df9-8e97-491b5f55e97f từ Redis',
  level: 'debug',
  timestamp: '2026-08-02T05:15:15.212Z'
}
{
  hotelId: '774ea0ad-10a2-4836-add4-ed1bf337d1f2',
  level: 'info',
  message: '[BookingController] Get hotel bookings',
  timestamp: '2026-08-02T05:15:15.220Z'
}
{
  message: '[Cache Hit] Lấy thông tin hotel ID: 774ea0ad-10a2-4836-add4-ed1bf337d1f2 từ Redis',
  level: 'debug',
  timestamp: '2026-08-02T05:15:15.221Z'
}
{
  hotelId: 'b1894531-1a55-41c4-8de3-3f7222ce9272',
  level: 'info',
  message: '[BookingController] Get hotel bookings',
  timestamp: '2026-08-02T05:15:15.228Z'
}
{
  hotelId: 'cdcc3f08-97f8-42a7-8c59-51ba169f3bee',
  level: 'info',
  message: '[BookingController] Get hotel bookings',
  timestamp: '2026-08-02T05:15:15.229Z'
}
{
  hotelId: 'ca5dfeea-502a-49b4-8b40-edb8d8641096',
  level: 'info',
  message: '[BookingController] Get hotel bookings',
  timestamp: '2026-08-02T05:15:15.232Z'
}
{
  message: '[Cache Hit] Lấy thông tin hotel ID: b1894531-1a55-41c4-8de3-3f7222ce9272 từ Redis',
  level: 'debug',
  timestamp: '2026-08-02T05:15:15.234Z'
}
{
  message: '[Cache Hit] Lấy thông tin hotel ID: cdcc3f08-97f8-42a7-8c59-51ba169f3bee từ Redis',
  level: 'debug',
  timestamp: '2026-08-02T05:15:15.234Z'
}
{
  message: '[Cache Hit] Lấy thông tin hotel ID: ca5dfeea-502a-49b4-8b40-edb8d8641096 từ Redis',
  level: 'debug',
  timestamp: '2026-08-02T05:15:15.234Z'
}
{
  hotelId: '4ae8aa74-5d12-4c14-9904-1a09cd67b79d',
  level: 'info',
  message: '[BookingController] Get hotel bookings',
  timestamp: '2026-08-02T05:15:15.240Z'
}
{
  message: '[Cache Hit] Lấy thông tin hotel ID: 4ae8aa74-5d12-4c14-9904-1a09cd67b79d từ Redis',
  level: 'debug',
  timestamp: '2026-08-02T05:15:15.242Z'
}
{
  hotelId: '8168c601-3fbd-4be9-b0ba-78bc1ac96ea4',
  level: 'info',
  message: '[BookingController] Get hotel bookings',
  timestamp: '2026-08-02T05:15:15.247Z'
}
{
  hotelId: '6c5095d1-8035-4ee6-b1b1-b9e27942a76f',
  level: 'info',
  message: '[BookingController] Get hotel bookings',
  timestamp: '2026-08-02T05:15:15.252Z'
}
{
  message: '[Cache Hit] Lấy thông tin hotel ID: 8168c601-3fbd-4be9-b0ba-78bc1ac96ea4 từ Redis',
  level: 'debug',
  timestamp: '2026-08-02T05:15:15.253Z'
}
{
  message: '[Cache Hit] Lấy thông tin hotel ID: 6c5095d1-8035-4ee6-b1b1-b9e27942a76f từ Redis',
  level: 'debug',
  timestamp: '2026-08-02T05:15:15.253Z'
}
{
  hotelId: '615a05ed-ca06-4178-9e3d-e2e883cd86f0',
  level: 'info',
  message: '[BookingController] Get hotel bookings',
  timestamp: '2026-08-02T05:15:15.258Z'
}
{
  hotelId: 'b791877f-a851-4df9-8e97-491b5f55e97f',
  level: 'info',
  message: '[BookingController] Get hotel bookings',
  timestamp: '2026-08-02T05:15:15.261Z'
}
{
  hotelId: '99d133ab-5625-4527-9f6a-1c3784ec4888',
  level: 'info',
  message: '[BookingController] Get hotel bookings',
  timestamp: '2026-08-02T05:15:15.262Z'
}
{
  message: '[Cache Hit] Lấy thông tin hotel ID: 615a05ed-ca06-4178-9e3d-e2e883cd86f0 từ Redis',
  level: 'debug',
  timestamp: '2026-08-02T05:15:15.263Z'
}
{
  message: '[Cache Hit] Lấy thông tin hotel ID: b791877f-a851-4df9-8e97-491b5f55e97f từ Redis',
  level: 'debug',
  timestamp: '2026-08-02T05:15:15.263Z'
}
{
  message: '[Cache Hit] Lấy thông tin hotel ID: 99d133ab-5625-4527-9f6a-1c3784ec4888 từ Redis',
  level: 'debug',
  timestamp: '2026-08-02T05:15:15.263Z'
}
{
  bookingId: '395c64b9-7c62-4e52-95e7-8a866a2d69d3',
  level: 'info',
  message: '[BookingController] Update booking status',
  timestamp: '2026-08-02T05:15:18.752Z'
}
{
  message: '[Cache Hit] Lấy thông tin hotel ID: 99d133ab-5625-4527-9f6a-1c3784ec4888 từ Redis',
  level: 'debug',
  timestamp: '2026-08-02T05:15:18.762Z'
}
{
  bookingId: '395c64b9-7c62-4e52-95e7-8a866a2d69d3',
  level: 'info',
  message: '[BookingController] Update booking status',
  timestamp: '2026-08-02T05:15:21.902Z'
}
{
  message: '[Cache Hit] Lấy thông tin hotel ID: 99d133ab-5625-4527-9f6a-1c3784ec4888 từ Redis',
  level: 'debug',
  timestamp: '2026-08-02T05:15:21.906Z'
}
{
  bookingId: '395c64b9-7c62-4e52-95e7-8a866a2d69d3',
  level: 'info',
  message: '[BookingController] Update booking status',
  timestamp: '2026-08-02T05:15:23.971Z'
}
{
  message: '[Cache Hit] Lấy thông tin hotel ID: 99d133ab-5625-4527-9f6a-1c3784ec4888 từ Redis',
  level: 'debug',
  timestamp: '2026-08-02T05:15:23.981Z'
}
{
  message: '[HotelController] Get my hotels',
  level: 'info',
  timestamp: '2026-08-02T05:16:15.957Z'
}
{
  hotelId: '2d556b72-df20-455a-98d8-5887c31297de',
  level: 'info',
  message: '[BookingController] Get hotel bookings',
  timestamp: '2026-08-02T05:16:16.018Z'
}
{
  message: '[Cache Hit] Lấy thông tin hotel ID: 2d556b72-df20-455a-98d8-5887c31297de từ Redis',
  level: 'debug',
  timestamp: '2026-08-02T05:16:16.026Z'
}
{
  hotelId: 'ca5dfeea-502a-49b4-8b40-edb8d8641096',
  level: 'info',
  message: '[BookingController] Get hotel bookings',
  timestamp: '2026-08-02T05:16:16.029Z'
}
{
  message: '[Cache Hit] Lấy thông tin hotel ID: ca5dfeea-502a-49b4-8b40-edb8d8641096 từ Redis',
  level: 'debug',
  timestamp: '2026-08-02T05:16:16.030Z'
}
{
  hotelId: '774ea0ad-10a2-4836-add4-ed1bf337d1f2',
  level: 'info',
  message: '[BookingController] Get hotel bookings',
  timestamp: '2026-08-02T05:16:16.034Z'
}
{
  message: '[Cache Hit] Lấy thông tin hotel ID: 774ea0ad-10a2-4836-add4-ed1bf337d1f2 từ Redis',
  level: 'debug',
  timestamp: '2026-08-02T05:16:16.035Z'
}
{
  hotelId: '615a05ed-ca06-4178-9e3d-e2e883cd86f0',
  level: 'info',
  message: '[BookingController] Get hotel bookings',
  timestamp: '2026-08-02T05:16:16.039Z'
}
{
  message: '[Cache Hit] Lấy thông tin hotel ID: 615a05ed-ca06-4178-9e3d-e2e883cd86f0 từ Redis',
  level: 'debug',
  timestamp: '2026-08-02T05:16:16.042Z'
}
{
  hotelId: '6c5095d1-8035-4ee6-b1b1-b9e27942a76f',
  level: 'info',
  message: '[BookingController] Get hotel bookings',
  timestamp: '2026-08-02T05:16:16.048Z'
}
{
  message: '[Cache Hit] Lấy thông tin hotel ID: 6c5095d1-8035-4ee6-b1b1-b9e27942a76f từ Redis',
  level: 'debug',
  timestamp: '2026-08-02T05:16:16.049Z'
}
{
  hotelId: 'b791877f-a851-4df9-8e97-491b5f55e97f',
  level: 'info',
  message: '[BookingController] Get hotel bookings',
  timestamp: '2026-08-02T05:16:16.053Z'
}
{
  message: '[Cache Hit] Lấy thông tin hotel ID: b791877f-a851-4df9-8e97-491b5f55e97f từ Redis',
  level: 'debug',
  timestamp: '2026-08-02T05:16:16.055Z'
}
{
  hotelId: '7806d7b1-469e-4a3e-b855-cc649c51efc9',
  level: 'info',
  message: '[BookingController] Get hotel bookings',
  timestamp: '2026-08-02T05:16:16.067Z'
}
{
  message: '[Cache Hit] Lấy thông tin hotel ID: 7806d7b1-469e-4a3e-b855-cc649c51efc9 từ Redis',
  level: 'debug',
  timestamp: '2026-08-02T05:16:16.068Z'
}
{
  hotelId: 'cdcc3f08-97f8-42a7-8c59-51ba169f3bee',
  level: 'info',
  message: '[BookingController] Get hotel bookings',
  timestamp: '2026-08-02T05:16:16.071Z'
}
{
  message: '[Cache Hit] Lấy thông tin hotel ID: cdcc3f08-97f8-42a7-8c59-51ba169f3bee từ Redis',
  level: 'debug',
  timestamp: '2026-08-02T05:16:16.074Z'
}
{
  hotelId: '4ae8aa74-5d12-4c14-9904-1a09cd67b79d',
  level: 'info',
  message: '[BookingController] Get hotel bookings',
  timestamp: '2026-08-02T05:16:16.089Z'
}
{
  message: '[Cache Hit] Lấy thông tin hotel ID: 4ae8aa74-5d12-4c14-9904-1a09cd67b79d từ Redis',
  level: 'debug',
  timestamp: '2026-08-02T05:16:16.091Z'
}
{
  hotelId: '8168c601-3fbd-4be9-b0ba-78bc1ac96ea4',
  level: 'info',
  message: '[BookingController] Get hotel bookings',
  timestamp: '2026-08-02T05:16:16.098Z'
}
{
  message: '[Cache Hit] Lấy thông tin hotel ID: 8168c601-3fbd-4be9-b0ba-78bc1ac96ea4 từ Redis',
  level: 'debug',
  timestamp: '2026-08-02T05:16:16.100Z'
}
{
  hotelId: 'b1894531-1a55-41c4-8de3-3f7222ce9272',
  level: 'info',
  message: '[BookingController] Get hotel bookings',
  timestamp: '2026-08-02T05:16:16.109Z'
}
{
  message: '[Cache Hit] Lấy thông tin hotel ID: b1894531-1a55-41c4-8de3-3f7222ce9272 từ Redis',
  level: 'debug',
  timestamp: '2026-08-02T05:16:16.113Z'
}
{
  hotelId: '99d133ab-5625-4527-9f6a-1c3784ec4888',
  level: 'info',
  message: '[BookingController] Get hotel bookings',
  timestamp: '2026-08-02T05:16:16.120Z'
}
{
  message: '[Cache Hit] Lấy thông tin hotel ID: 99d133ab-5625-4527-9f6a-1c3784ec4888 từ Redis',
  level: 'debug',
  timestamp: '2026-08-02T05:16:16.122Z'
}
{
  message: 'JWT Verification Error: jwt expired',
  level: 'error',
  timestamp: '2026-08-02T05:16:45.890Z'
}
{
  message: 'GLOBAL ERROR HANDLER CAUGHT: Error: Phiên đăng nhập đã hết hạn. Vui lòng lấy Token mới.\n' +
    '    at authMiddleware (/app/src/middlewares/authMiddleware.ts:80:9)\n' +
    '    at Layer.handleRequest (/app/node_modules/router/lib/layer.js:152:17)\n' +
    '    at trimPrefix (/app/node_modules/router/index.js:342:13)\n' +
    '    at /app/node_modules/router/index.js:297:9\n' +
    '    at processParams (/app/node_modules/router/index.js:582:12)\n' +
    '    at next (/app/node_modules/router/index.js:291:5)\n' +
    '    at Function.handle (/app/node_modules/router/index.js:186:3)\n' +
    '    at router (/app/node_modules/router/index.js:60:12)\n' +
    '    at Layer.handleRequest (/app/node_modules/router/lib/layer.js:152:17)\n' +
    '    at trimPrefix (/app/node_modules/router/index.js:342:13)',
  level: 'error',
  timestamp: '2026-08-02T05:16:45.891Z'
}
{
  message: '[AuthController] Refresh Tokens',
  level: 'info',
  timestamp: '2026-08-02T05:16:45.903Z'
}
{
  message: 'Fetching user details for ID: 0772409a-2c0f-47cb-9ec6-51dbdeedda73',
  level: 'debug',
  timestamp: '2026-08-02T05:16:45.917Z'
}
{
  message: '[Cache Hit] Lấy thông tin user ID: 0772409a-2c0f-47cb-9ec6-51dbdeedda73 từ Redis',
  level: 'debug',
  timestamp: '2026-08-02T05:16:45.918Z'
}
{
  message: '[AuthService] Tokens refreshed successfully for user: agent1@booking.com',
  level: 'info',
  timestamp: '2026-08-02T05:16:45.956Z'
}
{
  userId: '0772409a-2c0f-47cb-9ec6-51dbdeedda73',
  level: 'info',
  message: '[AuthController] Get Me',
  timestamp: '2026-08-02T05:17:31.054Z'
}
{
  message: 'Fetching user details for ID: 0772409a-2c0f-47cb-9ec6-51dbdeedda73',
  level: 'debug',
  timestamp: '2026-08-02T05:17:31.055Z'
}
{
  message: '[Cache Hit] Lấy thông tin user ID: 0772409a-2c0f-47cb-9ec6-51dbdeedda73 từ Redis',
  level: 'debug',
  timestamp: '2026-08-02T05:17:31.056Z'
}
{
  userId: '0772409a-2c0f-47cb-9ec6-51dbdeedda73',
  level: 'info',
  message: '[AuthController] Get Me',
  timestamp: '2026-08-02T05:17:31.063Z'
}
{
  message: 'Fetching user details for ID: 0772409a-2c0f-47cb-9ec6-51dbdeedda73',
  level: 'debug',
  timestamp: '2026-08-02T05:17:31.063Z'
}
{
  message: '[Cache Hit] Lấy thông tin user ID: 0772409a-2c0f-47cb-9ec6-51dbdeedda73 từ Redis',
  level: 'debug',
  timestamp: '2026-08-02T05:17:31.065Z'
}
{
  message: '[HotelController] Get my hotels',
  level: 'info',
  timestamp: '2026-08-02T05:17:31.388Z'
}
{
  message: '[HotelController] Get my hotels',
  level: 'info',
  timestamp: '2026-08-02T05:17:31.431Z'
}
{
  hotelId: '2d556b72-df20-455a-98d8-5887c31297de',
  level: 'info',
  message: '[BookingController] Get hotel bookings',
  timestamp: '2026-08-02T05:17:31.453Z'
}
{
  hotelId: '7806d7b1-469e-4a3e-b855-cc649c51efc9',
  level: 'info',
  message: '[BookingController] Get hotel bookings',
  timestamp: '2026-08-02T05:17:31.465Z'
}
{
  message: '[Cache Hit] Lấy thông tin hotel ID: 2d556b72-df20-455a-98d8-5887c31297de từ Redis',
  level: 'debug',
  timestamp: '2026-08-02T05:17:31.466Z'
}
{
  message: '[Cache Hit] Lấy thông tin hotel ID: 7806d7b1-469e-4a3e-b855-cc649c51efc9 từ Redis',
  level: 'debug',
  timestamp: '2026-08-02T05:17:31.470Z'
}
{
  hotelId: '8168c601-3fbd-4be9-b0ba-78bc1ac96ea4',
  level: 'info',
  message: '[BookingController] Get hotel bookings',
  timestamp: '2026-08-02T05:17:31.479Z'
}
{
  message: '[Cache Hit] Lấy thông tin hotel ID: 8168c601-3fbd-4be9-b0ba-78bc1ac96ea4 từ Redis',
  level: 'debug',
  timestamp: '2026-08-02T05:17:31.482Z'
}
{
  hotelId: '99d133ab-5625-4527-9f6a-1c3784ec4888',
  level: 'info',
  message: '[BookingController] Get hotel bookings',
  timestamp: '2026-08-02T05:17:31.485Z'
}
{
  hotelId: 'ca5dfeea-502a-49b4-8b40-edb8d8641096',
  level: 'info',
  message: '[BookingController] Get hotel bookings',
  timestamp: '2026-08-02T05:17:31.489Z'
}
{
  message: '[Cache Hit] Lấy thông tin hotel ID: 99d133ab-5625-4527-9f6a-1c3784ec4888 từ Redis',
  level: 'debug',
  timestamp: '2026-08-02T05:17:31.491Z'
}
{
  message: '[Cache Hit] Lấy thông tin hotel ID: ca5dfeea-502a-49b4-8b40-edb8d8641096 từ Redis',
  level: 'debug',
  timestamp: '2026-08-02T05:17:31.493Z'
}
{
  hotelId: 'cdcc3f08-97f8-42a7-8c59-51ba169f3bee',
  level: 'info',
  message: '[BookingController] Get hotel bookings',
  timestamp: '2026-08-02T05:17:31.498Z'
}
{
  message: '[Cache Hit] Lấy thông tin hotel ID: cdcc3f08-97f8-42a7-8c59-51ba169f3bee từ Redis',
  level: 'debug',
  timestamp: '2026-08-02T05:17:31.501Z'
}
{
  hotelId: '6c5095d1-8035-4ee6-b1b1-b9e27942a76f',
  level: 'info',
  message: '[BookingController] Get hotel bookings',
  timestamp: '2026-08-02T05:17:31.511Z'
}
{
  hotelId: '774ea0ad-10a2-4836-add4-ed1bf337d1f2',
  level: 'info',
  message: '[BookingController] Get hotel bookings',
  timestamp: '2026-08-02T05:17:31.516Z'
}
{
  message: '[Cache Hit] Lấy thông tin hotel ID: 6c5095d1-8035-4ee6-b1b1-b9e27942a76f từ Redis',
  level: 'debug',
  timestamp: '2026-08-02T05:17:31.517Z'
}
{
  message: '[Cache Hit] Lấy thông tin hotel ID: 774ea0ad-10a2-4836-add4-ed1bf337d1f2 từ Redis',
  level: 'debug',
  timestamp: '2026-08-02T05:17:31.518Z'
}
{
  hotelId: 'b1894531-1a55-41c4-8de3-3f7222ce9272',
  level: 'info',
  message: '[BookingController] Get hotel bookings',
  timestamp: '2026-08-02T05:17:31.522Z'
}
{
  hotelId: '615a05ed-ca06-4178-9e3d-e2e883cd86f0',
  level: 'info',
  message: '[BookingController] Get hotel bookings',
  timestamp: '2026-08-02T05:17:31.527Z'
}
{
  hotelId: '4ae8aa74-5d12-4c14-9904-1a09cd67b79d',
  level: 'info',
  message: '[BookingController] Get hotel bookings',
  timestamp: '2026-08-02T05:17:31.534Z'
}
{
  message: '[Cache Hit] Lấy thông tin hotel ID: b1894531-1a55-41c4-8de3-3f7222ce9272 từ Redis',
  level: 'debug',
  timestamp: '2026-08-02T05:17:31.538Z'
}
{
  message: '[Cache Hit] Lấy thông tin hotel ID: 615a05ed-ca06-4178-9e3d-e2e883cd86f0 từ Redis',
  level: 'debug',
  timestamp: '2026-08-02T05:17:31.539Z'
}
{
  message: '[Cache Hit] Lấy thông tin hotel ID: 4ae8aa74-5d12-4c14-9904-1a09cd67b79d từ Redis',
  level: 'debug',
  timestamp: '2026-08-02T05:17:31.539Z'
}
{
  hotelId: 'b791877f-a851-4df9-8e97-491b5f55e97f',
  level: 'info',
  message: '[BookingController] Get hotel bookings',
  timestamp: '2026-08-02T05:17:31.545Z'
}
{
  message: '[Cache Hit] Lấy thông tin hotel ID: b791877f-a851-4df9-8e97-491b5f55e97f từ Redis',
  level: 'debug',
  timestamp: '2026-08-02T05:17:31.546Z'
}
{
  hotelId: '2d556b72-df20-455a-98d8-5887c31297de',
  level: 'info',
  message: '[BookingController] Get hotel bookings',
  timestamp: '2026-08-02T05:17:31.566Z'
}
{
  hotelId: 'ca5dfeea-502a-49b4-8b40-edb8d8641096',
  level: 'info',
  message: '[BookingController] Get hotel bookings',
  timestamp: '2026-08-02T05:17:31.577Z'
}
{
  message: '[Cache Hit] Lấy thông tin hotel ID: 2d556b72-df20-455a-98d8-5887c31297de từ Redis',
  level: 'debug',
  timestamp: '2026-08-02T05:17:31.579Z'
}
{
  message: '[Cache Hit] Lấy thông tin hotel ID: ca5dfeea-502a-49b4-8b40-edb8d8641096 từ Redis',
  level: 'debug',
  timestamp: '2026-08-02T05:17:31.579Z'
}
{
  hotelId: '7806d7b1-469e-4a3e-b855-cc649c51efc9',
  level: 'info',
  message: '[BookingController] Get hotel bookings',
  timestamp: '2026-08-02T05:17:31.583Z'
}
{
  hotelId: '8168c601-3fbd-4be9-b0ba-78bc1ac96ea4',
  level: 'info',
  message: '[BookingController] Get hotel bookings',
  timestamp: '2026-08-02T05:17:31.589Z'
}
{
  hotelId: '99d133ab-5625-4527-9f6a-1c3784ec4888',
  level: 'info',
  message: '[BookingController] Get hotel bookings',
  timestamp: '2026-08-02T05:17:31.598Z'
}
{
  message: '[Cache Hit] Lấy thông tin hotel ID: 7806d7b1-469e-4a3e-b855-cc649c51efc9 từ Redis',
  level: 'debug',
  timestamp: '2026-08-02T05:17:31.600Z'
}
{
  message: '[Cache Hit] Lấy thông tin hotel ID: 8168c601-3fbd-4be9-b0ba-78bc1ac96ea4 từ Redis',
  level: 'debug',
  timestamp: '2026-08-02T05:17:31.601Z'
}
{
  message: '[Cache Hit] Lấy thông tin hotel ID: 99d133ab-5625-4527-9f6a-1c3784ec4888 từ Redis',
  level: 'debug',
  timestamp: '2026-08-02T05:17:31.601Z'
}
{
  hotelId: 'cdcc3f08-97f8-42a7-8c59-51ba169f3bee',
  level: 'info',
  message: '[BookingController] Get hotel bookings',
  timestamp: '2026-08-02T05:17:31.614Z'
}
{
  message: '[Cache Hit] Lấy thông tin hotel ID: cdcc3f08-97f8-42a7-8c59-51ba169f3bee từ Redis',
  level: 'debug',
  timestamp: '2026-08-02T05:17:31.618Z'
}
{
  hotelId: '6c5095d1-8035-4ee6-b1b1-b9e27942a76f',
  level: 'info',
  message: '[BookingController] Get hotel bookings',
  timestamp: '2026-08-02T05:17:31.623Z'
}
{
  hotelId: '774ea0ad-10a2-4836-add4-ed1bf337d1f2',
  level: 'info',
  message: '[BookingController] Get hotel bookings',
  timestamp: '2026-08-02T05:17:31.638Z'
}
{
  message: '[Cache Hit] Lấy thông tin hotel ID: 6c5095d1-8035-4ee6-b1b1-b9e27942a76f từ Redis',
  level: 'debug',
  timestamp: '2026-08-02T05:17:31.640Z'
}
{
  message: '[Cache Hit] Lấy thông tin hotel ID: 774ea0ad-10a2-4836-add4-ed1bf337d1f2 từ Redis',
  level: 'debug',
  timestamp: '2026-08-02T05:17:31.640Z'
}
{
  hotelId: 'b1894531-1a55-41c4-8de3-3f7222ce9272',
  level: 'info',
  message: '[BookingController] Get hotel bookings',
  timestamp: '2026-08-02T05:17:31.650Z'
}
{
  hotelId: '615a05ed-ca06-4178-9e3d-e2e883cd86f0',
  level: 'info',
  message: '[BookingController] Get hotel bookings',
  timestamp: '2026-08-02T05:17:31.659Z'
}
{
  hotelId: '4ae8aa74-5d12-4c14-9904-1a09cd67b79d',
  level: 'info',
  message: '[BookingController] Get hotel bookings',
  timestamp: '2026-08-02T05:17:31.663Z'
}
{
  message: '[Cache Hit] Lấy thông tin hotel ID: b1894531-1a55-41c4-8de3-3f7222ce9272 từ Redis',
  level: 'debug',
  timestamp: '2026-08-02T05:17:31.676Z'
}
{
  message: '[Cache Hit] Lấy thông tin hotel ID: 615a05ed-ca06-4178-9e3d-e2e883cd86f0 từ Redis',
  level: 'debug',
  timestamp: '2026-08-02T05:17:31.676Z'
}
{
  message: '[Cache Hit] Lấy thông tin hotel ID: 4ae8aa74-5d12-4c14-9904-1a09cd67b79d từ Redis',
  level: 'debug',
  timestamp: '2026-08-02T05:17:31.676Z'
}
{
  hotelId: 'b791877f-a851-4df9-8e97-491b5f55e97f',
  level: 'info',
  message: '[BookingController] Get hotel bookings',
  timestamp: '2026-08-02T05:17:31.694Z'
}
{
  message: '[Cache Hit] Lấy thông tin hotel ID: b791877f-a851-4df9-8e97-491b5f55e97f từ Redis',
  level: 'debug',
  timestamp: '2026-08-02T05:17:31.707Z'
}
{
  bookingId: '395c64b9-7c62-4e52-95e7-8a866a2d69d3',
  level: 'info',
  message: '[BookingController] Update payment status',
  timestamp: '2026-08-02T05:17:35.407Z'
}
{
  message: '[Cache Hit] Lấy thông tin hotel ID: 99d133ab-5625-4527-9f6a-1c3784ec4888 từ Redis',
  level: 'debug',
  timestamp: '2026-08-02T05:17:35.413Z'
}
{
  bookingId: 'b1957259-3be5-440f-a6f8-608214d24332',
  level: 'info',
  message: '[BookingController] Update payment status',
  timestamp: '2026-08-02T05:17:37.668Z'
}
{
  message: '[Cache Hit] Lấy thông tin hotel ID: 99d133ab-5625-4527-9f6a-1c3784ec4888 từ Redis',
  level: 'debug',
  timestamp: '2026-08-02T05:17:37.673Z'
}
{
  bookingId: '21ad4a9b-9fa9-4bb5-a5b0-610ea228f9cd',
  level: 'info',
  message: '[BookingController] Update payment status',
  timestamp: '2026-08-02T05:17:39.623Z'
}
{
  message: '[Cache Hit] Lấy thông tin hotel ID: 99d133ab-5625-4527-9f6a-1c3784ec4888 từ Redis',
  level: 'debug',
  timestamp: '2026-08-02T05:17:39.628Z'
}
{
  bookingId: '73109714-c5ba-4627-aff4-7953af574eb2',
  level: 'info',
  message: '[BookingController] Update payment status',
  timestamp: '2026-08-02T05:17:40.202Z'
}
{
  message: '[Cache Hit] Lấy thông tin hotel ID: 99d133ab-5625-4527-9f6a-1c3784ec4888 từ Redis',
  level: 'debug',
  timestamp: '2026-08-02T05:17:40.211Z'
}
{
  bookingId: '8da69b43-cbd2-459b-a5cd-282ebdc235dc',
  level: 'info',
  message: '[BookingController] Update payment status',
  timestamp: '2026-08-02T05:17:40.682Z'
}
{
  message: '[Cache Hit] Lấy thông tin hotel ID: 99d133ab-5625-4527-9f6a-1c3784ec4888 từ Redis',
  level: 'debug',
  timestamp: '2026-08-02T05:17:40.694Z'
}
{
  bookingId: '175d8ba8-d44e-4fe7-ad03-0abe85efcad9',
  level: 'info',
  message: '[BookingController] Update payment status',
  timestamp: '2026-08-02T05:18:02.704Z'
}
{
  message: '[Cache Hit] Lấy thông tin hotel ID: 99d133ab-5625-4527-9f6a-1c3784ec4888 từ Redis',
  level: 'debug',
  timestamp: '2026-08-02T05:18:02.726Z'
}
{
  message: '[HotelController] Get my hotels',
  level: 'info',
  timestamp: '2026-08-02T05:18:12.000Z'
}
{
  hotelId: '2d556b72-df20-455a-98d8-5887c31297de',
  level: 'info',
  message: '[BookingController] Get hotel bookings',
  timestamp: '2026-08-02T05:18:12.062Z'
}
{
  message: '[Cache Hit] Lấy thông tin hotel ID: 2d556b72-df20-455a-98d8-5887c31297de từ Redis',
  level: 'debug',
  timestamp: '2026-08-02T05:18:12.067Z'
}
{
  hotelId: 'ca5dfeea-502a-49b4-8b40-edb8d8641096',
  level: 'info',
  message: '[BookingController] Get hotel bookings',
  timestamp: '2026-08-02T05:18:12.075Z'
}
{
  message: '[Cache Hit] Lấy thông tin hotel ID: ca5dfeea-502a-49b4-8b40-edb8d8641096 từ Redis',
  level: 'debug',
  timestamp: '2026-08-02T05:18:12.076Z'
}
{
  hotelId: '6c5095d1-8035-4ee6-b1b1-b9e27942a76f',
  level: 'info',
  message: '[BookingController] Get hotel bookings',
  timestamp: '2026-08-02T05:18:12.078Z'
}
{
  hotelId: '774ea0ad-10a2-4836-add4-ed1bf337d1f2',
  level: 'info',
  message: '[BookingController] Get hotel bookings',
  timestamp: '2026-08-02T05:18:12.081Z'
}
{
  message: '[Cache Hit] Lấy thông tin hotel ID: 6c5095d1-8035-4ee6-b1b1-b9e27942a76f từ Redis',
  level: 'debug',
  timestamp: '2026-08-02T05:18:12.083Z'
}
{
  message: '[Cache Hit] Lấy thông tin hotel ID: 774ea0ad-10a2-4836-add4-ed1bf337d1f2 từ Redis',
  level: 'debug',
  timestamp: '2026-08-02T05:18:12.083Z'
}
{
  hotelId: 'cdcc3f08-97f8-42a7-8c59-51ba169f3bee',
  level: 'info',
  message: '[BookingController] Get hotel bookings',
  timestamp: '2026-08-02T05:18:12.086Z'
}
{
  message: '[Cache Hit] Lấy thông tin hotel ID: cdcc3f08-97f8-42a7-8c59-51ba169f3bee từ Redis',
  level: 'debug',
  timestamp: '2026-08-02T05:18:12.088Z'
}
{
  hotelId: 'b1894531-1a55-41c4-8de3-3f7222ce9272',
  level: 'info',
  message: '[BookingController] Get hotel bookings',
  timestamp: '2026-08-02T05:18:12.091Z'
}
{
  hotelId: '7806d7b1-469e-4a3e-b855-cc649c51efc9',
  level: 'info',
  message: '[BookingController] Get hotel bookings',
  timestamp: '2026-08-02T05:18:12.093Z'
}
{
  message: '[Cache Hit] Lấy thông tin hotel ID: b1894531-1a55-41c4-8de3-3f7222ce9272 từ Redis',
  level: 'debug',
  timestamp: '2026-08-02T05:18:12.094Z'
}
{
  message: '[Cache Hit] Lấy thông tin hotel ID: 7806d7b1-469e-4a3e-b855-cc649c51efc9 từ Redis',
  level: 'debug',
  timestamp: '2026-08-02T05:18:12.095Z'
}
{
  hotelId: '99d133ab-5625-4527-9f6a-1c3784ec4888',
  level: 'info',
  message: '[BookingController] Get hotel bookings',
  timestamp: '2026-08-02T05:18:12.099Z'
}
{
  hotelId: '8168c601-3fbd-4be9-b0ba-78bc1ac96ea4',
  level: 'info',
  message: '[BookingController] Get hotel bookings',
  timestamp: '2026-08-02T05:18:12.101Z'
}
{
  hotelId: '4ae8aa74-5d12-4c14-9904-1a09cd67b79d',
  level: 'info',
  message: '[BookingController] Get hotel bookings',
  timestamp: '2026-08-02T05:18:12.103Z'
}
{
  message: '[Cache Hit] Lấy thông tin hotel ID: 99d133ab-5625-4527-9f6a-1c3784ec4888 từ Redis',
  level: 'debug',
  timestamp: '2026-08-02T05:18:12.106Z'
}
{
  message: '[Cache Hit] Lấy thông tin hotel ID: 8168c601-3fbd-4be9-b0ba-78bc1ac96ea4 từ Redis',
  level: 'debug',
  timestamp: '2026-08-02T05:18:12.106Z'
}
{
  message: '[Cache Hit] Lấy thông tin hotel ID: 4ae8aa74-5d12-4c14-9904-1a09cd67b79d từ Redis',
  level: 'debug',
  timestamp: '2026-08-02T05:18:12.107Z'
}
{
  hotelId: '615a05ed-ca06-4178-9e3d-e2e883cd86f0',
  level: 'info',
  message: '[BookingController] Get hotel bookings',
  timestamp: '2026-08-02T05:18:12.111Z'
}
{
  message: '[Cache Hit] Lấy thông tin hotel ID: 615a05ed-ca06-4178-9e3d-e2e883cd86f0 từ Redis',
  level: 'debug',
  timestamp: '2026-08-02T05:18:12.113Z'
}
{
  hotelId: 'b791877f-a851-4df9-8e97-491b5f55e97f',
  level: 'info',
  message: '[BookingController] Get hotel bookings',
  timestamp: '2026-08-02T05:18:12.120Z'
}
{
  message: '[Cache Hit] Lấy thông tin hotel ID: b791877f-a851-4df9-8e97-491b5f55e97f từ Redis',
  level: 'debug',
  timestamp: '2026-08-02T05:18:12.121Z'
}
{
  userId: '0772409a-2c0f-47cb-9ec6-51dbdeedda73',
  level: 'info',
  message: '[AuthController] Get Me',
  timestamp: '2026-08-02T05:18:26.695Z'
}
{
  message: 'Fetching user details for ID: 0772409a-2c0f-47cb-9ec6-51dbdeedda73',
  level: 'debug',
  timestamp: '2026-08-02T05:18:26.695Z'
}
{
  message: '[Cache Hit] Lấy thông tin user ID: 0772409a-2c0f-47cb-9ec6-51dbdeedda73 từ Redis',
  level: 'debug',
  timestamp: '2026-08-02T05:18:26.696Z'
}
{
  userId: '0772409a-2c0f-47cb-9ec6-51dbdeedda73',
  level: 'info',
  message: '[AuthController] Get Me',
  timestamp: '2026-08-02T05:18:26.701Z'
}
{
  message: 'Fetching user details for ID: 0772409a-2c0f-47cb-9ec6-51dbdeedda73',
  level: 'debug',
  timestamp: '2026-08-02T05:18:26.702Z'
}
{
  message: '[Cache Hit] Lấy thông tin user ID: 0772409a-2c0f-47cb-9ec6-51dbdeedda73 từ Redis',
  level: 'debug',
  timestamp: '2026-08-02T05:18:26.711Z'
}
{
  message: '[HotelController] Get my hotels',
  level: 'info',
  timestamp: '2026-08-02T05:18:27.035Z'
}
{
  message: '[HotelController] Get my hotels',
  level: 'info',
  timestamp: '2026-08-02T05:18:27.085Z'
}
{
  hotelId: '2d556b72-df20-455a-98d8-5887c31297de',
  level: 'info',
  message: '[BookingController] Get hotel bookings',
  timestamp: '2026-08-02T05:18:27.118Z'
}
{
  hotelId: '7806d7b1-469e-4a3e-b855-cc649c51efc9',
  level: 'info',
  message: '[BookingController] Get hotel bookings',
  timestamp: '2026-08-02T05:18:27.129Z'
}
{
  message: '[Cache Hit] Lấy thông tin hotel ID: 2d556b72-df20-455a-98d8-5887c31297de từ Redis',
  level: 'debug',
  timestamp: '2026-08-02T05:18:27.132Z'
}
{
  message: '[Cache Hit] Lấy thông tin hotel ID: 7806d7b1-469e-4a3e-b855-cc649c51efc9 từ Redis',
  level: 'debug',
  timestamp: '2026-08-02T05:18:27.132Z'
}
{
  hotelId: '4ae8aa74-5d12-4c14-9904-1a09cd67b79d',
  level: 'info',
  message: '[BookingController] Get hotel bookings',
  timestamp: '2026-08-02T05:18:27.150Z'
}
{
  hotelId: '6c5095d1-8035-4ee6-b1b1-b9e27942a76f',
  level: 'info',
  message: '[BookingController] Get hotel bookings',
  timestamp: '2026-08-02T05:18:27.153Z'
}
{
  message: '[Cache Hit] Lấy thông tin hotel ID: 4ae8aa74-5d12-4c14-9904-1a09cd67b79d từ Redis',
  level: 'debug',
  timestamp: '2026-08-02T05:18:27.160Z'
}
{
  message: '[Cache Hit] Lấy thông tin hotel ID: 6c5095d1-8035-4ee6-b1b1-b9e27942a76f từ Redis',
  level: 'debug',
  timestamp: '2026-08-02T05:18:27.162Z'
}
{
  hotelId: 'ca5dfeea-502a-49b4-8b40-edb8d8641096',
  level: 'info',
  message: '[BookingController] Get hotel bookings',
  timestamp: '2026-08-02T05:18:27.165Z'
}
{
  message: '[Cache Hit] Lấy thông tin hotel ID: ca5dfeea-502a-49b4-8b40-edb8d8641096 từ Redis',
  level: 'debug',
  timestamp: '2026-08-02T05:18:27.169Z'
}
{
  hotelId: 'cdcc3f08-97f8-42a7-8c59-51ba169f3bee',
  level: 'info',
  message: '[BookingController] Get hotel bookings',
  timestamp: '2026-08-02T05:18:27.178Z'
}
{
  message: '[Cache Hit] Lấy thông tin hotel ID: cdcc3f08-97f8-42a7-8c59-51ba169f3bee từ Redis',
  level: 'debug',
  timestamp: '2026-08-02T05:18:27.179Z'
}
{
  hotelId: '99d133ab-5625-4527-9f6a-1c3784ec4888',
  level: 'info',
  message: '[BookingController] Get hotel bookings',
  timestamp: '2026-08-02T05:18:27.184Z'
}
{
  hotelId: 'b1894531-1a55-41c4-8de3-3f7222ce9272',
  level: 'info',
  message: '[BookingController] Get hotel bookings',
  timestamp: '2026-08-02T05:18:27.187Z'
}
{
  hotelId: '774ea0ad-10a2-4836-add4-ed1bf337d1f2',
  level: 'info',
  message: '[BookingController] Get hotel bookings',
  timestamp: '2026-08-02T05:18:27.191Z'
}
{
  message: '[Cache Hit] Lấy thông tin hotel ID: 99d133ab-5625-4527-9f6a-1c3784ec4888 từ Redis',
  level: 'debug',
  timestamp: '2026-08-02T05:18:27.195Z'
}
{
  message: '[Cache Hit] Lấy thông tin hotel ID: b1894531-1a55-41c4-8de3-3f7222ce9272 từ Redis',
  level: 'debug',
  timestamp: '2026-08-02T05:18:27.196Z'
}
{
  message: '[Cache Hit] Lấy thông tin hotel ID: 774ea0ad-10a2-4836-add4-ed1bf337d1f2 từ Redis',
  level: 'debug',
  timestamp: '2026-08-02T05:18:27.196Z'
}
{
  hotelId: '615a05ed-ca06-4178-9e3d-e2e883cd86f0',
  level: 'info',
  message: '[BookingController] Get hotel bookings',
  timestamp: '2026-08-02T05:18:27.203Z'
}
{
  hotelId: '8168c601-3fbd-4be9-b0ba-78bc1ac96ea4',
  level: 'info',
  message: '[BookingController] Get hotel bookings',
  timestamp: '2026-08-02T05:18:27.207Z'
}
{
  message: '[Cache Hit] Lấy thông tin hotel ID: 615a05ed-ca06-4178-9e3d-e2e883cd86f0 từ Redis',
  level: 'debug',
  timestamp: '2026-08-02T05:18:27.209Z'
}
{
  message: '[Cache Hit] Lấy thông tin hotel ID: 8168c601-3fbd-4be9-b0ba-78bc1ac96ea4 từ Redis',
  level: 'debug',
  timestamp: '2026-08-02T05:18:27.210Z'
}
{
  hotelId: 'b791877f-a851-4df9-8e97-491b5f55e97f',
  level: 'info',
  message: '[BookingController] Get hotel bookings',
  timestamp: '2026-08-02T05:18:27.219Z'
}
{
  message: '[Cache Hit] Lấy thông tin hotel ID: b791877f-a851-4df9-8e97-491b5f55e97f từ Redis',
  level: 'debug',
  timestamp: '2026-08-02T05:18:27.221Z'
}
{
  hotelId: '2d556b72-df20-455a-98d8-5887c31297de',
  level: 'info',
  message: '[BookingController] Get hotel bookings',
  timestamp: '2026-08-02T05:18:27.226Z'
}
{
  hotelId: '7806d7b1-469e-4a3e-b855-cc649c51efc9',
  level: 'info',
  message: '[BookingController] Get hotel bookings',
  timestamp: '2026-08-02T05:18:27.232Z'
}
{
  hotelId: '4ae8aa74-5d12-4c14-9904-1a09cd67b79d',
  level: 'info',
  message: '[BookingController] Get hotel bookings',
  timestamp: '2026-08-02T05:18:27.237Z'
}
{
  message: '[Cache Hit] Lấy thông tin hotel ID: 2d556b72-df20-455a-98d8-5887c31297de từ Redis',
  level: 'debug',
  timestamp: '2026-08-02T05:18:27.241Z'
}
{
  message: '[Cache Hit] Lấy thông tin hotel ID: 7806d7b1-469e-4a3e-b855-cc649c51efc9 từ Redis',
  level: 'debug',
  timestamp: '2026-08-02T05:18:27.242Z'
}
{
  message: '[Cache Hit] Lấy thông tin hotel ID: 4ae8aa74-5d12-4c14-9904-1a09cd67b79d từ Redis',
  level: 'debug',
  timestamp: '2026-08-02T05:18:27.242Z'
}
{
  hotelId: 'ca5dfeea-502a-49b4-8b40-edb8d8641096',
  level: 'info',
  message: '[BookingController] Get hotel bookings',
  timestamp: '2026-08-02T05:18:27.250Z'
}
{
  hotelId: '6c5095d1-8035-4ee6-b1b1-b9e27942a76f',
  level: 'info',
  message: '[BookingController] Get hotel bookings',
  timestamp: '2026-08-02T05:18:27.258Z'
}
{
  message: '[Cache Hit] Lấy thông tin hotel ID: ca5dfeea-502a-49b4-8b40-edb8d8641096 từ Redis',
  level: 'debug',
  timestamp: '2026-08-02T05:18:27.260Z'
}
{
  message: '[Cache Hit] Lấy thông tin hotel ID: 6c5095d1-8035-4ee6-b1b1-b9e27942a76f từ Redis',
  level: 'debug',
  timestamp: '2026-08-02T05:18:27.260Z'
}
{
  hotelId: 'cdcc3f08-97f8-42a7-8c59-51ba169f3bee',
  level: 'info',
  message: '[BookingController] Get hotel bookings',
  timestamp: '2026-08-02T05:18:27.268Z'
}
{
  message: '[Cache Hit] Lấy thông tin hotel ID: cdcc3f08-97f8-42a7-8c59-51ba169f3bee từ Redis',
  level: 'debug',
  timestamp: '2026-08-02T05:18:27.270Z'
}
{
  hotelId: '99d133ab-5625-4527-9f6a-1c3784ec4888',
  level: 'info',
  message: '[BookingController] Get hotel bookings',
  timestamp: '2026-08-02T05:18:27.279Z'
}
{
  hotelId: 'b1894531-1a55-41c4-8de3-3f7222ce9272',
  level: 'info',
  message: '[BookingController] Get hotel bookings',
  timestamp: '2026-08-02T05:18:27.282Z'
}
{
  hotelId: '774ea0ad-10a2-4836-add4-ed1bf337d1f2',
  level: 'info',
  message: '[BookingController] Get hotel bookings',
  timestamp: '2026-08-02T05:18:27.286Z'
}
{
  message: '[Cache Hit] Lấy thông tin hotel ID: 99d133ab-5625-4527-9f6a-1c3784ec4888 từ Redis',
  level: 'debug',
  timestamp: '2026-08-02T05:18:27.287Z'
}
{
  message: '[Cache Hit] Lấy thông tin hotel ID: b1894531-1a55-41c4-8de3-3f7222ce9272 từ Redis',
  level: 'debug',
  timestamp: '2026-08-02T05:18:27.287Z'
}
{
  message: '[Cache Hit] Lấy thông tin hotel ID: 774ea0ad-10a2-4836-add4-ed1bf337d1f2 từ Redis',
  level: 'debug',
  timestamp: '2026-08-02T05:18:27.288Z'
}
{
  hotelId: '615a05ed-ca06-4178-9e3d-e2e883cd86f0',
  level: 'info',
  message: '[BookingController] Get hotel bookings',
  timestamp: '2026-08-02T05:18:27.292Z'
}
{
  hotelId: '8168c601-3fbd-4be9-b0ba-78bc1ac96ea4',
  level: 'info',
  message: '[BookingController] Get hotel bookings',
  timestamp: '2026-08-02T05:18:27.299Z'
}
{
  message: '[Cache Hit] Lấy thông tin hotel ID: 615a05ed-ca06-4178-9e3d-e2e883cd86f0 từ Redis',
  level: 'debug',
  timestamp: '2026-08-02T05:18:27.304Z'
}
{
  message: '[Cache Hit] Lấy thông tin hotel ID: 8168c601-3fbd-4be9-b0ba-78bc1ac96ea4 từ Redis',
  level: 'debug',
  timestamp: '2026-08-02T05:18:27.304Z'
}
{
  hotelId: 'b791877f-a851-4df9-8e97-491b5f55e97f',
  level: 'info',
  message: '[BookingController] Get hotel bookings',
  timestamp: '2026-08-02T05:18:27.315Z'
}
{
  message: '[Cache Hit] Lấy thông tin hotel ID: b791877f-a851-4df9-8e97-491b5f55e97f từ Redis',
  level: 'debug',
  timestamp: '2026-08-02T05:18:27.317Z'
}
{
  message: '[HotelController] Get my hotels',
  level: 'info',
  timestamp: '2026-08-02T05:18:35.587Z'
}
{
  message: '[HotelController] Get my hotels',
  level: 'info',
  timestamp: '2026-08-02T05:18:35.604Z'
}
{
  hotelId: '774ea0ad-10a2-4836-add4-ed1bf337d1f2',
  level: 'info',
  message: '[BookingController] Get hotel bookings',
  timestamp: '2026-08-02T05:18:35.634Z'
}
{
  message: '[Cache Hit] Lấy thông tin hotel ID: 774ea0ad-10a2-4836-add4-ed1bf337d1f2 từ Redis',
  level: 'debug',
  timestamp: '2026-08-02T05:18:35.649Z'
}
{
  hotelId: '2d556b72-df20-455a-98d8-5887c31297de',
  level: 'info',
  message: '[BookingController] Get hotel bookings',
  timestamp: '2026-08-02T05:18:35.664Z'
}
{
  message: '[Cache Hit] Lấy thông tin hotel ID: 2d556b72-df20-455a-98d8-5887c31297de từ Redis',
  level: 'debug',
  timestamp: '2026-08-02T05:18:35.679Z'
}
{
  hotelId: 'ca5dfeea-502a-49b4-8b40-edb8d8641096',
  level: 'info',
  message: '[BookingController] Get hotel bookings',
  timestamp: '2026-08-02T05:18:35.688Z'
}
{
  hotelId: '4ae8aa74-5d12-4c14-9904-1a09cd67b79d',
  level: 'info',
  message: '[BookingController] Get hotel bookings',
  timestamp: '2026-08-02T05:18:35.705Z'
}
{
  hotelId: 'cdcc3f08-97f8-42a7-8c59-51ba169f3bee',
  level: 'info',
  message: '[BookingController] Get hotel bookings',
  timestamp: '2026-08-02T05:18:35.708Z'
}
{
  message: '[Cache Hit] Lấy thông tin hotel ID: ca5dfeea-502a-49b4-8b40-edb8d8641096 từ Redis',
  level: 'debug',
  timestamp: '2026-08-02T05:18:35.712Z'
}
{
  message: '[Cache Hit] Lấy thông tin hotel ID: 4ae8aa74-5d12-4c14-9904-1a09cd67b79d từ Redis',
  level: 'debug',
  timestamp: '2026-08-02T05:18:35.717Z'
}
{
  message: '[Cache Hit] Lấy thông tin hotel ID: cdcc3f08-97f8-42a7-8c59-51ba169f3bee từ Redis',
  level: 'debug',
  timestamp: '2026-08-02T05:18:35.718Z'
}
{
  hotelId: '615a05ed-ca06-4178-9e3d-e2e883cd86f0',
  level: 'info',
  message: '[BookingController] Get hotel bookings',
  timestamp: '2026-08-02T05:18:35.720Z'
}
{
  hotelId: '7806d7b1-469e-4a3e-b855-cc649c51efc9',
  level: 'info',
  message: '[BookingController] Get hotel bookings',
  timestamp: '2026-08-02T05:18:35.724Z'
}
{
  message: '[Cache Hit] Lấy thông tin hotel ID: 615a05ed-ca06-4178-9e3d-e2e883cd86f0 từ Redis',
  level: 'debug',
  timestamp: '2026-08-02T05:18:35.725Z'
}
{
  message: '[Cache Hit] Lấy thông tin hotel ID: 7806d7b1-469e-4a3e-b855-cc649c51efc9 từ Redis',
  level: 'debug',
  timestamp: '2026-08-02T05:18:35.726Z'
}
{
  hotelId: '6c5095d1-8035-4ee6-b1b1-b9e27942a76f',
  level: 'info',
  message: '[BookingController] Get hotel bookings',
  timestamp: '2026-08-02T05:18:35.730Z'
}
{
  message: '[Cache Hit] Lấy thông tin hotel ID: 6c5095d1-8035-4ee6-b1b1-b9e27942a76f từ Redis',
  level: 'debug',
  timestamp: '2026-08-02T05:18:35.731Z'
}
{
  hotelId: '8168c601-3fbd-4be9-b0ba-78bc1ac96ea4',
  level: 'info',
  message: '[BookingController] Get hotel bookings',
  timestamp: '2026-08-02T05:18:35.748Z'
}
{
  hotelId: 'b791877f-a851-4df9-8e97-491b5f55e97f',
  level: 'info',
  message: '[BookingController] Get hotel bookings',
  timestamp: '2026-08-02T05:18:35.751Z'
}
{
  hotelId: 'b1894531-1a55-41c4-8de3-3f7222ce9272',
  level: 'info',
  message: '[BookingController] Get hotel bookings',
  timestamp: '2026-08-02T05:18:35.753Z'
}
{
  message: '[Cache Hit] Lấy thông tin hotel ID: 8168c601-3fbd-4be9-b0ba-78bc1ac96ea4 từ Redis',
  level: 'debug',
  timestamp: '2026-08-02T05:18:35.754Z'
}
{
  message: '[Cache Hit] Lấy thông tin hotel ID: b791877f-a851-4df9-8e97-491b5f55e97f từ Redis',
  level: 'debug',
  timestamp: '2026-08-02T05:18:35.755Z'
}
{
  message: '[Cache Hit] Lấy thông tin hotel ID: b1894531-1a55-41c4-8de3-3f7222ce9272 từ Redis',
  level: 'debug',
  timestamp: '2026-08-02T05:18:35.755Z'
}
{
  hotelId: '99d133ab-5625-4527-9f6a-1c3784ec4888',
  level: 'info',
  message: '[BookingController] Get hotel bookings',
  timestamp: '2026-08-02T05:18:35.759Z'
}
{
  hotelId: '774ea0ad-10a2-4836-add4-ed1bf337d1f2',
  level: 'info',
  message: '[BookingController] Get hotel bookings',
  timestamp: '2026-08-02T05:18:35.761Z'
}
{
  message: '[Cache Hit] Lấy thông tin hotel ID: 99d133ab-5625-4527-9f6a-1c3784ec4888 từ Redis',
  level: 'debug',
  timestamp: '2026-08-02T05:18:35.761Z'
}
{
  message: '[Cache Hit] Lấy thông tin hotel ID: 774ea0ad-10a2-4836-add4-ed1bf337d1f2 từ Redis',
  level: 'debug',
  timestamp: '2026-08-02T05:18:35.762Z'
}
{
  hotelId: '2d556b72-df20-455a-98d8-5887c31297de',
  level: 'info',
  message: '[BookingController] Get hotel bookings',
  timestamp: '2026-08-02T05:18:35.767Z'
}
{
  message: '[Cache Hit] Lấy thông tin hotel ID: 2d556b72-df20-455a-98d8-5887c31297de từ Redis',
  level: 'debug',
  timestamp: '2026-08-02T05:18:35.768Z'
}
{
  hotelId: 'ca5dfeea-502a-49b4-8b40-edb8d8641096',
  level: 'info',
  message: '[BookingController] Get hotel bookings',
  timestamp: '2026-08-02T05:18:35.771Z'
}
{
  hotelId: '4ae8aa74-5d12-4c14-9904-1a09cd67b79d',
  level: 'info',
  message: '[BookingController] Get hotel bookings',
  timestamp: '2026-08-02T05:18:35.775Z'
}
{
  hotelId: 'cdcc3f08-97f8-42a7-8c59-51ba169f3bee',
  level: 'info',
  message: '[BookingController] Get hotel bookings',
  timestamp: '2026-08-02T05:18:35.777Z'
}
{
  message: '[Cache Hit] Lấy thông tin hotel ID: ca5dfeea-502a-49b4-8b40-edb8d8641096 từ Redis',
  level: 'debug',
  timestamp: '2026-08-02T05:18:35.777Z'
}
{
  message: '[Cache Hit] Lấy thông tin hotel ID: 4ae8aa74-5d12-4c14-9904-1a09cd67b79d từ Redis',
  level: 'debug',
  timestamp: '2026-08-02T05:18:35.778Z'
}
{
  message: '[Cache Hit] Lấy thông tin hotel ID: cdcc3f08-97f8-42a7-8c59-51ba169f3bee từ Redis',
  level: 'debug',
  timestamp: '2026-08-02T05:18:35.779Z'
}
{
  hotelId: '615a05ed-ca06-4178-9e3d-e2e883cd86f0',
  level: 'info',
  message: '[BookingController] Get hotel bookings',
  timestamp: '2026-08-02T05:18:35.784Z'
}
{
  hotelId: '7806d7b1-469e-4a3e-b855-cc649c51efc9',
  level: 'info',
  message: '[BookingController] Get hotel bookings',
  timestamp: '2026-08-02T05:18:35.786Z'
}
{
  message: '[Cache Hit] Lấy thông tin hotel ID: 615a05ed-ca06-4178-9e3d-e2e883cd86f0 từ Redis',
  level: 'debug',
  timestamp: '2026-08-02T05:18:35.787Z'
}
{
  message: '[Cache Hit] Lấy thông tin hotel ID: 7806d7b1-469e-4a3e-b855-cc649c51efc9 từ Redis',
  level: 'debug',
  timestamp: '2026-08-02T05:18:35.787Z'
}
{
  hotelId: '6c5095d1-8035-4ee6-b1b1-b9e27942a76f',
  level: 'info',
  message: '[BookingController] Get hotel bookings',
  timestamp: '2026-08-02T05:18:35.794Z'
}
{
  message: '[Cache Hit] Lấy thông tin hotel ID: 6c5095d1-8035-4ee6-b1b1-b9e27942a76f từ Redis',
  level: 'debug',
  timestamp: '2026-08-02T05:18:35.795Z'
}
{
  hotelId: '8168c601-3fbd-4be9-b0ba-78bc1ac96ea4',
  level: 'info',
  message: '[BookingController] Get hotel bookings',
  timestamp: '2026-08-02T05:18:35.801Z'
}
{
  hotelId: 'b791877f-a851-4df9-8e97-491b5f55e97f',
  level: 'info',
  message: '[BookingController] Get hotel bookings',
  timestamp: '2026-08-02T05:18:35.803Z'
}
{
  hotelId: 'b1894531-1a55-41c4-8de3-3f7222ce9272',
  level: 'info',
  message: '[BookingController] Get hotel bookings',
  timestamp: '2026-08-02T05:18:35.805Z'
}
{
  message: '[Cache Hit] Lấy thông tin hotel ID: 8168c601-3fbd-4be9-b0ba-78bc1ac96ea4 từ Redis',
  level: 'debug',
  timestamp: '2026-08-02T05:18:35.807Z'
}
{
  message: '[Cache Hit] Lấy thông tin hotel ID: b791877f-a851-4df9-8e97-491b5f55e97f từ Redis',
  level: 'debug',
  timestamp: '2026-08-02T05:18:35.807Z'
}
{
  message: '[Cache Hit] Lấy thông tin hotel ID: b1894531-1a55-41c4-8de3-3f7222ce9272 từ Redis',
  level: 'debug',
  timestamp: '2026-08-02T05:18:35.807Z'
}
{
  hotelId: '99d133ab-5625-4527-9f6a-1c3784ec4888',
  level: 'info',
  message: '[BookingController] Get hotel bookings',
  timestamp: '2026-08-02T05:18:35.810Z'
}
{
  message: '[Cache Hit] Lấy thông tin hotel ID: 99d133ab-5625-4527-9f6a-1c3784ec4888 từ Redis',
  level: 'debug',
  timestamp: '2026-08-02T05:18:35.811Z'
}
{
  message: 'Nhận tín hiệu SIGTERM. Đang đóng API Server...',
  level: 'info',
  timestamp: '2026-08-02T05:19:31.238Z'
}
{
  message: 'Express HTTP server đã đóng.',
  level: 'info',
  timestamp: '2026-08-02T05:19:31.240Z'
}
{
  message: '[Redis] Đã đóng kết nối Redis',
  level: 'info',
  timestamp: '2026-08-02T05:19:31.241Z'
}
{
  message: '[SchedulerService] Khởi tạo các cron job...',
  level: 'info',
  timestamp: '2026-08-02T05:19:44.136Z'
}
{
  message: 'Booking API Service đang chạy tại port 3000 (Môi trường: development)',
  level: 'info',
  timestamp: '2026-08-02T05:19:44.184Z'
}
{
  message: '[Redis] Kết nối thành công tới Redis server',
  level: 'info',
  timestamp: '2026-08-02T05:19:44.190Z'
}
{
  message: 'JWT Verification Error: jwt expired',
  level: 'error',
  timestamp: '2026-08-02T05:19:57.354Z'
}
{
  message: 'GLOBAL ERROR HANDLER CAUGHT: Error: Phiên đăng nhập đã hết hạn. Vui lòng lấy Token mới.\n' +
    '    at authMiddleware (/app/src/middlewares/authMiddleware.ts:80:9)\n' +
    '    at Layer.handleRequest (/app/node_modules/router/lib/layer.js:152:17)\n' +
    '    at next (/app/node_modules/router/lib/route.js:157:13)\n' +
    '    at Route.dispatch (/app/node_modules/router/lib/route.js:117:3)\n' +
    '    at handle (/app/node_modules/router/index.js:435:11)\n' +
    '    at Layer.handleRequest (/app/node_modules/router/lib/layer.js:152:17)\n' +
    '    at /app/node_modules/router/index.js:295:15\n' +
    '    at processParams (/app/node_modules/router/index.js:582:12)\n' +
    '    at next (/app/node_modules/router/index.js:291:5)\n' +
    '    at Function.handle (/app/node_modules/router/index.js:186:3)',
  level: 'error',
  timestamp: '2026-08-02T05:19:57.358Z'
}
{
  message: 'JWT Verification Error: jwt expired',
  level: 'error',
  timestamp: '2026-08-02T05:19:57.383Z'
}
{
  message: 'GLOBAL ERROR HANDLER CAUGHT: Error: Phiên đăng nhập đã hết hạn. Vui lòng lấy Token mới.\n' +
    '    at authMiddleware (/app/src/middlewares/authMiddleware.ts:80:9)\n' +
    '    at Layer.handleRequest (/app/node_modules/router/lib/layer.js:152:17)\n' +
    '    at next (/app/node_modules/router/lib/route.js:157:13)\n' +
    '    at Route.dispatch (/app/node_modules/router/lib/route.js:117:3)\n' +
    '    at handle (/app/node_modules/router/index.js:435:11)\n' +
    '    at Layer.handleRequest (/app/node_modules/router/lib/layer.js:152:17)\n' +
    '    at /app/node_modules/router/index.js:295:15\n' +
    '    at processParams (/app/node_modules/router/index.js:582:12)\n' +
    '    at next (/app/node_modules/router/index.js:291:5)\n' +
    '    at Function.handle (/app/node_modules/router/index.js:186:3)',
  level: 'error',
  timestamp: '2026-08-02T05:19:57.391Z'
}
{
  message: '[AuthController] Refresh Tokens',
  level: 'info',
  timestamp: '2026-08-02T05:19:57.451Z'
}
{
  message: 'Fetching user details for ID: 0772409a-2c0f-47cb-9ec6-51dbdeedda73',
  level: 'debug',
  timestamp: '2026-08-02T05:19:57.578Z'
}
{
  message: '[Cache Hit] Lấy thông tin user ID: 0772409a-2c0f-47cb-9ec6-51dbdeedda73 từ Redis',
  level: 'debug',
  timestamp: '2026-08-02T05:19:57.580Z'
}
{
  message: 'JWT Verification Error: jwt expired',
  level: 'error',
  timestamp: '2026-08-02T05:19:57.657Z'
}
{
  message: 'GLOBAL ERROR HANDLER CAUGHT: Error: Phiên đăng nhập đã hết hạn. Vui lòng lấy Token mới.\n' +
    '    at authMiddleware (/app/src/middlewares/authMiddleware.ts:80:9)\n' +
    '    at Layer.handleRequest (/app/node_modules/router/lib/layer.js:152:17)\n' +
    '    at next (/app/node_modules/router/lib/route.js:157:13)\n' +
    '    at Route.dispatch (/app/node_modules/router/lib/route.js:117:3)\n' +
    '    at handle (/app/node_modules/router/index.js:435:11)\n' +
    '    at Layer.handleRequest (/app/node_modules/router/lib/layer.js:152:17)\n' +
    '    at /app/node_modules/router/index.js:295:15\n' +
    '    at processParams (/app/node_modules/router/index.js:582:12)\n' +
    '    at next (/app/node_modules/router/index.js:291:5)\n' +
    '    at Function.handle (/app/node_modules/router/index.js:186:3)',
  level: 'error',
  timestamp: '2026-08-02T05:19:57.659Z'
}
{
  message: '[AuthService] Tokens refreshed successfully for user: agent1@booking.com',
  level: 'info',
  timestamp: '2026-08-02T05:19:57.664Z'
}
{
  message: 'JWT Verification Error: jwt expired',
  level: 'error',
  timestamp: '2026-08-02T05:19:57.677Z'
}
{
  message: 'GLOBAL ERROR HANDLER CAUGHT: Error: Phiên đăng nhập đã hết hạn. Vui lòng lấy Token mới.\n' +
    '    at authMiddleware (/app/src/middlewares/authMiddleware.ts:80:9)\n' +
    '    at Layer.handleRequest (/app/node_modules/router/lib/layer.js:152:17)\n' +
    '    at trimPrefix (/app/node_modules/router/index.js:342:13)\n' +
    '    at /app/node_modules/router/index.js:297:9\n' +
    '    at processParams (/app/node_modules/router/index.js:582:12)\n' +
    '    at next (/app/node_modules/router/index.js:291:5)\n' +
    '    at Function.handle (/app/node_modules/router/index.js:186:3)\n' +
    '    at router (/app/node_modules/router/index.js:60:12)\n' +
    '    at Layer.handleRequest (/app/node_modules/router/lib/layer.js:152:17)\n' +
    '    at trimPrefix (/app/node_modules/router/index.js:342:13)',
  level: 'error',
  timestamp: '2026-08-02T05:19:57.679Z'
}
{
  message: 'JWT Verification Error: jwt expired',
  level: 'error',
  timestamp: '2026-08-02T05:19:57.692Z'
}
{
  message: 'GLOBAL ERROR HANDLER CAUGHT: Error: Phiên đăng nhập đã hết hạn. Vui lòng lấy Token mới.\n' +
    '    at authMiddleware (/app/src/middlewares/authMiddleware.ts:80:9)\n' +
    '    at Layer.handleRequest (/app/node_modules/router/lib/layer.js:152:17)\n' +
    '    at next (/app/node_modules/router/lib/route.js:157:13)\n' +
    '    at Route.dispatch (/app/node_modules/router/lib/route.js:117:3)\n' +
    '    at handle (/app/node_modules/router/index.js:435:11)\n' +
    '    at Layer.handleRequest (/app/node_modules/router/lib/layer.js:152:17)\n' +
    '    at /app/node_modules/router/index.js:295:15\n' +
    '    at processParams (/app/node_modules/router/index.js:582:12)\n' +
    '    at next (/app/node_modules/router/index.js:291:5)\n' +
    '    at Function.handle (/app/node_modules/router/index.js:186:3)',
  level: 'error',
  timestamp: '2026-08-02T05:19:57.694Z'
}
{
  message: 'JWT Verification Error: jwt expired',
  level: 'error',
  timestamp: '2026-08-02T05:19:57.703Z'
}
{
  message: 'GLOBAL ERROR HANDLER CAUGHT: Error: Phiên đăng nhập đã hết hạn. Vui lòng lấy Token mới.\n' +
    '    at authMiddleware (/app/src/middlewares/authMiddleware.ts:80:9)\n' +
    '    at Layer.handleRequest (/app/node_modules/router/lib/layer.js:152:17)\n' +
    '    at trimPrefix (/app/node_modules/router/index.js:342:13)\n' +
    '    at /app/node_modules/router/index.js:297:9\n' +
    '    at processParams (/app/node_modules/router/index.js:582:12)\n' +
    '    at next (/app/node_modules/router/index.js:291:5)\n' +
    '    at Function.handle (/app/node_modules/router/index.js:186:3)\n' +
    '    at router (/app/node_modules/router/index.js:60:12)\n' +
    '    at Layer.handleRequest (/app/node_modules/router/lib/layer.js:152:17)\n' +
    '    at trimPrefix (/app/node_modules/router/index.js:342:13)',
  level: 'error',
  timestamp: '2026-08-02T05:19:57.708Z'
}
{
  userId: '0772409a-2c0f-47cb-9ec6-51dbdeedda73',
  level: 'info',
  message: '[AuthController] Get Me',
  timestamp: '2026-08-02T05:19:57.744Z'
}
{
  message: 'Fetching user details for ID: 0772409a-2c0f-47cb-9ec6-51dbdeedda73',
  level: 'debug',
  timestamp: '2026-08-02T05:19:57.745Z'
}
{
  message: '[HotelController] Get my hotels',
  level: 'info',
  timestamp: '2026-08-02T05:19:57.760Z'
}
{
  message: '[AuthController] Refresh Tokens',
  level: 'info',
  timestamp: '2026-08-02T05:19:57.816Z'
}
{
  message: '[Cache Hit] Lấy thông tin user ID: 0772409a-2c0f-47cb-9ec6-51dbdeedda73 từ Redis',
  level: 'debug',
  timestamp: '2026-08-02T05:19:57.830Z'
}
{
  userId: '0772409a-2c0f-47cb-9ec6-51dbdeedda73',
  level: 'info',
  message: '[AuthController] Get Me',
  timestamp: '2026-08-02T05:19:57.853Z'
}
{
  message: 'Fetching user details for ID: 0772409a-2c0f-47cb-9ec6-51dbdeedda73',
  level: 'debug',
  timestamp: '2026-08-02T05:19:57.853Z'
}
{
  message: '[Cache Hit] Lấy thông tin user ID: 0772409a-2c0f-47cb-9ec6-51dbdeedda73 từ Redis',
  level: 'debug',
  timestamp: '2026-08-02T05:19:57.864Z'
}
{
  message: 'Fetching user details for ID: 0772409a-2c0f-47cb-9ec6-51dbdeedda73',
  level: 'debug',
  timestamp: '2026-08-02T05:19:57.895Z'
}
{
  message: '[Cache Hit] Lấy thông tin user ID: 0772409a-2c0f-47cb-9ec6-51dbdeedda73 từ Redis',
  level: 'debug',
  timestamp: '2026-08-02T05:19:57.925Z'
}
{
  message: '[AuthService] Tokens refreshed successfully for user: agent1@booking.com',
  level: 'info',
  timestamp: '2026-08-02T05:19:57.966Z'
}
{
  hotelId: '2d556b72-df20-455a-98d8-5887c31297de',
  level: 'info',
  message: '[BookingController] Get hotel bookings',
  timestamp: '2026-08-02T05:19:58.028Z'
}
{
  hotelId: '774ea0ad-10a2-4836-add4-ed1bf337d1f2',
  level: 'info',
  message: '[BookingController] Get hotel bookings',
  timestamp: '2026-08-02T05:19:58.041Z'
}
{
  hotelId: 'ca5dfeea-502a-49b4-8b40-edb8d8641096',
  level: 'info',
  message: '[BookingController] Get hotel bookings',
  timestamp: '2026-08-02T05:19:58.046Z'
}
{
  message: '[Cache Hit] Lấy thông tin hotel ID: 2d556b72-df20-455a-98d8-5887c31297de từ Redis',
  level: 'debug',
  timestamp: '2026-08-02T05:19:58.060Z'
}
{
  message: '[Cache Hit] Lấy thông tin hotel ID: 774ea0ad-10a2-4836-add4-ed1bf337d1f2 từ Redis',
  level: 'debug',
  timestamp: '2026-08-02T05:19:58.061Z'
}
{
  message: '[Cache Hit] Lấy thông tin hotel ID: ca5dfeea-502a-49b4-8b40-edb8d8641096 từ Redis',
  level: 'debug',
  timestamp: '2026-08-02T05:19:58.062Z'
}
{
  hotelId: '4ae8aa74-5d12-4c14-9904-1a09cd67b79d',
  level: 'info',
  message: '[BookingController] Get hotel bookings',
  timestamp: '2026-08-02T05:19:58.081Z'
}
{
  hotelId: '8168c601-3fbd-4be9-b0ba-78bc1ac96ea4',
  level: 'info',
  message: '[BookingController] Get hotel bookings',
  timestamp: '2026-08-02T05:19:58.086Z'
}
{
  hotelId: '6c5095d1-8035-4ee6-b1b1-b9e27942a76f',
  level: 'info',
  message: '[BookingController] Get hotel bookings',
  timestamp: '2026-08-02T05:19:58.103Z'
}
{
  hotelId: '99d133ab-5625-4527-9f6a-1c3784ec4888',
  level: 'info',
  message: '[BookingController] Get hotel bookings',
  timestamp: '2026-08-02T05:19:58.108Z'
}
{
  message: '[Cache Hit] Lấy thông tin hotel ID: 4ae8aa74-5d12-4c14-9904-1a09cd67b79d từ Redis',
  level: 'debug',
  timestamp: '2026-08-02T05:19:58.121Z'
}
{
  message: '[Cache Hit] Lấy thông tin hotel ID: 8168c601-3fbd-4be9-b0ba-78bc1ac96ea4 từ Redis',
  level: 'debug',
  timestamp: '2026-08-02T05:19:58.122Z'
}
{
  message: '[Cache Hit] Lấy thông tin hotel ID: 6c5095d1-8035-4ee6-b1b1-b9e27942a76f từ Redis',
  level: 'debug',
  timestamp: '2026-08-02T05:19:58.122Z'
}
{
  message: '[Cache Hit] Lấy thông tin hotel ID: 99d133ab-5625-4527-9f6a-1c3784ec4888 từ Redis',
  level: 'debug',
  timestamp: '2026-08-02T05:19:58.122Z'
}
{
  hotelId: 'b791877f-a851-4df9-8e97-491b5f55e97f',
  level: 'info',
  message: '[BookingController] Get hotel bookings',
  timestamp: '2026-08-02T05:19:58.126Z'
}
{
  hotelId: '7806d7b1-469e-4a3e-b855-cc649c51efc9',
  level: 'info',
  message: '[BookingController] Get hotel bookings',
  timestamp: '2026-08-02T05:19:58.144Z'
}
{
  message: '[Cache Hit] Lấy thông tin hotel ID: b791877f-a851-4df9-8e97-491b5f55e97f từ Redis',
  level: 'debug',
  timestamp: '2026-08-02T05:19:58.151Z'
}
{
  message: '[Cache Hit] Lấy thông tin hotel ID: 7806d7b1-469e-4a3e-b855-cc649c51efc9 từ Redis',
  level: 'debug',
  timestamp: '2026-08-02T05:19:58.153Z'
}
{
  hotelId: 'b1894531-1a55-41c4-8de3-3f7222ce9272',
  level: 'info',
  message: '[BookingController] Get hotel bookings',
  timestamp: '2026-08-02T05:19:58.158Z'
}
{
  hotelId: '615a05ed-ca06-4178-9e3d-e2e883cd86f0',
  level: 'info',
  message: '[BookingController] Get hotel bookings',
  timestamp: '2026-08-02T05:19:58.163Z'
}
{
  message: '[Cache Hit] Lấy thông tin hotel ID: b1894531-1a55-41c4-8de3-3f7222ce9272 từ Redis',
  level: 'debug',
  timestamp: '2026-08-02T05:19:58.180Z'
}
{
  message: '[Cache Hit] Lấy thông tin hotel ID: 615a05ed-ca06-4178-9e3d-e2e883cd86f0 từ Redis',
  level: 'debug',
  timestamp: '2026-08-02T05:19:58.183Z'
}
{
  message: '[HotelController] Get my hotels',
  level: 'info',
  timestamp: '2026-08-02T05:19:58.195Z'
}
{
  hotelId: 'cdcc3f08-97f8-42a7-8c59-51ba169f3bee',
  level: 'info',
  message: '[BookingController] Get hotel bookings',
  timestamp: '2026-08-02T05:19:58.227Z'
}
{
  message: '[Cache Hit] Lấy thông tin hotel ID: cdcc3f08-97f8-42a7-8c59-51ba169f3bee từ Redis',
  level: 'debug',
  timestamp: '2026-08-02T05:19:58.232Z'
}
{
  hotelId: '2d556b72-df20-455a-98d8-5887c31297de',
  level: 'info',
  message: '[BookingController] Get hotel bookings',
  timestamp: '2026-08-02T05:19:58.548Z'
}
{
  hotelId: 'ca5dfeea-502a-49b4-8b40-edb8d8641096',
  level: 'info',
  message: '[BookingController] Get hotel bookings',
  timestamp: '2026-08-02T05:19:58.552Z'
}
{
  hotelId: '774ea0ad-10a2-4836-add4-ed1bf337d1f2',
  level: 'info',
  message: '[BookingController] Get hotel bookings',
  timestamp: '2026-08-02T05:19:58.556Z'
}
{
  hotelId: '6c5095d1-8035-4ee6-b1b1-b9e27942a76f',
  level: 'info',
  message: '[BookingController] Get hotel bookings',
  timestamp: '2026-08-02T05:19:58.559Z'
}
{
  hotelId: '615a05ed-ca06-4178-9e3d-e2e883cd86f0',
  level: 'info',
  message: '[BookingController] Get hotel bookings',
  timestamp: '2026-08-02T05:19:58.563Z'
}
{
  hotelId: 'b791877f-a851-4df9-8e97-491b5f55e97f',
  level: 'info',
  message: '[BookingController] Get hotel bookings',
  timestamp: '2026-08-02T05:19:58.566Z'
}
{
  message: '[Cache Hit] Lấy thông tin hotel ID: 2d556b72-df20-455a-98d8-5887c31297de từ Redis',
  level: 'debug',
  timestamp: '2026-08-02T05:19:58.568Z'
}
{
  message: '[Cache Hit] Lấy thông tin hotel ID: ca5dfeea-502a-49b4-8b40-edb8d8641096 từ Redis',
  level: 'debug',
  timestamp: '2026-08-02T05:19:58.569Z'
}
{
  message: '[Cache Hit] Lấy thông tin hotel ID: 774ea0ad-10a2-4836-add4-ed1bf337d1f2 từ Redis',
  level: 'debug',
  timestamp: '2026-08-02T05:19:58.569Z'
}
{
  message: '[Cache Hit] Lấy thông tin hotel ID: 6c5095d1-8035-4ee6-b1b1-b9e27942a76f từ Redis',
  level: 'debug',
  timestamp: '2026-08-02T05:19:58.569Z'
}
{
  message: '[Cache Hit] Lấy thông tin hotel ID: 615a05ed-ca06-4178-9e3d-e2e883cd86f0 từ Redis',
  level: 'debug',
  timestamp: '2026-08-02T05:19:58.569Z'
}
{
  message: '[Cache Hit] Lấy thông tin hotel ID: b791877f-a851-4df9-8e97-491b5f55e97f từ Redis',
  level: 'debug',
  timestamp: '2026-08-02T05:19:58.569Z'
}
{
  hotelId: 'cdcc3f08-97f8-42a7-8c59-51ba169f3bee',
  level: 'info',
  message: '[BookingController] Get hotel bookings',
  timestamp: '2026-08-02T05:19:58.580Z'
}
{
  hotelId: '7806d7b1-469e-4a3e-b855-cc649c51efc9',
  level: 'info',
  message: '[BookingController] Get hotel bookings',
  timestamp: '2026-08-02T05:19:58.583Z'
}
{
  hotelId: '4ae8aa74-5d12-4c14-9904-1a09cd67b79d',
  level: 'info',
  message: '[BookingController] Get hotel bookings',
  timestamp: '2026-08-02T05:19:58.586Z'
}
{
  hotelId: '8168c601-3fbd-4be9-b0ba-78bc1ac96ea4',
  level: 'info',
  message: '[BookingController] Get hotel bookings',
  timestamp: '2026-08-02T05:19:58.589Z'
}
{
  hotelId: 'b1894531-1a55-41c4-8de3-3f7222ce9272',
  level: 'info',
  message: '[BookingController] Get hotel bookings',
  timestamp: '2026-08-02T05:19:58.592Z'
}
{
  hotelId: '99d133ab-5625-4527-9f6a-1c3784ec4888',
  level: 'info',
  message: '[BookingController] Get hotel bookings',
  timestamp: '2026-08-02T05:19:58.596Z'
}
{
  message: '[Cache Hit] Lấy thông tin hotel ID: cdcc3f08-97f8-42a7-8c59-51ba169f3bee từ Redis',
  level: 'debug',
  timestamp: '2026-08-02T05:19:58.596Z'
}
{
  message: '[Cache Hit] Lấy thông tin hotel ID: 7806d7b1-469e-4a3e-b855-cc649c51efc9 từ Redis',
  level: 'debug',
  timestamp: '2026-08-02T05:19:58.597Z'
}
{
  message: '[Cache Hit] Lấy thông tin hotel ID: 4ae8aa74-5d12-4c14-9904-1a09cd67b79d từ Redis',
  level: 'debug',
  timestamp: '2026-08-02T05:19:58.597Z'
}
{
  message: '[Cache Hit] Lấy thông tin hotel ID: 8168c601-3fbd-4be9-b0ba-78bc1ac96ea4 từ Redis',
  level: 'debug',
  timestamp: '2026-08-02T05:19:58.597Z'
}
{
  message: '[Cache Hit] Lấy thông tin hotel ID: b1894531-1a55-41c4-8de3-3f7222ce9272 từ Redis',
  level: 'debug',
  timestamp: '2026-08-02T05:19:58.597Z'
}
{
  message: '[Cache Hit] Lấy thông tin hotel ID: 99d133ab-5625-4527-9f6a-1c3784ec4888 từ Redis',
  level: 'debug',
  timestamp: '2026-08-02T05:19:58.597Z'
}
{
  message: '[SchedulerService] Đang kiểm tra các booking hết hạn thanh toán...',
  level: 'info',
  timestamp: '2026-08-02T05:20:00.002Z'
}
{
  message: '[AiController] Analyzing hotel 99d133ab-5625-4527-9f6a-1c3784ec4888 for agent 0772409a-2c0f-47cb-9ec6-51dbdeedda73',
  level: 'info',
  timestamp: '2026-08-02T05:20:03.931Z'
}
{
  message: '[Cache Hit] Lấy thông tin hotel ID: 99d133ab-5625-4527-9f6a-1c3784ec4888 từ Redis',
  level: 'debug',
  timestamp: '2026-08-02T05:20:03.934Z'
}
{
  message: '[AiController] Analyzing hotel 99d133ab-5625-4527-9f6a-1c3784ec4888 for agent 0772409a-2c0f-47cb-9ec6-51dbdeedda73',
  level: 'info',
  timestamp: '2026-08-02T05:20:24.144Z'
}
{
  message: '[Cache Hit] Lấy thông tin hotel ID: 99d133ab-5625-4527-9f6a-1c3784ec4888 từ Redis',
  level: 'debug',
  timestamp: '2026-08-02T05:20:24.146Z'
}
{
  message: 'JWT Verification Error: jwt expired',
  level: 'error',
  timestamp: '2026-08-02T05:23:31.883Z'
}
{
  message: 'GLOBAL ERROR HANDLER CAUGHT: Error: Phiên đăng nhập đã hết hạn. Vui lòng lấy Token mới.\n' +
    '    at authMiddleware (/app/src/middlewares/authMiddleware.ts:80:9)\n' +
    '    at Layer.handleRequest (/app/node_modules/router/lib/layer.js:152:17)\n' +
    '    at trimPrefix (/app/node_modules/router/index.js:342:13)\n' +
    '    at /app/node_modules/router/index.js:297:9\n' +
    '    at processParams (/app/node_modules/router/index.js:582:12)\n' +
    '    at next (/app/node_modules/router/index.js:291:5)\n' +
    '    at Function.handle (/app/node_modules/router/index.js:186:3)\n' +
    '    at router (/app/node_modules/router/index.js:60:12)\n' +
    '    at Layer.handleRequest (/app/node_modules/router/lib/layer.js:152:17)\n' +
    '    at trimPrefix (/app/node_modules/router/index.js:342:13)',
  level: 'error',
  timestamp: '2026-08-02T05:23:31.885Z'
}
{
  message: '[AuthController] Refresh Tokens',
  level: 'info',
  timestamp: '2026-08-02T05:23:31.906Z'
}
{
  message: '[AuthService] Token reuse detected for user 0772409a-2c0f-47cb-9ec6-51dbdeedda73! Revoking all tokens.',
  level: 'warn',
  timestamp: '2026-08-02T05:23:31.941Z'
}
{
  message: 'GLOBAL ERROR HANDLER CAUGHT: Error: Refresh Token không hợp lệ hoặc đã bị đăng xuất.\n' +
    '    at AuthService.refreshTokens (/app/src/modules/auth/services/authService.ts:284:13)\n' +
    '    at process.processTicksAndRejections (node:internal/process/task_queues:95:5)\n' +
    '    at async refreshTokens (/app/src/modules/auth/controllers/authController.ts:177:20)',
  level: 'error',
  timestamp: '2026-08-02T05:23:31.966Z'
}
{
  email: 'agent1@booking.com',
  level: 'info',
  message: '[AuthController] Login with Password',
  timestamp: '2026-08-02T05:24:41.736Z'
}
{
  message: 'User ID 0772409a-2c0f-47cb-9ec6-51dbdeedda73 đăng nhập thành công. Đã làm sạch lịch sử đăng nhập sai.',
  level: 'info',
  timestamp: '2026-08-02T05:24:41.816Z'
}
{
  message: '[AuthService] Password login successful for user: agent1@booking.com',
  level: 'info',
  timestamp: '2026-08-02T05:24:41.825Z'
}
{
  userId: '0772409a-2c0f-47cb-9ec6-51dbdeedda73',
  level: 'info',
  message: '[AuthController] Get Me',
  timestamp: '2026-08-02T05:24:41.856Z'
}
{
  message: 'Fetching user details for ID: 0772409a-2c0f-47cb-9ec6-51dbdeedda73',
  level: 'debug',
  timestamp: '2026-08-02T05:24:41.857Z'
}
{
  message: '[Cache Hit] Lấy thông tin user ID: 0772409a-2c0f-47cb-9ec6-51dbdeedda73 từ Redis',
  level: 'debug',
  timestamp: '2026-08-02T05:24:41.858Z'
}
{
  message: '[Cache Hit] Lấy danh sách điểm đến hoạt động từ Redis',
  level: 'debug',
  timestamp: '2026-08-02T05:24:42.046Z'
}
{
  message: '[Cache Hit] Lấy danh sách điểm đến hoạt động từ Redis',
  level: 'debug',
  timestamp: '2026-08-02T05:24:42.061Z'
}
{
  message: '[Cache Hit] Lấy danh sách điểm đến hoạt động từ Redis',
  level: 'debug',
  timestamp: '2026-08-02T05:24:42.073Z'
}
{
  page: '1',
  limit: '10',
  status: 'ACTIVE',
  level: 'info',
  message: '[HotelController] Get all hotels with queries',
  timestamp: '2026-08-02T05:24:42.076Z'
}
{
  message: '[Cache Hit] Lấy danh sách điểm đến hoạt động từ Redis',
  level: 'debug',
  timestamp: '2026-08-02T05:24:42.123Z'
}
{
  page: '1',
  limit: '10',
  status: 'ACTIVE',
  level: 'info',
  message: '[HotelController] Get all hotels with queries',
  timestamp: '2026-08-02T05:24:42.159Z'
}
{
  message: '[HotelController] Get my hotels',
  level: 'info',
  timestamp: '2026-08-02T05:24:45.767Z'
}
{
  message: '[HotelController] Get my hotels',
  level: 'info',
  timestamp: '2026-08-02T05:24:45.791Z'
}
{
  hotelId: 'ca5dfeea-502a-49b4-8b40-edb8d8641096',
  level: 'info',
  message: '[BookingController] Get hotel bookings',
  timestamp: '2026-08-02T05:24:45.842Z'
}
{
  hotelId: '7806d7b1-469e-4a3e-b855-cc649c51efc9',
  level: 'info',
  message: '[BookingController] Get hotel bookings',
  timestamp: '2026-08-02T05:24:45.861Z'
}
{
  message: '[Cache Hit] Lấy thông tin hotel ID: ca5dfeea-502a-49b4-8b40-edb8d8641096 từ Redis',
  level: 'debug',
  timestamp: '2026-08-02T05:24:45.863Z'
}
{
  message: '[Cache Hit] Lấy thông tin hotel ID: 7806d7b1-469e-4a3e-b855-cc649c51efc9 từ Redis',
  level: 'debug',
  timestamp: '2026-08-02T05:24:45.864Z'
}
{
  hotelId: '2d556b72-df20-455a-98d8-5887c31297de',
  level: 'info',
  message: '[BookingController] Get hotel bookings',
  timestamp: '2026-08-02T05:24:45.870Z'
}
{
  message: '[Cache Hit] Lấy thông tin hotel ID: 2d556b72-df20-455a-98d8-5887c31297de từ Redis',
  level: 'debug',
  timestamp: '2026-08-02T05:24:45.881Z'
}
{
  hotelId: '4ae8aa74-5d12-4c14-9904-1a09cd67b79d',
  level: 'info',
  message: '[BookingController] Get hotel bookings',
  timestamp: '2026-08-02T05:24:45.886Z'
}
{
  hotelId: '8168c601-3fbd-4be9-b0ba-78bc1ac96ea4',
  level: 'info',
  message: '[BookingController] Get hotel bookings',
  timestamp: '2026-08-02T05:24:45.901Z'
}
{
  hotelId: '774ea0ad-10a2-4836-add4-ed1bf337d1f2',
  level: 'info',
  message: '[BookingController] Get hotel bookings',
  timestamp: '2026-08-02T05:24:45.906Z'
}
{
  message: '[Cache Hit] Lấy thông tin hotel ID: 4ae8aa74-5d12-4c14-9904-1a09cd67b79d từ Redis',
  level: 'debug',
  timestamp: '2026-08-02T05:24:45.907Z'
}
{
  message: '[Cache Hit] Lấy thông tin hotel ID: 8168c601-3fbd-4be9-b0ba-78bc1ac96ea4 từ Redis',
  level: 'debug',
  timestamp: '2026-08-02T05:24:45.908Z'
}
{
  message: '[Cache Hit] Lấy thông tin hotel ID: 774ea0ad-10a2-4836-add4-ed1bf337d1f2 từ Redis',
  level: 'debug',
  timestamp: '2026-08-02T05:24:45.908Z'
}
{
  hotelId: '6c5095d1-8035-4ee6-b1b1-b9e27942a76f',
  level: 'info',
  message: '[BookingController] Get hotel bookings',
  timestamp: '2026-08-02T05:24:45.916Z'
}
{
  message: '[Cache Hit] Lấy thông tin hotel ID: 6c5095d1-8035-4ee6-b1b1-b9e27942a76f từ Redis',
  level: 'debug',
  timestamp: '2026-08-02T05:24:45.917Z'
}
{
  hotelId: 'b1894531-1a55-41c4-8de3-3f7222ce9272',
  level: 'info',
  message: '[BookingController] Get hotel bookings',
  timestamp: '2026-08-02T05:24:45.923Z'
}
{
  hotelId: '615a05ed-ca06-4178-9e3d-e2e883cd86f0',
  level: 'info',
  message: '[BookingController] Get hotel bookings',
  timestamp: '2026-08-02T05:24:45.927Z'
}
{
  message: '[Cache Hit] Lấy thông tin hotel ID: b1894531-1a55-41c4-8de3-3f7222ce9272 từ Redis',
  level: 'debug',
  timestamp: '2026-08-02T05:24:45.929Z'
}
{
  message: '[Cache Hit] Lấy thông tin hotel ID: 615a05ed-ca06-4178-9e3d-e2e883cd86f0 từ Redis',
  level: 'debug',
  timestamp: '2026-08-02T05:24:45.929Z'
}
{
  hotelId: 'cdcc3f08-97f8-42a7-8c59-51ba169f3bee',
  level: 'info',
  message: '[BookingController] Get hotel bookings',
  timestamp: '2026-08-02T05:24:45.942Z'
}
{
  hotelId: 'b791877f-a851-4df9-8e97-491b5f55e97f',
  level: 'info',
  message: '[BookingController] Get hotel bookings',
  timestamp: '2026-08-02T05:24:45.945Z'
}
{
  hotelId: '99d133ab-5625-4527-9f6a-1c3784ec4888',
  level: 'info',
  message: '[BookingController] Get hotel bookings',
  timestamp: '2026-08-02T05:24:45.948Z'
}
{
  message: '[Cache Hit] Lấy thông tin hotel ID: cdcc3f08-97f8-42a7-8c59-51ba169f3bee từ Redis',
  level: 'debug',
  timestamp: '2026-08-02T05:24:45.950Z'
}
{
  message: '[Cache Hit] Lấy thông tin hotel ID: b791877f-a851-4df9-8e97-491b5f55e97f từ Redis',
  level: 'debug',
  timestamp: '2026-08-02T05:24:45.950Z'
}
{
  message: '[Cache Hit] Lấy thông tin hotel ID: 99d133ab-5625-4527-9f6a-1c3784ec4888 từ Redis',
  level: 'debug',
  timestamp: '2026-08-02T05:24:45.950Z'
}
{
  hotelId: 'ca5dfeea-502a-49b4-8b40-edb8d8641096',
  level: 'info',
  message: '[BookingController] Get hotel bookings',
  timestamp: '2026-08-02T05:24:45.954Z'
}
{
  message: '[Cache Hit] Lấy thông tin hotel ID: ca5dfeea-502a-49b4-8b40-edb8d8641096 từ Redis',
  level: 'debug',
  timestamp: '2026-08-02T05:24:45.959Z'
}
{
  hotelId: '7806d7b1-469e-4a3e-b855-cc649c51efc9',
  level: 'info',
  message: '[BookingController] Get hotel bookings',
  timestamp: '2026-08-02T05:24:45.965Z'
}
{
  hotelId: '2d556b72-df20-455a-98d8-5887c31297de',
  level: 'info',
  message: '[BookingController] Get hotel bookings',
  timestamp: '2026-08-02T05:24:45.968Z'
}
{
  message: '[Cache Hit] Lấy thông tin hotel ID: 7806d7b1-469e-4a3e-b855-cc649c51efc9 từ Redis',
  level: 'debug',
  timestamp: '2026-08-02T05:24:45.969Z'
}
{
  message: '[Cache Hit] Lấy thông tin hotel ID: 2d556b72-df20-455a-98d8-5887c31297de từ Redis',
  level: 'debug',
  timestamp: '2026-08-02T05:24:45.969Z'
}
{
  hotelId: '4ae8aa74-5d12-4c14-9904-1a09cd67b79d',
  level: 'info',
  message: '[BookingController] Get hotel bookings',
  timestamp: '2026-08-02T05:24:45.974Z'
}
{
  hotelId: '8168c601-3fbd-4be9-b0ba-78bc1ac96ea4',
  level: 'info',
  message: '[BookingController] Get hotel bookings',
  timestamp: '2026-08-02T05:24:45.977Z'
}
{
  hotelId: '774ea0ad-10a2-4836-add4-ed1bf337d1f2',
  level: 'info',
  message: '[BookingController] Get hotel bookings',
  timestamp: '2026-08-02T05:24:45.980Z'
}
{
  message: '[Cache Hit] Lấy thông tin hotel ID: 4ae8aa74-5d12-4c14-9904-1a09cd67b79d từ Redis',
  level: 'debug',
  timestamp: '2026-08-02T05:24:45.981Z'
}
{
  message: '[Cache Hit] Lấy thông tin hotel ID: 8168c601-3fbd-4be9-b0ba-78bc1ac96ea4 từ Redis',
  level: 'debug',
  timestamp: '2026-08-02T05:24:45.982Z'
}
{
  message: '[Cache Hit] Lấy thông tin hotel ID: 774ea0ad-10a2-4836-add4-ed1bf337d1f2 từ Redis',
  level: 'debug',
  timestamp: '2026-08-02T05:24:45.982Z'
}
{
  hotelId: '6c5095d1-8035-4ee6-b1b1-b9e27942a76f',
  level: 'info',
  message: '[BookingController] Get hotel bookings',
  timestamp: '2026-08-02T05:24:45.987Z'
}
{
  message: '[Cache Hit] Lấy thông tin hotel ID: 6c5095d1-8035-4ee6-b1b1-b9e27942a76f từ Redis',
  level: 'debug',
  timestamp: '2026-08-02T05:24:45.989Z'
}
{
  hotelId: 'b1894531-1a55-41c4-8de3-3f7222ce9272',
  level: 'info',
  message: '[BookingController] Get hotel bookings',
  timestamp: '2026-08-02T05:24:45.998Z'
}
{
  hotelId: '615a05ed-ca06-4178-9e3d-e2e883cd86f0',
  level: 'info',
  message: '[BookingController] Get hotel bookings',
  timestamp: '2026-08-02T05:24:46.003Z'
}
{
  message: '[Cache Hit] Lấy thông tin hotel ID: b1894531-1a55-41c4-8de3-3f7222ce9272 từ Redis',
  level: 'debug',
  timestamp: '2026-08-02T05:24:46.005Z'
}
{
  message: '[Cache Hit] Lấy thông tin hotel ID: 615a05ed-ca06-4178-9e3d-e2e883cd86f0 từ Redis',
  level: 'debug',
  timestamp: '2026-08-02T05:24:46.006Z'
}
{
  hotelId: 'cdcc3f08-97f8-42a7-8c59-51ba169f3bee',
  level: 'info',
  message: '[BookingController] Get hotel bookings',
  timestamp: '2026-08-02T05:24:46.015Z'
}
{
  hotelId: 'b791877f-a851-4df9-8e97-491b5f55e97f',
  level: 'info',
  message: '[BookingController] Get hotel bookings',
  timestamp: '2026-08-02T05:24:46.018Z'
}
{
  hotelId: '99d133ab-5625-4527-9f6a-1c3784ec4888',
  level: 'info',
  message: '[BookingController] Get hotel bookings',
  timestamp: '2026-08-02T05:24:46.021Z'
}
{
  message: '[Cache Hit] Lấy thông tin hotel ID: cdcc3f08-97f8-42a7-8c59-51ba169f3bee từ Redis',
  level: 'debug',
  timestamp: '2026-08-02T05:24:46.023Z'
}
{
  message: '[Cache Hit] Lấy thông tin hotel ID: b791877f-a851-4df9-8e97-491b5f55e97f từ Redis',
  level: 'debug',
  timestamp: '2026-08-02T05:24:46.023Z'
}
{
  message: '[Cache Hit] Lấy thông tin hotel ID: 99d133ab-5625-4527-9f6a-1c3784ec4888 từ Redis',
  level: 'debug',
  timestamp: '2026-08-02T05:24:46.024Z'
}
{
  message: '[AiController] Analyzing hotel 99d133ab-5625-4527-9f6a-1c3784ec4888 for agent 0772409a-2c0f-47cb-9ec6-51dbdeedda73',
  level: 'info',
  timestamp: '2026-08-02T05:24:50.914Z'
}
{
  message: '[Cache Hit] Lấy thông tin hotel ID: 99d133ab-5625-4527-9f6a-1c3784ec4888 từ Redis',
  level: 'debug',
  timestamp: '2026-08-02T05:24:50.915Z'
}
{
  message: '[SchedulerService] Đang kiểm tra các booking hết hạn thanh toán...',
  level: 'info',
  timestamp: '2026-08-02T05:25:00.002Z'
}
{
  message: '[AiController] Analyzing hotel 99d133ab-5625-4527-9f6a-1c3784ec4888 for agent 0772409a-2c0f-47cb-9ec6-51dbdeedda73',
  level: 'info',
  timestamp: '2026-08-02T05:25:12.440Z'
}
{
  message: '[Cache Hit] Lấy thông tin hotel ID: 99d133ab-5625-4527-9f6a-1c3784ec4888 từ Redis',
  level: 'debug',
  timestamp: '2026-08-02T05:25:12.441Z'
}
{
  message: '[AiController] Analyzing hotel 99d133ab-5625-4527-9f6a-1c3784ec4888 for agent 0772409a-2c0f-47cb-9ec6-51dbdeedda73',
  level: 'info',
  timestamp: '2026-08-02T05:25:31.819Z'
}
{
  message: '[Cache Hit] Lấy thông tin hotel ID: 99d133ab-5625-4527-9f6a-1c3784ec4888 từ Redis',
  level: 'debug',
  timestamp: '2026-08-02T05:25:31.820Z'
}
{
  message: '[AiController] Analyzing hotel 99d133ab-5625-4527-9f6a-1c3784ec4888 for agent 0772409a-2c0f-47cb-9ec6-51dbdeedda73',
  level: 'info',
  timestamp: '2026-08-02T05:25:36.245Z'
}
{
  message: '[Cache Hit] Lấy thông tin hotel ID: 99d133ab-5625-4527-9f6a-1c3784ec4888 từ Redis',
  level: 'debug',
  timestamp: '2026-08-02T05:25:36.247Z'
}
{
  userId: '0772409a-2c0f-47cb-9ec6-51dbdeedda73',
  level: 'info',
  message: '[AuthController] Get Me',
  timestamp: '2026-08-02T05:26:29.750Z'
}
{
  message: 'Fetching user details for ID: 0772409a-2c0f-47cb-9ec6-51dbdeedda73',
  level: 'debug',
  timestamp: '2026-08-02T05:26:29.751Z'
}
{
  message: '[Cache Hit] Lấy thông tin user ID: 0772409a-2c0f-47cb-9ec6-51dbdeedda73 từ Redis',
  level: 'debug',
  timestamp: '2026-08-02T05:26:29.753Z'
}
{
  userId: '0772409a-2c0f-47cb-9ec6-51dbdeedda73',
  level: 'info',
  message: '[AuthController] Get Me',
  timestamp: '2026-08-02T05:26:29.759Z'
}
{
  message: 'Fetching user details for ID: 0772409a-2c0f-47cb-9ec6-51dbdeedda73',
  level: 'debug',
  timestamp: '2026-08-02T05:26:29.760Z'
}
{
  message: '[Cache Hit] Lấy thông tin user ID: 0772409a-2c0f-47cb-9ec6-51dbdeedda73 từ Redis',
  level: 'debug',
  timestamp: '2026-08-02T05:26:29.761Z'
}
{
  message: '[HotelController] Get my hotels',
  level: 'info',
  timestamp: '2026-08-02T05:26:30.049Z'
}
{
  message: '[HotelController] Get my hotels',
  level: 'info',
  timestamp: '2026-08-02T05:26:30.127Z'
}
{
  hotelId: '2d556b72-df20-455a-98d8-5887c31297de',
  level: 'info',
  message: '[BookingController] Get hotel bookings',
  timestamp: '2026-08-02T05:26:30.177Z'
}
{
  hotelId: 'cdcc3f08-97f8-42a7-8c59-51ba169f3bee',
  level: 'info',
  message: '[BookingController] Get hotel bookings',
  timestamp: '2026-08-02T05:26:30.190Z'
}
{
  message: '[Cache Hit] Lấy thông tin hotel ID: 2d556b72-df20-455a-98d8-5887c31297de từ Redis',
  level: 'debug',
  timestamp: '2026-08-02T05:26:30.193Z'
}
{
  message: '[Cache Hit] Lấy thông tin hotel ID: cdcc3f08-97f8-42a7-8c59-51ba169f3bee từ Redis',
  level: 'debug',
  timestamp: '2026-08-02T05:26:30.194Z'
}
{
  hotelId: 'ca5dfeea-502a-49b4-8b40-edb8d8641096',
  level: 'info',
  message: '[BookingController] Get hotel bookings',
  timestamp: '2026-08-02T05:26:30.233Z'
}
{
  message: '[Cache Hit] Lấy thông tin hotel ID: ca5dfeea-502a-49b4-8b40-edb8d8641096 từ Redis',
  level: 'debug',
  timestamp: '2026-08-02T05:26:30.240Z'
}
{
  hotelId: '774ea0ad-10a2-4836-add4-ed1bf337d1f2',
  level: 'info',
  message: '[BookingController] Get hotel bookings',
  timestamp: '2026-08-02T05:26:30.244Z'
}
{
  message: '[Cache Hit] Lấy thông tin hotel ID: 774ea0ad-10a2-4836-add4-ed1bf337d1f2 từ Redis',
  level: 'debug',
  timestamp: '2026-08-02T05:26:30.249Z'
}
{
  hotelId: '6c5095d1-8035-4ee6-b1b1-b9e27942a76f',
  level: 'info',
  message: '[BookingController] Get hotel bookings',
  timestamp: '2026-08-02T05:26:30.255Z'
}
{
  message: '[Cache Hit] Lấy thông tin hotel ID: 6c5095d1-8035-4ee6-b1b1-b9e27942a76f từ Redis',
  level: 'debug',
  timestamp: '2026-08-02T05:26:30.261Z'
}
{
  hotelId: 'b1894531-1a55-41c4-8de3-3f7222ce9272',
  level: 'info',
  message: '[BookingController] Get hotel bookings',
  timestamp: '2026-08-02T05:26:30.266Z'
}
{
  hotelId: '7806d7b1-469e-4a3e-b855-cc649c51efc9',
  level: 'info',
  message: '[BookingController] Get hotel bookings',
  timestamp: '2026-08-02T05:26:30.268Z'
}
{
  message: '[Cache Hit] Lấy thông tin hotel ID: b1894531-1a55-41c4-8de3-3f7222ce9272 từ Redis',
  level: 'debug',
  timestamp: '2026-08-02T05:26:30.272Z'
}
{
  message: '[Cache Hit] Lấy thông tin hotel ID: 7806d7b1-469e-4a3e-b855-cc649c51efc9 từ Redis',
  level: 'debug',
  timestamp: '2026-08-02T05:26:30.272Z'
}
{
  hotelId: '99d133ab-5625-4527-9f6a-1c3784ec4888',
  level: 'info',
  message: '[BookingController] Get hotel bookings',
  timestamp: '2026-08-02T05:26:30.302Z'
}
{
  message: '[Cache Hit] Lấy thông tin hotel ID: 99d133ab-5625-4527-9f6a-1c3784ec4888 từ Redis',
  level: 'debug',
  timestamp: '2026-08-02T05:26:30.306Z'
}
{
  hotelId: '4ae8aa74-5d12-4c14-9904-1a09cd67b79d',
  level: 'info',
  message: '[BookingController] Get hotel bookings',
  timestamp: '2026-08-02T05:26:30.328Z'
}
{
  hotelId: '8168c601-3fbd-4be9-b0ba-78bc1ac96ea4',
  level: 'info',
  message: '[BookingController] Get hotel bookings',
  timestamp: '2026-08-02T05:26:30.332Z'
}
{
  message: '[Cache Hit] Lấy thông tin hotel ID: 4ae8aa74-5d12-4c14-9904-1a09cd67b79d từ Redis',
  level: 'debug',
  timestamp: '2026-08-02T05:26:30.347Z'
}
{
  message: '[Cache Hit] Lấy thông tin hotel ID: 8168c601-3fbd-4be9-b0ba-78bc1ac96ea4 từ Redis',
  level: 'debug',
  timestamp: '2026-08-02T05:26:30.348Z'
}
{
  hotelId: '615a05ed-ca06-4178-9e3d-e2e883cd86f0',
  level: 'info',
  message: '[BookingController] Get hotel bookings',
  timestamp: '2026-08-02T05:26:30.369Z'
}
{
  message: '[Cache Hit] Lấy thông tin hotel ID: 615a05ed-ca06-4178-9e3d-e2e883cd86f0 từ Redis',
  level: 'debug',
  timestamp: '2026-08-02T05:26:30.372Z'
}
{
  hotelId: 'b791877f-a851-4df9-8e97-491b5f55e97f',
  level: 'info',
  message: '[BookingController] Get hotel bookings',
  timestamp: '2026-08-02T05:26:30.394Z'
}
{
  hotelId: 'cdcc3f08-97f8-42a7-8c59-51ba169f3bee',
  level: 'info',
  message: '[BookingController] Get hotel bookings',
  timestamp: '2026-08-02T05:26:30.397Z'
}
{
  message: '[Cache Hit] Lấy thông tin hotel ID: b791877f-a851-4df9-8e97-491b5f55e97f từ Redis',
  level: 'debug',
  timestamp: '2026-08-02T05:26:30.403Z'
}
{
  message: '[Cache Hit] Lấy thông tin hotel ID: cdcc3f08-97f8-42a7-8c59-51ba169f3bee từ Redis',
  level: 'debug',
  timestamp: '2026-08-02T05:26:30.403Z'
}
{
  hotelId: 'ca5dfeea-502a-49b4-8b40-edb8d8641096',
  level: 'info',
  message: '[BookingController] Get hotel bookings',
  timestamp: '2026-08-02T05:26:30.414Z'
}
{
  message: '[Cache Hit] Lấy thông tin hotel ID: ca5dfeea-502a-49b4-8b40-edb8d8641096 từ Redis',
  level: 'debug',
  timestamp: '2026-08-02T05:26:30.417Z'
}
{
  hotelId: '774ea0ad-10a2-4836-add4-ed1bf337d1f2',
  level: 'info',
  message: '[BookingController] Get hotel bookings',
  timestamp: '2026-08-02T05:26:30.422Z'
}
{
  hotelId: '99d133ab-5625-4527-9f6a-1c3784ec4888',
  level: 'info',
  message: '[BookingController] Get hotel bookings',
  timestamp: '2026-08-02T05:26:30.428Z'
}
{
  message: '[Cache Hit] Lấy thông tin hotel ID: 774ea0ad-10a2-4836-add4-ed1bf337d1f2 từ Redis',
  level: 'debug',
  timestamp: '2026-08-02T05:26:30.433Z'
}
{
  message: '[Cache Hit] Lấy thông tin hotel ID: 99d133ab-5625-4527-9f6a-1c3784ec4888 từ Redis',
  level: 'debug',
  timestamp: '2026-08-02T05:26:30.434Z'
}
{
  hotelId: '2d556b72-df20-455a-98d8-5887c31297de',
  level: 'info',
  message: '[BookingController] Get hotel bookings',
  timestamp: '2026-08-02T05:26:30.437Z'
}
{
  hotelId: '8168c601-3fbd-4be9-b0ba-78bc1ac96ea4',
  level: 'info',
  message: '[BookingController] Get hotel bookings',
  timestamp: '2026-08-02T05:26:30.441Z'
}
{
  message: '[Cache Hit] Lấy thông tin hotel ID: 2d556b72-df20-455a-98d8-5887c31297de từ Redis',
  level: 'debug',
  timestamp: '2026-08-02T05:26:30.444Z'
}
{
  message: '[Cache Hit] Lấy thông tin hotel ID: 8168c601-3fbd-4be9-b0ba-78bc1ac96ea4 từ Redis',
  level: 'debug',
  timestamp: '2026-08-02T05:26:30.444Z'
}
{
  hotelId: '4ae8aa74-5d12-4c14-9904-1a09cd67b79d',
  level: 'info',
  message: '[BookingController] Get hotel bookings',
  timestamp: '2026-08-02T05:26:30.453Z'
}
{
  message: '[Cache Hit] Lấy thông tin hotel ID: 4ae8aa74-5d12-4c14-9904-1a09cd67b79d từ Redis',
  level: 'debug',
  timestamp: '2026-08-02T05:26:30.455Z'
}
{
  hotelId: '6c5095d1-8035-4ee6-b1b1-b9e27942a76f',
  level: 'info',
  message: '[BookingController] Get hotel bookings',
  timestamp: '2026-08-02T05:26:30.462Z'
}
{
  hotelId: 'b1894531-1a55-41c4-8de3-3f7222ce9272',
  level: 'info',
  message: '[BookingController] Get hotel bookings',
  timestamp: '2026-08-02T05:26:30.466Z'
}
{
  message: '[Cache Hit] Lấy thông tin hotel ID: 6c5095d1-8035-4ee6-b1b1-b9e27942a76f từ Redis',
  level: 'debug',
  timestamp: '2026-08-02T05:26:30.468Z'
}
{
  message: '[Cache Hit] Lấy thông tin hotel ID: b1894531-1a55-41c4-8de3-3f7222ce9272 từ Redis',
  level: 'debug',
  timestamp: '2026-08-02T05:26:30.468Z'
}
{
  hotelId: '7806d7b1-469e-4a3e-b855-cc649c51efc9',
  level: 'info',
  message: '[BookingController] Get hotel bookings',
  timestamp: '2026-08-02T05:26:30.481Z'
}
{
  hotelId: '615a05ed-ca06-4178-9e3d-e2e883cd86f0',
  level: 'info',
  message: '[BookingController] Get hotel bookings',
  timestamp: '2026-08-02T05:26:30.486Z'
}
{
  hotelId: 'b791877f-a851-4df9-8e97-491b5f55e97f',
  level: 'info',
  message: '[BookingController] Get hotel bookings',
  timestamp: '2026-08-02T05:26:30.495Z'
}
{
  message: '[Cache Hit] Lấy thông tin hotel ID: 7806d7b1-469e-4a3e-b855-cc649c51efc9 từ Redis',
  level: 'debug',
  timestamp: '2026-08-02T05:26:30.497Z'
}
{
  message: '[Cache Hit] Lấy thông tin hotel ID: 615a05ed-ca06-4178-9e3d-e2e883cd86f0 từ Redis',
  level: 'debug',
  timestamp: '2026-08-02T05:26:30.497Z'
}
{
  message: '[Cache Hit] Lấy thông tin hotel ID: b791877f-a851-4df9-8e97-491b5f55e97f từ Redis',
  level: 'debug',
  timestamp: '2026-08-02T05:26:30.497Z'
}
{
  message: '[AiController] Analyzing hotel 99d133ab-5625-4527-9f6a-1c3784ec4888 for agent 0772409a-2c0f-47cb-9ec6-51dbdeedda73',
  level: 'info',
  timestamp: '2026-08-02T05:26:34.444Z'
}
{
  message: '[Cache Hit] Lấy thông tin hotel ID: 99d133ab-5625-4527-9f6a-1c3784ec4888 từ Redis',
  level: 'debug',
  timestamp: '2026-08-02T05:26:34.447Z'
}
{
  message: '[AiController] Analyzing hotel 99d133ab-5625-4527-9f6a-1c3784ec4888 for agent 0772409a-2c0f-47cb-9ec6-51dbdeedda73',
  level: 'info',
  timestamp: '2026-08-02T05:27:08.352Z'
}
{
  message: '[Cache Hit] Lấy thông tin hotel ID: 99d133ab-5625-4527-9f6a-1c3784ec4888 từ Redis',
  level: 'debug',
  timestamp: '2026-08-02T05:27:08.353Z'
}
{
  message: 'JWT Verification Error: jwt expired',
  level: 'error',
  timestamp: '2026-08-02T05:27:45.874Z'
}
{
  message: 'GLOBAL ERROR HANDLER CAUGHT: Error: Phiên đăng nhập đã hết hạn. Vui lòng lấy Token mới.\n' +
    '    at authMiddleware (/app/src/middlewares/authMiddleware.ts:80:9)\n' +
    '    at Layer.handleRequest (/app/node_modules/router/lib/layer.js:152:17)\n' +
    '    at trimPrefix (/app/node_modules/router/index.js:342:13)\n' +
    '    at /app/node_modules/router/index.js:297:9\n' +
    '    at processParams (/app/node_modules/router/index.js:582:12)\n' +
    '    at next (/app/node_modules/router/index.js:291:5)\n' +
    '    at Function.handle (/app/node_modules/router/index.js:186:3)\n' +
    '    at router (/app/node_modules/router/index.js:60:12)\n' +
    '    at Layer.handleRequest (/app/node_modules/router/lib/layer.js:152:17)\n' +
    '    at trimPrefix (/app/node_modules/router/index.js:342:13)',
  level: 'error',
  timestamp: '2026-08-02T05:27:45.875Z'
}
{
  message: '[AuthController] Refresh Tokens',
  level: 'info',
  timestamp: '2026-08-02T05:27:45.890Z'
}
{
  message: 'Fetching user details for ID: 0772409a-2c0f-47cb-9ec6-51dbdeedda73',
  level: 'debug',
  timestamp: '2026-08-02T05:27:45.910Z'
}
{
  message: '[Cache Hit] Lấy thông tin user ID: 0772409a-2c0f-47cb-9ec6-51dbdeedda73 từ Redis',
  level: 'debug',
  timestamp: '2026-08-02T05:27:45.911Z'
}
{
  message: '[AuthService] Tokens refreshed successfully for user: agent1@booking.com',
  level: 'info',
  timestamp: '2026-08-02T05:27:45.932Z'
}
{
  userId: '0772409a-2c0f-47cb-9ec6-51dbdeedda73',
  level: 'info',
  message: '[AuthController] Get Me',
  timestamp: '2026-08-02T05:28:12.674Z'
}
{
  message: 'Fetching user details for ID: 0772409a-2c0f-47cb-9ec6-51dbdeedda73',
  level: 'debug',
  timestamp: '2026-08-02T05:28:12.675Z'
}
{
  message: '[Cache Hit] Lấy thông tin user ID: 0772409a-2c0f-47cb-9ec6-51dbdeedda73 từ Redis',
  level: 'debug',
  timestamp: '2026-08-02T05:28:12.676Z'
}
{
  userId: '0772409a-2c0f-47cb-9ec6-51dbdeedda73',
  level: 'info',
  message: '[AuthController] Get Me',
  timestamp: '2026-08-02T05:28:12.685Z'
}
{
  message: 'Fetching user details for ID: 0772409a-2c0f-47cb-9ec6-51dbdeedda73',
  level: 'debug',
  timestamp: '2026-08-02T05:28:12.685Z'
}
{
  message: '[Cache Hit] Lấy thông tin user ID: 0772409a-2c0f-47cb-9ec6-51dbdeedda73 từ Redis',
  level: 'debug',
  timestamp: '2026-08-02T05:28:12.687Z'
}
{
  message: '[HotelController] Get my hotels',
  level: 'info',
  timestamp: '2026-08-02T05:28:13.008Z'
}
{
  message: '[HotelController] Get my hotels',
  level: 'info',
  timestamp: '2026-08-02T05:28:13.096Z'
}
{
  hotelId: '2d556b72-df20-455a-98d8-5887c31297de',
  level: 'info',
  message: '[BookingController] Get hotel bookings',
  timestamp: '2026-08-02T05:28:13.163Z'
}
{
  hotelId: 'ca5dfeea-502a-49b4-8b40-edb8d8641096',
  level: 'info',
  message: '[BookingController] Get hotel bookings',
  timestamp: '2026-08-02T05:28:13.180Z'
}
{
  message: '[Cache Hit] Lấy thông tin hotel ID: 2d556b72-df20-455a-98d8-5887c31297de từ Redis',
  level: 'debug',
  timestamp: '2026-08-02T05:28:13.182Z'
}
{
  message: '[Cache Hit] Lấy thông tin hotel ID: ca5dfeea-502a-49b4-8b40-edb8d8641096 từ Redis',
  level: 'debug',
  timestamp: '2026-08-02T05:28:13.182Z'
}
{
  hotelId: '774ea0ad-10a2-4836-add4-ed1bf337d1f2',
  level: 'info',
  message: '[BookingController] Get hotel bookings',
  timestamp: '2026-08-02T05:28:13.200Z'
}
{
  message: '[Cache Hit] Lấy thông tin hotel ID: 774ea0ad-10a2-4836-add4-ed1bf337d1f2 từ Redis',
  level: 'debug',
  timestamp: '2026-08-02T05:28:13.202Z'
}
{
  hotelId: '6c5095d1-8035-4ee6-b1b1-b9e27942a76f',
  level: 'info',
  message: '[BookingController] Get hotel bookings',
  timestamp: '2026-08-02T05:28:13.216Z'
}
{
  message: '[Cache Hit] Lấy thông tin hotel ID: 6c5095d1-8035-4ee6-b1b1-b9e27942a76f từ Redis',
  level: 'debug',
  timestamp: '2026-08-02T05:28:13.219Z'
}
{
  hotelId: '7806d7b1-469e-4a3e-b855-cc649c51efc9',
  level: 'info',
  message: '[BookingController] Get hotel bookings',
  timestamp: '2026-08-02T05:28:13.226Z'
}
{
  hotelId: '8168c601-3fbd-4be9-b0ba-78bc1ac96ea4',
  level: 'info',
  message: '[BookingController] Get hotel bookings',
  timestamp: '2026-08-02T05:28:13.235Z'
}
{
  hotelId: 'cdcc3f08-97f8-42a7-8c59-51ba169f3bee',
  level: 'info',
  message: '[BookingController] Get hotel bookings',
  timestamp: '2026-08-02T05:28:13.238Z'
}
{
  message: '[Cache Hit] Lấy thông tin hotel ID: 7806d7b1-469e-4a3e-b855-cc649c51efc9 từ Redis',
  level: 'debug',
  timestamp: '2026-08-02T05:28:13.240Z'
}
{
  message: '[Cache Hit] Lấy thông tin hotel ID: 8168c601-3fbd-4be9-b0ba-78bc1ac96ea4 từ Redis',
  level: 'debug',
  timestamp: '2026-08-02T05:28:13.240Z'
}
{
  message: '[Cache Hit] Lấy thông tin hotel ID: cdcc3f08-97f8-42a7-8c59-51ba169f3bee từ Redis',
  level: 'debug',
  timestamp: '2026-08-02T05:28:13.240Z'
}
{
  hotelId: 'b1894531-1a55-41c4-8de3-3f7222ce9272',
  level: 'info',
  message: '[BookingController] Get hotel bookings',
  timestamp: '2026-08-02T05:28:13.251Z'
}
{
  hotelId: '4ae8aa74-5d12-4c14-9904-1a09cd67b79d',
  level: 'info',
  message: '[BookingController] Get hotel bookings',
  timestamp: '2026-08-02T05:28:13.261Z'
}
{
  message: '[Cache Hit] Lấy thông tin hotel ID: b1894531-1a55-41c4-8de3-3f7222ce9272 từ Redis',
  level: 'debug',
  timestamp: '2026-08-02T05:28:13.265Z'
}
{
  message: '[Cache Hit] Lấy thông tin hotel ID: 4ae8aa74-5d12-4c14-9904-1a09cd67b79d từ Redis',
  level: 'debug',
  timestamp: '2026-08-02T05:28:13.268Z'
}
{
  hotelId: '99d133ab-5625-4527-9f6a-1c3784ec4888',
  level: 'info',
  message: '[BookingController] Get hotel bookings',
  timestamp: '2026-08-02T05:28:13.278Z'
}
{
  message: '[Cache Hit] Lấy thông tin hotel ID: 99d133ab-5625-4527-9f6a-1c3784ec4888 từ Redis',
  level: 'debug',
  timestamp: '2026-08-02T05:28:13.279Z'
}
{
  hotelId: '2d556b72-df20-455a-98d8-5887c31297de',
  level: 'info',
  message: '[BookingController] Get hotel bookings',
  timestamp: '2026-08-02T05:28:13.293Z'
}
{
  hotelId: 'b791877f-a851-4df9-8e97-491b5f55e97f',
  level: 'info',
  message: '[BookingController] Get hotel bookings',
  timestamp: '2026-08-02T05:28:13.298Z'
}
{
  hotelId: '615a05ed-ca06-4178-9e3d-e2e883cd86f0',
  level: 'info',
  message: '[BookingController] Get hotel bookings',
  timestamp: '2026-08-02T05:28:13.308Z'
}
{
  message: '[Cache Hit] Lấy thông tin hotel ID: 2d556b72-df20-455a-98d8-5887c31297de từ Redis',
  level: 'debug',
  timestamp: '2026-08-02T05:28:13.311Z'
}
{
  message: '[Cache Hit] Lấy thông tin hotel ID: b791877f-a851-4df9-8e97-491b5f55e97f từ Redis',
  level: 'debug',
  timestamp: '2026-08-02T05:28:13.312Z'
}
{
  message: '[Cache Hit] Lấy thông tin hotel ID: 615a05ed-ca06-4178-9e3d-e2e883cd86f0 từ Redis',
  level: 'debug',
  timestamp: '2026-08-02T05:28:13.312Z'
}
{
  hotelId: 'ca5dfeea-502a-49b4-8b40-edb8d8641096',
  level: 'info',
  message: '[BookingController] Get hotel bookings',
  timestamp: '2026-08-02T05:28:13.320Z'
}
{
  hotelId: '774ea0ad-10a2-4836-add4-ed1bf337d1f2',
  level: 'info',
  message: '[BookingController] Get hotel bookings',
  timestamp: '2026-08-02T05:28:13.325Z'
}
{
  message: '[Cache Hit] Lấy thông tin hotel ID: ca5dfeea-502a-49b4-8b40-edb8d8641096 từ Redis',
  level: 'debug',
  timestamp: '2026-08-02T05:28:13.327Z'
}
{
  message: '[Cache Hit] Lấy thông tin hotel ID: 774ea0ad-10a2-4836-add4-ed1bf337d1f2 từ Redis',
  level: 'debug',
  timestamp: '2026-08-02T05:28:13.328Z'
}
{
  hotelId: '6c5095d1-8035-4ee6-b1b1-b9e27942a76f',
  level: 'info',
  message: '[BookingController] Get hotel bookings',
  timestamp: '2026-08-02T05:28:13.350Z'
}
{
  hotelId: '7806d7b1-469e-4a3e-b855-cc649c51efc9',
  level: 'info',
  message: '[BookingController] Get hotel bookings',
  timestamp: '2026-08-02T05:28:13.354Z'
}
{
  message: '[Cache Hit] Lấy thông tin hotel ID: 6c5095d1-8035-4ee6-b1b1-b9e27942a76f từ Redis',
  level: 'debug',
  timestamp: '2026-08-02T05:28:13.355Z'
}
{
  hotelId: '8168c601-3fbd-4be9-b0ba-78bc1ac96ea4',
  level: 'info',
  message: '[BookingController] Get hotel bookings',
  timestamp: '2026-08-02T05:28:13.364Z'
}
{
  hotelId: 'cdcc3f08-97f8-42a7-8c59-51ba169f3bee',
  level: 'info',
  message: '[BookingController] Get hotel bookings',
  timestamp: '2026-08-02T05:28:13.371Z'
}
{
  hotelId: 'b1894531-1a55-41c4-8de3-3f7222ce9272',
  level: 'info',
  message: '[BookingController] Get hotel bookings',
  timestamp: '2026-08-02T05:28:13.379Z'
}
{
  message: '[Cache Hit] Lấy thông tin hotel ID: 7806d7b1-469e-4a3e-b855-cc649c51efc9 từ Redis',
  level: 'debug',
  timestamp: '2026-08-02T05:28:13.382Z'
}
{
  message: '[Cache Hit] Lấy thông tin hotel ID: 8168c601-3fbd-4be9-b0ba-78bc1ac96ea4 từ Redis',
  level: 'debug',
  timestamp: '2026-08-02T05:28:13.382Z'
}
{
  message: '[Cache Hit] Lấy thông tin hotel ID: cdcc3f08-97f8-42a7-8c59-51ba169f3bee từ Redis',
  level: 'debug',
  timestamp: '2026-08-02T05:28:13.383Z'
}
{
  message: '[Cache Hit] Lấy thông tin hotel ID: b1894531-1a55-41c4-8de3-3f7222ce9272 từ Redis',
  level: 'debug',
  timestamp: '2026-08-02T05:28:13.383Z'
}
{
  hotelId: '4ae8aa74-5d12-4c14-9904-1a09cd67b79d',
  level: 'info',
  message: '[BookingController] Get hotel bookings',
  timestamp: '2026-08-02T05:28:13.407Z'
}
{
  message: '[Cache Hit] Lấy thông tin hotel ID: 4ae8aa74-5d12-4c14-9904-1a09cd67b79d từ Redis',
  level: 'debug',
  timestamp: '2026-08-02T05:28:13.409Z'
}
{
  hotelId: 'b791877f-a851-4df9-8e97-491b5f55e97f',
  level: 'info',
  message: '[BookingController] Get hotel bookings',
  timestamp: '2026-08-02T05:28:13.412Z'
}
{
  hotelId: '615a05ed-ca06-4178-9e3d-e2e883cd86f0',
  level: 'info',
  message: '[BookingController] Get hotel bookings',
  timestamp: '2026-08-02T05:28:13.425Z'
}
{
  hotelId: '99d133ab-5625-4527-9f6a-1c3784ec4888',
  level: 'info',
  message: '[BookingController] Get hotel bookings',
  timestamp: '2026-08-02T05:28:13.430Z'
}
{
  message: '[Cache Hit] Lấy thông tin hotel ID: b791877f-a851-4df9-8e97-491b5f55e97f từ Redis',
  level: 'debug',
  timestamp: '2026-08-02T05:28:13.432Z'
}
{
  message: '[Cache Hit] Lấy thông tin hotel ID: 615a05ed-ca06-4178-9e3d-e2e883cd86f0 từ Redis',
  level: 'debug',
  timestamp: '2026-08-02T05:28:13.432Z'
}
{
  message: '[Cache Hit] Lấy thông tin hotel ID: 99d133ab-5625-4527-9f6a-1c3784ec4888 từ Redis',
  level: 'debug',
  timestamp: '2026-08-02T05:28:13.432Z'
}
{
  message: '[AiController] Analyzing hotel 99d133ab-5625-4527-9f6a-1c3784ec4888 for agent 0772409a-2c0f-47cb-9ec6-51dbdeedda73',
  level: 'info',
  timestamp: '2026-08-02T05:28:15.949Z'
}
{
  message: '[Cache Hit] Lấy thông tin hotel ID: 99d133ab-5625-4527-9f6a-1c3784ec4888 từ Redis',
  level: 'debug',
  timestamp: '2026-08-02T05:28:15.951Z'
}
{
  message: '[SchedulerService] Đang kiểm tra các booking hết hạn thanh toán...',
  level: 'info',
  timestamp: '2026-08-02T05:30:00.003Z'
}
{
  message: 'Nhận tín hiệu SIGTERM. Đang đóng API Server...',
  level: 'info',
  timestamp: '2026-08-02T05:30:49.150Z'
}
{
  message: 'Express HTTP server đã đóng.',
  level: 'info',
  timestamp: '2026-08-02T05:30:49.151Z'
}
{
  message: '[Redis] Đã đóng kết nối Redis',
  level: 'info',
  timestamp: '2026-08-02T05:30:49.152Z'
}
{
  message: '[SchedulerService] Khởi tạo các cron job...',
  level: 'info',
  timestamp: '2026-08-02T05:31:01.665Z'
}
{
  message: 'Booking API Service đang chạy tại port 3000 (Môi trường: development)',
  level: 'info',
  timestamp: '2026-08-02T05:31:01.710Z'
}
{
  message: '[Redis] Kết nối thành công tới Redis server',
  level: 'info',
  timestamp: '2026-08-02T05:31:01.714Z'
}
{
  message: 'JWT Verification Error: jwt expired',
  level: 'error',
  timestamp: '2026-08-02T05:31:31.902Z'
}
{
  message: 'GLOBAL ERROR HANDLER CAUGHT: Error: Phiên đăng nhập đã hết hạn. Vui lòng lấy Token mới.\n' +
    '    at authMiddleware (/app/src/middlewares/authMiddleware.ts:80:9)\n' +
    '    at Layer.handleRequest (/app/node_modules/router/lib/layer.js:152:17)\n' +
    '    at trimPrefix (/app/node_modules/router/index.js:342:13)\n' +
    '    at /app/node_modules/router/index.js:297:9\n' +
    '    at processParams (/app/node_modules/router/index.js:582:12)\n' +
    '    at next (/app/node_modules/router/index.js:291:5)\n' +
    '    at Function.handle (/app/node_modules/router/index.js:186:3)\n' +
    '    at router (/app/node_modules/router/index.js:60:12)\n' +
    '    at Layer.handleRequest (/app/node_modules/router/lib/layer.js:152:17)\n' +
    '    at trimPrefix (/app/node_modules/router/index.js:342:13)',
  level: 'error',
  timestamp: '2026-08-02T05:31:31.904Z'
}
{
  message: '[AuthController] Refresh Tokens',
  level: 'info',
  timestamp: '2026-08-02T05:31:31.928Z'
}
{
  message: 'Fetching user details for ID: 0772409a-2c0f-47cb-9ec6-51dbdeedda73',
  level: 'debug',
  timestamp: '2026-08-02T05:31:32.021Z'
}
{
  message: '[Cache Hit] Lấy thông tin user ID: 0772409a-2c0f-47cb-9ec6-51dbdeedda73 từ Redis',
  level: 'debug',
  timestamp: '2026-08-02T05:31:32.022Z'
}
{
  message: '[AuthService] Tokens refreshed successfully for user: agent1@booking.com',
  level: 'info',
  timestamp: '2026-08-02T05:31:32.058Z'
}
{
  userId: '0772409a-2c0f-47cb-9ec6-51dbdeedda73',
  level: 'info',
  message: '[AuthController] Get Me',
  timestamp: '2026-08-02T05:31:41.315Z'
}
{
  message: 'Fetching user details for ID: 0772409a-2c0f-47cb-9ec6-51dbdeedda73',
  level: 'debug',
  timestamp: '2026-08-02T05:31:41.316Z'
}
{
  message: '[Cache Hit] Lấy thông tin user ID: 0772409a-2c0f-47cb-9ec6-51dbdeedda73 từ Redis',
  level: 'debug',
  timestamp: '2026-08-02T05:31:41.318Z'
}
{
  userId: '0772409a-2c0f-47cb-9ec6-51dbdeedda73',
  level: 'info',
  message: '[AuthController] Get Me',
  timestamp: '2026-08-02T05:31:41.325Z'
}
{
  message: 'Fetching user details for ID: 0772409a-2c0f-47cb-9ec6-51dbdeedda73',
  level: 'debug',
  timestamp: '2026-08-02T05:31:41.327Z'
}
{
  message: '[Cache Hit] Lấy thông tin user ID: 0772409a-2c0f-47cb-9ec6-51dbdeedda73 từ Redis',
  level: 'debug',
  timestamp: '2026-08-02T05:31:41.329Z'
}
{
  message: '[HotelController] Get my hotels',
  level: 'info',
  timestamp: '2026-08-02T05:31:41.629Z'
}
{
  message: '[HotelController] Get my hotels',
  level: 'info',
  timestamp: '2026-08-02T05:31:41.704Z'
}
{
  hotelId: '2d556b72-df20-455a-98d8-5887c31297de',
  level: 'info',
  message: '[BookingController] Get hotel bookings',
  timestamp: '2026-08-02T05:31:41.736Z'
}
{
  message: '[Cache Hit] Lấy thông tin hotel ID: 2d556b72-df20-455a-98d8-5887c31297de từ Redis',
  level: 'debug',
  timestamp: '2026-08-02T05:31:41.742Z'
}
{
  hotelId: 'b1894531-1a55-41c4-8de3-3f7222ce9272',
  level: 'info',
  message: '[BookingController] Get hotel bookings',
  timestamp: '2026-08-02T05:31:41.749Z'
}
{
  message: '[Cache Hit] Lấy thông tin hotel ID: b1894531-1a55-41c4-8de3-3f7222ce9272 từ Redis',
  level: 'debug',
  timestamp: '2026-08-02T05:31:41.752Z'
}
{
  hotelId: '8168c601-3fbd-4be9-b0ba-78bc1ac96ea4',
  level: 'info',
  message: '[BookingController] Get hotel bookings',
  timestamp: '2026-08-02T05:31:41.754Z'
}
{
  message: '[Cache Hit] Lấy thông tin hotel ID: 8168c601-3fbd-4be9-b0ba-78bc1ac96ea4 từ Redis',
  level: 'debug',
  timestamp: '2026-08-02T05:31:41.759Z'
}
{
  hotelId: '774ea0ad-10a2-4836-add4-ed1bf337d1f2',
  level: 'info',
  message: '[BookingController] Get hotel bookings',
  timestamp: '2026-08-02T05:31:41.766Z'
}
{
  hotelId: 'ca5dfeea-502a-49b4-8b40-edb8d8641096',
  level: 'info',
  message: '[BookingController] Get hotel bookings',
  timestamp: '2026-08-02T05:31:41.768Z'
}
{
  message: '[Cache Hit] Lấy thông tin hotel ID: 774ea0ad-10a2-4836-add4-ed1bf337d1f2 từ Redis',
  level: 'debug',
  timestamp: '2026-08-02T05:31:41.769Z'
}
{
  message: '[Cache Hit] Lấy thông tin hotel ID: ca5dfeea-502a-49b4-8b40-edb8d8641096 từ Redis',
  level: 'debug',
  timestamp: '2026-08-02T05:31:41.769Z'
}
{
  hotelId: '99d133ab-5625-4527-9f6a-1c3784ec4888',
  level: 'info',
  message: '[BookingController] Get hotel bookings',
  timestamp: '2026-08-02T05:31:41.771Z'
}
{
  hotelId: 'cdcc3f08-97f8-42a7-8c59-51ba169f3bee',
  level: 'info',
  message: '[BookingController] Get hotel bookings',
  timestamp: '2026-08-02T05:31:41.774Z'
}
{
  message: '[Cache Hit] Lấy thông tin hotel ID: 99d133ab-5625-4527-9f6a-1c3784ec4888 từ Redis',
  level: 'debug',
  timestamp: '2026-08-02T05:31:41.777Z'
}
{
  message: '[Cache Hit] Lấy thông tin hotel ID: cdcc3f08-97f8-42a7-8c59-51ba169f3bee từ Redis',
  level: 'debug',
  timestamp: '2026-08-02T05:31:41.777Z'
}
{
  hotelId: '7806d7b1-469e-4a3e-b855-cc649c51efc9',
  level: 'info',
  message: '[BookingController] Get hotel bookings',
  timestamp: '2026-08-02T05:31:41.783Z'
}
{
  message: '[Cache Hit] Lấy thông tin hotel ID: 7806d7b1-469e-4a3e-b855-cc649c51efc9 từ Redis',
  level: 'debug',
  timestamp: '2026-08-02T05:31:41.784Z'
}
{
  hotelId: '2d556b72-df20-455a-98d8-5887c31297de',
  level: 'info',
  message: '[BookingController] Get hotel bookings',
  timestamp: '2026-08-02T05:31:41.788Z'
}
{
  hotelId: '6c5095d1-8035-4ee6-b1b1-b9e27942a76f',
  level: 'info',
  message: '[BookingController] Get hotel bookings',
  timestamp: '2026-08-02T05:31:41.792Z'
}
{
  hotelId: '4ae8aa74-5d12-4c14-9904-1a09cd67b79d',
  level: 'info',
  message: '[BookingController] Get hotel bookings',
  timestamp: '2026-08-02T05:31:41.794Z'
}
{
  message: '[Cache Hit] Lấy thông tin hotel ID: 2d556b72-df20-455a-98d8-5887c31297de từ Redis',
  level: 'debug',
  timestamp: '2026-08-02T05:31:41.795Z'
}
{
  message: '[Cache Hit] Lấy thông tin hotel ID: 6c5095d1-8035-4ee6-b1b1-b9e27942a76f từ Redis',
  level: 'debug',
  timestamp: '2026-08-02T05:31:41.795Z'
}
{
  message: '[Cache Hit] Lấy thông tin hotel ID: 4ae8aa74-5d12-4c14-9904-1a09cd67b79d từ Redis',
  level: 'debug',
  timestamp: '2026-08-02T05:31:41.796Z'
}
{
  hotelId: '615a05ed-ca06-4178-9e3d-e2e883cd86f0',
  level: 'info',
  message: '[BookingController] Get hotel bookings',
  timestamp: '2026-08-02T05:31:41.800Z'
}
{
  hotelId: 'b791877f-a851-4df9-8e97-491b5f55e97f',
  level: 'info',
  message: '[BookingController] Get hotel bookings',
  timestamp: '2026-08-02T05:31:41.803Z'
}
{
  message: '[Cache Hit] Lấy thông tin hotel ID: 615a05ed-ca06-4178-9e3d-e2e883cd86f0 từ Redis',
  level: 'debug',
  timestamp: '2026-08-02T05:31:41.804Z'
}
{
  message: '[Cache Hit] Lấy thông tin hotel ID: b791877f-a851-4df9-8e97-491b5f55e97f từ Redis',
  level: 'debug',
  timestamp: '2026-08-02T05:31:41.805Z'
}
{
  hotelId: 'b1894531-1a55-41c4-8de3-3f7222ce9272',
  level: 'info',
  message: '[BookingController] Get hotel bookings',
  timestamp: '2026-08-02T05:31:41.811Z'
}
{
  message: '[Cache Hit] Lấy thông tin hotel ID: b1894531-1a55-41c4-8de3-3f7222ce9272 từ Redis',
  level: 'debug',
  timestamp: '2026-08-02T05:31:41.812Z'
}
{
  hotelId: '8168c601-3fbd-4be9-b0ba-78bc1ac96ea4',
  level: 'info',
  message: '[BookingController] Get hotel bookings',
  timestamp: '2026-08-02T05:31:41.818Z'
}
{
  hotelId: '774ea0ad-10a2-4836-add4-ed1bf337d1f2',
  level: 'info',
  message: '[BookingController] Get hotel bookings',
  timestamp: '2026-08-02T05:31:41.821Z'
}
{
  hotelId: 'ca5dfeea-502a-49b4-8b40-edb8d8641096',
  level: 'info',
  message: '[BookingController] Get hotel bookings',
  timestamp: '2026-08-02T05:31:41.824Z'
}
{
  message: '[Cache Hit] Lấy thông tin hotel ID: 8168c601-3fbd-4be9-b0ba-78bc1ac96ea4 từ Redis',
  level: 'debug',
  timestamp: '2026-08-02T05:31:41.825Z'
}
{
  message: '[Cache Hit] Lấy thông tin hotel ID: 774ea0ad-10a2-4836-add4-ed1bf337d1f2 từ Redis',
  level: 'debug',
  timestamp: '2026-08-02T05:31:41.826Z'
}
{
  message: '[Cache Hit] Lấy thông tin hotel ID: ca5dfeea-502a-49b4-8b40-edb8d8641096 từ Redis',
  level: 'debug',
  timestamp: '2026-08-02T05:31:41.826Z'
}
{
  hotelId: '99d133ab-5625-4527-9f6a-1c3784ec4888',
  level: 'info',
  message: '[BookingController] Get hotel bookings',
  timestamp: '2026-08-02T05:31:41.829Z'
}
{
  hotelId: 'cdcc3f08-97f8-42a7-8c59-51ba169f3bee',
  level: 'info',
  message: '[BookingController] Get hotel bookings',
  timestamp: '2026-08-02T05:31:41.833Z'
}
{
  message: '[Cache Hit] Lấy thông tin hotel ID: 99d133ab-5625-4527-9f6a-1c3784ec4888 từ Redis',
  level: 'debug',
  timestamp: '2026-08-02T05:31:41.834Z'
}
{
  message: '[Cache Hit] Lấy thông tin hotel ID: cdcc3f08-97f8-42a7-8c59-51ba169f3bee từ Redis',
  level: 'debug',
  timestamp: '2026-08-02T05:31:41.834Z'
}
{
  hotelId: '7806d7b1-469e-4a3e-b855-cc649c51efc9',
  level: 'info',
  message: '[BookingController] Get hotel bookings',
  timestamp: '2026-08-02T05:31:41.843Z'
}
{
  message: '[Cache Hit] Lấy thông tin hotel ID: 7806d7b1-469e-4a3e-b855-cc649c51efc9 từ Redis',
  level: 'debug',
  timestamp: '2026-08-02T05:31:41.844Z'
}
{
  hotelId: '6c5095d1-8035-4ee6-b1b1-b9e27942a76f',
  level: 'info',
  message: '[BookingController] Get hotel bookings',
  timestamp: '2026-08-02T05:31:41.848Z'
}
{
  hotelId: '4ae8aa74-5d12-4c14-9904-1a09cd67b79d',
  level: 'info',
  message: '[BookingController] Get hotel bookings',
  timestamp: '2026-08-02T05:31:41.851Z'
}
{
  hotelId: '615a05ed-ca06-4178-9e3d-e2e883cd86f0',
  level: 'info',
  message: '[BookingController] Get hotel bookings',
  timestamp: '2026-08-02T05:31:41.853Z'
}
{
  message: '[Cache Hit] Lấy thông tin hotel ID: 6c5095d1-8035-4ee6-b1b1-b9e27942a76f từ Redis',
  level: 'debug',
  timestamp: '2026-08-02T05:31:41.856Z'
}
{
  message: '[Cache Hit] Lấy thông tin hotel ID: 4ae8aa74-5d12-4c14-9904-1a09cd67b79d từ Redis',
  level: 'debug',
  timestamp: '2026-08-02T05:31:41.856Z'
}
{
  message: '[Cache Hit] Lấy thông tin hotel ID: 615a05ed-ca06-4178-9e3d-e2e883cd86f0 từ Redis',
  level: 'debug',
  timestamp: '2026-08-02T05:31:41.856Z'
}
{
  hotelId: 'b791877f-a851-4df9-8e97-491b5f55e97f',
  level: 'info',
  message: '[BookingController] Get hotel bookings',
  timestamp: '2026-08-02T05:31:41.860Z'
}
{
  message: '[Cache Hit] Lấy thông tin hotel ID: b791877f-a851-4df9-8e97-491b5f55e97f từ Redis',
  level: 'debug',
  timestamp: '2026-08-02T05:31:41.861Z'
}
{
  message: '[AiController] Analyzing hotel 99d133ab-5625-4527-9f6a-1c3784ec4888 for agent 0772409a-2c0f-47cb-9ec6-51dbdeedda73',
  level: 'info',
  timestamp: '2026-08-02T05:31:46.481Z'
}
{
  message: '[Cache Hit] Lấy thông tin hotel ID: 99d133ab-5625-4527-9f6a-1c3784ec4888 từ Redis',
  level: 'debug',
  timestamp: '2026-08-02T05:31:46.482Z'
}
{
  message: 'Nhận tín hiệu SIGTERM. Đang đóng API Server...',
  level: 'info',
  timestamp: '2026-08-02T05:34:41.761Z'
}
{
  message: 'Express HTTP server đã đóng.',
  level: 'info',
  timestamp: '2026-08-02T05:34:41.763Z'
}
{
  message: '[Redis] Đã đóng kết nối Redis',
  level: 'info',
  timestamp: '2026-08-02T05:34:41.763Z'
}
{
  message: '[SchedulerService] Khởi tạo các cron job...',
  level: 'info',
  timestamp: '2026-08-02T05:34:55.599Z'
}
{
  message: 'Booking API Service đang chạy tại port 3000 (Môi trường: development)',
  level: 'info',
  timestamp: '2026-08-02T05:34:55.645Z'
}
{
  message: '[Redis] Kết nối thành công tới Redis server',
  level: 'info',
  timestamp: '2026-08-02T05:34:55.653Z'
}
{
  message: '[SchedulerService] Đang kiểm tra các booking hết hạn thanh toán...',
  level: 'info',
  timestamp: '2026-08-02T05:35:00.002Z'
}
{
  message: 'JWT Verification Error: jwt expired',
  level: 'error',
  timestamp: '2026-08-02T05:35:14.063Z'
}
{
  message: 'GLOBAL ERROR HANDLER CAUGHT: Error: Phiên đăng nhập đã hết hạn. Vui lòng lấy Token mới.\n' +
    '    at authMiddleware (/app/src/middlewares/authMiddleware.ts:80:9)\n' +
    '    at Layer.handleRequest (/app/node_modules/router/lib/layer.js:152:17)\n' +
    '    at trimPrefix (/app/node_modules/router/index.js:342:13)\n' +
    '    at /app/node_modules/router/index.js:297:9\n' +
    '    at processParams (/app/node_modules/router/index.js:582:12)\n' +
    '    at next (/app/node_modules/router/index.js:291:5)\n' +
    '    at Function.handle (/app/node_modules/router/index.js:186:3)\n' +
    '    at router (/app/node_modules/router/index.js:60:12)\n' +
    '    at Layer.handleRequest (/app/node_modules/router/lib/layer.js:152:17)\n' +
    '    at trimPrefix (/app/node_modules/router/index.js:342:13)',
  level: 'error',
  timestamp: '2026-08-02T05:35:14.065Z'
}
{
  message: 'JWT Verification Error: jwt expired',
  level: 'error',
  timestamp: '2026-08-02T05:35:14.074Z'
}
{
  message: 'GLOBAL ERROR HANDLER CAUGHT: Error: Phiên đăng nhập đã hết hạn. Vui lòng lấy Token mới.\n' +
    '    at authMiddleware (/app/src/middlewares/authMiddleware.ts:80:9)\n' +
    '    at Layer.handleRequest (/app/node_modules/router/lib/layer.js:152:17)\n' +
    '    at trimPrefix (/app/node_modules/router/index.js:342:13)\n' +
    '    at /app/node_modules/router/index.js:297:9\n' +
    '    at processParams (/app/node_modules/router/index.js:582:12)\n' +
    '    at next (/app/node_modules/router/index.js:291:5)\n' +
    '    at Function.handle (/app/node_modules/router/index.js:186:3)\n' +
    '    at router (/app/node_modules/router/index.js:60:12)\n' +
    '    at Layer.handleRequest (/app/node_modules/router/lib/layer.js:152:17)\n' +
    '    at trimPrefix (/app/node_modules/router/index.js:342:13)',
  level: 'error',
  timestamp: '2026-08-02T05:35:14.075Z'
}
{
  message: '[AuthController] Refresh Tokens',
  level: 'info',
  timestamp: '2026-08-02T05:35:14.096Z'
}
{
  message: 'Fetching user details for ID: 0772409a-2c0f-47cb-9ec6-51dbdeedda73',
  level: 'debug',
  timestamp: '2026-08-02T05:35:14.125Z'
}
{
  message: '[Cache Hit] Lấy thông tin user ID: 0772409a-2c0f-47cb-9ec6-51dbdeedda73 từ Redis',
  level: 'debug',
  timestamp: '2026-08-02T05:35:14.126Z'
}
{
  message: '[AuthService] Tokens refreshed successfully for user: agent1@booking.com',
  level: 'info',
  timestamp: '2026-08-02T05:35:14.191Z'
}
{
  userId: '0772409a-2c0f-47cb-9ec6-51dbdeedda73',
  level: 'info',
  message: '[AuthController] Get Me',
  timestamp: '2026-08-02T05:35:15.151Z'
}
{
  message: 'Fetching user details for ID: 0772409a-2c0f-47cb-9ec6-51dbdeedda73',
  level: 'debug',
  timestamp: '2026-08-02T05:35:15.151Z'
}
{
  message: '[Cache Hit] Lấy thông tin user ID: 0772409a-2c0f-47cb-9ec6-51dbdeedda73 từ Redis',
  level: 'debug',
  timestamp: '2026-08-02T05:35:15.153Z'
}
{
  userId: '0772409a-2c0f-47cb-9ec6-51dbdeedda73',
  level: 'info',
  message: '[AuthController] Get Me',
  timestamp: '2026-08-02T05:35:15.166Z'
}
{
  message: 'Fetching user details for ID: 0772409a-2c0f-47cb-9ec6-51dbdeedda73',
  level: 'debug',
  timestamp: '2026-08-02T05:35:15.167Z'
}
{
  message: '[Cache Hit] Lấy thông tin user ID: 0772409a-2c0f-47cb-9ec6-51dbdeedda73 từ Redis',
  level: 'debug',
  timestamp: '2026-08-02T05:35:15.169Z'
}
{
  message: '[HotelController] Get my hotels',
  level: 'info',
  timestamp: '2026-08-02T05:35:15.471Z'
}
{
  message: '[HotelController] Get my hotels',
  level: 'info',
  timestamp: '2026-08-02T05:35:15.531Z'
}
{
  hotelId: '2d556b72-df20-455a-98d8-5887c31297de',
  level: 'info',
  message: '[BookingController] Get hotel bookings',
  timestamp: '2026-08-02T05:35:15.559Z'
}
{
  message: '[Cache Hit] Lấy thông tin hotel ID: 2d556b72-df20-455a-98d8-5887c31297de từ Redis',
  level: 'debug',
  timestamp: '2026-08-02T05:35:15.572Z'
}
{
  hotelId: '4ae8aa74-5d12-4c14-9904-1a09cd67b79d',
  level: 'info',
  message: '[BookingController] Get hotel bookings',
  timestamp: '2026-08-02T05:35:15.584Z'
}
{
  message: '[Cache Hit] Lấy thông tin hotel ID: 4ae8aa74-5d12-4c14-9904-1a09cd67b79d từ Redis',
  level: 'debug',
  timestamp: '2026-08-02T05:35:15.591Z'
}
{
  hotelId: '8168c601-3fbd-4be9-b0ba-78bc1ac96ea4',
  level: 'info',
  message: '[BookingController] Get hotel bookings',
  timestamp: '2026-08-02T05:35:15.596Z'
}
{
  message: '[Cache Hit] Lấy thông tin hotel ID: 8168c601-3fbd-4be9-b0ba-78bc1ac96ea4 từ Redis',
  level: 'debug',
  timestamp: '2026-08-02T05:35:15.601Z'
}
{
  hotelId: 'ca5dfeea-502a-49b4-8b40-edb8d8641096',
  level: 'info',
  message: '[BookingController] Get hotel bookings',
  timestamp: '2026-08-02T05:35:15.607Z'
}
{
  message: '[Cache Hit] Lấy thông tin hotel ID: ca5dfeea-502a-49b4-8b40-edb8d8641096 từ Redis',
  level: 'debug',
  timestamp: '2026-08-02T05:35:15.608Z'
}
{
  hotelId: '6c5095d1-8035-4ee6-b1b1-b9e27942a76f',
  level: 'info',
  message: '[BookingController] Get hotel bookings',
  timestamp: '2026-08-02T05:35:15.612Z'
}
{
  hotelId: 'cdcc3f08-97f8-42a7-8c59-51ba169f3bee',
  level: 'info',
  message: '[BookingController] Get hotel bookings',
  timestamp: '2026-08-02T05:35:15.615Z'
}
{
  message: '[Cache Hit] Lấy thông tin hotel ID: 6c5095d1-8035-4ee6-b1b1-b9e27942a76f từ Redis',
  level: 'debug',
  timestamp: '2026-08-02T05:35:15.616Z'
}
{
  message: '[Cache Hit] Lấy thông tin hotel ID: cdcc3f08-97f8-42a7-8c59-51ba169f3bee từ Redis',
  level: 'debug',
  timestamp: '2026-08-02T05:35:15.617Z'
}
{
  hotelId: '2d556b72-df20-455a-98d8-5887c31297de',
  level: 'info',
  message: '[BookingController] Get hotel bookings',
  timestamp: '2026-08-02T05:35:15.621Z'
}
{
  hotelId: '7806d7b1-469e-4a3e-b855-cc649c51efc9',
  level: 'info',
  message: '[BookingController] Get hotel bookings',
  timestamp: '2026-08-02T05:35:15.624Z'
}
{
  message: '[Cache Hit] Lấy thông tin hotel ID: 2d556b72-df20-455a-98d8-5887c31297de từ Redis',
  level: 'debug',
  timestamp: '2026-08-02T05:35:15.625Z'
}
{
  message: '[Cache Hit] Lấy thông tin hotel ID: 7806d7b1-469e-4a3e-b855-cc649c51efc9 từ Redis',
  level: 'debug',
  timestamp: '2026-08-02T05:35:15.625Z'
}
{
  hotelId: '99d133ab-5625-4527-9f6a-1c3784ec4888',
  level: 'info',
  message: '[BookingController] Get hotel bookings',
  timestamp: '2026-08-02T05:35:15.629Z'
}
{
  hotelId: '774ea0ad-10a2-4836-add4-ed1bf337d1f2',
  level: 'info',
  message: '[BookingController] Get hotel bookings',
  timestamp: '2026-08-02T05:35:15.632Z'
}
{
  message: '[Cache Hit] Lấy thông tin hotel ID: 99d133ab-5625-4527-9f6a-1c3784ec4888 từ Redis',
  level: 'debug',
  timestamp: '2026-08-02T05:35:15.633Z'
}
{
  message: '[Cache Hit] Lấy thông tin hotel ID: 774ea0ad-10a2-4836-add4-ed1bf337d1f2 từ Redis',
  level: 'debug',
  timestamp: '2026-08-02T05:35:15.633Z'
}
{
  hotelId: 'b1894531-1a55-41c4-8de3-3f7222ce9272',
  level: 'info',
  message: '[BookingController] Get hotel bookings',
  timestamp: '2026-08-02T05:35:15.639Z'
}
{
  hotelId: '615a05ed-ca06-4178-9e3d-e2e883cd86f0',
  level: 'info',
  message: '[BookingController] Get hotel bookings',
  timestamp: '2026-08-02T05:35:15.641Z'
}
{
  message: '[Cache Hit] Lấy thông tin hotel ID: b1894531-1a55-41c4-8de3-3f7222ce9272 từ Redis',
  level: 'debug',
  timestamp: '2026-08-02T05:35:15.642Z'
}
{
  message: '[Cache Hit] Lấy thông tin hotel ID: 615a05ed-ca06-4178-9e3d-e2e883cd86f0 từ Redis',
  level: 'debug',
  timestamp: '2026-08-02T05:35:15.642Z'
}
{
  hotelId: 'b791877f-a851-4df9-8e97-491b5f55e97f',
  level: 'info',
  message: '[BookingController] Get hotel bookings',
  timestamp: '2026-08-02T05:35:15.646Z'
}
{
  hotelId: '4ae8aa74-5d12-4c14-9904-1a09cd67b79d',
  level: 'info',
  message: '[BookingController] Get hotel bookings',
  timestamp: '2026-08-02T05:35:15.649Z'
}
{
  message: '[Cache Hit] Lấy thông tin hotel ID: b791877f-a851-4df9-8e97-491b5f55e97f từ Redis',
  level: 'debug',
  timestamp: '2026-08-02T05:35:15.649Z'
}
{
  message: '[Cache Hit] Lấy thông tin hotel ID: 4ae8aa74-5d12-4c14-9904-1a09cd67b79d từ Redis',
  level: 'debug',
  timestamp: '2026-08-02T05:35:15.650Z'
}
{
  hotelId: '8168c601-3fbd-4be9-b0ba-78bc1ac96ea4',
  level: 'info',
  message: '[BookingController] Get hotel bookings',
  timestamp: '2026-08-02T05:35:15.653Z'
}
{
  hotelId: 'ca5dfeea-502a-49b4-8b40-edb8d8641096',
  level: 'info',
  message: '[BookingController] Get hotel bookings',
  timestamp: '2026-08-02T05:35:15.656Z'
}
{
  message: '[Cache Hit] Lấy thông tin hotel ID: 8168c601-3fbd-4be9-b0ba-78bc1ac96ea4 từ Redis',
  level: 'debug',
  timestamp: '2026-08-02T05:35:15.657Z'
}
{
  message: '[Cache Hit] Lấy thông tin hotel ID: ca5dfeea-502a-49b4-8b40-edb8d8641096 từ Redis',
  level: 'debug',
  timestamp: '2026-08-02T05:35:15.657Z'
}
{
  hotelId: '6c5095d1-8035-4ee6-b1b1-b9e27942a76f',
  level: 'info',
  message: '[BookingController] Get hotel bookings',
  timestamp: '2026-08-02T05:35:15.659Z'
}
{
  hotelId: 'cdcc3f08-97f8-42a7-8c59-51ba169f3bee',
  level: 'info',
  message: '[BookingController] Get hotel bookings',
  timestamp: '2026-08-02T05:35:15.661Z'
}
{
  message: '[Cache Hit] Lấy thông tin hotel ID: 6c5095d1-8035-4ee6-b1b1-b9e27942a76f từ Redis',
  level: 'debug',
  timestamp: '2026-08-02T05:35:15.662Z'
}
{
  message: '[Cache Hit] Lấy thông tin hotel ID: cdcc3f08-97f8-42a7-8c59-51ba169f3bee từ Redis',
  level: 'debug',
  timestamp: '2026-08-02T05:35:15.663Z'
}
{
  hotelId: '7806d7b1-469e-4a3e-b855-cc649c51efc9',
  level: 'info',
  message: '[BookingController] Get hotel bookings',
  timestamp: '2026-08-02T05:35:15.666Z'
}
{
  hotelId: '99d133ab-5625-4527-9f6a-1c3784ec4888',
  level: 'info',
  message: '[BookingController] Get hotel bookings',
  timestamp: '2026-08-02T05:35:15.667Z'
}
{
  message: '[Cache Hit] Lấy thông tin hotel ID: 7806d7b1-469e-4a3e-b855-cc649c51efc9 từ Redis',
  level: 'debug',
  timestamp: '2026-08-02T05:35:15.668Z'
}
{
  message: '[Cache Hit] Lấy thông tin hotel ID: 99d133ab-5625-4527-9f6a-1c3784ec4888 từ Redis',
  level: 'debug',
  timestamp: '2026-08-02T05:35:15.668Z'
}
{
  hotelId: '774ea0ad-10a2-4836-add4-ed1bf337d1f2',
  level: 'info',
  message: '[BookingController] Get hotel bookings',
  timestamp: '2026-08-02T05:35:15.672Z'
}
{
  hotelId: 'b1894531-1a55-41c4-8de3-3f7222ce9272',
  level: 'info',
  message: '[BookingController] Get hotel bookings',
  timestamp: '2026-08-02T05:35:15.674Z'
}
{
  message: '[Cache Hit] Lấy thông tin hotel ID: 774ea0ad-10a2-4836-add4-ed1bf337d1f2 từ Redis',
  level: 'debug',
  timestamp: '2026-08-02T05:35:15.675Z'
}
{
  message: '[Cache Hit] Lấy thông tin hotel ID: b1894531-1a55-41c4-8de3-3f7222ce9272 từ Redis',
  level: 'debug',
  timestamp: '2026-08-02T05:35:15.675Z'
}
{
  hotelId: '615a05ed-ca06-4178-9e3d-e2e883cd86f0',
  level: 'info',
  message: '[BookingController] Get hotel bookings',
  timestamp: '2026-08-02T05:35:15.679Z'
}
{
  hotelId: 'b791877f-a851-4df9-8e97-491b5f55e97f',
  level: 'info',
  message: '[BookingController] Get hotel bookings',
  timestamp: '2026-08-02T05:35:15.681Z'
}
{
  message: '[Cache Hit] Lấy thông tin hotel ID: 615a05ed-ca06-4178-9e3d-e2e883cd86f0 từ Redis',
  level: 'debug',
  timestamp: '2026-08-02T05:35:15.682Z'
}
{
  message: '[Cache Hit] Lấy thông tin hotel ID: b791877f-a851-4df9-8e97-491b5f55e97f từ Redis',
  level: 'debug',
  timestamp: '2026-08-02T05:35:15.682Z'
}
{
  userId: '0772409a-2c0f-47cb-9ec6-51dbdeedda73',
  level: 'info',
  message: '[AuthController] Get Me',
  timestamp: '2026-08-02T05:35:22.623Z'
}
{
  message: 'Fetching user details for ID: 0772409a-2c0f-47cb-9ec6-51dbdeedda73',
  level: 'debug',
  timestamp: '2026-08-02T05:35:22.624Z'
}
{
  message: '[Cache Hit] Lấy thông tin user ID: 0772409a-2c0f-47cb-9ec6-51dbdeedda73 từ Redis',
  level: 'debug',
  timestamp: '2026-08-02T05:35:22.624Z'
}
{
  userId: '0772409a-2c0f-47cb-9ec6-51dbdeedda73',
  level: 'info',
  message: '[AuthController] Get Me',
  timestamp: '2026-08-02T05:35:22.629Z'
}
{
  message: 'Fetching user details for ID: 0772409a-2c0f-47cb-9ec6-51dbdeedda73',
  level: 'debug',
  timestamp: '2026-08-02T05:35:22.630Z'
}
{
  message: '[Cache Hit] Lấy thông tin user ID: 0772409a-2c0f-47cb-9ec6-51dbdeedda73 từ Redis',
  level: 'debug',
  timestamp: '2026-08-02T05:35:22.632Z'
}
{
  message: '[HotelController] Get my hotels',
  level: 'info',
  timestamp: '2026-08-02T05:35:22.934Z'
}
{
  message: '[HotelController] Get my hotels',
  level: 'info',
  timestamp: '2026-08-02T05:35:22.956Z'
}
{
  hotelId: '2d556b72-df20-455a-98d8-5887c31297de',
  level: 'info',
  message: '[BookingController] Get hotel bookings',
  timestamp: '2026-08-02T05:35:23.008Z'
}
{
  message: '[Cache Hit] Lấy thông tin hotel ID: 2d556b72-df20-455a-98d8-5887c31297de từ Redis',
  level: 'debug',
  timestamp: '2026-08-02T05:35:23.022Z'
}
{
  hotelId: '774ea0ad-10a2-4836-add4-ed1bf337d1f2',
  level: 'info',
  message: '[BookingController] Get hotel bookings',
  timestamp: '2026-08-02T05:35:23.035Z'
}
{
  message: '[Cache Hit] Lấy thông tin hotel ID: 774ea0ad-10a2-4836-add4-ed1bf337d1f2 từ Redis',
  level: 'debug',
  timestamp: '2026-08-02T05:35:23.044Z'
}
{
  hotelId: '8168c601-3fbd-4be9-b0ba-78bc1ac96ea4',
  level: 'info',
  message: '[BookingController] Get hotel bookings',
  timestamp: '2026-08-02T05:35:23.051Z'
}
{
  message: '[Cache Hit] Lấy thông tin hotel ID: 8168c601-3fbd-4be9-b0ba-78bc1ac96ea4 từ Redis',
  level: 'debug',
  timestamp: '2026-08-02T05:35:23.054Z'
}
{
  hotelId: 'ca5dfeea-502a-49b4-8b40-edb8d8641096',
  level: 'info',
  message: '[BookingController] Get hotel bookings',
  timestamp: '2026-08-02T05:35:23.060Z'
}
{
  message: '[Cache Hit] Lấy thông tin hotel ID: ca5dfeea-502a-49b4-8b40-edb8d8641096 từ Redis',
  level: 'debug',
  timestamp: '2026-08-02T05:35:23.061Z'
}
{
  hotelId: 'b1894531-1a55-41c4-8de3-3f7222ce9272',
  level: 'info',
  message: '[BookingController] Get hotel bookings',
  timestamp: '2026-08-02T05:35:23.065Z'
}
{
  hotelId: 'cdcc3f08-97f8-42a7-8c59-51ba169f3bee',
  level: 'info',
  message: '[BookingController] Get hotel bookings',
  timestamp: '2026-08-02T05:35:23.068Z'
}
{
  message: '[Cache Hit] Lấy thông tin hotel ID: b1894531-1a55-41c4-8de3-3f7222ce9272 từ Redis',
  level: 'debug',
  timestamp: '2026-08-02T05:35:23.070Z'
}
{
  message: '[Cache Hit] Lấy thông tin hotel ID: cdcc3f08-97f8-42a7-8c59-51ba169f3bee từ Redis',
  level: 'debug',
  timestamp: '2026-08-02T05:35:23.070Z'
}
{
  hotelId: '2d556b72-df20-455a-98d8-5887c31297de',
  level: 'info',
  message: '[BookingController] Get hotel bookings',
  timestamp: '2026-08-02T05:35:23.078Z'
}
{
  hotelId: '7806d7b1-469e-4a3e-b855-cc649c51efc9',
  level: 'info',
  message: '[BookingController] Get hotel bookings',
  timestamp: '2026-08-02T05:35:23.080Z'
}
{
  message: '[Cache Hit] Lấy thông tin hotel ID: 2d556b72-df20-455a-98d8-5887c31297de từ Redis',
  level: 'debug',
  timestamp: '2026-08-02T05:35:23.081Z'
}
{
  message: '[Cache Hit] Lấy thông tin hotel ID: 7806d7b1-469e-4a3e-b855-cc649c51efc9 từ Redis',
  level: 'debug',
  timestamp: '2026-08-02T05:35:23.082Z'
}
{
  hotelId: '6c5095d1-8035-4ee6-b1b1-b9e27942a76f',
  level: 'info',
  message: '[BookingController] Get hotel bookings',
  timestamp: '2026-08-02T05:35:23.086Z'
}
{
  hotelId: '4ae8aa74-5d12-4c14-9904-1a09cd67b79d',
  level: 'info',
  message: '[BookingController] Get hotel bookings',
  timestamp: '2026-08-02T05:35:23.089Z'
}
{
  message: '[Cache Hit] Lấy thông tin hotel ID: 6c5095d1-8035-4ee6-b1b1-b9e27942a76f từ Redis',
  level: 'debug',
  timestamp: '2026-08-02T05:35:23.092Z'
}
{
  message: '[Cache Hit] Lấy thông tin hotel ID: 4ae8aa74-5d12-4c14-9904-1a09cd67b79d từ Redis',
  level: 'debug',
  timestamp: '2026-08-02T05:35:23.092Z'
}
{
  hotelId: '99d133ab-5625-4527-9f6a-1c3784ec4888',
  level: 'info',
  message: '[BookingController] Get hotel bookings',
  timestamp: '2026-08-02T05:35:23.097Z'
}
{
  hotelId: 'b791877f-a851-4df9-8e97-491b5f55e97f',
  level: 'info',
  message: '[BookingController] Get hotel bookings',
  timestamp: '2026-08-02T05:35:23.101Z'
}
{
  message: '[Cache Hit] Lấy thông tin hotel ID: 99d133ab-5625-4527-9f6a-1c3784ec4888 từ Redis',
  level: 'debug',
  timestamp: '2026-08-02T05:35:23.103Z'
}
{
  message: '[Cache Hit] Lấy thông tin hotel ID: b791877f-a851-4df9-8e97-491b5f55e97f từ Redis',
  level: 'debug',
  timestamp: '2026-08-02T05:35:23.104Z'
}
{
  hotelId: '615a05ed-ca06-4178-9e3d-e2e883cd86f0',
  level: 'info',
  message: '[BookingController] Get hotel bookings',
  timestamp: '2026-08-02T05:35:23.109Z'
}
{
  hotelId: '774ea0ad-10a2-4836-add4-ed1bf337d1f2',
  level: 'info',
  message: '[BookingController] Get hotel bookings',
  timestamp: '2026-08-02T05:35:23.111Z'
}
{
  message: '[Cache Hit] Lấy thông tin hotel ID: 615a05ed-ca06-4178-9e3d-e2e883cd86f0 từ Redis',
  level: 'debug',
  timestamp: '2026-08-02T05:35:23.114Z'
}
{
  message: '[Cache Hit] Lấy thông tin hotel ID: 774ea0ad-10a2-4836-add4-ed1bf337d1f2 từ Redis',
  level: 'debug',
  timestamp: '2026-08-02T05:35:23.114Z'
}
{
  hotelId: '8168c601-3fbd-4be9-b0ba-78bc1ac96ea4',
  level: 'info',
  message: '[BookingController] Get hotel bookings',
  timestamp: '2026-08-02T05:35:23.120Z'
}
{
  hotelId: 'ca5dfeea-502a-49b4-8b40-edb8d8641096',
  level: 'info',
  message: '[BookingController] Get hotel bookings',
  timestamp: '2026-08-02T05:35:23.123Z'
}
{
  message: '[Cache Hit] Lấy thông tin hotel ID: 8168c601-3fbd-4be9-b0ba-78bc1ac96ea4 từ Redis',
  level: 'debug',
  timestamp: '2026-08-02T05:35:23.125Z'
}
{
  message: '[Cache Hit] Lấy thông tin hotel ID: ca5dfeea-502a-49b4-8b40-edb8d8641096 từ Redis',
  level: 'debug',
  timestamp: '2026-08-02T05:35:23.125Z'
}
{
  hotelId: 'b1894531-1a55-41c4-8de3-3f7222ce9272',
  level: 'info',
  message: '[BookingController] Get hotel bookings',
  timestamp: '2026-08-02T05:35:23.129Z'
}
{
  hotelId: 'cdcc3f08-97f8-42a7-8c59-51ba169f3bee',
  level: 'info',
  message: '[BookingController] Get hotel bookings',
  timestamp: '2026-08-02T05:35:23.134Z'
}
{
  message: '[Cache Hit] Lấy thông tin hotel ID: b1894531-1a55-41c4-8de3-3f7222ce9272 từ Redis',
  level: 'debug',
  timestamp: '2026-08-02T05:35:23.135Z'
}
{
  message: '[Cache Hit] Lấy thông tin hotel ID: cdcc3f08-97f8-42a7-8c59-51ba169f3bee từ Redis',
  level: 'debug',
  timestamp: '2026-08-02T05:35:23.136Z'
}
{
  hotelId: '7806d7b1-469e-4a3e-b855-cc649c51efc9',
  level: 'info',
  message: '[BookingController] Get hotel bookings',
  timestamp: '2026-08-02T05:35:23.142Z'
}
{
  hotelId: '6c5095d1-8035-4ee6-b1b1-b9e27942a76f',
  level: 'info',
  message: '[BookingController] Get hotel bookings',
  timestamp: '2026-08-02T05:35:23.144Z'
}
{
  message: '[Cache Hit] Lấy thông tin hotel ID: 7806d7b1-469e-4a3e-b855-cc649c51efc9 từ Redis',
  level: 'debug',
  timestamp: '2026-08-02T05:35:23.145Z'
}
{
  message: '[Cache Hit] Lấy thông tin hotel ID: 6c5095d1-8035-4ee6-b1b1-b9e27942a76f từ Redis',
  level: 'debug',
  timestamp: '2026-08-02T05:35:23.145Z'
}
{
  hotelId: '4ae8aa74-5d12-4c14-9904-1a09cd67b79d',
  level: 'info',
  message: '[BookingController] Get hotel bookings',
  timestamp: '2026-08-02T05:35:23.151Z'
}
{
  hotelId: '99d133ab-5625-4527-9f6a-1c3784ec4888',
  level: 'info',
  message: '[BookingController] Get hotel bookings',
  timestamp: '2026-08-02T05:35:23.155Z'
}
{
  message: '[Cache Hit] Lấy thông tin hotel ID: 4ae8aa74-5d12-4c14-9904-1a09cd67b79d từ Redis',
  level: 'debug',
  timestamp: '2026-08-02T05:35:23.160Z'
}
{
  message: '[Cache Hit] Lấy thông tin hotel ID: 99d133ab-5625-4527-9f6a-1c3784ec4888 từ Redis',
  level: 'debug',
  timestamp: '2026-08-02T05:35:23.160Z'
}
{
  hotelId: 'b791877f-a851-4df9-8e97-491b5f55e97f',
  level: 'info',
  message: '[BookingController] Get hotel bookings',
  timestamp: '2026-08-02T05:35:23.166Z'
}
{
  hotelId: '615a05ed-ca06-4178-9e3d-e2e883cd86f0',
  level: 'info',
  message: '[BookingController] Get hotel bookings',
  timestamp: '2026-08-02T05:35:23.169Z'
}
{
  message: '[Cache Hit] Lấy thông tin hotel ID: b791877f-a851-4df9-8e97-491b5f55e97f từ Redis',
  level: 'debug',
  timestamp: '2026-08-02T05:35:23.171Z'
}
{
  message: '[Cache Hit] Lấy thông tin hotel ID: 615a05ed-ca06-4178-9e3d-e2e883cd86f0 từ Redis',
  level: 'debug',
  timestamp: '2026-08-02T05:35:23.171Z'
}
{
  userId: '0772409a-2c0f-47cb-9ec6-51dbdeedda73',
  level: 'info',
  message: '[AuthController] Get Me',
  timestamp: '2026-08-02T05:36:35.990Z'
}
{
  message: 'Fetching user details for ID: 0772409a-2c0f-47cb-9ec6-51dbdeedda73',
  level: 'debug',
  timestamp: '2026-08-02T05:36:35.991Z'
}
{
  message: '[Cache Hit] Lấy thông tin user ID: 0772409a-2c0f-47cb-9ec6-51dbdeedda73 từ Redis',
  level: 'debug',
  timestamp: '2026-08-02T05:36:35.992Z'
}
{
  userId: '0772409a-2c0f-47cb-9ec6-51dbdeedda73',
  level: 'info',
  message: '[AuthController] Get Me',
  timestamp: '2026-08-02T05:36:35.996Z'
}
{
  message: 'Fetching user details for ID: 0772409a-2c0f-47cb-9ec6-51dbdeedda73',
  level: 'debug',
  timestamp: '2026-08-02T05:36:35.997Z'
}
{
  message: '[Cache Hit] Lấy thông tin user ID: 0772409a-2c0f-47cb-9ec6-51dbdeedda73 từ Redis',
  level: 'debug',
  timestamp: '2026-08-02T05:36:36.000Z'
}
{
  message: '[HotelController] Get my hotels',
  level: 'info',
  timestamp: '2026-08-02T05:36:36.296Z'
}
{
  message: '[HotelController] Get my hotels',
  level: 'info',
  timestamp: '2026-08-02T05:36:36.345Z'
}
{
  hotelId: '2d556b72-df20-455a-98d8-5887c31297de',
  level: 'info',
  message: '[BookingController] Get hotel bookings',
  timestamp: '2026-08-02T05:36:36.400Z'
}
{
  message: '[Cache Hit] Lấy thông tin hotel ID: 2d556b72-df20-455a-98d8-5887c31297de từ Redis',
  level: 'debug',
  timestamp: '2026-08-02T05:36:36.409Z'
}
{
  hotelId: '7806d7b1-469e-4a3e-b855-cc649c51efc9',
  level: 'info',
  message: '[BookingController] Get hotel bookings',
  timestamp: '2026-08-02T05:36:36.423Z'
}
{
  hotelId: 'ca5dfeea-502a-49b4-8b40-edb8d8641096',
  level: 'info',
  message: '[BookingController] Get hotel bookings',
  timestamp: '2026-08-02T05:36:36.426Z'
}
{
  message: '[Cache Hit] Lấy thông tin hotel ID: 7806d7b1-469e-4a3e-b855-cc649c51efc9 từ Redis',
  level: 'debug',
  timestamp: '2026-08-02T05:36:36.428Z'
}
{
  message: '[Cache Hit] Lấy thông tin hotel ID: ca5dfeea-502a-49b4-8b40-edb8d8641096 từ Redis',
  level: 'debug',
  timestamp: '2026-08-02T05:36:36.428Z'
}
{
  hotelId: '774ea0ad-10a2-4836-add4-ed1bf337d1f2',
  level: 'info',
  message: '[BookingController] Get hotel bookings',
  timestamp: '2026-08-02T05:36:36.433Z'
}
{
  message: '[Cache Hit] Lấy thông tin hotel ID: 774ea0ad-10a2-4836-add4-ed1bf337d1f2 từ Redis',
  level: 'debug',
  timestamp: '2026-08-02T05:36:36.437Z'
}
{
  hotelId: 'cdcc3f08-97f8-42a7-8c59-51ba169f3bee',
  level: 'info',
  message: '[BookingController] Get hotel bookings',
  timestamp: '2026-08-02T05:36:36.443Z'
}
{
  message: '[Cache Hit] Lấy thông tin hotel ID: cdcc3f08-97f8-42a7-8c59-51ba169f3bee từ Redis',
  level: 'debug',
  timestamp: '2026-08-02T05:36:36.446Z'
}
{
  hotelId: '6c5095d1-8035-4ee6-b1b1-b9e27942a76f',
  level: 'info',
  message: '[BookingController] Get hotel bookings',
  timestamp: '2026-08-02T05:36:36.454Z'
}
{
  message: '[Cache Hit] Lấy thông tin hotel ID: 6c5095d1-8035-4ee6-b1b1-b9e27942a76f từ Redis',
  level: 'debug',
  timestamp: '2026-08-02T05:36:36.456Z'
}
{
  hotelId: '4ae8aa74-5d12-4c14-9904-1a09cd67b79d',
  level: 'info',
  message: '[BookingController] Get hotel bookings',
  timestamp: '2026-08-02T05:36:36.474Z'
}
{
  message: '[Cache Hit] Lấy thông tin hotel ID: 4ae8aa74-5d12-4c14-9904-1a09cd67b79d từ Redis',
  level: 'debug',
  timestamp: '2026-08-02T05:36:36.476Z'
}
{
  hotelId: '615a05ed-ca06-4178-9e3d-e2e883cd86f0',
  level: 'info',
  message: '[BookingController] Get hotel bookings',
  timestamp: '2026-08-02T05:36:36.488Z'
}
{
  message: '[Cache Hit] Lấy thông tin hotel ID: 615a05ed-ca06-4178-9e3d-e2e883cd86f0 từ Redis',
  level: 'debug',
  timestamp: '2026-08-02T05:36:36.495Z'
}
{
  hotelId: '99d133ab-5625-4527-9f6a-1c3784ec4888',
  level: 'info',
  message: '[BookingController] Get hotel bookings',
  timestamp: '2026-08-02T05:36:36.500Z'
}
{
  message: '[Cache Hit] Lấy thông tin hotel ID: 99d133ab-5625-4527-9f6a-1c3784ec4888 từ Redis',
  level: 'debug',
  timestamp: '2026-08-02T05:36:36.502Z'
}
{
  hotelId: '8168c601-3fbd-4be9-b0ba-78bc1ac96ea4',
  level: 'info',
  message: '[BookingController] Get hotel bookings',
  timestamp: '2026-08-02T05:36:36.513Z'
}
{
  message: '[Cache Hit] Lấy thông tin hotel ID: 8168c601-3fbd-4be9-b0ba-78bc1ac96ea4 từ Redis',
  level: 'debug',
  timestamp: '2026-08-02T05:36:36.515Z'
}
{
  hotelId: 'b1894531-1a55-41c4-8de3-3f7222ce9272',
  level: 'info',
  message: '[BookingController] Get hotel bookings',
  timestamp: '2026-08-02T05:36:36.523Z'
}
{
  message: '[Cache Hit] Lấy thông tin hotel ID: b1894531-1a55-41c4-8de3-3f7222ce9272 từ Redis',
  level: 'debug',
  timestamp: '2026-08-02T05:36:36.526Z'
}
{
  hotelId: 'b791877f-a851-4df9-8e97-491b5f55e97f',
  level: 'info',
  message: '[BookingController] Get hotel bookings',
  timestamp: '2026-08-02T05:36:36.533Z'
}
{
  message: '[Cache Hit] Lấy thông tin hotel ID: b791877f-a851-4df9-8e97-491b5f55e97f từ Redis',
  level: 'debug',
  timestamp: '2026-08-02T05:36:36.535Z'
}
{
  hotelId: '2d556b72-df20-455a-98d8-5887c31297de',
  level: 'info',
  message: '[BookingController] Get hotel bookings',
  timestamp: '2026-08-02T05:36:36.550Z'
}
{
  message: '[Cache Hit] Lấy thông tin hotel ID: 2d556b72-df20-455a-98d8-5887c31297de từ Redis',
  level: 'debug',
  timestamp: '2026-08-02T05:36:36.553Z'
}
{
  hotelId: 'ca5dfeea-502a-49b4-8b40-edb8d8641096',
  level: 'info',
  message: '[BookingController] Get hotel bookings',
  timestamp: '2026-08-02T05:36:36.559Z'
}
{
  message: '[Cache Hit] Lấy thông tin hotel ID: ca5dfeea-502a-49b4-8b40-edb8d8641096 từ Redis',
  level: 'debug',
  timestamp: '2026-08-02T05:36:36.559Z'
}
{
  hotelId: '774ea0ad-10a2-4836-add4-ed1bf337d1f2',
  level: 'info',
  message: '[BookingController] Get hotel bookings',
  timestamp: '2026-08-02T05:36:36.570Z'
}
{
  hotelId: '99d133ab-5625-4527-9f6a-1c3784ec4888',
  level: 'info',
  message: '[BookingController] Get hotel bookings',
  timestamp: '2026-08-02T05:36:36.575Z'
}
{
  message: '[Cache Hit] Lấy thông tin hotel ID: 774ea0ad-10a2-4836-add4-ed1bf337d1f2 từ Redis',
  level: 'debug',
  timestamp: '2026-08-02T05:36:36.578Z'
}
{
  message: '[Cache Hit] Lấy thông tin hotel ID: 99d133ab-5625-4527-9f6a-1c3784ec4888 từ Redis',
  level: 'debug',
  timestamp: '2026-08-02T05:36:36.579Z'
}
{
  hotelId: '4ae8aa74-5d12-4c14-9904-1a09cd67b79d',
  level: 'info',
  message: '[BookingController] Get hotel bookings',
  timestamp: '2026-08-02T05:36:36.585Z'
}
{
  message: '[Cache Hit] Lấy thông tin hotel ID: 4ae8aa74-5d12-4c14-9904-1a09cd67b79d từ Redis',
  level: 'debug',
  timestamp: '2026-08-02T05:36:36.588Z'
}
{
  hotelId: '615a05ed-ca06-4178-9e3d-e2e883cd86f0',
  level: 'info',
  message: '[BookingController] Get hotel bookings',
  timestamp: '2026-08-02T05:36:36.597Z'
}
{
  hotelId: '7806d7b1-469e-4a3e-b855-cc649c51efc9',
  level: 'info',
  message: '[BookingController] Get hotel bookings',
  timestamp: '2026-08-02T05:36:36.603Z'
}
{
  hotelId: '8168c601-3fbd-4be9-b0ba-78bc1ac96ea4',
  level: 'info',
  message: '[BookingController] Get hotel bookings',
  timestamp: '2026-08-02T05:36:36.608Z'
}
{
  hotelId: 'b1894531-1a55-41c4-8de3-3f7222ce9272',
  level: 'info',
  message: '[BookingController] Get hotel bookings',
  timestamp: '2026-08-02T05:36:36.611Z'
}
{
  hotelId: 'b791877f-a851-4df9-8e97-491b5f55e97f',
  level: 'info',
  message: '[BookingController] Get hotel bookings',
  timestamp: '2026-08-02T05:36:36.615Z'
}
{
  message: '[Cache Hit] Lấy thông tin hotel ID: 615a05ed-ca06-4178-9e3d-e2e883cd86f0 từ Redis',
  level: 'debug',
  timestamp: '2026-08-02T05:36:36.617Z'
}
{
  message: '[Cache Hit] Lấy thông tin hotel ID: 7806d7b1-469e-4a3e-b855-cc649c51efc9 từ Redis',
  level: 'debug',
  timestamp: '2026-08-02T05:36:36.617Z'
}
{
  message: '[Cache Hit] Lấy thông tin hotel ID: 8168c601-3fbd-4be9-b0ba-78bc1ac96ea4 từ Redis',
  level: 'debug',
  timestamp: '2026-08-02T05:36:36.617Z'
}
{
  message: '[Cache Hit] Lấy thông tin hotel ID: b1894531-1a55-41c4-8de3-3f7222ce9272 từ Redis',
  level: 'debug',
  timestamp: '2026-08-02T05:36:36.618Z'
}
{
  message: '[Cache Hit] Lấy thông tin hotel ID: b791877f-a851-4df9-8e97-491b5f55e97f từ Redis',
  level: 'debug',
  timestamp: '2026-08-02T05:36:36.618Z'
}
{
  hotelId: '6c5095d1-8035-4ee6-b1b1-b9e27942a76f',
  level: 'info',
  message: '[BookingController] Get hotel bookings',
  timestamp: '2026-08-02T05:36:36.622Z'
}
{
  message: '[Cache Hit] Lấy thông tin hotel ID: 6c5095d1-8035-4ee6-b1b1-b9e27942a76f từ Redis',
  level: 'debug',
  timestamp: '2026-08-02T05:36:36.624Z'
}
{
  hotelId: 'cdcc3f08-97f8-42a7-8c59-51ba169f3bee',
  level: 'info',
  message: '[BookingController] Get hotel bookings',
  timestamp: '2026-08-02T05:36:36.636Z'
}
{
  message: '[Cache Hit] Lấy thông tin hotel ID: cdcc3f08-97f8-42a7-8c59-51ba169f3bee từ Redis',
  level: 'debug',
  timestamp: '2026-08-02T05:36:36.639Z'
}
{
  message: '[AiController] Analyzing ALL hotels for agent 0772409a-2c0f-47cb-9ec6-51dbdeedda73',
  level: 'info',
  timestamp: '2026-08-02T05:36:38.133Z'
}
{
  message: 'GLOBAL ERROR HANDLER CAUGHT: TypeError: this.hotelService.getOwnerHotels is not a function\n' +
    '    at AiAnalyticsService.analyzeAllHotels (/app/src/modules/ai/services/aiAnalyticsService.ts:205:44)\n' +
    '    at analyzeAll (/app/src/modules/ai/controllers/aiController.ts:38:58)\n' +
    '    at <anonymous> (/app/src/utils/asyncHandler.ts:5:25)\n' +
    '    at Layer.handleRequest (/app/node_modules/router/lib/layer.js:152:17)\n' +
    '    at next (/app/node_modules/router/lib/route.js:157:13)\n' +
    '    at <anonymous> (/app/src/middlewares/roleMiddleware.ts:19:5)\n' +
    '    at Layer.handleRequest (/app/node_modules/router/lib/layer.js:152:17)\n' +
    '    at next (/app/node_modules/router/lib/route.js:157:13)\n' +
    '    at authMiddleware (/app/src/middlewares/authMiddleware.ts:74:5)\n' +
    '    at Layer.handleRequest (/app/node_modules/router/lib/layer.js:152:17)',
  level: 'error',
  timestamp: '2026-08-02T05:36:38.139Z'
}
{
  message: '[AiController] Analyzing ALL hotels for agent 0772409a-2c0f-47cb-9ec6-51dbdeedda73',
  level: 'info',
  timestamp: '2026-08-02T05:36:38.181Z'
}
{
  message: 'GLOBAL ERROR HANDLER CAUGHT: TypeError: this.hotelService.getOwnerHotels is not a function\n' +
    '    at AiAnalyticsService.analyzeAllHotels (/app/src/modules/ai/services/aiAnalyticsService.ts:205:44)\n' +
    '    at analyzeAll (/app/src/modules/ai/controllers/aiController.ts:38:58)\n' +
    '    at <anonymous> (/app/src/utils/asyncHandler.ts:5:25)\n' +
    '    at Layer.handleRequest (/app/node_modules/router/lib/layer.js:152:17)\n' +
    '    at next (/app/node_modules/router/lib/route.js:157:13)\n' +
    '    at <anonymous> (/app/src/middlewares/roleMiddleware.ts:19:5)\n' +
    '    at Layer.handleRequest (/app/node_modules/router/lib/layer.js:152:17)\n' +
    '    at next (/app/node_modules/router/lib/route.js:157:13)\n' +
    '    at authMiddleware (/app/src/middlewares/authMiddleware.ts:74:5)\n' +
    '    at Layer.handleRequest (/app/node_modules/router/lib/layer.js:152:17)',
  level: 'error',
  timestamp: '2026-08-02T05:36:38.182Z'
}
{
  message: '[AiController] Analyzing ALL hotels for agent 0772409a-2c0f-47cb-9ec6-51dbdeedda73',
  level: 'info',
  timestamp: '2026-08-02T05:36:39.925Z'
}
{
  message: 'GLOBAL ERROR HANDLER CAUGHT: TypeError: this.hotelService.getOwnerHotels is not a function\n' +
    '    at AiAnalyticsService.analyzeAllHotels (/app/src/modules/ai/services/aiAnalyticsService.ts:205:44)\n' +
    '    at analyzeAll (/app/src/modules/ai/controllers/aiController.ts:38:58)\n' +
    '    at <anonymous> (/app/src/utils/asyncHandler.ts:5:25)\n' +
    '    at Layer.handleRequest (/app/node_modules/router/lib/layer.js:152:17)\n' +
    '    at next (/app/node_modules/router/lib/route.js:157:13)\n' +
    '    at <anonymous> (/app/src/middlewares/roleMiddleware.ts:19:5)\n' +
    '    at Layer.handleRequest (/app/node_modules/router/lib/layer.js:152:17)\n' +
    '    at next (/app/node_modules/router/lib/route.js:157:13)\n' +
    '    at authMiddleware (/app/src/middlewares/authMiddleware.ts:74:5)\n' +
    '    at Layer.handleRequest (/app/node_modules/router/lib/layer.js:152:17)',
  level: 'error',
  timestamp: '2026-08-02T05:36:39.925Z'
}
{
  message: '[AiController] Analyzing ALL hotels for agent 0772409a-2c0f-47cb-9ec6-51dbdeedda73',
  level: 'info',
  timestamp: '2026-08-02T05:36:45.790Z'
}
{
  message: 'GLOBAL ERROR HANDLER CAUGHT: TypeError: this.hotelService.getOwnerHotels is not a function\n' +
    '    at AiAnalyticsService.analyzeAllHotels (/app/src/modules/ai/services/aiAnalyticsService.ts:205:44)\n' +
    '    at analyzeAll (/app/src/modules/ai/controllers/aiController.ts:38:58)\n' +
    '    at <anonymous> (/app/src/utils/asyncHandler.ts:5:25)\n' +
    '    at Layer.handleRequest (/app/node_modules/router/lib/layer.js:152:17)\n' +
    '    at next (/app/node_modules/router/lib/route.js:157:13)\n' +
    '    at <anonymous> (/app/src/middlewares/roleMiddleware.ts:19:5)\n' +
    '    at Layer.handleRequest (/app/node_modules/router/lib/layer.js:152:17)\n' +
    '    at next (/app/node_modules/router/lib/route.js:157:13)\n' +
    '    at authMiddleware (/app/src/middlewares/authMiddleware.ts:74:5)\n' +
    '    at Layer.handleRequest (/app/node_modules/router/lib/layer.js:152:17)',
  level: 'error',
  timestamp: '2026-08-02T05:36:45.791Z'
}
{
  message: 'Nhận tín hiệu SIGTERM. Đang đóng API Server...',
  level: 'info',
  timestamp: '2026-08-02T05:37:23.103Z'
}
{
  message: 'Express HTTP server đã đóng.',
  level: 'info',
  timestamp: '2026-08-02T05:37:23.104Z'
}
{
  message: '[Redis] Đã đóng kết nối Redis',
  level: 'info',
  timestamp: '2026-08-02T05:37:23.105Z'
}
{
  message: '[SchedulerService] Khởi tạo các cron job...',
  level: 'info',
  timestamp: '2026-08-02T05:37:37.501Z'
}
{
  message: 'Booking API Service đang chạy tại port 3000 (Môi trường: development)',
  level: 'info',
  timestamp: '2026-08-02T05:37:37.606Z'
}
{
  message: '[Redis] Kết nối thành công tới Redis server',
  level: 'info',
  timestamp: '2026-08-02T05:37:37.613Z'
}
{
  userId: '0772409a-2c0f-47cb-9ec6-51dbdeedda73',
  level: 'info',
  message: '[AuthController] Get Me',
  timestamp: '2026-08-02T05:37:37.695Z'
}
{
  message: 'Fetching user details for ID: 0772409a-2c0f-47cb-9ec6-51dbdeedda73',
  level: 'debug',
  timestamp: '2026-08-02T05:37:37.696Z'
}
{
  message: '[Cache Hit] Lấy thông tin user ID: 0772409a-2c0f-47cb-9ec6-51dbdeedda73 từ Redis',
  level: 'debug',
  timestamp: '2026-08-02T05:37:37.698Z'
}
{
  userId: '0772409a-2c0f-47cb-9ec6-51dbdeedda73',
  level: 'info',
  message: '[AuthController] Get Me',
  timestamp: '2026-08-02T05:37:37.721Z'
}
{
  message: 'Fetching user details for ID: 0772409a-2c0f-47cb-9ec6-51dbdeedda73',
  level: 'debug',
  timestamp: '2026-08-02T05:37:37.722Z'
}
{
  message: '[Cache Hit] Lấy thông tin user ID: 0772409a-2c0f-47cb-9ec6-51dbdeedda73 từ Redis',
  level: 'debug',
  timestamp: '2026-08-02T05:37:37.724Z'
}
{
  message: '[HotelController] Get my hotels',
  level: 'info',
  timestamp: '2026-08-02T05:37:38.057Z'
}
{
  message: '[HotelController] Get my hotels',
  level: 'info',
  timestamp: '2026-08-02T05:37:38.308Z'
}
{
  hotelId: '2d556b72-df20-455a-98d8-5887c31297de',
  level: 'info',
  message: '[BookingController] Get hotel bookings',
  timestamp: '2026-08-02T05:37:38.353Z'
}
{
  message: '[Cache Hit] Lấy thông tin hotel ID: 2d556b72-df20-455a-98d8-5887c31297de từ Redis',
  level: 'debug',
  timestamp: '2026-08-02T05:37:38.374Z'
}
{
  hotelId: '7806d7b1-469e-4a3e-b855-cc649c51efc9',
  level: 'info',
  message: '[BookingController] Get hotel bookings',
  timestamp: '2026-08-02T05:37:38.383Z'
}
{
  message: '[Cache Hit] Lấy thông tin hotel ID: 7806d7b1-469e-4a3e-b855-cc649c51efc9 từ Redis',
  level: 'debug',
  timestamp: '2026-08-02T05:37:38.391Z'
}
{
  hotelId: '4ae8aa74-5d12-4c14-9904-1a09cd67b79d',
  level: 'info',
  message: '[BookingController] Get hotel bookings',
  timestamp: '2026-08-02T05:37:38.394Z'
}
{
  hotelId: 'ca5dfeea-502a-49b4-8b40-edb8d8641096',
  level: 'info',
  message: '[BookingController] Get hotel bookings',
  timestamp: '2026-08-02T05:37:38.400Z'
}
{
  message: '[Cache Hit] Lấy thông tin hotel ID: 4ae8aa74-5d12-4c14-9904-1a09cd67b79d từ Redis',
  level: 'debug',
  timestamp: '2026-08-02T05:37:38.402Z'
}
{
  message: '[Cache Hit] Lấy thông tin hotel ID: ca5dfeea-502a-49b4-8b40-edb8d8641096 từ Redis',
  level: 'debug',
  timestamp: '2026-08-02T05:37:38.403Z'
}
{
  hotelId: '774ea0ad-10a2-4836-add4-ed1bf337d1f2',
  level: 'info',
  message: '[BookingController] Get hotel bookings',
  timestamp: '2026-08-02T05:37:38.409Z'
}
{
  message: '[Cache Hit] Lấy thông tin hotel ID: 774ea0ad-10a2-4836-add4-ed1bf337d1f2 từ Redis',
  level: 'debug',
  timestamp: '2026-08-02T05:37:38.411Z'
}
{
  hotelId: 'b1894531-1a55-41c4-8de3-3f7222ce9272',
  level: 'info',
  message: '[BookingController] Get hotel bookings',
  timestamp: '2026-08-02T05:37:38.417Z'
}
{
  hotelId: '6c5095d1-8035-4ee6-b1b1-b9e27942a76f',
  level: 'info',
  message: '[BookingController] Get hotel bookings',
  timestamp: '2026-08-02T05:37:38.421Z'
}
{
  message: '[Cache Hit] Lấy thông tin hotel ID: b1894531-1a55-41c4-8de3-3f7222ce9272 từ Redis',
  level: 'debug',
  timestamp: '2026-08-02T05:37:38.423Z'
}
{
  message: '[Cache Hit] Lấy thông tin hotel ID: 6c5095d1-8035-4ee6-b1b1-b9e27942a76f từ Redis',
  level: 'debug',
  timestamp: '2026-08-02T05:37:38.423Z'
}
{
  hotelId: '99d133ab-5625-4527-9f6a-1c3784ec4888',
  level: 'info',
  message: '[BookingController] Get hotel bookings',
  timestamp: '2026-08-02T05:37:38.427Z'
}
{
  hotelId: '8168c601-3fbd-4be9-b0ba-78bc1ac96ea4',
  level: 'info',
  message: '[BookingController] Get hotel bookings',
  timestamp: '2026-08-02T05:37:38.433Z'
}
{
  hotelId: 'cdcc3f08-97f8-42a7-8c59-51ba169f3bee',
  level: 'info',
  message: '[BookingController] Get hotel bookings',
  timestamp: '2026-08-02T05:37:38.436Z'
}
{
  message: '[Cache Hit] Lấy thông tin hotel ID: 99d133ab-5625-4527-9f6a-1c3784ec4888 từ Redis',
  level: 'debug',
  timestamp: '2026-08-02T05:37:38.438Z'
}
{
  message: '[Cache Hit] Lấy thông tin hotel ID: 8168c601-3fbd-4be9-b0ba-78bc1ac96ea4 từ Redis',
  level: 'debug',
  timestamp: '2026-08-02T05:37:38.439Z'
}
{
  message: '[Cache Hit] Lấy thông tin hotel ID: cdcc3f08-97f8-42a7-8c59-51ba169f3bee từ Redis',
  level: 'debug',
  timestamp: '2026-08-02T05:37:38.439Z'
}
{
  hotelId: '615a05ed-ca06-4178-9e3d-e2e883cd86f0',
  level: 'info',
  message: '[BookingController] Get hotel bookings',
  timestamp: '2026-08-02T05:37:38.445Z'
}
{
  message: '[Cache Hit] Lấy thông tin hotel ID: 615a05ed-ca06-4178-9e3d-e2e883cd86f0 từ Redis',
  level: 'debug',
  timestamp: '2026-08-02T05:37:38.449Z'
}
{
  hotelId: '2d556b72-df20-455a-98d8-5887c31297de',
  level: 'info',
  message: '[BookingController] Get hotel bookings',
  timestamp: '2026-08-02T05:37:38.462Z'
}
{
  hotelId: 'b791877f-a851-4df9-8e97-491b5f55e97f',
  level: 'info',
  message: '[BookingController] Get hotel bookings',
  timestamp: '2026-08-02T05:37:38.472Z'
}
{
  message: '[Cache Hit] Lấy thông tin hotel ID: 2d556b72-df20-455a-98d8-5887c31297de từ Redis',
  level: 'debug',
  timestamp: '2026-08-02T05:37:38.474Z'
}
{
  message: '[Cache Hit] Lấy thông tin hotel ID: b791877f-a851-4df9-8e97-491b5f55e97f từ Redis',
  level: 'debug',
  timestamp: '2026-08-02T05:37:38.475Z'
}
{
  hotelId: '7806d7b1-469e-4a3e-b855-cc649c51efc9',
  level: 'info',
  message: '[BookingController] Get hotel bookings',
  timestamp: '2026-08-02T05:37:38.480Z'
}
{
  hotelId: '4ae8aa74-5d12-4c14-9904-1a09cd67b79d',
  level: 'info',
  message: '[BookingController] Get hotel bookings',
  timestamp: '2026-08-02T05:37:38.484Z'
}
{
  hotelId: 'ca5dfeea-502a-49b4-8b40-edb8d8641096',
  level: 'info',
  message: '[BookingController] Get hotel bookings',
  timestamp: '2026-08-02T05:37:38.486Z'
}
{
  message: '[Cache Hit] Lấy thông tin hotel ID: 7806d7b1-469e-4a3e-b855-cc649c51efc9 từ Redis',
  level: 'debug',
  timestamp: '2026-08-02T05:37:38.489Z'
}
{
  message: '[Cache Hit] Lấy thông tin hotel ID: 4ae8aa74-5d12-4c14-9904-1a09cd67b79d từ Redis',
  level: 'debug',
  timestamp: '2026-08-02T05:37:38.489Z'
}
{
  message: '[Cache Hit] Lấy thông tin hotel ID: ca5dfeea-502a-49b4-8b40-edb8d8641096 từ Redis',
  level: 'debug',
  timestamp: '2026-08-02T05:37:38.491Z'
}
{
  hotelId: '774ea0ad-10a2-4836-add4-ed1bf337d1f2',
  level: 'info',
  message: '[BookingController] Get hotel bookings',
  timestamp: '2026-08-02T05:37:38.499Z'
}
{
  message: '[Cache Hit] Lấy thông tin hotel ID: 774ea0ad-10a2-4836-add4-ed1bf337d1f2 từ Redis',
  level: 'debug',
  timestamp: '2026-08-02T05:37:38.501Z'
}
{
  hotelId: 'b1894531-1a55-41c4-8de3-3f7222ce9272',
  level: 'info',
  message: '[BookingController] Get hotel bookings',
  timestamp: '2026-08-02T05:37:38.508Z'
}
{
  hotelId: '6c5095d1-8035-4ee6-b1b1-b9e27942a76f',
  level: 'info',
  message: '[BookingController] Get hotel bookings',
  timestamp: '2026-08-02T05:37:38.514Z'
}
{
  message: '[Cache Hit] Lấy thông tin hotel ID: b1894531-1a55-41c4-8de3-3f7222ce9272 từ Redis',
  level: 'debug',
  timestamp: '2026-08-02T05:37:38.516Z'
}
{
  message: '[Cache Hit] Lấy thông tin hotel ID: 6c5095d1-8035-4ee6-b1b1-b9e27942a76f từ Redis',
  level: 'debug',
  timestamp: '2026-08-02T05:37:38.517Z'
}
{
  hotelId: '99d133ab-5625-4527-9f6a-1c3784ec4888',
  level: 'info',
  message: '[BookingController] Get hotel bookings',
  timestamp: '2026-08-02T05:37:38.522Z'
}
{
  hotelId: '8168c601-3fbd-4be9-b0ba-78bc1ac96ea4',
  level: 'info',
  message: '[BookingController] Get hotel bookings',
  timestamp: '2026-08-02T05:37:38.531Z'
}
{
  hotelId: 'cdcc3f08-97f8-42a7-8c59-51ba169f3bee',
  level: 'info',
  message: '[BookingController] Get hotel bookings',
  timestamp: '2026-08-02T05:37:38.536Z'
}
{
  message: '[Cache Hit] Lấy thông tin hotel ID: 99d133ab-5625-4527-9f6a-1c3784ec4888 từ Redis',
  level: 'debug',
  timestamp: '2026-08-02T05:37:38.537Z'
}
{
  message: '[Cache Hit] Lấy thông tin hotel ID: 8168c601-3fbd-4be9-b0ba-78bc1ac96ea4 từ Redis',
  level: 'debug',
  timestamp: '2026-08-02T05:37:38.538Z'
}
{
  message: '[Cache Hit] Lấy thông tin hotel ID: cdcc3f08-97f8-42a7-8c59-51ba169f3bee từ Redis',
  level: 'debug',
  timestamp: '2026-08-02T05:37:38.538Z'
}
{
  hotelId: '615a05ed-ca06-4178-9e3d-e2e883cd86f0',
  level: 'info',
  message: '[BookingController] Get hotel bookings',
  timestamp: '2026-08-02T05:37:38.545Z'
}
{
  message: '[Cache Hit] Lấy thông tin hotel ID: 615a05ed-ca06-4178-9e3d-e2e883cd86f0 từ Redis',
  level: 'debug',
  timestamp: '2026-08-02T05:37:38.548Z'
}
{
  hotelId: 'b791877f-a851-4df9-8e97-491b5f55e97f',
  level: 'info',
  message: '[BookingController] Get hotel bookings',
  timestamp: '2026-08-02T05:37:38.553Z'
}
{
  message: '[Cache Hit] Lấy thông tin hotel ID: b791877f-a851-4df9-8e97-491b5f55e97f từ Redis',
  level: 'debug',
  timestamp: '2026-08-02T05:37:38.555Z'
}
{
  message: '[AiController] Analyzing ALL hotels for agent 0772409a-2c0f-47cb-9ec6-51dbdeedda73',
  level: 'info',
  timestamp: '2026-08-02T05:37:39.683Z'
}
{
  message: 'JWT Verification Error: jwt expired',
  level: 'error',
  timestamp: '2026-08-02T05:38:23.055Z'
}
{
  message: 'GLOBAL ERROR HANDLER CAUGHT: Error: Phiên đăng nhập đã hết hạn. Vui lòng lấy Token mới.\n' +
    '    at authMiddleware (/app/src/middlewares/authMiddleware.ts:80:9)\n' +
    '    at Layer.handleRequest (/app/node_modules/router/lib/layer.js:152:17)\n' +
    '    at trimPrefix (/app/node_modules/router/index.js:342:13)\n' +
    '    at /app/node_modules/router/index.js:297:9\n' +
    '    at processParams (/app/node_modules/router/index.js:582:12)\n' +
    '    at next (/app/node_modules/router/index.js:291:5)\n' +
    '    at Function.handle (/app/node_modules/router/index.js:186:3)\n' +
    '    at router (/app/node_modules/router/index.js:60:12)\n' +
    '    at Layer.handleRequest (/app/node_modules/router/lib/layer.js:152:17)\n' +
    '    at trimPrefix (/app/node_modules/router/index.js:342:13)',
  level: 'error',
  timestamp: '2026-08-02T05:38:23.058Z'
}
{
  message: '[AuthController] Refresh Tokens',
  level: 'info',
  timestamp: '2026-08-02T05:38:23.086Z'
}
{
  message: 'Fetching user details for ID: 0772409a-2c0f-47cb-9ec6-51dbdeedda73',
  level: 'debug',
  timestamp: '2026-08-02T05:38:23.105Z'
}
{
  message: '[Cache Hit] Lấy thông tin user ID: 0772409a-2c0f-47cb-9ec6-51dbdeedda73 từ Redis',
  level: 'debug',
  timestamp: '2026-08-02T05:38:23.106Z'
}
{
  message: '[AuthService] Tokens refreshed successfully for user: agent1@booking.com',
  level: 'info',
  timestamp: '2026-08-02T05:38:23.143Z'
}
{
  message: '[SchedulerService] Đang kiểm tra các booking hết hạn thanh toán...',
  level: 'info',
  timestamp: '2026-08-02T05:40:00.011Z'
}
{
  message: 'JWT Verification Error: jwt expired',
  level: 'error',
  timestamp: '2026-08-02T05:41:31.874Z'
}
{
  message: 'GLOBAL ERROR HANDLER CAUGHT: Error: Phiên đăng nhập đã hết hạn. Vui lòng lấy Token mới.\n' +
    '    at authMiddleware (/app/src/middlewares/authMiddleware.ts:80:9)\n' +
    '    at Layer.handleRequest (/app/node_modules/router/lib/layer.js:152:17)\n' +
    '    at trimPrefix (/app/node_modules/router/index.js:342:13)\n' +
    '    at /app/node_modules/router/index.js:297:9\n' +
    '    at processParams (/app/node_modules/router/index.js:582:12)\n' +
    '    at next (/app/node_modules/router/index.js:291:5)\n' +
    '    at Function.handle (/app/node_modules/router/index.js:186:3)\n' +
    '    at router (/app/node_modules/router/index.js:60:12)\n' +
    '    at Layer.handleRequest (/app/node_modules/router/lib/layer.js:152:17)\n' +
    '    at trimPrefix (/app/node_modules/router/index.js:342:13)',
  level: 'error',
  timestamp: '2026-08-02T05:41:31.876Z'
}
{
  message: '[AuthController] Refresh Tokens',
  level: 'info',
  timestamp: '2026-08-02T05:41:31.888Z'
}
{
  message: 'Fetching user details for ID: 0772409a-2c0f-47cb-9ec6-51dbdeedda73',
  level: 'debug',
  timestamp: '2026-08-02T05:41:31.909Z'
}
{
  message: '[Cache Hit] Lấy thông tin user ID: 0772409a-2c0f-47cb-9ec6-51dbdeedda73 từ Redis',
  level: 'debug',
  timestamp: '2026-08-02T05:41:31.910Z'
}
{
  message: '[AuthService] Tokens refreshed successfully for user: agent1@booking.com',
  level: 'info',
  timestamp: '2026-08-02T05:41:31.921Z'
}
{
  message: 'Nhận tín hiệu SIGTERM. Đang đóng API Server...',
  level: 'info',
  timestamp: '2026-08-02T05:43:21.827Z'
}
{
  message: 'Express HTTP server đã đóng.',
  level: 'info',
  timestamp: '2026-08-02T05:43:21.828Z'
}
{
  message: '[Redis] Đã đóng kết nối Redis',
  level: 'info',
  timestamp: '2026-08-02T05:43:21.829Z'
}
{
  message: '[SchedulerService] Khởi tạo các cron job...',
  level: 'info',
  timestamp: '2026-08-02T05:43:34.573Z'
}
{
  message: 'Booking API Service đang chạy tại port 3000 (Môi trường: development)',
  level: 'info',
  timestamp: '2026-08-02T05:43:34.618Z'
}
{
  message: '[Redis] Kết nối thành công tới Redis server',
  level: 'info',
  timestamp: '2026-08-02T05:43:34.622Z'
}
{
  userId: '0772409a-2c0f-47cb-9ec6-51dbdeedda73',
  level: 'info',
  message: '[AuthController] Get Me',
  timestamp: '2026-08-02T05:44:18.550Z'
}
{
  message: 'Fetching user details for ID: 0772409a-2c0f-47cb-9ec6-51dbdeedda73',
  level: 'debug',
  timestamp: '2026-08-02T05:44:18.551Z'
}
{
  message: '[Cache Hit] Lấy thông tin user ID: 0772409a-2c0f-47cb-9ec6-51dbdeedda73 từ Redis',
  level: 'debug',
  timestamp: '2026-08-02T05:44:18.553Z'
}
{
  userId: '0772409a-2c0f-47cb-9ec6-51dbdeedda73',
  level: 'info',
  message: '[AuthController] Get Me',
  timestamp: '2026-08-02T05:44:18.561Z'
}
{
  message: 'Fetching user details for ID: 0772409a-2c0f-47cb-9ec6-51dbdeedda73',
  level: 'debug',
  timestamp: '2026-08-02T05:44:18.563Z'
}
{
  message: '[Cache Hit] Lấy thông tin user ID: 0772409a-2c0f-47cb-9ec6-51dbdeedda73 từ Redis',
  level: 'debug',
  timestamp: '2026-08-02T05:44:18.565Z'
}
{
  message: '[HotelController] Get my hotels',
  level: 'info',
  timestamp: '2026-08-02T05:44:18.890Z'
}
{
  message: '[HotelController] Get my hotels',
  level: 'info',
  timestamp: '2026-08-02T05:44:18.970Z'
}
{
  hotelId: '2d556b72-df20-455a-98d8-5887c31297de',
  level: 'info',
  message: '[BookingController] Get hotel bookings',
  timestamp: '2026-08-02T05:44:19.006Z'
}
{
  message: '[Cache Hit] Lấy thông tin hotel ID: 2d556b72-df20-455a-98d8-5887c31297de từ Redis',
  level: 'debug',
  timestamp: '2026-08-02T05:44:19.028Z'
}
{
  hotelId: '7806d7b1-469e-4a3e-b855-cc649c51efc9',
  level: 'info',
  message: '[BookingController] Get hotel bookings',
  timestamp: '2026-08-02T05:44:19.043Z'
}
{
  message: '[Cache Hit] Lấy thông tin hotel ID: 7806d7b1-469e-4a3e-b855-cc649c51efc9 từ Redis',
  level: 'debug',
  timestamp: '2026-08-02T05:44:19.047Z'
}
{
  hotelId: '6c5095d1-8035-4ee6-b1b1-b9e27942a76f',
  level: 'info',
  message: '[BookingController] Get hotel bookings',
  timestamp: '2026-08-02T05:44:19.051Z'
}
{
  hotelId: 'ca5dfeea-502a-49b4-8b40-edb8d8641096',
  level: 'info',
  message: '[BookingController] Get hotel bookings',
  timestamp: '2026-08-02T05:44:19.056Z'
}
{
  message: '[Cache Hit] Lấy thông tin hotel ID: 6c5095d1-8035-4ee6-b1b1-b9e27942a76f từ Redis',
  level: 'debug',
  timestamp: '2026-08-02T05:44:19.059Z'
}
{
  message: '[Cache Hit] Lấy thông tin hotel ID: ca5dfeea-502a-49b4-8b40-edb8d8641096 từ Redis',
  level: 'debug',
  timestamp: '2026-08-02T05:44:19.059Z'
}
{
  hotelId: 'cdcc3f08-97f8-42a7-8c59-51ba169f3bee',
  level: 'info',
  message: '[BookingController] Get hotel bookings',
  timestamp: '2026-08-02T05:44:19.063Z'
}
{
  message: '[Cache Hit] Lấy thông tin hotel ID: cdcc3f08-97f8-42a7-8c59-51ba169f3bee từ Redis',
  level: 'debug',
  timestamp: '2026-08-02T05:44:19.065Z'
}
{
  hotelId: 'b1894531-1a55-41c4-8de3-3f7222ce9272',
  level: 'info',
  message: '[BookingController] Get hotel bookings',
  timestamp: '2026-08-02T05:44:19.069Z'
}
{
  hotelId: '774ea0ad-10a2-4836-add4-ed1bf337d1f2',
  level: 'info',
  message: '[BookingController] Get hotel bookings',
  timestamp: '2026-08-02T05:44:19.074Z'
}
{
  message: '[Cache Hit] Lấy thông tin hotel ID: b1894531-1a55-41c4-8de3-3f7222ce9272 từ Redis',
  level: 'debug',
  timestamp: '2026-08-02T05:44:19.075Z'
}
{
  message: '[Cache Hit] Lấy thông tin hotel ID: 774ea0ad-10a2-4836-add4-ed1bf337d1f2 từ Redis',
  level: 'debug',
  timestamp: '2026-08-02T05:44:19.075Z'
}
{
  hotelId: '99d133ab-5625-4527-9f6a-1c3784ec4888',
  level: 'info',
  message: '[BookingController] Get hotel bookings',
  timestamp: '2026-08-02T05:44:19.080Z'
}
{
  hotelId: '8168c601-3fbd-4be9-b0ba-78bc1ac96ea4',
  level: 'info',
  message: '[BookingController] Get hotel bookings',
  timestamp: '2026-08-02T05:44:19.082Z'
}
{
  hotelId: '4ae8aa74-5d12-4c14-9904-1a09cd67b79d',
  level: 'info',
  message: '[BookingController] Get hotel bookings',
  timestamp: '2026-08-02T05:44:19.086Z'
}
{
  message: '[Cache Hit] Lấy thông tin hotel ID: 99d133ab-5625-4527-9f6a-1c3784ec4888 từ Redis',
  level: 'debug',
  timestamp: '2026-08-02T05:44:19.093Z'
}
{
  message: '[Cache Hit] Lấy thông tin hotel ID: 8168c601-3fbd-4be9-b0ba-78bc1ac96ea4 từ Redis',
  level: 'debug',
  timestamp: '2026-08-02T05:44:19.094Z'
}
{
  message: '[Cache Hit] Lấy thông tin hotel ID: 4ae8aa74-5d12-4c14-9904-1a09cd67b79d từ Redis',
  level: 'debug',
  timestamp: '2026-08-02T05:44:19.095Z'
}
{
  hotelId: '615a05ed-ca06-4178-9e3d-e2e883cd86f0',
  level: 'info',
  message: '[BookingController] Get hotel bookings',
  timestamp: '2026-08-02T05:44:19.105Z'
}
{
  message: '[Cache Hit] Lấy thông tin hotel ID: 615a05ed-ca06-4178-9e3d-e2e883cd86f0 từ Redis',
  level: 'debug',
  timestamp: '2026-08-02T05:44:19.108Z'
}
{
  hotelId: '2d556b72-df20-455a-98d8-5887c31297de',
  level: 'info',
  message: '[BookingController] Get hotel bookings',
  timestamp: '2026-08-02T05:44:19.134Z'
}
{
  hotelId: 'b791877f-a851-4df9-8e97-491b5f55e97f',
  level: 'info',
  message: '[BookingController] Get hotel bookings',
  timestamp: '2026-08-02T05:44:19.138Z'
}
{
  message: '[Cache Hit] Lấy thông tin hotel ID: 2d556b72-df20-455a-98d8-5887c31297de từ Redis',
  level: 'debug',
  timestamp: '2026-08-02T05:44:19.142Z'
}
{
  message: '[Cache Hit] Lấy thông tin hotel ID: b791877f-a851-4df9-8e97-491b5f55e97f từ Redis',
  level: 'debug',
  timestamp: '2026-08-02T05:44:19.142Z'
}
{
  hotelId: '7806d7b1-469e-4a3e-b855-cc649c51efc9',
  level: 'info',
  message: '[BookingController] Get hotel bookings',
  timestamp: '2026-08-02T05:44:19.153Z'
}
{
  hotelId: '6c5095d1-8035-4ee6-b1b1-b9e27942a76f',
  level: 'info',
  message: '[BookingController] Get hotel bookings',
  timestamp: '2026-08-02T05:44:19.157Z'
}
{
  message: '[Cache Hit] Lấy thông tin hotel ID: 7806d7b1-469e-4a3e-b855-cc649c51efc9 từ Redis',
  level: 'debug',
  timestamp: '2026-08-02T05:44:19.167Z'
}
{
  message: '[Cache Hit] Lấy thông tin hotel ID: 6c5095d1-8035-4ee6-b1b1-b9e27942a76f từ Redis',
  level: 'debug',
  timestamp: '2026-08-02T05:44:19.168Z'
}
{
  hotelId: 'ca5dfeea-502a-49b4-8b40-edb8d8641096',
  level: 'info',
  message: '[BookingController] Get hotel bookings',
  timestamp: '2026-08-02T05:44:19.175Z'
}
{
  message: '[Cache Hit] Lấy thông tin hotel ID: ca5dfeea-502a-49b4-8b40-edb8d8641096 từ Redis',
  level: 'debug',
  timestamp: '2026-08-02T05:44:19.177Z'
}
{
  hotelId: 'cdcc3f08-97f8-42a7-8c59-51ba169f3bee',
  level: 'info',
  message: '[BookingController] Get hotel bookings',
  timestamp: '2026-08-02T05:44:19.193Z'
}
{
  hotelId: 'b1894531-1a55-41c4-8de3-3f7222ce9272',
  level: 'info',
  message: '[BookingController] Get hotel bookings',
  timestamp: '2026-08-02T05:44:19.198Z'
}
{
  message: '[Cache Hit] Lấy thông tin hotel ID: cdcc3f08-97f8-42a7-8c59-51ba169f3bee từ Redis',
  level: 'debug',
  timestamp: '2026-08-02T05:44:19.200Z'
}
{
  message: '[Cache Hit] Lấy thông tin hotel ID: b1894531-1a55-41c4-8de3-3f7222ce9272 từ Redis',
  level: 'debug',
  timestamp: '2026-08-02T05:44:19.200Z'
}
{
  hotelId: '774ea0ad-10a2-4836-add4-ed1bf337d1f2',
  level: 'info',
  message: '[BookingController] Get hotel bookings',
  timestamp: '2026-08-02T05:44:19.207Z'
}
{
  hotelId: '8168c601-3fbd-4be9-b0ba-78bc1ac96ea4',
  level: 'info',
  message: '[BookingController] Get hotel bookings',
  timestamp: '2026-08-02T05:44:19.215Z'
}
{
  message: '[Cache Hit] Lấy thông tin hotel ID: 774ea0ad-10a2-4836-add4-ed1bf337d1f2 từ Redis',
  level: 'debug',
  timestamp: '2026-08-02T05:44:19.217Z'
}
{
  hotelId: '4ae8aa74-5d12-4c14-9904-1a09cd67b79d',
  level: 'info',
  message: '[BookingController] Get hotel bookings',
  timestamp: '2026-08-02T05:44:19.224Z'
}
{
  hotelId: '615a05ed-ca06-4178-9e3d-e2e883cd86f0',
  level: 'info',
  message: '[BookingController] Get hotel bookings',
  timestamp: '2026-08-02T05:44:19.229Z'
}
{
  message: '[Cache Hit] Lấy thông tin hotel ID: 8168c601-3fbd-4be9-b0ba-78bc1ac96ea4 từ Redis',
  level: 'debug',
  timestamp: '2026-08-02T05:44:19.234Z'
}
{
  message: '[Cache Hit] Lấy thông tin hotel ID: 4ae8aa74-5d12-4c14-9904-1a09cd67b79d từ Redis',
  level: 'debug',
  timestamp: '2026-08-02T05:44:19.236Z'
}
{
  message: '[Cache Hit] Lấy thông tin hotel ID: 615a05ed-ca06-4178-9e3d-e2e883cd86f0 từ Redis',
  level: 'debug',
  timestamp: '2026-08-02T05:44:19.237Z'
}
{
  hotelId: 'b791877f-a851-4df9-8e97-491b5f55e97f',
  level: 'info',
  message: '[BookingController] Get hotel bookings',
  timestamp: '2026-08-02T05:44:19.244Z'
}
{
  hotelId: '99d133ab-5625-4527-9f6a-1c3784ec4888',
  level: 'info',
  message: '[BookingController] Get hotel bookings',
  timestamp: '2026-08-02T05:44:19.248Z'
}
{
  message: '[Cache Hit] Lấy thông tin hotel ID: b791877f-a851-4df9-8e97-491b5f55e97f từ Redis',
  level: 'debug',
  timestamp: '2026-08-02T05:44:19.250Z'
}
{
  message: '[Cache Hit] Lấy thông tin hotel ID: 99d133ab-5625-4527-9f6a-1c3784ec4888 từ Redis',
  level: 'debug',
  timestamp: '2026-08-02T05:44:19.251Z'
}
{
  message: '[AiController] Analyzing ALL hotels for agent 0772409a-2c0f-47cb-9ec6-51dbdeedda73',
  level: 'info',
  timestamp: '2026-08-02T05:44:20.009Z'
}
{
  message: 'JWT Verification Error: jwt expired',
  level: 'error',
  timestamp: '2026-08-02T05:44:33.710Z'
}
{
  message: 'GLOBAL ERROR HANDLER CAUGHT: Error: Phiên đăng nhập đã hết hạn. Vui lòng lấy Token mới.\n' +
    '    at authMiddleware (/app/src/middlewares/authMiddleware.ts:80:9)\n' +
    '    at Layer.handleRequest (/app/node_modules/router/lib/layer.js:152:17)\n' +
    '    at next (/app/node_modules/router/lib/route.js:157:13)\n' +
    '    at Route.dispatch (/app/node_modules/router/lib/route.js:117:3)\n' +
    '    at handle (/app/node_modules/router/index.js:435:11)\n' +
    '    at Layer.handleRequest (/app/node_modules/router/lib/layer.js:152:17)\n' +
    '    at /app/node_modules/router/index.js:295:15\n' +
    '    at processParams (/app/node_modules/router/index.js:582:12)\n' +
    '    at next (/app/node_modules/router/index.js:291:5)\n' +
    '    at Function.handle (/app/node_modules/router/index.js:186:3)',
  level: 'error',
  timestamp: '2026-08-02T05:44:33.712Z'
}
{
  message: 'JWT Verification Error: jwt expired',
  level: 'error',
  timestamp: '2026-08-02T05:44:33.722Z'
}
{
  message: 'GLOBAL ERROR HANDLER CAUGHT: Error: Phiên đăng nhập đã hết hạn. Vui lòng lấy Token mới.\n' +
    '    at authMiddleware (/app/src/middlewares/authMiddleware.ts:80:9)\n' +
    '    at Layer.handleRequest (/app/node_modules/router/lib/layer.js:152:17)\n' +
    '    at next (/app/node_modules/router/lib/route.js:157:13)\n' +
    '    at Route.dispatch (/app/node_modules/router/lib/route.js:117:3)\n' +
    '    at handle (/app/node_modules/router/index.js:435:11)\n' +
    '    at Layer.handleRequest (/app/node_modules/router/lib/layer.js:152:17)\n' +
    '    at /app/node_modules/router/index.js:295:15\n' +
    '    at processParams (/app/node_modules/router/index.js:582:12)\n' +
    '    at next (/app/node_modules/router/index.js:291:5)\n' +
    '    at Function.handle (/app/node_modules/router/index.js:186:3)',
  level: 'error',
  timestamp: '2026-08-02T05:44:33.723Z'
}
{
  message: '[AuthController] Refresh Tokens',
  level: 'info',
  timestamp: '2026-08-02T05:44:33.741Z'
}
{
  message: 'Fetching user details for ID: 0772409a-2c0f-47cb-9ec6-51dbdeedda73',
  level: 'debug',
  timestamp: '2026-08-02T05:44:33.760Z'
}
{
  message: '[Cache Hit] Lấy thông tin user ID: 0772409a-2c0f-47cb-9ec6-51dbdeedda73 từ Redis',
  level: 'debug',
  timestamp: '2026-08-02T05:44:33.761Z'
}
{
  message: '[AuthService] Tokens refreshed successfully for user: agent1@booking.com',
  level: 'info',
  timestamp: '2026-08-02T05:44:33.798Z'
}
{
  message: '[HotelController] Get my hotels',
  level: 'info',
  timestamp: '2026-08-02T05:44:33.833Z'
}
{
  message: '[HotelController] Get my hotels',
  level: 'info',
  timestamp: '2026-08-02T05:44:33.869Z'
}
{
  hotelId: '2d556b72-df20-455a-98d8-5887c31297de',
  level: 'info',
  message: '[BookingController] Get hotel bookings',
  timestamp: '2026-08-02T05:44:33.898Z'
}
{
  hotelId: '774ea0ad-10a2-4836-add4-ed1bf337d1f2',
  level: 'info',
  message: '[BookingController] Get hotel bookings',
  timestamp: '2026-08-02T05:44:33.904Z'
}
{
  message: '[Cache Hit] Lấy thông tin hotel ID: 2d556b72-df20-455a-98d8-5887c31297de từ Redis',
  level: 'debug',
  timestamp: '2026-08-02T05:44:33.906Z'
}
{
  message: '[Cache Hit] Lấy thông tin hotel ID: 774ea0ad-10a2-4836-add4-ed1bf337d1f2 từ Redis',
  level: 'debug',
  timestamp: '2026-08-02T05:44:33.906Z'
}
{
  hotelId: '4ae8aa74-5d12-4c14-9904-1a09cd67b79d',
  level: 'info',
  message: '[BookingController] Get hotel bookings',
  timestamp: '2026-08-02T05:44:33.915Z'
}
{
  hotelId: '6c5095d1-8035-4ee6-b1b1-b9e27942a76f',
  level: 'info',
  message: '[BookingController] Get hotel bookings',
  timestamp: '2026-08-02T05:44:33.919Z'
}
{
  hotelId: 'ca5dfeea-502a-49b4-8b40-edb8d8641096',
  level: 'info',
  message: '[BookingController] Get hotel bookings',
  timestamp: '2026-08-02T05:44:33.922Z'
}
{
  message: '[Cache Hit] Lấy thông tin hotel ID: 4ae8aa74-5d12-4c14-9904-1a09cd67b79d từ Redis',
  level: 'debug',
  timestamp: '2026-08-02T05:44:33.924Z'
}
{
  message: '[Cache Hit] Lấy thông tin hotel ID: 6c5095d1-8035-4ee6-b1b1-b9e27942a76f từ Redis',
  level: 'debug',
  timestamp: '2026-08-02T05:44:33.924Z'
}
{
  message: '[Cache Hit] Lấy thông tin hotel ID: ca5dfeea-502a-49b4-8b40-edb8d8641096 từ Redis',
  level: 'debug',
  timestamp: '2026-08-02T05:44:33.924Z'
}
{
  hotelId: 'cdcc3f08-97f8-42a7-8c59-51ba169f3bee',
  level: 'info',
  message: '[BookingController] Get hotel bookings',
  timestamp: '2026-08-02T05:44:33.927Z'
}
{
  message: '[Cache Hit] Lấy thông tin hotel ID: cdcc3f08-97f8-42a7-8c59-51ba169f3bee từ Redis',
  level: 'debug',
  timestamp: '2026-08-02T05:44:33.928Z'
}
{
  hotelId: '7806d7b1-469e-4a3e-b855-cc649c51efc9',
  level: 'info',
  message: '[BookingController] Get hotel bookings',
  timestamp: '2026-08-02T05:44:33.936Z'
}
{
  message: '[Cache Hit] Lấy thông tin hotel ID: 7806d7b1-469e-4a3e-b855-cc649c51efc9 từ Redis',
  level: 'debug',
  timestamp: '2026-08-02T05:44:33.938Z'
}
{
  hotelId: '99d133ab-5625-4527-9f6a-1c3784ec4888',
  level: 'info',
  message: '[BookingController] Get hotel bookings',
  timestamp: '2026-08-02T05:44:33.942Z'
}
{
  hotelId: '8168c601-3fbd-4be9-b0ba-78bc1ac96ea4',
  level: 'info',
  message: '[BookingController] Get hotel bookings',
  timestamp: '2026-08-02T05:44:33.944Z'
}
{
  hotelId: 'b1894531-1a55-41c4-8de3-3f7222ce9272',
  level: 'info',
  message: '[BookingController] Get hotel bookings',
  timestamp: '2026-08-02T05:44:33.948Z'
}
{
  message: '[Cache Hit] Lấy thông tin hotel ID: 99d133ab-5625-4527-9f6a-1c3784ec4888 từ Redis',
  level: 'debug',
  timestamp: '2026-08-02T05:44:33.950Z'
}
{
  message: '[Cache Hit] Lấy thông tin hotel ID: 8168c601-3fbd-4be9-b0ba-78bc1ac96ea4 từ Redis',
  level: 'debug',
  timestamp: '2026-08-02T05:44:33.950Z'
}
{
  message: '[Cache Hit] Lấy thông tin hotel ID: b1894531-1a55-41c4-8de3-3f7222ce9272 từ Redis',
  level: 'debug',
  timestamp: '2026-08-02T05:44:33.950Z'
}
{
  hotelId: '615a05ed-ca06-4178-9e3d-e2e883cd86f0',
  level: 'info',
  message: '[BookingController] Get hotel bookings',
  timestamp: '2026-08-02T05:44:33.956Z'
}
{
  message: '[Cache Hit] Lấy thông tin hotel ID: 615a05ed-ca06-4178-9e3d-e2e883cd86f0 từ Redis',
  level: 'debug',
  timestamp: '2026-08-02T05:44:33.957Z'
}
{
  hotelId: 'b791877f-a851-4df9-8e97-491b5f55e97f',
  level: 'info',
  message: '[BookingController] Get hotel bookings',
  timestamp: '2026-08-02T05:44:33.963Z'
}
{
  message: '[Cache Hit] Lấy thông tin hotel ID: b791877f-a851-4df9-8e97-491b5f55e97f từ Redis',
  level: 'debug',
  timestamp: '2026-08-02T05:44:33.965Z'
}
{
  hotelId: '2d556b72-df20-455a-98d8-5887c31297de',
  level: 'info',
  message: '[BookingController] Get hotel bookings',
  timestamp: '2026-08-02T05:44:33.968Z'
}
{
  hotelId: '774ea0ad-10a2-4836-add4-ed1bf337d1f2',
  level: 'info',
  message: '[BookingController] Get hotel bookings',
  timestamp: '2026-08-02T05:44:33.969Z'
}
{
  hotelId: '4ae8aa74-5d12-4c14-9904-1a09cd67b79d',
  level: 'info',
  message: '[BookingController] Get hotel bookings',
  timestamp: '2026-08-02T05:44:33.975Z'
}
{
  message: '[Cache Hit] Lấy thông tin hotel ID: 2d556b72-df20-455a-98d8-5887c31297de từ Redis',
  level: 'debug',
  timestamp: '2026-08-02T05:44:33.976Z'
}
{
  message: '[Cache Hit] Lấy thông tin hotel ID: 774ea0ad-10a2-4836-add4-ed1bf337d1f2 từ Redis',
  level: 'debug',
  timestamp: '2026-08-02T05:44:33.976Z'
}
{
  message: '[Cache Hit] Lấy thông tin hotel ID: 4ae8aa74-5d12-4c14-9904-1a09cd67b79d từ Redis',
  level: 'debug',
  timestamp: '2026-08-02T05:44:33.976Z'
}
{
  hotelId: '6c5095d1-8035-4ee6-b1b1-b9e27942a76f',
  level: 'info',
  message: '[BookingController] Get hotel bookings',
  timestamp: '2026-08-02T05:44:33.980Z'
}
{
  message: '[Cache Hit] Lấy thông tin hotel ID: 6c5095d1-8035-4ee6-b1b1-b9e27942a76f từ Redis',
  level: 'debug',
  timestamp: '2026-08-02T05:44:33.982Z'
}
{
  hotelId: 'ca5dfeea-502a-49b4-8b40-edb8d8641096',
  level: 'info',
  message: '[BookingController] Get hotel bookings',
  timestamp: '2026-08-02T05:44:33.986Z'
}
{
  message: '[Cache Hit] Lấy thông tin hotel ID: ca5dfeea-502a-49b4-8b40-edb8d8641096 từ Redis',
  level: 'debug',
  timestamp: '2026-08-02T05:44:33.987Z'
}
{
  hotelId: 'cdcc3f08-97f8-42a7-8c59-51ba169f3bee',
  level: 'info',
  message: '[BookingController] Get hotel bookings',
  timestamp: '2026-08-02T05:44:33.992Z'
}
{
  hotelId: '7806d7b1-469e-4a3e-b855-cc649c51efc9',
  level: 'info',
  message: '[BookingController] Get hotel bookings',
  timestamp: '2026-08-02T05:44:33.994Z'
}
{
  hotelId: '99d133ab-5625-4527-9f6a-1c3784ec4888',
  level: 'info',
  message: '[BookingController] Get hotel bookings',
  timestamp: '2026-08-02T05:44:33.997Z'
}
{
  message: '[Cache Hit] Lấy thông tin hotel ID: cdcc3f08-97f8-42a7-8c59-51ba169f3bee từ Redis',
  level: 'debug',
  timestamp: '2026-08-02T05:44:33.999Z'
}
{
  message: '[Cache Hit] Lấy thông tin hotel ID: 7806d7b1-469e-4a3e-b855-cc649c51efc9 từ Redis',
  level: 'debug',
  timestamp: '2026-08-02T05:44:33.999Z'
}
{
  message: '[Cache Hit] Lấy thông tin hotel ID: 99d133ab-5625-4527-9f6a-1c3784ec4888 từ Redis',
  level: 'debug',
  timestamp: '2026-08-02T05:44:33.999Z'
}
{
  hotelId: '8168c601-3fbd-4be9-b0ba-78bc1ac96ea4',
  level: 'info',
  message: '[BookingController] Get hotel bookings',
  timestamp: '2026-08-02T05:44:34.003Z'
}
{
  message: '[Cache Hit] Lấy thông tin hotel ID: 8168c601-3fbd-4be9-b0ba-78bc1ac96ea4 từ Redis',
  level: 'debug',
  timestamp: '2026-08-02T05:44:34.006Z'
}
{
  hotelId: 'b1894531-1a55-41c4-8de3-3f7222ce9272',
  level: 'info',
  message: '[BookingController] Get hotel bookings',
  timestamp: '2026-08-02T05:44:34.011Z'
}
{
  message: '[Cache Hit] Lấy thông tin hotel ID: b1894531-1a55-41c4-8de3-3f7222ce9272 từ Redis',
  level: 'debug',
  timestamp: '2026-08-02T05:44:34.013Z'
}
{
  hotelId: '615a05ed-ca06-4178-9e3d-e2e883cd86f0',
  level: 'info',
  message: '[BookingController] Get hotel bookings',
  timestamp: '2026-08-02T05:44:34.018Z'
}
{
  hotelId: 'b791877f-a851-4df9-8e97-491b5f55e97f',
  level: 'info',
  message: '[BookingController] Get hotel bookings',
  timestamp: '2026-08-02T05:44:34.021Z'
}
{
  message: '[Cache Hit] Lấy thông tin hotel ID: 615a05ed-ca06-4178-9e3d-e2e883cd86f0 từ Redis',
  level: 'debug',
  timestamp: '2026-08-02T05:44:34.023Z'
}
{
  message: '[Cache Hit] Lấy thông tin hotel ID: b791877f-a851-4df9-8e97-491b5f55e97f từ Redis',
  level: 'debug',
  timestamp: '2026-08-02T05:44:34.023Z'
}
{
  message: '[HotelController] Get my hotels',
  level: 'info',
  timestamp: '2026-08-02T05:44:35.300Z'
}
{
  message: '[HotelController] Get my hotels',
  level: 'info',
  timestamp: '2026-08-02T05:44:35.317Z'
}
{
  hotelId: '2d556b72-df20-455a-98d8-5887c31297de',
  level: 'info',
  message: '[BookingController] Get hotel bookings',
  timestamp: '2026-08-02T05:44:35.331Z'
}
{
  hotelId: 'ca5dfeea-502a-49b4-8b40-edb8d8641096',
  level: 'info',
  message: '[BookingController] Get hotel bookings',
  timestamp: '2026-08-02T05:44:35.342Z'
}
{
  hotelId: '774ea0ad-10a2-4836-add4-ed1bf337d1f2',
  level: 'info',
  message: '[BookingController] Get hotel bookings',
  timestamp: '2026-08-02T05:44:35.345Z'
}
{
  hotelId: '6c5095d1-8035-4ee6-b1b1-b9e27942a76f',
  level: 'info',
  message: '[BookingController] Get hotel bookings',
  timestamp: '2026-08-02T05:44:35.348Z'
}
{
  message: '[Cache Hit] Lấy thông tin hotel ID: 2d556b72-df20-455a-98d8-5887c31297de từ Redis',
  level: 'debug',
  timestamp: '2026-08-02T05:44:35.356Z'
}
{
  message: '[Cache Hit] Lấy thông tin hotel ID: ca5dfeea-502a-49b4-8b40-edb8d8641096 từ Redis',
  level: 'debug',
  timestamp: '2026-08-02T05:44:35.357Z'
}
{
  message: '[Cache Hit] Lấy thông tin hotel ID: 774ea0ad-10a2-4836-add4-ed1bf337d1f2 từ Redis',
  level: 'debug',
  timestamp: '2026-08-02T05:44:35.358Z'
}
{
  message: '[Cache Hit] Lấy thông tin hotel ID: 6c5095d1-8035-4ee6-b1b1-b9e27942a76f từ Redis',
  level: 'debug',
  timestamp: '2026-08-02T05:44:35.359Z'
}
{
  hotelId: '615a05ed-ca06-4178-9e3d-e2e883cd86f0',
  level: 'info',
  message: '[BookingController] Get hotel bookings',
  timestamp: '2026-08-02T05:44:35.368Z'
}
{
  message: '[Cache Hit] Lấy thông tin hotel ID: 615a05ed-ca06-4178-9e3d-e2e883cd86f0 từ Redis',
  level: 'debug',
  timestamp: '2026-08-02T05:44:35.372Z'
}
{
  hotelId: 'b791877f-a851-4df9-8e97-491b5f55e97f',
  level: 'info',
  message: '[BookingController] Get hotel bookings',
  timestamp: '2026-08-02T05:44:35.374Z'
}
{
  hotelId: 'cdcc3f08-97f8-42a7-8c59-51ba169f3bee',
  level: 'info',
  message: '[BookingController] Get hotel bookings',
  timestamp: '2026-08-02T05:44:35.378Z'
}
{
  hotelId: '7806d7b1-469e-4a3e-b855-cc649c51efc9',
  level: 'info',
  message: '[BookingController] Get hotel bookings',
  timestamp: '2026-08-02T05:44:35.380Z'
}
{
  hotelId: '4ae8aa74-5d12-4c14-9904-1a09cd67b79d',
  level: 'info',
  message: '[BookingController] Get hotel bookings',
  timestamp: '2026-08-02T05:44:35.382Z'
}
{
  message: '[Cache Hit] Lấy thông tin hotel ID: b791877f-a851-4df9-8e97-491b5f55e97f từ Redis',
  level: 'debug',
  timestamp: '2026-08-02T05:44:35.383Z'
}
{
  message: '[Cache Hit] Lấy thông tin hotel ID: cdcc3f08-97f8-42a7-8c59-51ba169f3bee từ Redis',
  level: 'debug',
  timestamp: '2026-08-02T05:44:35.383Z'
}
{
  message: '[Cache Hit] Lấy thông tin hotel ID: 7806d7b1-469e-4a3e-b855-cc649c51efc9 từ Redis',
  level: 'debug',
  timestamp: '2026-08-02T05:44:35.383Z'
}
{
  message: '[Cache Hit] Lấy thông tin hotel ID: 4ae8aa74-5d12-4c14-9904-1a09cd67b79d từ Redis',
  level: 'debug',
  timestamp: '2026-08-02T05:44:35.384Z'
}
{
  hotelId: '8168c601-3fbd-4be9-b0ba-78bc1ac96ea4',
  level: 'info',
  message: '[BookingController] Get hotel bookings',
  timestamp: '2026-08-02T05:44:35.391Z'
}
{
  hotelId: 'b1894531-1a55-41c4-8de3-3f7222ce9272',
  level: 'info',
  message: '[BookingController] Get hotel bookings',
  timestamp: '2026-08-02T05:44:35.396Z'
}
{
  hotelId: '99d133ab-5625-4527-9f6a-1c3784ec4888',
  level: 'info',
  message: '[BookingController] Get hotel bookings',
  timestamp: '2026-08-02T05:44:35.398Z'
}
{
  hotelId: '2d556b72-df20-455a-98d8-5887c31297de',
  level: 'info',
  message: '[BookingController] Get hotel bookings',
  timestamp: '2026-08-02T05:44:35.400Z'
}
{
  hotelId: 'ca5dfeea-502a-49b4-8b40-edb8d8641096',
  level: 'info',
  message: '[BookingController] Get hotel bookings',
  timestamp: '2026-08-02T05:44:35.404Z'
}
{
  message: '[Cache Hit] Lấy thông tin hotel ID: 8168c601-3fbd-4be9-b0ba-78bc1ac96ea4 từ Redis',
  level: 'debug',
  timestamp: '2026-08-02T05:44:35.404Z'
}
{
  message: '[Cache Hit] Lấy thông tin hotel ID: b1894531-1a55-41c4-8de3-3f7222ce9272 từ Redis',
  level: 'debug',
  timestamp: '2026-08-02T05:44:35.405Z'
}
{
  message: '[Cache Hit] Lấy thông tin hotel ID: 99d133ab-5625-4527-9f6a-1c3784ec4888 từ Redis',
  level: 'debug',
  timestamp: '2026-08-02T05:44:35.406Z'
}
{
  message: '[Cache Hit] Lấy thông tin hotel ID: 2d556b72-df20-455a-98d8-5887c31297de từ Redis',
  level: 'debug',
  timestamp: '2026-08-02T05:44:35.406Z'
}
{
  message: '[Cache Hit] Lấy thông tin hotel ID: ca5dfeea-502a-49b4-8b40-edb8d8641096 từ Redis',
  level: 'debug',
  timestamp: '2026-08-02T05:44:35.406Z'
}
{
  hotelId: '774ea0ad-10a2-4836-add4-ed1bf337d1f2',
  level: 'info',
  message: '[BookingController] Get hotel bookings',
  timestamp: '2026-08-02T05:44:35.413Z'
}
{
  hotelId: '6c5095d1-8035-4ee6-b1b1-b9e27942a76f',
  level: 'info',
  message: '[BookingController] Get hotel bookings',
  timestamp: '2026-08-02T05:44:35.416Z'
}
{
  hotelId: '615a05ed-ca06-4178-9e3d-e2e883cd86f0',
  level: 'info',
  message: '[BookingController] Get hotel bookings',
  timestamp: '2026-08-02T05:44:35.422Z'
}
{
  hotelId: 'b791877f-a851-4df9-8e97-491b5f55e97f',
  level: 'info',
  message: '[BookingController] Get hotel bookings',
  timestamp: '2026-08-02T05:44:35.425Z'
}
{
  hotelId: 'cdcc3f08-97f8-42a7-8c59-51ba169f3bee',
  level: 'info',
  message: '[BookingController] Get hotel bookings',
  timestamp: '2026-08-02T05:44:35.429Z'
}
{
  message: '[Cache Hit] Lấy thông tin hotel ID: 774ea0ad-10a2-4836-add4-ed1bf337d1f2 từ Redis',
  level: 'debug',
  timestamp: '2026-08-02T05:44:35.430Z'
}
{
  message: '[Cache Hit] Lấy thông tin hotel ID: 6c5095d1-8035-4ee6-b1b1-b9e27942a76f từ Redis',
  level: 'debug',
  timestamp: '2026-08-02T05:44:35.431Z'
}
{
  message: '[Cache Hit] Lấy thông tin hotel ID: 615a05ed-ca06-4178-9e3d-e2e883cd86f0 từ Redis',
  level: 'debug',
  timestamp: '2026-08-02T05:44:35.431Z'
}
{
  message: '[Cache Hit] Lấy thông tin hotel ID: b791877f-a851-4df9-8e97-491b5f55e97f từ Redis',
  level: 'debug',
  timestamp: '2026-08-02T05:44:35.431Z'
}
{
  message: '[Cache Hit] Lấy thông tin hotel ID: cdcc3f08-97f8-42a7-8c59-51ba169f3bee từ Redis',
  level: 'debug',
  timestamp: '2026-08-02T05:44:35.432Z'
}
{
  hotelId: '7806d7b1-469e-4a3e-b855-cc649c51efc9',
  level: 'info',
  message: '[BookingController] Get hotel bookings',
  timestamp: '2026-08-02T05:44:35.444Z'
}
{
  hotelId: '4ae8aa74-5d12-4c14-9904-1a09cd67b79d',
  level: 'info',
  message: '[BookingController] Get hotel bookings',
  timestamp: '2026-08-02T05:44:35.447Z'
}
{
  hotelId: '8168c601-3fbd-4be9-b0ba-78bc1ac96ea4',
  level: 'info',
  message: '[BookingController] Get hotel bookings',
  timestamp: '2026-08-02T05:44:35.449Z'
}
{
  hotelId: 'b1894531-1a55-41c4-8de3-3f7222ce9272',
  level: 'info',
  message: '[BookingController] Get hotel bookings',
  timestamp: '2026-08-02T05:44:35.453Z'
}
{
  hotelId: '99d133ab-5625-4527-9f6a-1c3784ec4888',
  level: 'info',
  message: '[BookingController] Get hotel bookings',
  timestamp: '2026-08-02T05:44:35.456Z'
}
{
  message: '[Cache Hit] Lấy thông tin hotel ID: 7806d7b1-469e-4a3e-b855-cc649c51efc9 từ Redis',
  level: 'debug',
  timestamp: '2026-08-02T05:44:35.460Z'
}
{
  message: '[Cache Hit] Lấy thông tin hotel ID: 4ae8aa74-5d12-4c14-9904-1a09cd67b79d từ Redis',
  level: 'debug',
  timestamp: '2026-08-02T05:44:35.462Z'
}
{
  message: '[Cache Hit] Lấy thông tin hotel ID: 8168c601-3fbd-4be9-b0ba-78bc1ac96ea4 từ Redis',
  level: 'debug',
  timestamp: '2026-08-02T05:44:35.462Z'
}
{
  message: '[Cache Hit] Lấy thông tin hotel ID: b1894531-1a55-41c4-8de3-3f7222ce9272 từ Redis',
  level: 'debug',
  timestamp: '2026-08-02T05:44:35.463Z'
}
{
  message: '[Cache Hit] Lấy thông tin hotel ID: 99d133ab-5625-4527-9f6a-1c3784ec4888 từ Redis',
  level: 'debug',
  timestamp: '2026-08-02T05:44:35.463Z'
}
{
  message: '[SchedulerService] Đang kiểm tra các booking hết hạn thanh toán...',
  level: 'info',
  timestamp: '2026-08-02T05:45:00.007Z'
}
{
  message: 'JWT Verification Error: jwt expired',
  level: 'error',
  timestamp: '2026-08-02T05:48:07.955Z'
}
{
  message: 'GLOBAL ERROR HANDLER CAUGHT: Error: Phiên đăng nhập đã hết hạn. Vui lòng lấy Token mới.\n' +
    '    at authMiddleware (/app/src/middlewares/authMiddleware.ts:80:9)\n' +
    '    at Layer.handleRequest (/app/node_modules/router/lib/layer.js:152:17)\n' +
    '    at next (/app/node_modules/router/lib/route.js:157:13)\n' +
    '    at Route.dispatch (/app/node_modules/router/lib/route.js:117:3)\n' +
    '    at handle (/app/node_modules/router/index.js:435:11)\n' +
    '    at Layer.handleRequest (/app/node_modules/router/lib/layer.js:152:17)\n' +
    '    at /app/node_modules/router/index.js:295:15\n' +
    '    at processParams (/app/node_modules/router/index.js:582:12)\n' +
    '    at next (/app/node_modules/router/index.js:291:5)\n' +
    '    at Function.handle (/app/node_modules/router/index.js:186:3)',
  level: 'error',
  timestamp: '2026-08-02T05:48:07.957Z'
}
{
  message: '[AuthController] Refresh Tokens',
  level: 'info',
  timestamp: '2026-08-02T05:48:07.979Z'
}
{
  message: 'JWT Verification Error: jwt expired',
  level: 'error',
  timestamp: '2026-08-02T05:48:07.994Z'
}
{
  message: 'GLOBAL ERROR HANDLER CAUGHT: Error: Phiên đăng nhập đã hết hạn. Vui lòng lấy Token mới.\n' +
    '    at authMiddleware (/app/src/middlewares/authMiddleware.ts:80:9)\n' +
    '    at Layer.handleRequest (/app/node_modules/router/lib/layer.js:152:17)\n' +
    '    at next (/app/node_modules/router/lib/route.js:157:13)\n' +
    '    at Route.dispatch (/app/node_modules/router/lib/route.js:117:3)\n' +
    '    at handle (/app/node_modules/router/index.js:435:11)\n' +
    '    at Layer.handleRequest (/app/node_modules/router/lib/layer.js:152:17)\n' +
    '    at /app/node_modules/router/index.js:295:15\n' +
    '    at processParams (/app/node_modules/router/index.js:582:12)\n' +
    '    at next (/app/node_modules/router/index.js:291:5)\n' +
    '    at Function.handle (/app/node_modules/router/index.js:186:3)',
  level: 'error',
  timestamp: '2026-08-02T05:48:07.995Z'
}
{
  message: 'Fetching user details for ID: 060b52ae-f46b-4b3a-80ee-8bafbaf5923d',
  level: 'debug',
  timestamp: '2026-08-02T05:48:08.004Z'
}
{
  message: '[AuthController] Refresh Tokens',
  level: 'info',
  timestamp: '2026-08-02T05:48:08.007Z'
}
{
  message: '[Cache Hit] Lấy thông tin user ID: 060b52ae-f46b-4b3a-80ee-8bafbaf5923d từ Redis',
  level: 'debug',
  timestamp: '2026-08-02T05:48:08.010Z'
}
{
  message: 'Fetching user details for ID: 0772409a-2c0f-47cb-9ec6-51dbdeedda73',
  level: 'debug',
  timestamp: '2026-08-02T05:48:08.018Z'
}
{
  message: '[Cache Hit] Lấy thông tin user ID: 0772409a-2c0f-47cb-9ec6-51dbdeedda73 từ Redis',
  level: 'debug',
  timestamp: '2026-08-02T05:48:08.020Z'
}
{
  message: '[AuthService] Tokens refreshed successfully for user: agent1@booking.com',
  level: 'info',
  timestamp: '2026-08-02T05:48:08.034Z'
}
{
  message: '[AuthService] Tokens refreshed successfully for user: hieu2k5bn@gmail.com',
  level: 'info',
  timestamp: '2026-08-02T05:48:08.040Z'
}
{
  userId: '0772409a-2c0f-47cb-9ec6-51dbdeedda73',
  level: 'info',
  message: '[AuthController] Get Me',
  timestamp: '2026-08-02T05:48:08.064Z'
}
{
  message: 'Fetching user details for ID: 0772409a-2c0f-47cb-9ec6-51dbdeedda73',
  level: 'debug',
  timestamp: '2026-08-02T05:48:08.065Z'
}
{
  message: '[Cache Hit] Lấy thông tin user ID: 0772409a-2c0f-47cb-9ec6-51dbdeedda73 từ Redis',
  level: 'debug',
  timestamp: '2026-08-02T05:48:08.067Z'
}
{
  userId: '060b52ae-f46b-4b3a-80ee-8bafbaf5923d',
  level: 'info',
  message: '[AuthController] Get Me',
  timestamp: '2026-08-02T05:48:08.081Z'
}
{
  message: 'Fetching user details for ID: 060b52ae-f46b-4b3a-80ee-8bafbaf5923d',
  level: 'debug',
  timestamp: '2026-08-02T05:48:08.081Z'
}
{
  message: '[Cache Hit] Lấy thông tin user ID: 060b52ae-f46b-4b3a-80ee-8bafbaf5923d từ Redis',
  level: 'debug',
  timestamp: '2026-08-02T05:48:08.082Z'
}
{
  userId: '0772409a-2c0f-47cb-9ec6-51dbdeedda73',
  level: 'info',
  message: '[AuthController] Get Me',
  timestamp: '2026-08-02T05:48:45.000Z'
}
{
  message: 'Fetching user details for ID: 0772409a-2c0f-47cb-9ec6-51dbdeedda73',
  level: 'debug',
  timestamp: '2026-08-02T05:48:45.001Z'
}
{
  message: '[Cache Hit] Lấy thông tin user ID: 0772409a-2c0f-47cb-9ec6-51dbdeedda73 từ Redis',
  level: 'debug',
  timestamp: '2026-08-02T05:48:45.001Z'
}
{
  userId: '0772409a-2c0f-47cb-9ec6-51dbdeedda73',
  level: 'info',
  message: '[AuthController] Get Me',
  timestamp: '2026-08-02T05:48:45.009Z'
}
{
  message: 'Fetching user details for ID: 0772409a-2c0f-47cb-9ec6-51dbdeedda73',
  level: 'debug',
  timestamp: '2026-08-02T05:48:45.010Z'
}
{
  message: '[Cache Hit] Lấy thông tin user ID: 0772409a-2c0f-47cb-9ec6-51dbdeedda73 từ Redis',
  level: 'debug',
  timestamp: '2026-08-02T05:48:45.012Z'
}
{
  message: '[HotelController] Get my hotels',
  level: 'info',
  timestamp: '2026-08-02T05:48:45.311Z'
}
{
  message: '[HotelController] Get my hotels',
  level: 'info',
  timestamp: '2026-08-02T05:48:45.380Z'
}
{
  hotelId: '2d556b72-df20-455a-98d8-5887c31297de',
  level: 'info',
  message: '[BookingController] Get hotel bookings',
  timestamp: '2026-08-02T05:48:45.410Z'
}
{
  message: '[Cache Hit] Lấy thông tin hotel ID: 2d556b72-df20-455a-98d8-5887c31297de từ Redis',
  level: 'debug',
  timestamp: '2026-08-02T05:48:45.431Z'
}
{
  hotelId: 'b1894531-1a55-41c4-8de3-3f7222ce9272',
  level: 'info',
  message: '[BookingController] Get hotel bookings',
  timestamp: '2026-08-02T05:48:45.453Z'
}
{
  message: '[Cache Hit] Lấy thông tin hotel ID: b1894531-1a55-41c4-8de3-3f7222ce9272 từ Redis',
  level: 'debug',
  timestamp: '2026-08-02T05:48:45.468Z'
}
{
  hotelId: 'ca5dfeea-502a-49b4-8b40-edb8d8641096',
  level: 'info',
  message: '[BookingController] Get hotel bookings',
  timestamp: '2026-08-02T05:48:45.492Z'
}
{
  message: '[Cache Hit] Lấy thông tin hotel ID: ca5dfeea-502a-49b4-8b40-edb8d8641096 từ Redis',
  level: 'debug',
  timestamp: '2026-08-02T05:48:45.495Z'
}
{
  hotelId: 'cdcc3f08-97f8-42a7-8c59-51ba169f3bee',
  level: 'info',
  message: '[BookingController] Get hotel bookings',
  timestamp: '2026-08-02T05:48:45.500Z'
}
{
  message: '[Cache Hit] Lấy thông tin hotel ID: cdcc3f08-97f8-42a7-8c59-51ba169f3bee từ Redis',
  level: 'debug',
  timestamp: '2026-08-02T05:48:45.502Z'
}
{
  hotelId: '8168c601-3fbd-4be9-b0ba-78bc1ac96ea4',
  level: 'info',
  message: '[BookingController] Get hotel bookings',
  timestamp: '2026-08-02T05:48:45.508Z'
}
{
  hotelId: '7806d7b1-469e-4a3e-b855-cc649c51efc9',
  level: 'info',
  message: '[BookingController] Get hotel bookings',
  timestamp: '2026-08-02T05:48:45.511Z'
}
{
  message: '[Cache Hit] Lấy thông tin hotel ID: 8168c601-3fbd-4be9-b0ba-78bc1ac96ea4 từ Redis',
  level: 'debug',
  timestamp: '2026-08-02T05:48:45.514Z'
}
{
  message: '[Cache Hit] Lấy thông tin hotel ID: 7806d7b1-469e-4a3e-b855-cc649c51efc9 từ Redis',
  level: 'debug',
  timestamp: '2026-08-02T05:48:45.515Z'
}
{
  hotelId: '4ae8aa74-5d12-4c14-9904-1a09cd67b79d',
  level: 'info',
  message: '[BookingController] Get hotel bookings',
  timestamp: '2026-08-02T05:48:45.520Z'
}
{
  message: '[Cache Hit] Lấy thông tin hotel ID: 4ae8aa74-5d12-4c14-9904-1a09cd67b79d từ Redis',
  level: 'debug',
  timestamp: '2026-08-02T05:48:45.524Z'
}
{
  hotelId: '774ea0ad-10a2-4836-add4-ed1bf337d1f2',
  level: 'info',
  message: '[BookingController] Get hotel bookings',
  timestamp: '2026-08-02T05:48:45.530Z'
}
{
  message: '[Cache Hit] Lấy thông tin hotel ID: 774ea0ad-10a2-4836-add4-ed1bf337d1f2 từ Redis',
  level: 'debug',
  timestamp: '2026-08-02T05:48:45.533Z'
}
{
  hotelId: '99d133ab-5625-4527-9f6a-1c3784ec4888',
  level: 'info',
  message: '[BookingController] Get hotel bookings',
  timestamp: '2026-08-02T05:48:45.544Z'
}
{
  message: '[Cache Hit] Lấy thông tin hotel ID: 99d133ab-5625-4527-9f6a-1c3784ec4888 từ Redis',
  level: 'debug',
  timestamp: '2026-08-02T05:48:45.545Z'
}
{
  hotelId: '6c5095d1-8035-4ee6-b1b1-b9e27942a76f',
  level: 'info',
  message: '[BookingController] Get hotel bookings',
  timestamp: '2026-08-02T05:48:45.558Z'
}
{
  hotelId: 'b791877f-a851-4df9-8e97-491b5f55e97f',
  level: 'info',
  message: '[BookingController] Get hotel bookings',
  timestamp: '2026-08-02T05:48:45.561Z'
}
{
  message: '[Cache Hit] Lấy thông tin hotel ID: 6c5095d1-8035-4ee6-b1b1-b9e27942a76f từ Redis',
  level: 'debug',
  timestamp: '2026-08-02T05:48:45.563Z'
}
{
  message: '[Cache Hit] Lấy thông tin hotel ID: b791877f-a851-4df9-8e97-491b5f55e97f từ Redis',
  level: 'debug',
  timestamp: '2026-08-02T05:48:45.564Z'
}
{
  hotelId: '615a05ed-ca06-4178-9e3d-e2e883cd86f0',
  level: 'info',
  message: '[BookingController] Get hotel bookings',
  timestamp: '2026-08-02T05:48:45.603Z'
}
{
  hotelId: '2d556b72-df20-455a-98d8-5887c31297de',
  level: 'info',
  message: '[BookingController] Get hotel bookings',
  timestamp: '2026-08-02T05:48:45.607Z'
}
{
  message: '[Cache Hit] Lấy thông tin hotel ID: 615a05ed-ca06-4178-9e3d-e2e883cd86f0 từ Redis',
  level: 'debug',
  timestamp: '2026-08-02T05:48:45.608Z'
}
{
  message: '[Cache Hit] Lấy thông tin hotel ID: 2d556b72-df20-455a-98d8-5887c31297de từ Redis',
  level: 'debug',
  timestamp: '2026-08-02T05:48:45.609Z'
}
{
  hotelId: 'b1894531-1a55-41c4-8de3-3f7222ce9272',
  level: 'info',
  message: '[BookingController] Get hotel bookings',
  timestamp: '2026-08-02T05:48:45.628Z'
}
{
  message: '[Cache Hit] Lấy thông tin hotel ID: b1894531-1a55-41c4-8de3-3f7222ce9272 từ Redis',
  level: 'debug',
  timestamp: '2026-08-02T05:48:45.644Z'
}
{
  hotelId: 'ca5dfeea-502a-49b4-8b40-edb8d8641096',
  level: 'info',
  message: '[BookingController] Get hotel bookings',
  timestamp: '2026-08-02T05:48:45.657Z'
}
{
  hotelId: '99d133ab-5625-4527-9f6a-1c3784ec4888',
  level: 'info',
  message: '[BookingController] Get hotel bookings',
  timestamp: '2026-08-02T05:48:45.660Z'
}
{
  hotelId: 'cdcc3f08-97f8-42a7-8c59-51ba169f3bee',
  level: 'info',
  message: '[BookingController] Get hotel bookings',
  timestamp: '2026-08-02T05:48:45.668Z'
}
{
  hotelId: '6c5095d1-8035-4ee6-b1b1-b9e27942a76f',
  level: 'info',
  message: '[BookingController] Get hotel bookings',
  timestamp: '2026-08-02T05:48:45.678Z'
}
{
  message: '[Cache Hit] Lấy thông tin hotel ID: ca5dfeea-502a-49b4-8b40-edb8d8641096 từ Redis',
  level: 'debug',
  timestamp: '2026-08-02T05:48:45.680Z'
}
{
  message: '[Cache Hit] Lấy thông tin hotel ID: 99d133ab-5625-4527-9f6a-1c3784ec4888 từ Redis',
  level: 'debug',
  timestamp: '2026-08-02T05:48:45.681Z'
}
{
  message: '[Cache Hit] Lấy thông tin hotel ID: cdcc3f08-97f8-42a7-8c59-51ba169f3bee từ Redis',
  level: 'debug',
  timestamp: '2026-08-02T05:48:45.681Z'
}
{
  message: '[Cache Hit] Lấy thông tin hotel ID: 6c5095d1-8035-4ee6-b1b1-b9e27942a76f từ Redis',
  level: 'debug',
  timestamp: '2026-08-02T05:48:45.682Z'
}
{
  hotelId: 'b791877f-a851-4df9-8e97-491b5f55e97f',
  level: 'info',
  message: '[BookingController] Get hotel bookings',
  timestamp: '2026-08-02T05:48:45.700Z'
}
{
  message: '[Cache Hit] Lấy thông tin hotel ID: b791877f-a851-4df9-8e97-491b5f55e97f từ Redis',
  level: 'debug',
  timestamp: '2026-08-02T05:48:45.701Z'
}
{
  hotelId: '4ae8aa74-5d12-4c14-9904-1a09cd67b79d',
  level: 'info',
  message: '[BookingController] Get hotel bookings',
  timestamp: '2026-08-02T05:48:45.704Z'
}
{
  hotelId: '7806d7b1-469e-4a3e-b855-cc649c51efc9',
  level: 'info',
  message: '[BookingController] Get hotel bookings',
  timestamp: '2026-08-02T05:48:45.707Z'
}
{
  hotelId: '615a05ed-ca06-4178-9e3d-e2e883cd86f0',
  level: 'info',
  message: '[BookingController] Get hotel bookings',
  timestamp: '2026-08-02T05:48:45.710Z'
}
{
  hotelId: '8168c601-3fbd-4be9-b0ba-78bc1ac96ea4',
  level: 'info',
  message: '[BookingController] Get hotel bookings',
  timestamp: '2026-08-02T05:48:45.711Z'
}
{
  message: '[Cache Hit] Lấy thông tin hotel ID: 4ae8aa74-5d12-4c14-9904-1a09cd67b79d từ Redis',
  level: 'debug',
  timestamp: '2026-08-02T05:48:45.713Z'
}
{
  message: '[Cache Hit] Lấy thông tin hotel ID: 7806d7b1-469e-4a3e-b855-cc649c51efc9 từ Redis',
  level: 'debug',
  timestamp: '2026-08-02T05:48:45.715Z'
}
{
  message: '[Cache Hit] Lấy thông tin hotel ID: 615a05ed-ca06-4178-9e3d-e2e883cd86f0 từ Redis',
  level: 'debug',
  timestamp: '2026-08-02T05:48:45.715Z'
}
{
  message: '[Cache Hit] Lấy thông tin hotel ID: 8168c601-3fbd-4be9-b0ba-78bc1ac96ea4 từ Redis',
  level: 'debug',
  timestamp: '2026-08-02T05:48:45.716Z'
}
{
  hotelId: '774ea0ad-10a2-4836-add4-ed1bf337d1f2',
  level: 'info',
  message: '[BookingController] Get hotel bookings',
  timestamp: '2026-08-02T05:48:45.720Z'
}
{
  message: '[Cache Hit] Lấy thông tin hotel ID: 774ea0ad-10a2-4836-add4-ed1bf337d1f2 từ Redis',
  level: 'debug',
  timestamp: '2026-08-02T05:48:45.726Z'
}
{
  message: '[AiController] Analyzing ALL hotels for agent 0772409a-2c0f-47cb-9ec6-51dbdeedda73',
  level: 'info',
  timestamp: '2026-08-02T05:48:46.682Z'
}
{
  message: '[HotelController] Get my hotels',
  level: 'info',
  timestamp: '2026-08-02T05:48:48.173Z'
}
{
  message: '[HotelController] Get my hotels',
  level: 'info',
  timestamp: '2026-08-02T05:48:48.188Z'
}
{
  message: '[HotelController] Get my hotels',
  level: 'info',
  timestamp: '2026-08-02T05:48:48.891Z'
}
{
  message: '[HotelController] Get my hotels',
  level: 'info',
  timestamp: '2026-08-02T05:48:48.906Z'
}
{
  hotelId: '2d556b72-df20-455a-98d8-5887c31297de',
  level: 'info',
  message: '[BookingController] Get hotel bookings',
  timestamp: '2026-08-02T05:48:48.913Z'
}
{
  hotelId: 'ca5dfeea-502a-49b4-8b40-edb8d8641096',
  level: 'info',
  message: '[BookingController] Get hotel bookings',
  timestamp: '2026-08-02T05:48:48.923Z'
}
{
  hotelId: '774ea0ad-10a2-4836-add4-ed1bf337d1f2',
  level: 'info',
  message: '[BookingController] Get hotel bookings',
  timestamp: '2026-08-02T05:48:48.929Z'
}
{
  hotelId: '6c5095d1-8035-4ee6-b1b1-b9e27942a76f',
  level: 'info',
  message: '[BookingController] Get hotel bookings',
  timestamp: '2026-08-02T05:48:48.933Z'
}
{
  message: '[Cache Hit] Lấy thông tin hotel ID: 2d556b72-df20-455a-98d8-5887c31297de từ Redis',
  level: 'debug',
  timestamp: '2026-08-02T05:48:48.936Z'
}
{
  message: '[Cache Hit] Lấy thông tin hotel ID: ca5dfeea-502a-49b4-8b40-edb8d8641096 từ Redis',
  level: 'debug',
  timestamp: '2026-08-02T05:48:48.937Z'
}
{
  message: '[Cache Hit] Lấy thông tin hotel ID: 774ea0ad-10a2-4836-add4-ed1bf337d1f2 từ Redis',
  level: 'debug',
  timestamp: '2026-08-02T05:48:48.937Z'
}
{
  message: '[Cache Hit] Lấy thông tin hotel ID: 6c5095d1-8035-4ee6-b1b1-b9e27942a76f từ Redis',
  level: 'debug',
  timestamp: '2026-08-02T05:48:48.938Z'
}
{
  hotelId: '615a05ed-ca06-4178-9e3d-e2e883cd86f0',
  level: 'info',
  message: '[BookingController] Get hotel bookings',
  timestamp: '2026-08-02T05:48:48.965Z'
}
{
  hotelId: 'b791877f-a851-4df9-8e97-491b5f55e97f',
  level: 'info',
  message: '[BookingController] Get hotel bookings',
  timestamp: '2026-08-02T05:48:48.969Z'
}
{
  hotelId: 'cdcc3f08-97f8-42a7-8c59-51ba169f3bee',
  level: 'info',
  message: '[BookingController] Get hotel bookings',
  timestamp: '2026-08-02T05:48:48.976Z'
}
{
  hotelId: '7806d7b1-469e-4a3e-b855-cc649c51efc9',
  level: 'info',
  message: '[BookingController] Get hotel bookings',
  timestamp: '2026-08-02T05:48:48.980Z'
}
{
  hotelId: '4ae8aa74-5d12-4c14-9904-1a09cd67b79d',
  level: 'info',
  message: '[BookingController] Get hotel bookings',
  timestamp: '2026-08-02T05:48:48.985Z'
}
{
  message: '[Cache Hit] Lấy thông tin hotel ID: 615a05ed-ca06-4178-9e3d-e2e883cd86f0 từ Redis',
  level: 'debug',
  timestamp: '2026-08-02T05:48:48.986Z'
}
{
  message: '[Cache Hit] Lấy thông tin hotel ID: b791877f-a851-4df9-8e97-491b5f55e97f từ Redis',
  level: 'debug',
  timestamp: '2026-08-02T05:48:48.987Z'
}
{
  message: '[Cache Hit] Lấy thông tin hotel ID: cdcc3f08-97f8-42a7-8c59-51ba169f3bee từ Redis',
  level: 'debug',
  timestamp: '2026-08-02T05:48:48.987Z'
}
{
  message: '[Cache Hit] Lấy thông tin hotel ID: 7806d7b1-469e-4a3e-b855-cc649c51efc9 từ Redis',
  level: 'debug',
  timestamp: '2026-08-02T05:48:48.987Z'
}
{
  message: '[Cache Hit] Lấy thông tin hotel ID: 4ae8aa74-5d12-4c14-9904-1a09cd67b79d từ Redis',
  level: 'debug',
  timestamp: '2026-08-02T05:48:48.987Z'
}
{
  hotelId: '8168c601-3fbd-4be9-b0ba-78bc1ac96ea4',
  level: 'info',
  message: '[BookingController] Get hotel bookings',
  timestamp: '2026-08-02T05:48:48.997Z'
}
{
  hotelId: 'b1894531-1a55-41c4-8de3-3f7222ce9272',
  level: 'info',
  message: '[BookingController] Get hotel bookings',
  timestamp: '2026-08-02T05:48:49.004Z'
}
{
  hotelId: '99d133ab-5625-4527-9f6a-1c3784ec4888',
  level: 'info',
  message: '[BookingController] Get hotel bookings',
  timestamp: '2026-08-02T05:48:49.006Z'
}
{
  hotelId: '2d556b72-df20-455a-98d8-5887c31297de',
  level: 'info',
  message: '[BookingController] Get hotel bookings',
  timestamp: '2026-08-02T05:48:49.010Z'
}
{
  hotelId: 'ca5dfeea-502a-49b4-8b40-edb8d8641096',
  level: 'info',
  message: '[BookingController] Get hotel bookings',
  timestamp: '2026-08-02T05:48:49.015Z'
}
{
  message: '[Cache Hit] Lấy thông tin hotel ID: 8168c601-3fbd-4be9-b0ba-78bc1ac96ea4 từ Redis',
  level: 'debug',
  timestamp: '2026-08-02T05:48:49.018Z'
}
{
  message: '[Cache Hit] Lấy thông tin hotel ID: b1894531-1a55-41c4-8de3-3f7222ce9272 từ Redis',
  level: 'debug',
  timestamp: '2026-08-02T05:48:49.018Z'
}
{
  message: '[Cache Hit] Lấy thông tin hotel ID: 99d133ab-5625-4527-9f6a-1c3784ec4888 từ Redis',
  level: 'debug',
  timestamp: '2026-08-02T05:48:49.018Z'
}
{
  message: '[Cache Hit] Lấy thông tin hotel ID: 2d556b72-df20-455a-98d8-5887c31297de từ Redis',
  level: 'debug',
  timestamp: '2026-08-02T05:48:49.019Z'
}
{
  message: '[Cache Hit] Lấy thông tin hotel ID: ca5dfeea-502a-49b4-8b40-edb8d8641096 từ Redis',
  level: 'debug',
  timestamp: '2026-08-02T05:48:49.019Z'
}
{
  hotelId: '774ea0ad-10a2-4836-add4-ed1bf337d1f2',
  level: 'info',
  message: '[BookingController] Get hotel bookings',
  timestamp: '2026-08-02T05:48:49.036Z'
}
{
  hotelId: '6c5095d1-8035-4ee6-b1b1-b9e27942a76f',
  level: 'info',
  message: '[BookingController] Get hotel bookings',
  timestamp: '2026-08-02T05:48:49.044Z'
}
{
  hotelId: 'cdcc3f08-97f8-42a7-8c59-51ba169f3bee',
  level: 'info',
  message: '[BookingController] Get hotel bookings',
  timestamp: '2026-08-02T05:48:49.054Z'
}
{
  hotelId: '615a05ed-ca06-4178-9e3d-e2e883cd86f0',
  level: 'info',
  message: '[BookingController] Get hotel bookings',
  timestamp: '2026-08-02T05:48:49.062Z'
}
{
  hotelId: 'b791877f-a851-4df9-8e97-491b5f55e97f',
  level: 'info',
  message: '[BookingController] Get hotel bookings',
  timestamp: '2026-08-02T05:48:49.067Z'
}
{
  message: '[Cache Hit] Lấy thông tin hotel ID: 774ea0ad-10a2-4836-add4-ed1bf337d1f2 từ Redis',
  level: 'debug',
  timestamp: '2026-08-02T05:48:49.068Z'
}
{
  message: '[Cache Hit] Lấy thông tin hotel ID: 6c5095d1-8035-4ee6-b1b1-b9e27942a76f từ Redis',
  level: 'debug',
  timestamp: '2026-08-02T05:48:49.068Z'
}
{
  message: '[Cache Hit] Lấy thông tin hotel ID: cdcc3f08-97f8-42a7-8c59-51ba169f3bee từ Redis',
  level: 'debug',
  timestamp: '2026-08-02T05:48:49.068Z'
}
{
  message: '[Cache Hit] Lấy thông tin hotel ID: 615a05ed-ca06-4178-9e3d-e2e883cd86f0 từ Redis',
  level: 'debug',
  timestamp: '2026-08-02T05:48:49.068Z'
}
{
  message: '[Cache Hit] Lấy thông tin hotel ID: b791877f-a851-4df9-8e97-491b5f55e97f từ Redis',
  level: 'debug',
  timestamp: '2026-08-02T05:48:49.069Z'
}
{
  hotelId: '7806d7b1-469e-4a3e-b855-cc649c51efc9',
  level: 'info',
  message: '[BookingController] Get hotel bookings',
  timestamp: '2026-08-02T05:48:49.077Z'
}
{
  hotelId: '4ae8aa74-5d12-4c14-9904-1a09cd67b79d',
  level: 'info',
  message: '[BookingController] Get hotel bookings',
  timestamp: '2026-08-02T05:48:49.081Z'
}
{
  hotelId: '99d133ab-5625-4527-9f6a-1c3784ec4888',
  level: 'info',
  message: '[BookingController] Get hotel bookings',
  timestamp: '2026-08-02T05:48:49.085Z'
}
{
  hotelId: 'b1894531-1a55-41c4-8de3-3f7222ce9272',
  level: 'info',
  message: '[BookingController] Get hotel bookings',
  timestamp: '2026-08-02T05:48:49.088Z'
}
{
  hotelId: '8168c601-3fbd-4be9-b0ba-78bc1ac96ea4',
  level: 'info',
  message: '[BookingController] Get hotel bookings',
  timestamp: '2026-08-02T05:48:49.091Z'
}
{
  message: '[Cache Hit] Lấy thông tin hotel ID: 7806d7b1-469e-4a3e-b855-cc649c51efc9 từ Redis',
  level: 'debug',
  timestamp: '2026-08-02T05:48:49.093Z'
}
{
  message: '[Cache Hit] Lấy thông tin hotel ID: 4ae8aa74-5d12-4c14-9904-1a09cd67b79d từ Redis',
  level: 'debug',
  timestamp: '2026-08-02T05:48:49.093Z'
}
{
  message: '[Cache Hit] Lấy thông tin hotel ID: 99d133ab-5625-4527-9f6a-1c3784ec4888 từ Redis',
  level: 'debug',
  timestamp: '2026-08-02T05:48:49.094Z'
}
{
  message: '[Cache Hit] Lấy thông tin hotel ID: b1894531-1a55-41c4-8de3-3f7222ce9272 từ Redis',
  level: 'debug',
  timestamp: '2026-08-02T05:48:49.094Z'
}
{
  message: '[Cache Hit] Lấy thông tin hotel ID: 8168c601-3fbd-4be9-b0ba-78bc1ac96ea4 từ Redis',
  level: 'debug',
  timestamp: '2026-08-02T05:48:49.097Z'
}
{
  message: '[HotelController] Get my hotels',
  level: 'info',
  timestamp: '2026-08-02T05:48:50.239Z'
}
{
  message: '[HotelController] Get my hotels',
  level: 'info',
  timestamp: '2026-08-02T05:48:50.252Z'
}
{
  message: '[HotelController] Get my hotels',
  level: 'info',
  timestamp: '2026-08-02T05:48:51.862Z'
}
{
  message: '[HotelController] Get my hotels',
  level: 'info',
  timestamp: '2026-08-02T05:48:51.881Z'
}
{
  hotelId: 'ca5dfeea-502a-49b4-8b40-edb8d8641096',
  level: 'info',
  message: '[BookingController] Get hotel bookings',
  timestamp: '2026-08-02T05:48:51.912Z'
}
{
  hotelId: '2d556b72-df20-455a-98d8-5887c31297de',
  level: 'info',
  message: '[BookingController] Get hotel bookings',
  timestamp: '2026-08-02T05:48:51.914Z'
}
{
  hotelId: 'cdcc3f08-97f8-42a7-8c59-51ba169f3bee',
  level: 'info',
  message: '[BookingController] Get hotel bookings',
  timestamp: '2026-08-02T05:48:51.919Z'
}
{
  hotelId: '7806d7b1-469e-4a3e-b855-cc649c51efc9',
  level: 'info',
  message: '[BookingController] Get hotel bookings',
  timestamp: '2026-08-02T05:48:51.922Z'
}
{
  message: '[Cache Hit] Lấy thông tin hotel ID: ca5dfeea-502a-49b4-8b40-edb8d8641096 từ Redis',
  level: 'debug',
  timestamp: '2026-08-02T05:48:51.922Z'
}
{
  message: '[Cache Hit] Lấy thông tin hotel ID: 2d556b72-df20-455a-98d8-5887c31297de từ Redis',
  level: 'debug',
  timestamp: '2026-08-02T05:48:51.923Z'
}
{
  message: '[Cache Hit] Lấy thông tin hotel ID: cdcc3f08-97f8-42a7-8c59-51ba169f3bee từ Redis',
  level: 'debug',
  timestamp: '2026-08-02T05:48:51.923Z'
}
{
  message: '[Cache Hit] Lấy thông tin hotel ID: 7806d7b1-469e-4a3e-b855-cc649c51efc9 từ Redis',
  level: 'debug',
  timestamp: '2026-08-02T05:48:51.923Z'
}
{
  hotelId: '4ae8aa74-5d12-4c14-9904-1a09cd67b79d',
  level: 'info',
  message: '[BookingController] Get hotel bookings',
  timestamp: '2026-08-02T05:48:51.935Z'
}
{
  message: '[Cache Hit] Lấy thông tin hotel ID: 4ae8aa74-5d12-4c14-9904-1a09cd67b79d từ Redis',
  level: 'debug',
  timestamp: '2026-08-02T05:48:51.938Z'
}
{
  hotelId: '8168c601-3fbd-4be9-b0ba-78bc1ac96ea4',
  level: 'info',
  message: '[BookingController] Get hotel bookings',
  timestamp: '2026-08-02T05:48:51.940Z'
}
{
  hotelId: '774ea0ad-10a2-4836-add4-ed1bf337d1f2',
  level: 'info',
  message: '[BookingController] Get hotel bookings',
  timestamp: '2026-08-02T05:48:51.943Z'
}
{
  hotelId: 'b1894531-1a55-41c4-8de3-3f7222ce9272',
  level: 'info',
  message: '[BookingController] Get hotel bookings',
  timestamp: '2026-08-02T05:48:51.946Z'
}
{
  hotelId: '99d133ab-5625-4527-9f6a-1c3784ec4888',
  level: 'info',
  message: '[BookingController] Get hotel bookings',
  timestamp: '2026-08-02T05:48:51.947Z'
}
{
  message: '[Cache Hit] Lấy thông tin hotel ID: 8168c601-3fbd-4be9-b0ba-78bc1ac96ea4 từ Redis',
  level: 'debug',
  timestamp: '2026-08-02T05:48:51.949Z'
}
{
  message: '[Cache Hit] Lấy thông tin hotel ID: 774ea0ad-10a2-4836-add4-ed1bf337d1f2 từ Redis',
  level: 'debug',
  timestamp: '2026-08-02T05:48:51.949Z'
}
{
  message: '[Cache Hit] Lấy thông tin hotel ID: b1894531-1a55-41c4-8de3-3f7222ce9272 từ Redis',
  level: 'debug',
  timestamp: '2026-08-02T05:48:51.949Z'
}
{
  message: '[Cache Hit] Lấy thông tin hotel ID: 99d133ab-5625-4527-9f6a-1c3784ec4888 từ Redis',
  level: 'debug',
  timestamp: '2026-08-02T05:48:51.950Z'
}
{
  hotelId: '2d556b72-df20-455a-98d8-5887c31297de',
  level: 'info',
  message: '[BookingController] Get hotel bookings',
  timestamp: '2026-08-02T05:48:51.970Z'
}
{
  message: '[Cache Hit] Lấy thông tin hotel ID: 2d556b72-df20-455a-98d8-5887c31297de từ Redis',
  level: 'debug',
  timestamp: '2026-08-02T05:48:51.971Z'
}
{
  hotelId: 'ca5dfeea-502a-49b4-8b40-edb8d8641096',
  level: 'info',
  message: '[BookingController] Get hotel bookings',
  timestamp: '2026-08-02T05:48:51.974Z'
}
{
  hotelId: 'cdcc3f08-97f8-42a7-8c59-51ba169f3bee',
  level: 'info',
  message: '[BookingController] Get hotel bookings',
  timestamp: '2026-08-02T05:48:51.978Z'
}
{
  hotelId: '7806d7b1-469e-4a3e-b855-cc649c51efc9',
  level: 'info',
  message: '[BookingController] Get hotel bookings',
  timestamp: '2026-08-02T05:48:51.984Z'
}
{
  hotelId: '615a05ed-ca06-4178-9e3d-e2e883cd86f0',
  level: 'info',
  message: '[BookingController] Get hotel bookings',
  timestamp: '2026-08-02T05:48:51.989Z'
}
{
  message: '[Cache Hit] Lấy thông tin hotel ID: ca5dfeea-502a-49b4-8b40-edb8d8641096 từ Redis',
  level: 'debug',
  timestamp: '2026-08-02T05:48:51.993Z'
}
{
  message: '[Cache Hit] Lấy thông tin hotel ID: cdcc3f08-97f8-42a7-8c59-51ba169f3bee từ Redis',
  level: 'debug',
  timestamp: '2026-08-02T05:48:51.994Z'
}
{
  message: '[Cache Hit] Lấy thông tin hotel ID: 7806d7b1-469e-4a3e-b855-cc649c51efc9 từ Redis',
  level: 'debug',
  timestamp: '2026-08-02T05:48:51.995Z'
}
{
  message: '[Cache Hit] Lấy thông tin hotel ID: 615a05ed-ca06-4178-9e3d-e2e883cd86f0 từ Redis',
  level: 'debug',
  timestamp: '2026-08-02T05:48:51.995Z'
}
{
  hotelId: 'b791877f-a851-4df9-8e97-491b5f55e97f',
  level: 'info',
  message: '[BookingController] Get hotel bookings',
  timestamp: '2026-08-02T05:48:52.004Z'
}
{
  hotelId: '4ae8aa74-5d12-4c14-9904-1a09cd67b79d',
  level: 'info',
  message: '[BookingController] Get hotel bookings',
  timestamp: '2026-08-02T05:48:52.008Z'
}
{
  hotelId: '6c5095d1-8035-4ee6-b1b1-b9e27942a76f',
  level: 'info',
  message: '[BookingController] Get hotel bookings',
  timestamp: '2026-08-02T05:48:52.012Z'
}
{
  hotelId: '8168c601-3fbd-4be9-b0ba-78bc1ac96ea4',
  level: 'info',
  message: '[BookingController] Get hotel bookings',
  timestamp: '2026-08-02T05:48:52.017Z'
}
{
  hotelId: '774ea0ad-10a2-4836-add4-ed1bf337d1f2',
  level: 'info',
  message: '[BookingController] Get hotel bookings',
  timestamp: '2026-08-02T05:48:52.021Z'
}
{
  message: '[Cache Hit] Lấy thông tin hotel ID: b791877f-a851-4df9-8e97-491b5f55e97f từ Redis',
  level: 'debug',
  timestamp: '2026-08-02T05:48:52.022Z'
}
{
  message: '[Cache Hit] Lấy thông tin hotel ID: 4ae8aa74-5d12-4c14-9904-1a09cd67b79d từ Redis',
  level: 'debug',
  timestamp: '2026-08-02T05:48:52.022Z'
}
{
  message: '[Cache Hit] Lấy thông tin hotel ID: 6c5095d1-8035-4ee6-b1b1-b9e27942a76f từ Redis',
  level: 'debug',
  timestamp: '2026-08-02T05:48:52.023Z'
}
{
  message: '[Cache Hit] Lấy thông tin hotel ID: 8168c601-3fbd-4be9-b0ba-78bc1ac96ea4 từ Redis',
  level: 'debug',
  timestamp: '2026-08-02T05:48:52.023Z'
}
{
  message: '[Cache Hit] Lấy thông tin hotel ID: 774ea0ad-10a2-4836-add4-ed1bf337d1f2 từ Redis',
  level: 'debug',
  timestamp: '2026-08-02T05:48:52.024Z'
}
{
  hotelId: 'b1894531-1a55-41c4-8de3-3f7222ce9272',
  level: 'info',
  message: '[BookingController] Get hotel bookings',
  timestamp: '2026-08-02T05:48:52.034Z'
}
{
  hotelId: '99d133ab-5625-4527-9f6a-1c3784ec4888',
  level: 'info',
  message: '[BookingController] Get hotel bookings',
  timestamp: '2026-08-02T05:48:52.037Z'
}
{
  message: '[Cache Hit] Lấy thông tin hotel ID: b1894531-1a55-41c4-8de3-3f7222ce9272 từ Redis',
  level: 'debug',
  timestamp: '2026-08-02T05:48:52.038Z'
}
{
  message: '[Cache Hit] Lấy thông tin hotel ID: 99d133ab-5625-4527-9f6a-1c3784ec4888 từ Redis',
  level: 'debug',
  timestamp: '2026-08-02T05:48:52.038Z'
}
{
  hotelId: '615a05ed-ca06-4178-9e3d-e2e883cd86f0',
  level: 'info',
  message: '[BookingController] Get hotel bookings',
  timestamp: '2026-08-02T05:48:52.040Z'
}
{
  hotelId: 'b791877f-a851-4df9-8e97-491b5f55e97f',
  level: 'info',
  message: '[BookingController] Get hotel bookings',
  timestamp: '2026-08-02T05:48:52.042Z'
}
{
  hotelId: '6c5095d1-8035-4ee6-b1b1-b9e27942a76f',
  level: 'info',
  message: '[BookingController] Get hotel bookings',
  timestamp: '2026-08-02T05:48:52.044Z'
}
{
  message: '[Cache Hit] Lấy thông tin hotel ID: 615a05ed-ca06-4178-9e3d-e2e883cd86f0 từ Redis',
  level: 'debug',
  timestamp: '2026-08-02T05:48:52.045Z'
}
{
  message: '[Cache Hit] Lấy thông tin hotel ID: b791877f-a851-4df9-8e97-491b5f55e97f từ Redis',
  level: 'debug',
  timestamp: '2026-08-02T05:48:52.045Z'
}
{
  message: '[Cache Hit] Lấy thông tin hotel ID: 6c5095d1-8035-4ee6-b1b1-b9e27942a76f từ Redis',
  level: 'debug',
  timestamp: '2026-08-02T05:48:52.045Z'
}
{
  message: '[HotelController] Get my hotels',
  level: 'info',
  timestamp: '2026-08-02T05:48:54.566Z'
}
{
  message: '[HotelController] Get my hotels',
  level: 'info',
  timestamp: '2026-08-02T05:48:54.578Z'
}
{
  hotelId: '2d556b72-df20-455a-98d8-5887c31297de',
  level: 'info',
  message: '[BookingController] Get hotel bookings',
  timestamp: '2026-08-02T05:48:54.585Z'
}
{
  hotelId: 'ca5dfeea-502a-49b4-8b40-edb8d8641096',
  level: 'info',
  message: '[BookingController] Get hotel bookings',
  timestamp: '2026-08-02T05:48:54.588Z'
}
{
  hotelId: '774ea0ad-10a2-4836-add4-ed1bf337d1f2',
  level: 'info',
  message: '[BookingController] Get hotel bookings',
  timestamp: '2026-08-02T05:48:54.590Z'
}
{
  hotelId: '6c5095d1-8035-4ee6-b1b1-b9e27942a76f',
  level: 'info',
  message: '[BookingController] Get hotel bookings',
  timestamp: '2026-08-02T05:48:54.595Z'
}
{
  message: '[Cache Hit] Lấy thông tin hotel ID: 2d556b72-df20-455a-98d8-5887c31297de từ Redis',
  level: 'debug',
  timestamp: '2026-08-02T05:48:54.598Z'
}
{
  message: '[Cache Hit] Lấy thông tin hotel ID: ca5dfeea-502a-49b4-8b40-edb8d8641096 từ Redis',
  level: 'debug',
  timestamp: '2026-08-02T05:48:54.598Z'
}
{
  message: '[Cache Hit] Lấy thông tin hotel ID: 774ea0ad-10a2-4836-add4-ed1bf337d1f2 từ Redis',
  level: 'debug',
  timestamp: '2026-08-02T05:48:54.599Z'
}
{
  message: '[Cache Hit] Lấy thông tin hotel ID: 6c5095d1-8035-4ee6-b1b1-b9e27942a76f từ Redis',
  level: 'debug',
  timestamp: '2026-08-02T05:48:54.599Z'
}
{
  hotelId: '615a05ed-ca06-4178-9e3d-e2e883cd86f0',
  level: 'info',
  message: '[BookingController] Get hotel bookings',
  timestamp: '2026-08-02T05:48:54.616Z'
}
{
  hotelId: 'cdcc3f08-97f8-42a7-8c59-51ba169f3bee',
  level: 'info',
  message: '[BookingController] Get hotel bookings',
  timestamp: '2026-08-02T05:48:54.620Z'
}
{
  hotelId: 'b791877f-a851-4df9-8e97-491b5f55e97f',
  level: 'info',
  message: '[BookingController] Get hotel bookings',
  timestamp: '2026-08-02T05:48:54.624Z'
}
{
  hotelId: '7806d7b1-469e-4a3e-b855-cc649c51efc9',
  level: 'info',
  message: '[BookingController] Get hotel bookings',
  timestamp: '2026-08-02T05:48:54.627Z'
}
{
  hotelId: '4ae8aa74-5d12-4c14-9904-1a09cd67b79d',
  level: 'info',
  message: '[BookingController] Get hotel bookings',
  timestamp: '2026-08-02T05:48:54.630Z'
}
{
  message: '[Cache Hit] Lấy thông tin hotel ID: 615a05ed-ca06-4178-9e3d-e2e883cd86f0 từ Redis',
  level: 'debug',
  timestamp: '2026-08-02T05:48:54.631Z'
}
{
  message: '[Cache Hit] Lấy thông tin hotel ID: cdcc3f08-97f8-42a7-8c59-51ba169f3bee từ Redis',
  level: 'debug',
  timestamp: '2026-08-02T05:48:54.632Z'
}
{
  message: '[Cache Hit] Lấy thông tin hotel ID: b791877f-a851-4df9-8e97-491b5f55e97f từ Redis',
  level: 'debug',
  timestamp: '2026-08-02T05:48:54.632Z'
}
{
  message: '[Cache Hit] Lấy thông tin hotel ID: 7806d7b1-469e-4a3e-b855-cc649c51efc9 từ Redis',
  level: 'debug',
  timestamp: '2026-08-02T05:48:54.632Z'
}
{
  message: '[Cache Hit] Lấy thông tin hotel ID: 4ae8aa74-5d12-4c14-9904-1a09cd67b79d từ Redis',
  level: 'debug',
  timestamp: '2026-08-02T05:48:54.632Z'
}
{
  hotelId: '8168c601-3fbd-4be9-b0ba-78bc1ac96ea4',
  level: 'info',
  message: '[BookingController] Get hotel bookings',
  timestamp: '2026-08-02T05:48:54.640Z'
}
{
  hotelId: 'b1894531-1a55-41c4-8de3-3f7222ce9272',
  level: 'info',
  message: '[BookingController] Get hotel bookings',
  timestamp: '2026-08-02T05:48:54.643Z'
}
{
  hotelId: '2d556b72-df20-455a-98d8-5887c31297de',
  level: 'info',
  message: '[BookingController] Get hotel bookings',
  timestamp: '2026-08-02T05:48:54.646Z'
}
{
  hotelId: 'ca5dfeea-502a-49b4-8b40-edb8d8641096',
  level: 'info',
  message: '[BookingController] Get hotel bookings',
  timestamp: '2026-08-02T05:48:54.648Z'
}
{
  hotelId: '99d133ab-5625-4527-9f6a-1c3784ec4888',
  level: 'info',
  message: '[BookingController] Get hotel bookings',
  timestamp: '2026-08-02T05:48:54.649Z'
}
{
  message: '[Cache Hit] Lấy thông tin hotel ID: 8168c601-3fbd-4be9-b0ba-78bc1ac96ea4 từ Redis',
  level: 'debug',
  timestamp: '2026-08-02T05:48:54.649Z'
}
{
  message: '[Cache Hit] Lấy thông tin hotel ID: b1894531-1a55-41c4-8de3-3f7222ce9272 từ Redis',
  level: 'debug',
  timestamp: '2026-08-02T05:48:54.649Z'
}
{
  message: '[Cache Hit] Lấy thông tin hotel ID: 2d556b72-df20-455a-98d8-5887c31297de từ Redis',
  level: 'debug',
  timestamp: '2026-08-02T05:48:54.649Z'
}
{
  message: '[Cache Hit] Lấy thông tin hotel ID: ca5dfeea-502a-49b4-8b40-edb8d8641096 từ Redis',
  level: 'debug',
  timestamp: '2026-08-02T05:48:54.650Z'
}
{
  message: '[Cache Hit] Lấy thông tin hotel ID: 99d133ab-5625-4527-9f6a-1c3784ec4888 từ Redis',
  level: 'debug',
  timestamp: '2026-08-02T05:48:54.650Z'
}
{
  hotelId: 'cdcc3f08-97f8-42a7-8c59-51ba169f3bee',
  level: 'info',
  message: '[BookingController] Get hotel bookings',
  timestamp: '2026-08-02T05:48:54.656Z'
}
{
  hotelId: '6c5095d1-8035-4ee6-b1b1-b9e27942a76f',
  level: 'info',
  message: '[BookingController] Get hotel bookings',
  timestamp: '2026-08-02T05:48:54.658Z'
}
{
  hotelId: '615a05ed-ca06-4178-9e3d-e2e883cd86f0',
  level: 'info',
  message: '[BookingController] Get hotel bookings',
  timestamp: '2026-08-02T05:48:54.660Z'
}
{
  hotelId: '774ea0ad-10a2-4836-add4-ed1bf337d1f2',
  level: 'info',
  message: '[BookingController] Get hotel bookings',
  timestamp: '2026-08-02T05:48:54.664Z'
}
{
  hotelId: 'b791877f-a851-4df9-8e97-491b5f55e97f',
  level: 'info',
  message: '[BookingController] Get hotel bookings',
  timestamp: '2026-08-02T05:48:54.666Z'
}
{
  message: '[Cache Hit] Lấy thông tin hotel ID: cdcc3f08-97f8-42a7-8c59-51ba169f3bee từ Redis',
  level: 'debug',
  timestamp: '2026-08-02T05:48:54.666Z'
}
{
  message: '[Cache Hit] Lấy thông tin hotel ID: 6c5095d1-8035-4ee6-b1b1-b9e27942a76f từ Redis',
  level: 'debug',
  timestamp: '2026-08-02T05:48:54.666Z'
}
{
  message: '[Cache Hit] Lấy thông tin hotel ID: 615a05ed-ca06-4178-9e3d-e2e883cd86f0 từ Redis',
  level: 'debug',
  timestamp: '2026-08-02T05:48:54.667Z'
}
{
  message: '[Cache Hit] Lấy thông tin hotel ID: 774ea0ad-10a2-4836-add4-ed1bf337d1f2 từ Redis',
  level: 'debug',
  timestamp: '2026-08-02T05:48:54.667Z'
}
{
  message: '[Cache Hit] Lấy thông tin hotel ID: b791877f-a851-4df9-8e97-491b5f55e97f từ Redis',
  level: 'debug',
  timestamp: '2026-08-02T05:48:54.668Z'
}
{
  hotelId: '7806d7b1-469e-4a3e-b855-cc649c51efc9',
  level: 'info',
  message: '[BookingController] Get hotel bookings',
  timestamp: '2026-08-02T05:48:54.674Z'
}
{
  hotelId: '4ae8aa74-5d12-4c14-9904-1a09cd67b79d',
  level: 'info',
  message: '[BookingController] Get hotel bookings',
  timestamp: '2026-08-02T05:48:54.678Z'
}
{
  hotelId: '8168c601-3fbd-4be9-b0ba-78bc1ac96ea4',
  level: 'info',
  message: '[BookingController] Get hotel bookings',
  timestamp: '2026-08-02T05:48:54.681Z'
}
{
  hotelId: 'b1894531-1a55-41c4-8de3-3f7222ce9272',
  level: 'info',
  message: '[BookingController] Get hotel bookings',
  timestamp: '2026-08-02T05:48:54.683Z'
}
{
  hotelId: '99d133ab-5625-4527-9f6a-1c3784ec4888',
  level: 'info',
  message: '[BookingController] Get hotel bookings',
  timestamp: '2026-08-02T05:48:54.689Z'
}
{
  message: '[Cache Hit] Lấy thông tin hotel ID: 7806d7b1-469e-4a3e-b855-cc649c51efc9 từ Redis',
  level: 'debug',
  timestamp: '2026-08-02T05:48:54.689Z'
}
{
  message: '[Cache Hit] Lấy thông tin hotel ID: 4ae8aa74-5d12-4c14-9904-1a09cd67b79d từ Redis',
  level: 'debug',
  timestamp: '2026-08-02T05:48:54.689Z'
}
{
  message: '[Cache Hit] Lấy thông tin hotel ID: 8168c601-3fbd-4be9-b0ba-78bc1ac96ea4 từ Redis',
  level: 'debug',
  timestamp: '2026-08-02T05:48:54.690Z'
}
{
  message: '[Cache Hit] Lấy thông tin hotel ID: b1894531-1a55-41c4-8de3-3f7222ce9272 từ Redis',
  level: 'debug',
  timestamp: '2026-08-02T05:48:54.690Z'
}
{
  message: '[Cache Hit] Lấy thông tin hotel ID: 99d133ab-5625-4527-9f6a-1c3784ec4888 từ Redis',
  level: 'debug',
  timestamp: '2026-08-02T05:48:54.690Z'
}
{
  message: '[SchedulerService] Đang kiểm tra các booking hết hạn thanh toán...',
  level: 'info',
  timestamp: '2026-08-02T05:50:00.002Z'
}
{
  message: 'JWT Verification Error: jwt expired',
  level: 'error',
  timestamp: '2026-08-02T05:51:31.884Z'
}
{
  message: 'GLOBAL ERROR HANDLER CAUGHT: Error: Phiên đăng nhập đã hết hạn. Vui lòng lấy Token mới.\n' +
    '    at authMiddleware (/app/src/middlewares/authMiddleware.ts:80:9)\n' +
    '    at Layer.handleRequest (/app/node_modules/router/lib/layer.js:152:17)\n' +
    '    at trimPrefix (/app/node_modules/router/index.js:342:13)\n' +
    '    at /app/node_modules/router/index.js:297:9\n' +
    '    at processParams (/app/node_modules/router/index.js:582:12)\n' +
    '    at next (/app/node_modules/router/index.js:291:5)\n' +
    '    at Function.handle (/app/node_modules/router/index.js:186:3)\n' +
    '    at router (/app/node_modules/router/index.js:60:12)\n' +
    '    at Layer.handleRequest (/app/node_modules/router/lib/layer.js:152:17)\n' +
    '    at trimPrefix (/app/node_modules/router/index.js:342:13)',
  level: 'error',
  timestamp: '2026-08-02T05:51:31.887Z'
}
{
  message: '[AuthController] Refresh Tokens',
  level: 'info',
  timestamp: '2026-08-02T05:51:31.902Z'
}
{
  message: 'Fetching user details for ID: 0772409a-2c0f-47cb-9ec6-51dbdeedda73',
  level: 'debug',
  timestamp: '2026-08-02T05:51:31.923Z'
}
{
  message: '[Cache Hit] Lấy thông tin user ID: 0772409a-2c0f-47cb-9ec6-51dbdeedda73 từ Redis',
  level: 'debug',
  timestamp: '2026-08-02T05:51:31.925Z'
}
{
  message: '[AuthService] Tokens refreshed successfully for user: agent1@booking.com',
  level: 'info',
  timestamp: '2026-08-02T05:51:31.937Z'
}
{
  message: 'Nhận tín hiệu SIGTERM. Đang đóng API Server...',
  level: 'info',
  timestamp: '2026-08-02T05:52:00.314Z'
}
{
  message: 'Express HTTP server đã đóng.',
  level: 'info',
  timestamp: '2026-08-02T05:52:00.315Z'
}
{
  message: '[Redis] Đã đóng kết nối Redis',
  level: 'info',
  timestamp: '2026-08-02T05:52:00.316Z'
}
{
  message: '[SchedulerService] Khởi tạo các cron job...',
  level: 'info',
  timestamp: '2026-08-02T05:52:13.800Z'
}
{
  message: 'Booking API Service đang chạy tại port 3000 (Môi trường: development)',
  level: 'info',
  timestamp: '2026-08-02T05:52:13.875Z'
}
{
  message: '[Redis] Kết nối thành công tới Redis server',
  level: 'info',
  timestamp: '2026-08-02T05:52:13.881Z'
}
{
  userId: '0772409a-2c0f-47cb-9ec6-51dbdeedda73',
  level: 'info',
  message: '[AuthController] Get Me',
  timestamp: '2026-08-02T05:53:31.996Z'
}
{
  message: 'Fetching user details for ID: 0772409a-2c0f-47cb-9ec6-51dbdeedda73',
  level: 'debug',
  timestamp: '2026-08-02T05:53:31.998Z'
}
{
  message: '[Cache Hit] Lấy thông tin user ID: 0772409a-2c0f-47cb-9ec6-51dbdeedda73 từ Redis',
  level: 'debug',
  timestamp: '2026-08-02T05:53:32.007Z'
}
{
  userId: '0772409a-2c0f-47cb-9ec6-51dbdeedda73',
  level: 'info',
  message: '[AuthController] Get Me',
  timestamp: '2026-08-02T05:53:32.017Z'
}
{
  message: 'Fetching user details for ID: 0772409a-2c0f-47cb-9ec6-51dbdeedda73',
  level: 'debug',
  timestamp: '2026-08-02T05:53:32.018Z'
}
{
  message: '[Cache Hit] Lấy thông tin user ID: 0772409a-2c0f-47cb-9ec6-51dbdeedda73 từ Redis',
  level: 'debug',
  timestamp: '2026-08-02T05:53:32.026Z'
}
{
  message: '[HotelController] Get my hotels',
  level: 'info',
  timestamp: '2026-08-02T05:53:32.319Z'
}
{
  message: '[HotelController] Get my hotels',
  level: 'info',
  timestamp: '2026-08-02T05:53:32.403Z'
}
{
  hotelId: '2d556b72-df20-455a-98d8-5887c31297de',
  level: 'info',
  message: '[BookingController] Get hotel bookings',
  timestamp: '2026-08-02T05:53:32.437Z'
}
{
  message: '[Cache Hit] Lấy thông tin hotel ID: 2d556b72-df20-455a-98d8-5887c31297de từ Redis',
  level: 'debug',
  timestamp: '2026-08-02T05:53:32.475Z'
}
{
  hotelId: '4ae8aa74-5d12-4c14-9904-1a09cd67b79d',
  level: 'info',
  message: '[BookingController] Get hotel bookings',
  timestamp: '2026-08-02T05:53:32.492Z'
}
{
  message: '[Cache Hit] Lấy thông tin hotel ID: 4ae8aa74-5d12-4c14-9904-1a09cd67b79d từ Redis',
  level: 'debug',
  timestamp: '2026-08-02T05:53:32.495Z'
}
{
  hotelId: '8168c601-3fbd-4be9-b0ba-78bc1ac96ea4',
  level: 'info',
  message: '[BookingController] Get hotel bookings',
  timestamp: '2026-08-02T05:53:32.502Z'
}
{
  message: '[Cache Hit] Lấy thông tin hotel ID: 8168c601-3fbd-4be9-b0ba-78bc1ac96ea4 từ Redis',
  level: 'debug',
  timestamp: '2026-08-02T05:53:32.506Z'
}
{
  hotelId: 'ca5dfeea-502a-49b4-8b40-edb8d8641096',
  level: 'info',
  message: '[BookingController] Get hotel bookings',
  timestamp: '2026-08-02T05:53:32.522Z'
}
{
  message: '[Cache Hit] Lấy thông tin hotel ID: ca5dfeea-502a-49b4-8b40-edb8d8641096 từ Redis',
  level: 'debug',
  timestamp: '2026-08-02T05:53:32.524Z'
}
{
  hotelId: '2d556b72-df20-455a-98d8-5887c31297de',
  level: 'info',
  message: '[BookingController] Get hotel bookings',
  timestamp: '2026-08-02T05:53:32.527Z'
}
{
  hotelId: 'cdcc3f08-97f8-42a7-8c59-51ba169f3bee',
  level: 'info',
  message: '[BookingController] Get hotel bookings',
  timestamp: '2026-08-02T05:53:32.529Z'
}
{
  message: '[Cache Hit] Lấy thông tin hotel ID: 2d556b72-df20-455a-98d8-5887c31297de từ Redis',
  level: 'debug',
  timestamp: '2026-08-02T05:53:32.531Z'
}
{
  message: '[Cache Hit] Lấy thông tin hotel ID: cdcc3f08-97f8-42a7-8c59-51ba169f3bee từ Redis',
  level: 'debug',
  timestamp: '2026-08-02T05:53:32.532Z'
}
{
  hotelId: '99d133ab-5625-4527-9f6a-1c3784ec4888',
  level: 'info',
  message: '[BookingController] Get hotel bookings',
  timestamp: '2026-08-02T05:53:32.536Z'
}
{
  hotelId: '7806d7b1-469e-4a3e-b855-cc649c51efc9',
  level: 'info',
  message: '[BookingController] Get hotel bookings',
  timestamp: '2026-08-02T05:53:32.538Z'
}
{
  message: '[Cache Hit] Lấy thông tin hotel ID: 99d133ab-5625-4527-9f6a-1c3784ec4888 từ Redis',
  level: 'debug',
  timestamp: '2026-08-02T05:53:32.540Z'
}
{
  message: '[Cache Hit] Lấy thông tin hotel ID: 7806d7b1-469e-4a3e-b855-cc649c51efc9 từ Redis',
  level: 'debug',
  timestamp: '2026-08-02T05:53:32.540Z'
}
{
  hotelId: '6c5095d1-8035-4ee6-b1b1-b9e27942a76f',
  level: 'info',
  message: '[BookingController] Get hotel bookings',
  timestamp: '2026-08-02T05:53:32.544Z'
}
{
  hotelId: '774ea0ad-10a2-4836-add4-ed1bf337d1f2',
  level: 'info',
  message: '[BookingController] Get hotel bookings',
  timestamp: '2026-08-02T05:53:32.545Z'
}
{
  message: '[Cache Hit] Lấy thông tin hotel ID: 6c5095d1-8035-4ee6-b1b1-b9e27942a76f từ Redis',
  level: 'debug',
  timestamp: '2026-08-02T05:53:32.546Z'
}
{
  message: '[Cache Hit] Lấy thông tin hotel ID: 774ea0ad-10a2-4836-add4-ed1bf337d1f2 từ Redis',
  level: 'debug',
  timestamp: '2026-08-02T05:53:32.547Z'
}
{
  hotelId: 'b1894531-1a55-41c4-8de3-3f7222ce9272',
  level: 'info',
  message: '[BookingController] Get hotel bookings',
  timestamp: '2026-08-02T05:53:32.552Z'
}
{
  hotelId: '615a05ed-ca06-4178-9e3d-e2e883cd86f0',
  level: 'info',
  message: '[BookingController] Get hotel bookings',
  timestamp: '2026-08-02T05:53:32.553Z'
}
{
  message: '[Cache Hit] Lấy thông tin hotel ID: b1894531-1a55-41c4-8de3-3f7222ce9272 từ Redis',
  level: 'debug',
  timestamp: '2026-08-02T05:53:32.555Z'
}
{
  message: '[Cache Hit] Lấy thông tin hotel ID: 615a05ed-ca06-4178-9e3d-e2e883cd86f0 từ Redis',
  level: 'debug',
  timestamp: '2026-08-02T05:53:32.555Z'
}
{
  hotelId: 'b791877f-a851-4df9-8e97-491b5f55e97f',
  level: 'info',
  message: '[BookingController] Get hotel bookings',
  timestamp: '2026-08-02T05:53:32.560Z'
}
{
  hotelId: '4ae8aa74-5d12-4c14-9904-1a09cd67b79d',
  level: 'info',
  message: '[BookingController] Get hotel bookings',
  timestamp: '2026-08-02T05:53:32.562Z'
}
{
  message: '[Cache Hit] Lấy thông tin hotel ID: b791877f-a851-4df9-8e97-491b5f55e97f từ Redis',
  level: 'debug',
  timestamp: '2026-08-02T05:53:32.563Z'
}
{
  message: '[Cache Hit] Lấy thông tin hotel ID: 4ae8aa74-5d12-4c14-9904-1a09cd67b79d từ Redis',
  level: 'debug',
  timestamp: '2026-08-02T05:53:32.564Z'
}
{
  hotelId: '8168c601-3fbd-4be9-b0ba-78bc1ac96ea4',
  level: 'info',
  message: '[BookingController] Get hotel bookings',
  timestamp: '2026-08-02T05:53:32.572Z'
}
{
  hotelId: 'ca5dfeea-502a-49b4-8b40-edb8d8641096',
  level: 'info',
  message: '[BookingController] Get hotel bookings',
  timestamp: '2026-08-02T05:53:32.574Z'
}
{
  message: '[Cache Hit] Lấy thông tin hotel ID: 8168c601-3fbd-4be9-b0ba-78bc1ac96ea4 từ Redis',
  level: 'debug',
  timestamp: '2026-08-02T05:53:32.575Z'
}
{
  message: '[Cache Hit] Lấy thông tin hotel ID: ca5dfeea-502a-49b4-8b40-edb8d8641096 từ Redis',
  level: 'debug',
  timestamp: '2026-08-02T05:53:32.575Z'
}
{
  hotelId: 'cdcc3f08-97f8-42a7-8c59-51ba169f3bee',
  level: 'info',
  message: '[BookingController] Get hotel bookings',
  timestamp: '2026-08-02T05:53:32.578Z'
}
{
  hotelId: '99d133ab-5625-4527-9f6a-1c3784ec4888',
  level: 'info',
  message: '[BookingController] Get hotel bookings',
  timestamp: '2026-08-02T05:53:32.582Z'
}
{
  message: '[Cache Hit] Lấy thông tin hotel ID: cdcc3f08-97f8-42a7-8c59-51ba169f3bee từ Redis',
  level: 'debug',
  timestamp: '2026-08-02T05:53:32.583Z'
}
{
  message: '[Cache Hit] Lấy thông tin hotel ID: 99d133ab-5625-4527-9f6a-1c3784ec4888 từ Redis',
  level: 'debug',
  timestamp: '2026-08-02T05:53:32.584Z'
}
{
  hotelId: '7806d7b1-469e-4a3e-b855-cc649c51efc9',
  level: 'info',
  message: '[BookingController] Get hotel bookings',
  timestamp: '2026-08-02T05:53:32.590Z'
}
{
  hotelId: '6c5095d1-8035-4ee6-b1b1-b9e27942a76f',
  level: 'info',
  message: '[BookingController] Get hotel bookings',
  timestamp: '2026-08-02T05:53:32.593Z'
}
{
  message: '[Cache Hit] Lấy thông tin hotel ID: 7806d7b1-469e-4a3e-b855-cc649c51efc9 từ Redis',
  level: 'debug',
  timestamp: '2026-08-02T05:53:32.593Z'
}
{
  message: '[Cache Hit] Lấy thông tin hotel ID: 6c5095d1-8035-4ee6-b1b1-b9e27942a76f từ Redis',
  level: 'debug',
  timestamp: '2026-08-02T05:53:32.594Z'
}
{
  hotelId: '774ea0ad-10a2-4836-add4-ed1bf337d1f2',
  level: 'info',
  message: '[BookingController] Get hotel bookings',
  timestamp: '2026-08-02T05:53:32.598Z'
}
{
  hotelId: 'b1894531-1a55-41c4-8de3-3f7222ce9272',
  level: 'info',
  message: '[BookingController] Get hotel bookings',
  timestamp: '2026-08-02T05:53:32.601Z'
}
{
  message: '[Cache Hit] Lấy thông tin hotel ID: 774ea0ad-10a2-4836-add4-ed1bf337d1f2 từ Redis',
  level: 'debug',
  timestamp: '2026-08-02T05:53:32.602Z'
}
{
  message: '[Cache Hit] Lấy thông tin hotel ID: b1894531-1a55-41c4-8de3-3f7222ce9272 từ Redis',
  level: 'debug',
  timestamp: '2026-08-02T05:53:32.602Z'
}
{
  hotelId: '615a05ed-ca06-4178-9e3d-e2e883cd86f0',
  level: 'info',
  message: '[BookingController] Get hotel bookings',
  timestamp: '2026-08-02T05:53:32.609Z'
}
{
  hotelId: 'b791877f-a851-4df9-8e97-491b5f55e97f',
  level: 'info',
  message: '[BookingController] Get hotel bookings',
  timestamp: '2026-08-02T05:53:32.610Z'
}
{
  message: '[Cache Hit] Lấy thông tin hotel ID: 615a05ed-ca06-4178-9e3d-e2e883cd86f0 từ Redis',
  level: 'debug',
  timestamp: '2026-08-02T05:53:32.611Z'
}
{
  message: '[Cache Hit] Lấy thông tin hotel ID: b791877f-a851-4df9-8e97-491b5f55e97f từ Redis',
  level: 'debug',
  timestamp: '2026-08-02T05:53:32.611Z'
}
{
  message: '[AiController] Analyzing ALL hotels for agent 0772409a-2c0f-47cb-9ec6-51dbdeedda73',
  level: 'info',
  timestamp: '2026-08-02T05:53:35.181Z'
}
{
  message: 'JWT Verification Error: jwt expired',
  level: 'error',
  timestamp: '2026-08-02T05:54:32.884Z'
}
{
  message: 'GLOBAL ERROR HANDLER CAUGHT: Error: Phiên đăng nhập đã hết hạn. Vui lòng lấy Token mới.\n' +
    '    at authMiddleware (/app/src/middlewares/authMiddleware.ts:80:9)\n' +
    '    at Layer.handleRequest (/app/node_modules/router/lib/layer.js:152:17)\n' +
    '    at trimPrefix (/app/node_modules/router/index.js:342:13)\n' +
    '    at /app/node_modules/router/index.js:297:9\n' +
    '    at processParams (/app/node_modules/router/index.js:582:12)\n' +
    '    at next (/app/node_modules/router/index.js:291:5)\n' +
    '    at Function.handle (/app/node_modules/router/index.js:186:3)\n' +
    '    at router (/app/node_modules/router/index.js:60:12)\n' +
    '    at Layer.handleRequest (/app/node_modules/router/lib/layer.js:152:17)\n' +
    '    at trimPrefix (/app/node_modules/router/index.js:342:13)',
  level: 'error',
  timestamp: '2026-08-02T05:54:32.886Z'
}
{
  message: '[AuthController] Refresh Tokens',
  level: 'info',
  timestamp: '2026-08-02T05:54:32.904Z'
}
{
  message: 'Fetching user details for ID: 0772409a-2c0f-47cb-9ec6-51dbdeedda73',
  level: 'debug',
  timestamp: '2026-08-02T05:54:32.920Z'
}
{
  message: '[Cache Hit] Lấy thông tin user ID: 0772409a-2c0f-47cb-9ec6-51dbdeedda73 từ Redis',
  level: 'debug',
  timestamp: '2026-08-02T05:54:32.920Z'
}
{
  message: '[AuthService] Tokens refreshed successfully for user: agent1@booking.com',
  level: 'info',
  timestamp: '2026-08-02T05:54:32.951Z'
}
{
  message: '[SchedulerService] Đang kiểm tra các booking hết hạn thanh toán...',
  level: 'info',
  timestamp: '2026-08-02T05:55:00.002Z'
}
{
  message: 'JWT Verification Error: jwt expired',
  level: 'error',
  timestamp: '2026-08-02T05:58:23.175Z'
}
{
  message: 'GLOBAL ERROR HANDLER CAUGHT: Error: Phiên đăng nhập đã hết hạn. Vui lòng lấy Token mới.\n' +
    '    at authMiddleware (/app/src/middlewares/authMiddleware.ts:80:9)\n' +
    '    at Layer.handleRequest (/app/node_modules/router/lib/layer.js:152:17)\n' +
    '    at trimPrefix (/app/node_modules/router/index.js:342:13)\n' +
    '    at /app/node_modules/router/index.js:297:9\n' +
    '    at processParams (/app/node_modules/router/index.js:582:12)\n' +
    '    at next (/app/node_modules/router/index.js:291:5)\n' +
    '    at Function.handle (/app/node_modules/router/index.js:186:3)\n' +
    '    at router (/app/node_modules/router/index.js:60:12)\n' +
    '    at Layer.handleRequest (/app/node_modules/router/lib/layer.js:152:17)\n' +
    '    at trimPrefix (/app/node_modules/router/index.js:342:13)',
  level: 'error',
  timestamp: '2026-08-02T05:58:23.177Z'
}
{
  message: 'JWT Verification Error: jwt expired',
  level: 'error',
  timestamp: '2026-08-02T05:58:23.184Z'
}
{
  message: 'GLOBAL ERROR HANDLER CAUGHT: Error: Phiên đăng nhập đã hết hạn. Vui lòng lấy Token mới.\n' +
    '    at authMiddleware (/app/src/middlewares/authMiddleware.ts:80:9)\n' +
    '    at Layer.handleRequest (/app/node_modules/router/lib/layer.js:152:17)\n' +
    '    at trimPrefix (/app/node_modules/router/index.js:342:13)\n' +
    '    at /app/node_modules/router/index.js:297:9\n' +
    '    at processParams (/app/node_modules/router/index.js:582:12)\n' +
    '    at next (/app/node_modules/router/index.js:291:5)\n' +
    '    at Function.handle (/app/node_modules/router/index.js:186:3)\n' +
    '    at router (/app/node_modules/router/index.js:60:12)\n' +
    '    at Layer.handleRequest (/app/node_modules/router/lib/layer.js:152:17)\n' +
    '    at trimPrefix (/app/node_modules/router/index.js:342:13)',
  level: 'error',
  timestamp: '2026-08-02T05:58:23.185Z'
}
{
  message: '[AuthController] Refresh Tokens',
  level: 'info',
  timestamp: '2026-08-02T05:58:23.194Z'
}
{
  message: 'Fetching user details for ID: 0772409a-2c0f-47cb-9ec6-51dbdeedda73',
  level: 'debug',
  timestamp: '2026-08-02T05:58:23.217Z'
}
{
  message: '[Cache Miss] Tìm user ID: 0772409a-2c0f-47cb-9ec6-51dbdeedda73 trong Database',
  level: 'debug',
  timestamp: '2026-08-02T05:58:23.218Z'
}
{
  message: '[AuthService] Tokens refreshed successfully for user: agent1@booking.com',
  level: 'info',
  timestamp: '2026-08-02T05:58:23.246Z'
}
{
  userId: '0772409a-2c0f-47cb-9ec6-51dbdeedda73',
  level: 'info',
  message: '[AuthController] Get Me',
  timestamp: '2026-08-02T05:58:23.964Z'
}
{
  message: 'Fetching user details for ID: 0772409a-2c0f-47cb-9ec6-51dbdeedda73',
  level: 'debug',
  timestamp: '2026-08-02T05:58:23.965Z'
}
{
  message: '[Cache Hit] Lấy thông tin user ID: 0772409a-2c0f-47cb-9ec6-51dbdeedda73 từ Redis',
  level: 'debug',
  timestamp: '2026-08-02T05:58:23.966Z'
}
{
  userId: '0772409a-2c0f-47cb-9ec6-51dbdeedda73',
  level: 'info',
  message: '[AuthController] Get Me',
  timestamp: '2026-08-02T05:58:23.978Z'
}
{
  message: 'Fetching user details for ID: 0772409a-2c0f-47cb-9ec6-51dbdeedda73',
  level: 'debug',
  timestamp: '2026-08-02T05:58:23.979Z'
}
{
  message: '[Cache Hit] Lấy thông tin user ID: 0772409a-2c0f-47cb-9ec6-51dbdeedda73 từ Redis',
  level: 'debug',
  timestamp: '2026-08-02T05:58:23.980Z'
}
{
  message: '[HotelController] Get my hotels',
  level: 'info',
  timestamp: '2026-08-02T05:58:24.263Z'
}
{
  message: '[HotelController] Get my hotels',
  level: 'info',
  timestamp: '2026-08-02T05:58:24.313Z'
}
{
  hotelId: '2d556b72-df20-455a-98d8-5887c31297de',
  level: 'info',
  message: '[BookingController] Get hotel bookings',
  timestamp: '2026-08-02T05:58:24.345Z'
}
{
  hotelId: 'ca5dfeea-502a-49b4-8b40-edb8d8641096',
  level: 'info',
  message: '[BookingController] Get hotel bookings',
  timestamp: '2026-08-02T05:58:24.351Z'
}
{
  message: '[Cache Miss] Tìm hotel ID: 2d556b72-df20-455a-98d8-5887c31297de trong Database',
  level: 'debug',
  timestamp: '2026-08-02T05:58:24.359Z'
}
{
  message: '[Cache Miss] Tìm hotel ID: ca5dfeea-502a-49b4-8b40-edb8d8641096 trong Database',
  level: 'debug',
  timestamp: '2026-08-02T05:58:24.359Z'
}
{
  hotelId: 'cdcc3f08-97f8-42a7-8c59-51ba169f3bee',
  level: 'info',
  message: '[BookingController] Get hotel bookings',
  timestamp: '2026-08-02T05:58:24.405Z'
}
{
  message: '[Cache Miss] Tìm hotel ID: cdcc3f08-97f8-42a7-8c59-51ba169f3bee trong Database',
  level: 'debug',
  timestamp: '2026-08-02T05:58:24.410Z'
}
{
  hotelId: '774ea0ad-10a2-4836-add4-ed1bf337d1f2',
  level: 'info',
  message: '[BookingController] Get hotel bookings',
  timestamp: '2026-08-02T05:58:24.419Z'
}
{
  message: '[Cache Miss] Tìm hotel ID: 774ea0ad-10a2-4836-add4-ed1bf337d1f2 trong Database',
  level: 'debug',
  timestamp: '2026-08-02T05:58:24.424Z'
}
{
  hotelId: '4ae8aa74-5d12-4c14-9904-1a09cd67b79d',
  level: 'info',
  message: '[BookingController] Get hotel bookings',
  timestamp: '2026-08-02T05:58:24.434Z'
}
{
  message: '[Cache Miss] Tìm hotel ID: 4ae8aa74-5d12-4c14-9904-1a09cd67b79d trong Database',
  level: 'debug',
  timestamp: '2026-08-02T05:58:24.439Z'
}
{
  hotelId: '6c5095d1-8035-4ee6-b1b1-b9e27942a76f',
  level: 'info',
  message: '[BookingController] Get hotel bookings',
  timestamp: '2026-08-02T05:58:24.445Z'
}
{
  hotelId: 'b1894531-1a55-41c4-8de3-3f7222ce9272',
  level: 'info',
  message: '[BookingController] Get hotel bookings',
  timestamp: '2026-08-02T05:58:24.450Z'
}
{
  hotelId: '7806d7b1-469e-4a3e-b855-cc649c51efc9',
  level: 'info',
  message: '[BookingController] Get hotel bookings',
  timestamp: '2026-08-02T05:58:24.457Z'
}
{
  message: '[Cache Miss] Tìm hotel ID: 6c5095d1-8035-4ee6-b1b1-b9e27942a76f trong Database',
  level: 'debug',
  timestamp: '2026-08-02T05:58:24.458Z'
}
{
  message: '[Cache Miss] Tìm hotel ID: b1894531-1a55-41c4-8de3-3f7222ce9272 trong Database',
  level: 'debug',
  timestamp: '2026-08-02T05:58:24.458Z'
}
{
  message: '[Cache Miss] Tìm hotel ID: 7806d7b1-469e-4a3e-b855-cc649c51efc9 trong Database',
  level: 'debug',
  timestamp: '2026-08-02T05:58:24.459Z'
}
{
  hotelId: '99d133ab-5625-4527-9f6a-1c3784ec4888',
  level: 'info',
  message: '[BookingController] Get hotel bookings',
  timestamp: '2026-08-02T05:58:24.485Z'
}
{
  message: '[Cache Miss] Tìm hotel ID: 99d133ab-5625-4527-9f6a-1c3784ec4888 trong Database',
  level: 'debug',
  timestamp: '2026-08-02T05:58:24.486Z'
}
{
  hotelId: '8168c601-3fbd-4be9-b0ba-78bc1ac96ea4',
  level: 'info',
  message: '[BookingController] Get hotel bookings',
  timestamp: '2026-08-02T05:58:24.522Z'
}
{
  hotelId: '615a05ed-ca06-4178-9e3d-e2e883cd86f0',
  level: 'info',
  message: '[BookingController] Get hotel bookings',
  timestamp: '2026-08-02T05:58:24.529Z'
}
{
  message: '[Cache Miss] Tìm hotel ID: 8168c601-3fbd-4be9-b0ba-78bc1ac96ea4 trong Database',
  level: 'debug',
  timestamp: '2026-08-02T05:58:24.532Z'
}
{
  message: '[Cache Miss] Tìm hotel ID: 615a05ed-ca06-4178-9e3d-e2e883cd86f0 trong Database',
  level: 'debug',
  timestamp: '2026-08-02T05:58:24.534Z'
}
{
  hotelId: 'b791877f-a851-4df9-8e97-491b5f55e97f',
  level: 'info',
  message: '[BookingController] Get hotel bookings',
  timestamp: '2026-08-02T05:58:24.543Z'
}
{
  message: '[Cache Miss] Tìm hotel ID: b791877f-a851-4df9-8e97-491b5f55e97f trong Database',
  level: 'debug',
  timestamp: '2026-08-02T05:58:24.548Z'
}
{
  hotelId: '2d556b72-df20-455a-98d8-5887c31297de',
  level: 'info',
  message: '[BookingController] Get hotel bookings',
  timestamp: '2026-08-02T05:58:24.557Z'
}
{
  hotelId: 'ca5dfeea-502a-49b4-8b40-edb8d8641096',
  level: 'info',
  message: '[BookingController] Get hotel bookings',
  timestamp: '2026-08-02T05:58:24.558Z'
}
{
  hotelId: '4ae8aa74-5d12-4c14-9904-1a09cd67b79d',
  level: 'info',
  message: '[BookingController] Get hotel bookings',
  timestamp: '2026-08-02T05:58:24.560Z'
}
{
  message: '[Cache Hit] Lấy thông tin hotel ID: 2d556b72-df20-455a-98d8-5887c31297de từ Redis',
  level: 'debug',
  timestamp: '2026-08-02T05:58:24.564Z'
}
{
  message: '[Cache Hit] Lấy thông tin hotel ID: ca5dfeea-502a-49b4-8b40-edb8d8641096 từ Redis',
  level: 'debug',
  timestamp: '2026-08-02T05:58:24.565Z'
}
{
  message: '[Cache Hit] Lấy thông tin hotel ID: 4ae8aa74-5d12-4c14-9904-1a09cd67b79d từ Redis',
  level: 'debug',
  timestamp: '2026-08-02T05:58:24.565Z'
}
{
  hotelId: '99d133ab-5625-4527-9f6a-1c3784ec4888',
  level: 'info',
  message: '[BookingController] Get hotel bookings',
  timestamp: '2026-08-02T05:58:24.575Z'
}
{
  hotelId: 'cdcc3f08-97f8-42a7-8c59-51ba169f3bee',
  level: 'info',
  message: '[BookingController] Get hotel bookings',
  timestamp: '2026-08-02T05:58:24.578Z'
}
{
  hotelId: '774ea0ad-10a2-4836-add4-ed1bf337d1f2',
  level: 'info',
  message: '[BookingController] Get hotel bookings',
  timestamp: '2026-08-02T05:58:24.582Z'
}
{
  hotelId: '6c5095d1-8035-4ee6-b1b1-b9e27942a76f',
  level: 'info',
  message: '[BookingController] Get hotel bookings',
  timestamp: '2026-08-02T05:58:24.583Z'
}
{
  hotelId: 'b1894531-1a55-41c4-8de3-3f7222ce9272',
  level: 'info',
  message: '[BookingController] Get hotel bookings',
  timestamp: '2026-08-02T05:58:24.585Z'
}
{
  message: '[Cache Hit] Lấy thông tin hotel ID: 99d133ab-5625-4527-9f6a-1c3784ec4888 từ Redis',
  level: 'debug',
  timestamp: '2026-08-02T05:58:24.587Z'
}
{
  message: '[Cache Hit] Lấy thông tin hotel ID: cdcc3f08-97f8-42a7-8c59-51ba169f3bee từ Redis',
  level: 'debug',
  timestamp: '2026-08-02T05:58:24.587Z'
}
{
  message: '[Cache Hit] Lấy thông tin hotel ID: 774ea0ad-10a2-4836-add4-ed1bf337d1f2 từ Redis',
  level: 'debug',
  timestamp: '2026-08-02T05:58:24.588Z'
}
{
  message: '[Cache Hit] Lấy thông tin hotel ID: 6c5095d1-8035-4ee6-b1b1-b9e27942a76f từ Redis',
  level: 'debug',
  timestamp: '2026-08-02T05:58:24.588Z'
}
{
  message: '[Cache Hit] Lấy thông tin hotel ID: b1894531-1a55-41c4-8de3-3f7222ce9272 từ Redis',
  level: 'debug',
  timestamp: '2026-08-02T05:58:24.588Z'
}
{
  hotelId: '7806d7b1-469e-4a3e-b855-cc649c51efc9',
  level: 'info',
  message: '[BookingController] Get hotel bookings',
  timestamp: '2026-08-02T05:58:24.596Z'
}
{
  hotelId: '8168c601-3fbd-4be9-b0ba-78bc1ac96ea4',
  level: 'info',
  message: '[BookingController] Get hotel bookings',
  timestamp: '2026-08-02T05:58:24.598Z'
}
{
  hotelId: '615a05ed-ca06-4178-9e3d-e2e883cd86f0',
  level: 'info',
  message: '[BookingController] Get hotel bookings',
  timestamp: '2026-08-02T05:58:24.599Z'
}
{
  hotelId: 'b791877f-a851-4df9-8e97-491b5f55e97f',
  level: 'info',
  message: '[BookingController] Get hotel bookings',
  timestamp: '2026-08-02T05:58:24.600Z'
}
{
  message: '[Cache Hit] Lấy thông tin hotel ID: 7806d7b1-469e-4a3e-b855-cc649c51efc9 từ Redis',
  level: 'debug',
  timestamp: '2026-08-02T05:58:24.601Z'
}
{
  message: '[Cache Hit] Lấy thông tin hotel ID: 8168c601-3fbd-4be9-b0ba-78bc1ac96ea4 từ Redis',
  level: 'debug',
  timestamp: '2026-08-02T05:58:24.601Z'
}
{
  message: '[Cache Hit] Lấy thông tin hotel ID: 615a05ed-ca06-4178-9e3d-e2e883cd86f0 từ Redis',
  level: 'debug',
  timestamp: '2026-08-02T05:58:24.601Z'
}
{
  message: '[Cache Hit] Lấy thông tin hotel ID: b791877f-a851-4df9-8e97-491b5f55e97f từ Redis',
  level: 'debug',
  timestamp: '2026-08-02T05:58:24.601Z'
}
{
  message: '[AiController] Analyzing ALL hotels for agent 0772409a-2c0f-47cb-9ec6-51dbdeedda73',
  level: 'info',
  timestamp: '2026-08-02T05:58:25.375Z'
}
{
  message: '[SchedulerService] Đang kiểm tra các booking hết hạn thanh toán...',
  level: 'info',
  timestamp: '2026-08-02T06:00:00.004Z'
}
{
  message: 'Nhận tín hiệu SIGTERM. Đang đóng API Server...',
  level: 'info',
  timestamp: '2026-08-02T06:00:58.205Z'
}
{
  message: 'Express HTTP server đã đóng.',
  level: 'info',
  timestamp: '2026-08-02T06:00:58.206Z'
}
{
  message: '[Redis] Đã đóng kết nối Redis',
  level: 'info',
  timestamp: '2026-08-02T06:00:58.207Z'
}
{
  message: '[SchedulerService] Khởi tạo các cron job...',
  level: 'info',
  timestamp: '2026-08-02T06:01:10.221Z'
}
{
  message: 'Booking API Service đang chạy tại port 3000 (Môi trường: development)',
  level: 'info',
  timestamp: '2026-08-02T06:01:10.266Z'
}
{
  message: '[Redis] Kết nối thành công tới Redis server',
  level: 'info',
  timestamp: '2026-08-02T06:01:10.273Z'
}
{
  message: 'JWT Verification Error: jwt expired',
  level: 'error',
  timestamp: '2026-08-02T06:01:24.906Z'
}
{
  message: 'GLOBAL ERROR HANDLER CAUGHT: Error: Phiên đăng nhập đã hết hạn. Vui lòng lấy Token mới.\n' +
    '    at authMiddleware (/app/src/middlewares/authMiddleware.ts:80:9)\n' +
    '    at Layer.handleRequest (/app/node_modules/router/lib/layer.js:152:17)\n' +
    '    at trimPrefix (/app/node_modules/router/index.js:342:13)\n' +
    '    at /app/node_modules/router/index.js:297:9\n' +
    '    at processParams (/app/node_modules/router/index.js:582:12)\n' +
    '    at next (/app/node_modules/router/index.js:291:5)\n' +
    '    at Function.handle (/app/node_modules/router/index.js:186:3)\n' +
    '    at router (/app/node_modules/router/index.js:60:12)\n' +
    '    at Layer.handleRequest (/app/node_modules/router/lib/layer.js:152:17)\n' +
    '    at trimPrefix (/app/node_modules/router/index.js:342:13)',
  level: 'error',
  timestamp: '2026-08-02T06:01:24.908Z'
}
{
  message: '[AuthController] Refresh Tokens',
  level: 'info',
  timestamp: '2026-08-02T06:01:24.930Z'
}
{
  message: 'Fetching user details for ID: 0772409a-2c0f-47cb-9ec6-51dbdeedda73',
  level: 'debug',
  timestamp: '2026-08-02T06:01:25.022Z'
}
{
  message: '[Cache Hit] Lấy thông tin user ID: 0772409a-2c0f-47cb-9ec6-51dbdeedda73 từ Redis',
  level: 'debug',
  timestamp: '2026-08-02T06:01:25.023Z'
}
{
  message: '[AuthService] Tokens refreshed successfully for user: agent1@booking.com',
  level: 'info',
  timestamp: '2026-08-02T06:01:25.073Z'
}
{
  userId: '0772409a-2c0f-47cb-9ec6-51dbdeedda73',
  level: 'info',
  message: '[AuthController] Get Me',
  timestamp: '2026-08-02T06:01:59.177Z'
}
{
  message: 'Fetching user details for ID: 0772409a-2c0f-47cb-9ec6-51dbdeedda73',
  level: 'debug',
  timestamp: '2026-08-02T06:01:59.178Z'
}
{
  message: '[Cache Hit] Lấy thông tin user ID: 0772409a-2c0f-47cb-9ec6-51dbdeedda73 từ Redis',
  level: 'debug',
  timestamp: '2026-08-02T06:01:59.179Z'
}
{
  userId: '0772409a-2c0f-47cb-9ec6-51dbdeedda73',
  level: 'info',
  message: '[AuthController] Get Me',
  timestamp: '2026-08-02T06:01:59.188Z'
}
{
  message: 'Fetching user details for ID: 0772409a-2c0f-47cb-9ec6-51dbdeedda73',
  level: 'debug',
  timestamp: '2026-08-02T06:01:59.189Z'
}
{
  message: '[Cache Hit] Lấy thông tin user ID: 0772409a-2c0f-47cb-9ec6-51dbdeedda73 từ Redis',
  level: 'debug',
  timestamp: '2026-08-02T06:01:59.193Z'
}
{
  message: '[HotelController] Get my hotels',
  level: 'info',
  timestamp: '2026-08-02T06:01:59.507Z'
}
{
  message: '[HotelController] Get my hotels',
  level: 'info',
  timestamp: '2026-08-02T06:01:59.568Z'
}
{
  hotelId: '2d556b72-df20-455a-98d8-5887c31297de',
  level: 'info',
  message: '[BookingController] Get hotel bookings',
  timestamp: '2026-08-02T06:01:59.584Z'
}
{
  message: '[Cache Hit] Lấy thông tin hotel ID: 2d556b72-df20-455a-98d8-5887c31297de từ Redis',
  level: 'debug',
  timestamp: '2026-08-02T06:01:59.601Z'
}
{
  hotelId: '4ae8aa74-5d12-4c14-9904-1a09cd67b79d',
  level: 'info',
  message: '[BookingController] Get hotel bookings',
  timestamp: '2026-08-02T06:01:59.619Z'
}
{
  message: '[Cache Hit] Lấy thông tin hotel ID: 4ae8aa74-5d12-4c14-9904-1a09cd67b79d từ Redis',
  level: 'debug',
  timestamp: '2026-08-02T06:01:59.625Z'
}
{
  hotelId: 'ca5dfeea-502a-49b4-8b40-edb8d8641096',
  level: 'info',
  message: '[BookingController] Get hotel bookings',
  timestamp: '2026-08-02T06:01:59.646Z'
}
{
  message: '[Cache Hit] Lấy thông tin hotel ID: ca5dfeea-502a-49b4-8b40-edb8d8641096 từ Redis',
  level: 'debug',
  timestamp: '2026-08-02T06:01:59.647Z'
}
{
  hotelId: 'b791877f-a851-4df9-8e97-491b5f55e97f',
  level: 'info',
  message: '[BookingController] Get hotel bookings',
  timestamp: '2026-08-02T06:01:59.653Z'
}
{
  message: '[Cache Hit] Lấy thông tin hotel ID: b791877f-a851-4df9-8e97-491b5f55e97f từ Redis',
  level: 'debug',
  timestamp: '2026-08-02T06:01:59.656Z'
}
{
  hotelId: '7806d7b1-469e-4a3e-b855-cc649c51efc9',
  level: 'info',
  message: '[BookingController] Get hotel bookings',
  timestamp: '2026-08-02T06:01:59.663Z'
}
{
  message: '[Cache Hit] Lấy thông tin hotel ID: 7806d7b1-469e-4a3e-b855-cc649c51efc9 từ Redis',
  level: 'debug',
  timestamp: '2026-08-02T06:01:59.665Z'
}
{
  hotelId: '6c5095d1-8035-4ee6-b1b1-b9e27942a76f',
  level: 'info',
  message: '[BookingController] Get hotel bookings',
  timestamp: '2026-08-02T06:01:59.669Z'
}
{
  hotelId: '774ea0ad-10a2-4836-add4-ed1bf337d1f2',
  level: 'info',
  message: '[BookingController] Get hotel bookings',
  timestamp: '2026-08-02T06:01:59.672Z'
}
{
  message: '[Cache Hit] Lấy thông tin hotel ID: 6c5095d1-8035-4ee6-b1b1-b9e27942a76f từ Redis',
  level: 'debug',
  timestamp: '2026-08-02T06:01:59.673Z'
}
{
  message: '[Cache Hit] Lấy thông tin hotel ID: 774ea0ad-10a2-4836-add4-ed1bf337d1f2 từ Redis',
  level: 'debug',
  timestamp: '2026-08-02T06:01:59.674Z'
}
{
  hotelId: '99d133ab-5625-4527-9f6a-1c3784ec4888',
  level: 'info',
  message: '[BookingController] Get hotel bookings',
  timestamp: '2026-08-02T06:01:59.684Z'
}
{
  message: '[Cache Hit] Lấy thông tin hotel ID: 99d133ab-5625-4527-9f6a-1c3784ec4888 từ Redis',
  level: 'debug',
  timestamp: '2026-08-02T06:01:59.685Z'
}
{
  hotelId: '8168c601-3fbd-4be9-b0ba-78bc1ac96ea4',
  level: 'info',
  message: '[BookingController] Get hotel bookings',
  timestamp: '2026-08-02T06:01:59.691Z'
}
{
  message: '[Cache Hit] Lấy thông tin hotel ID: 8168c601-3fbd-4be9-b0ba-78bc1ac96ea4 từ Redis',
  level: 'debug',
  timestamp: '2026-08-02T06:01:59.693Z'
}
{
  hotelId: 'b1894531-1a55-41c4-8de3-3f7222ce9272',
  level: 'info',
  message: '[BookingController] Get hotel bookings',
  timestamp: '2026-08-02T06:01:59.697Z'
}
{
  message: '[Cache Hit] Lấy thông tin hotel ID: b1894531-1a55-41c4-8de3-3f7222ce9272 từ Redis',
  level: 'debug',
  timestamp: '2026-08-02T06:01:59.702Z'
}
{
  hotelId: '615a05ed-ca06-4178-9e3d-e2e883cd86f0',
  level: 'info',
  message: '[BookingController] Get hotel bookings',
  timestamp: '2026-08-02T06:01:59.706Z'
}
{
  message: '[Cache Hit] Lấy thông tin hotel ID: 615a05ed-ca06-4178-9e3d-e2e883cd86f0 từ Redis',
  level: 'debug',
  timestamp: '2026-08-02T06:01:59.710Z'
}
{
  hotelId: 'cdcc3f08-97f8-42a7-8c59-51ba169f3bee',
  level: 'info',
  message: '[BookingController] Get hotel bookings',
  timestamp: '2026-08-02T06:01:59.727Z'
}
{
  message: '[Cache Hit] Lấy thông tin hotel ID: cdcc3f08-97f8-42a7-8c59-51ba169f3bee từ Redis',
  level: 'debug',
  timestamp: '2026-08-02T06:01:59.729Z'
}
{
  hotelId: '2d556b72-df20-455a-98d8-5887c31297de',
  level: 'info',
  message: '[BookingController] Get hotel bookings',
  timestamp: '2026-08-02T06:01:59.749Z'
}
{
  hotelId: '4ae8aa74-5d12-4c14-9904-1a09cd67b79d',
  level: 'info',
  message: '[BookingController] Get hotel bookings',
  timestamp: '2026-08-02T06:01:59.752Z'
}
{
  message: '[Cache Hit] Lấy thông tin hotel ID: 2d556b72-df20-455a-98d8-5887c31297de từ Redis',
  level: 'debug',
  timestamp: '2026-08-02T06:01:59.754Z'
}
{
  message: '[Cache Hit] Lấy thông tin hotel ID: 4ae8aa74-5d12-4c14-9904-1a09cd67b79d từ Redis',
  level: 'debug',
  timestamp: '2026-08-02T06:01:59.754Z'
}
{
  hotelId: 'ca5dfeea-502a-49b4-8b40-edb8d8641096',
  level: 'info',
  message: '[BookingController] Get hotel bookings',
  timestamp: '2026-08-02T06:01:59.761Z'
}
{
  hotelId: '99d133ab-5625-4527-9f6a-1c3784ec4888',
  level: 'info',
  message: '[BookingController] Get hotel bookings',
  timestamp: '2026-08-02T06:01:59.763Z'
}
{
  message: '[Cache Hit] Lấy thông tin hotel ID: ca5dfeea-502a-49b4-8b40-edb8d8641096 từ Redis',
  level: 'debug',
  timestamp: '2026-08-02T06:01:59.765Z'
}
{
  message: '[Cache Hit] Lấy thông tin hotel ID: 99d133ab-5625-4527-9f6a-1c3784ec4888 từ Redis',
  level: 'debug',
  timestamp: '2026-08-02T06:01:59.765Z'
}
{
  hotelId: 'b791877f-a851-4df9-8e97-491b5f55e97f',
  level: 'info',
  message: '[BookingController] Get hotel bookings',
  timestamp: '2026-08-02T06:01:59.771Z'
}
{
  hotelId: '8168c601-3fbd-4be9-b0ba-78bc1ac96ea4',
  level: 'info',
  message: '[BookingController] Get hotel bookings',
  timestamp: '2026-08-02T06:01:59.773Z'
}
{
  hotelId: 'cdcc3f08-97f8-42a7-8c59-51ba169f3bee',
  level: 'info',
  message: '[BookingController] Get hotel bookings',
  timestamp: '2026-08-02T06:01:59.776Z'
}
{
  message: '[Cache Hit] Lấy thông tin hotel ID: b791877f-a851-4df9-8e97-491b5f55e97f từ Redis',
  level: 'debug',
  timestamp: '2026-08-02T06:01:59.778Z'
}
{
  message: '[Cache Hit] Lấy thông tin hotel ID: 8168c601-3fbd-4be9-b0ba-78bc1ac96ea4 từ Redis',
  level: 'debug',
  timestamp: '2026-08-02T06:01:59.778Z'
}
{
  message: '[Cache Hit] Lấy thông tin hotel ID: cdcc3f08-97f8-42a7-8c59-51ba169f3bee từ Redis',
  level: 'debug',
  timestamp: '2026-08-02T06:01:59.778Z'
}
{
  hotelId: '7806d7b1-469e-4a3e-b855-cc649c51efc9',
  level: 'info',
  message: '[BookingController] Get hotel bookings',
  timestamp: '2026-08-02T06:01:59.785Z'
}
{
  hotelId: 'b1894531-1a55-41c4-8de3-3f7222ce9272',
  level: 'info',
  message: '[BookingController] Get hotel bookings',
  timestamp: '2026-08-02T06:01:59.787Z'
}
{
  hotelId: '615a05ed-ca06-4178-9e3d-e2e883cd86f0',
  level: 'info',
  message: '[BookingController] Get hotel bookings',
  timestamp: '2026-08-02T06:01:59.790Z'
}
{
  message: '[Cache Hit] Lấy thông tin hotel ID: 7806d7b1-469e-4a3e-b855-cc649c51efc9 từ Redis',
  level: 'debug',
  timestamp: '2026-08-02T06:01:59.791Z'
}
{
  message: '[Cache Hit] Lấy thông tin hotel ID: b1894531-1a55-41c4-8de3-3f7222ce9272 từ Redis',
  level: 'debug',
  timestamp: '2026-08-02T06:01:59.791Z'
}
{
  message: '[Cache Hit] Lấy thông tin hotel ID: 615a05ed-ca06-4178-9e3d-e2e883cd86f0 từ Redis',
  level: 'debug',
  timestamp: '2026-08-02T06:01:59.791Z'
}
{
  hotelId: '774ea0ad-10a2-4836-add4-ed1bf337d1f2',
  level: 'info',
  message: '[BookingController] Get hotel bookings',
  timestamp: '2026-08-02T06:01:59.796Z'
}
{
  message: '[Cache Hit] Lấy thông tin hotel ID: 774ea0ad-10a2-4836-add4-ed1bf337d1f2 từ Redis',
  level: 'debug',
  timestamp: '2026-08-02T06:01:59.798Z'
}
{
  hotelId: '6c5095d1-8035-4ee6-b1b1-b9e27942a76f',
  level: 'info',
  message: '[BookingController] Get hotel bookings',
  timestamp: '2026-08-02T06:01:59.803Z'
}
{
  message: '[Cache Hit] Lấy thông tin hotel ID: 6c5095d1-8035-4ee6-b1b1-b9e27942a76f từ Redis',
  level: 'debug',
  timestamp: '2026-08-02T06:01:59.804Z'
}
{
  message: '[AiController] Analyzing ALL hotels for agent 0772409a-2c0f-47cb-9ec6-51dbdeedda73',
  level: 'info',
  timestamp: '2026-08-02T06:02:00.746Z'
}
{
  message: 'GLOBAL ERROR HANDLER CAUGHT: Error: Lỗi khi kết nối với AI Model. Vui lòng thử lại sau.\n' +
    '    at AiAnalyticsService.analyzeAllHotels (/app/src/modules/ai/services/aiAnalyticsService.ts:630:13)\n' +
    '    at process.processTicksAndRejections (node:internal/process/task_queues:95:5)\n' +
    '    at async analyzeAll (/app/src/modules/ai/controllers/aiController.ts:38:28)',
  level: 'error',
  timestamp: '2026-08-02T06:02:04.872Z'
}
{
  message: '[AiController] Analyzing ALL hotels for agent 0772409a-2c0f-47cb-9ec6-51dbdeedda73',
  level: 'info',
  timestamp: '2026-08-02T06:02:12.236Z'
}
{
  message: '[HotelController] Get my hotels',
  level: 'info',
  timestamp: '2026-08-02T06:03:25.720Z'
}
{
  message: '[HotelController] Get my hotels',
  level: 'info',
  timestamp: '2026-08-02T06:03:25.759Z'
}
{
  hotelId: '6c5095d1-8035-4ee6-b1b1-b9e27942a76f',
  level: 'info',
  message: '[BookingController] Get hotel bookings',
  timestamp: '2026-08-02T06:03:25.816Z'
}
{
  message: '[Cache Hit] Lấy thông tin hotel ID: 6c5095d1-8035-4ee6-b1b1-b9e27942a76f từ Redis',
  level: 'debug',
  timestamp: '2026-08-02T06:03:25.827Z'
}
{
  hotelId: '2d556b72-df20-455a-98d8-5887c31297de',
  level: 'info',
  message: '[BookingController] Get hotel bookings',
  timestamp: '2026-08-02T06:03:25.831Z'
}
{
  message: '[Cache Hit] Lấy thông tin hotel ID: 2d556b72-df20-455a-98d8-5887c31297de từ Redis',
  level: 'debug',
  timestamp: '2026-08-02T06:03:25.832Z'
}
{
  hotelId: 'ca5dfeea-502a-49b4-8b40-edb8d8641096',
  level: 'info',
  message: '[BookingController] Get hotel bookings',
  timestamp: '2026-08-02T06:03:25.845Z'
}
{
  message: '[Cache Hit] Lấy thông tin hotel ID: ca5dfeea-502a-49b4-8b40-edb8d8641096 từ Redis',
  level: 'debug',
  timestamp: '2026-08-02T06:03:25.847Z'
}
{
  hotelId: '4ae8aa74-5d12-4c14-9904-1a09cd67b79d',
  level: 'info',
  message: '[BookingController] Get hotel bookings',
  timestamp: '2026-08-02T06:03:25.855Z'
}
{
  hotelId: 'cdcc3f08-97f8-42a7-8c59-51ba169f3bee',
  level: 'info',
  message: '[BookingController] Get hotel bookings',
  timestamp: '2026-08-02T06:03:25.861Z'
}
{
  message: '[Cache Hit] Lấy thông tin hotel ID: 4ae8aa74-5d12-4c14-9904-1a09cd67b79d từ Redis',
  level: 'debug',
  timestamp: '2026-08-02T06:03:25.864Z'
}
{
  message: '[Cache Hit] Lấy thông tin hotel ID: cdcc3f08-97f8-42a7-8c59-51ba169f3bee từ Redis',
  level: 'debug',
  timestamp: '2026-08-02T06:03:25.864Z'
}
{
  hotelId: '8168c601-3fbd-4be9-b0ba-78bc1ac96ea4',
  level: 'info',
  message: '[BookingController] Get hotel bookings',
  timestamp: '2026-08-02T06:03:25.877Z'
}
{
  hotelId: '7806d7b1-469e-4a3e-b855-cc649c51efc9',
  level: 'info',
  message: '[BookingController] Get hotel bookings',
  timestamp: '2026-08-02T06:03:25.880Z'
}
{
  message: '[Cache Hit] Lấy thông tin hotel ID: 8168c601-3fbd-4be9-b0ba-78bc1ac96ea4 từ Redis',
  level: 'debug',
  timestamp: '2026-08-02T06:03:25.881Z'
}
{
  message: '[Cache Hit] Lấy thông tin hotel ID: 7806d7b1-469e-4a3e-b855-cc649c51efc9 từ Redis',
  level: 'debug',
  timestamp: '2026-08-02T06:03:25.881Z'
}
{
  hotelId: 'b1894531-1a55-41c4-8de3-3f7222ce9272',
  level: 'info',
  message: '[BookingController] Get hotel bookings',
  timestamp: '2026-08-02T06:03:25.892Z'
}
{
  hotelId: '774ea0ad-10a2-4836-add4-ed1bf337d1f2',
  level: 'info',
  message: '[BookingController] Get hotel bookings',
  timestamp: '2026-08-02T06:03:25.896Z'
}
{
  message: '[Cache Hit] Lấy thông tin hotel ID: b1894531-1a55-41c4-8de3-3f7222ce9272 từ Redis',
  level: 'debug',
  timestamp: '2026-08-02T06:03:25.898Z'
}
{
  message: '[Cache Hit] Lấy thông tin hotel ID: 774ea0ad-10a2-4836-add4-ed1bf337d1f2 từ Redis',
  level: 'debug',
  timestamp: '2026-08-02T06:03:25.898Z'
}
{
  hotelId: '615a05ed-ca06-4178-9e3d-e2e883cd86f0',
  level: 'info',
  message: '[BookingController] Get hotel bookings',
  timestamp: '2026-08-02T06:03:25.911Z'
}
{
  hotelId: '99d133ab-5625-4527-9f6a-1c3784ec4888',
  level: 'info',
  message: '[BookingController] Get hotel bookings',
  timestamp: '2026-08-02T06:03:25.914Z'
}
{
  message: '[Cache Hit] Lấy thông tin hotel ID: 615a05ed-ca06-4178-9e3d-e2e883cd86f0 từ Redis',
  level: 'debug',
  timestamp: '2026-08-02T06:03:25.915Z'
}
{
  message: '[Cache Hit] Lấy thông tin hotel ID: 99d133ab-5625-4527-9f6a-1c3784ec4888 từ Redis',
  level: 'debug',
  timestamp: '2026-08-02T06:03:25.915Z'
}
{
  hotelId: 'b791877f-a851-4df9-8e97-491b5f55e97f',
  level: 'info',
  message: '[BookingController] Get hotel bookings',
  timestamp: '2026-08-02T06:03:25.923Z'
}
{
  hotelId: '2d556b72-df20-455a-98d8-5887c31297de',
  level: 'info',
  message: '[BookingController] Get hotel bookings',
  timestamp: '2026-08-02T06:03:25.928Z'
}
{
  message: '[Cache Hit] Lấy thông tin hotel ID: b791877f-a851-4df9-8e97-491b5f55e97f từ Redis',
  level: 'debug',
  timestamp: '2026-08-02T06:03:25.930Z'
}
{
  message: '[Cache Hit] Lấy thông tin hotel ID: 2d556b72-df20-455a-98d8-5887c31297de từ Redis',
  level: 'debug',
  timestamp: '2026-08-02T06:03:25.930Z'
}
{
  hotelId: '6c5095d1-8035-4ee6-b1b1-b9e27942a76f',
  level: 'info',
  message: '[BookingController] Get hotel bookings',
  timestamp: '2026-08-02T06:03:25.936Z'
}
{
  hotelId: 'ca5dfeea-502a-49b4-8b40-edb8d8641096',
  level: 'info',
  message: '[BookingController] Get hotel bookings',
  timestamp: '2026-08-02T06:03:25.942Z'
}
{
  message: '[Cache Hit] Lấy thông tin hotel ID: 6c5095d1-8035-4ee6-b1b1-b9e27942a76f từ Redis',
  level: 'debug',
  timestamp: '2026-08-02T06:03:25.944Z'
}
{
  message: '[Cache Hit] Lấy thông tin hotel ID: ca5dfeea-502a-49b4-8b40-edb8d8641096 từ Redis',
  level: 'debug',
  timestamp: '2026-08-02T06:03:25.945Z'
}
{
  hotelId: '4ae8aa74-5d12-4c14-9904-1a09cd67b79d',
  level: 'info',
  message: '[BookingController] Get hotel bookings',
  timestamp: '2026-08-02T06:03:25.950Z'
}
{
  hotelId: 'cdcc3f08-97f8-42a7-8c59-51ba169f3bee',
  level: 'info',
  message: '[BookingController] Get hotel bookings',
  timestamp: '2026-08-02T06:03:25.954Z'
}
{
  message: '[Cache Hit] Lấy thông tin hotel ID: 4ae8aa74-5d12-4c14-9904-1a09cd67b79d từ Redis',
  level: 'debug',
  timestamp: '2026-08-02T06:03:25.955Z'
}
{
  message: '[Cache Hit] Lấy thông tin hotel ID: cdcc3f08-97f8-42a7-8c59-51ba169f3bee từ Redis',
  level: 'debug',
  timestamp: '2026-08-02T06:03:25.955Z'
}
{
  hotelId: '8168c601-3fbd-4be9-b0ba-78bc1ac96ea4',
  level: 'info',
  message: '[BookingController] Get hotel bookings',
  timestamp: '2026-08-02T06:03:25.963Z'
}
{
  hotelId: '7806d7b1-469e-4a3e-b855-cc649c51efc9',
  level: 'info',
  message: '[BookingController] Get hotel bookings',
  timestamp: '2026-08-02T06:03:25.968Z'
}
{
  message: '[Cache Hit] Lấy thông tin hotel ID: 8168c601-3fbd-4be9-b0ba-78bc1ac96ea4 từ Redis',
  level: 'debug',
  timestamp: '2026-08-02T06:03:25.970Z'
}
{
  message: '[Cache Hit] Lấy thông tin hotel ID: 7806d7b1-469e-4a3e-b855-cc649c51efc9 từ Redis',
  level: 'debug',
  timestamp: '2026-08-02T06:03:25.971Z'
}
{
  hotelId: 'b1894531-1a55-41c4-8de3-3f7222ce9272',
  level: 'info',
  message: '[BookingController] Get hotel bookings',
  timestamp: '2026-08-02T06:03:25.975Z'
}
{
  hotelId: '774ea0ad-10a2-4836-add4-ed1bf337d1f2',
  level: 'info',
  message: '[BookingController] Get hotel bookings',
  timestamp: '2026-08-02T06:03:25.980Z'
}
{
  message: '[Cache Hit] Lấy thông tin hotel ID: b1894531-1a55-41c4-8de3-3f7222ce9272 từ Redis',
  level: 'debug',
  timestamp: '2026-08-02T06:03:25.981Z'
}
{
  message: '[Cache Hit] Lấy thông tin hotel ID: 774ea0ad-10a2-4836-add4-ed1bf337d1f2 từ Redis',
  level: 'debug',
  timestamp: '2026-08-02T06:03:25.982Z'
}
{
  hotelId: '615a05ed-ca06-4178-9e3d-e2e883cd86f0',
  level: 'info',
  message: '[BookingController] Get hotel bookings',
  timestamp: '2026-08-02T06:03:25.989Z'
}
{
  hotelId: '99d133ab-5625-4527-9f6a-1c3784ec4888',
  level: 'info',
  message: '[BookingController] Get hotel bookings',
  timestamp: '2026-08-02T06:03:25.992Z'
}
{
  message: '[Cache Hit] Lấy thông tin hotel ID: 615a05ed-ca06-4178-9e3d-e2e883cd86f0 từ Redis',
  level: 'debug',
  timestamp: '2026-08-02T06:03:25.994Z'
}
{
  message: '[Cache Hit] Lấy thông tin hotel ID: 99d133ab-5625-4527-9f6a-1c3784ec4888 từ Redis',
  level: 'debug',
  timestamp: '2026-08-02T06:03:25.994Z'
}
{
  hotelId: 'b791877f-a851-4df9-8e97-491b5f55e97f',
  level: 'info',
  message: '[BookingController] Get hotel bookings',
  timestamp: '2026-08-02T06:03:26.002Z'
}
{
  message: '[Cache Hit] Lấy thông tin hotel ID: b791877f-a851-4df9-8e97-491b5f55e97f từ Redis',
  level: 'debug',
  timestamp: '2026-08-02T06:03:26.021Z'
}
{
  message: '[HotelController] Get my hotels',
  level: 'info',
  timestamp: '2026-08-02T06:03:26.196Z'
}
{
  message: '[HotelController] Get my hotels',
  level: 'info',
  timestamp: '2026-08-02T06:03:26.209Z'
}
{
  message: 'JWT Verification Error: jwt expired',
  level: 'error',
  timestamp: '2026-08-02T06:04:31.879Z'
}
{
  message: 'GLOBAL ERROR HANDLER CAUGHT: Error: Phiên đăng nhập đã hết hạn. Vui lòng lấy Token mới.\n' +
    '    at authMiddleware (/app/src/middlewares/authMiddleware.ts:80:9)\n' +
    '    at Layer.handleRequest (/app/node_modules/router/lib/layer.js:152:17)\n' +
    '    at trimPrefix (/app/node_modules/router/index.js:342:13)\n' +
    '    at /app/node_modules/router/index.js:297:9\n' +
    '    at processParams (/app/node_modules/router/index.js:582:12)\n' +
    '    at next (/app/node_modules/router/index.js:291:5)\n' +
    '    at Function.handle (/app/node_modules/router/index.js:186:3)\n' +
    '    at router (/app/node_modules/router/index.js:60:12)\n' +
    '    at Layer.handleRequest (/app/node_modules/router/lib/layer.js:152:17)\n' +
    '    at trimPrefix (/app/node_modules/router/index.js:342:13)',
  level: 'error',
  timestamp: '2026-08-02T06:04:31.879Z'
}
{
  message: '[AuthController] Refresh Tokens',
  level: 'info',
  timestamp: '2026-08-02T06:04:31.889Z'
}
{
  message: 'Fetching user details for ID: 0772409a-2c0f-47cb-9ec6-51dbdeedda73',
  level: 'debug',
  timestamp: '2026-08-02T06:04:31.904Z'
}
{
  message: '[Cache Hit] Lấy thông tin user ID: 0772409a-2c0f-47cb-9ec6-51dbdeedda73 từ Redis',
  level: 'debug',
  timestamp: '2026-08-02T06:04:31.904Z'
}
{
  message: '[AuthService] Tokens refreshed successfully for user: agent1@booking.com',
  level: 'info',
  timestamp: '2026-08-02T06:04:31.916Z'
}
{
  message: '[SchedulerService] Đang kiểm tra các booking hết hạn thanh toán...',
  level: 'info',
  timestamp: '2026-08-02T06:05:00.003Z'
}
{
  message: 'JWT Verification Error: jwt expired',
  level: 'error',
  timestamp: '2026-08-02T06:07:31.891Z'
}
{
  message: 'GLOBAL ERROR HANDLER CAUGHT: Error: Phiên đăng nhập đã hết hạn. Vui lòng lấy Token mới.\n' +
    '    at authMiddleware (/app/src/middlewares/authMiddleware.ts:80:9)\n' +
    '    at Layer.handleRequest (/app/node_modules/router/lib/layer.js:152:17)\n' +
    '    at trimPrefix (/app/node_modules/router/index.js:342:13)\n' +
    '    at /app/node_modules/router/index.js:297:9\n' +
    '    at processParams (/app/node_modules/router/index.js:582:12)\n' +
    '    at next (/app/node_modules/router/index.js:291:5)\n' +
    '    at Function.handle (/app/node_modules/router/index.js:186:3)\n' +
    '    at router (/app/node_modules/router/index.js:60:12)\n' +
    '    at Layer.handleRequest (/app/node_modules/router/lib/layer.js:152:17)\n' +
    '    at trimPrefix (/app/node_modules/router/index.js:342:13)',
  level: 'error',
  timestamp: '2026-08-02T06:07:31.892Z'
}
{
  message: '[AuthController] Refresh Tokens',
  level: 'info',
  timestamp: '2026-08-02T06:07:31.903Z'
}
{
  message: 'Fetching user details for ID: 0772409a-2c0f-47cb-9ec6-51dbdeedda73',
  level: 'debug',
  timestamp: '2026-08-02T06:07:31.919Z'
}
{
  message: '[Cache Hit] Lấy thông tin user ID: 0772409a-2c0f-47cb-9ec6-51dbdeedda73 từ Redis',
  level: 'debug',
  timestamp: '2026-08-02T06:07:31.920Z'
}
{
  message: '[AuthService] Tokens refreshed successfully for user: agent1@booking.com',
  level: 'info',
  timestamp: '2026-08-02T06:07:31.929Z'
}
{
  message: 'Nhận tín hiệu SIGTERM. Đang đóng API Server...',
  level: 'info',
  timestamp: '2026-08-02T06:08:31.347Z'
}
{
  message: 'Express HTTP server đã đóng.',
  level: 'info',
  timestamp: '2026-08-02T06:08:31.348Z'
}
{
  message: '[Redis] Đã đóng kết nối Redis',
  level: 'info',
  timestamp: '2026-08-02T06:08:31.348Z'
}
{
  message: '[SchedulerService] Khởi tạo các cron job...',
  level: 'info',
  timestamp: '2026-08-02T06:13:01.146Z'
}
{
  message: 'Booking API Service đang chạy tại port 3000 (Môi trường: development)',
  level: 'info',
  timestamp: '2026-08-02T06:13:01.216Z'
}
{
  message: '[Redis] Kết nối thành công tới Redis server',
  level: 'info',
  timestamp: '2026-08-02T06:13:01.225Z'
}
{
  email: 'agent1@booking.com',
  level: 'info',
  message: '[AuthController] Login with Password',
  timestamp: '2026-08-02T06:13:06.082Z'
}
{
  message: 'User ID 0772409a-2c0f-47cb-9ec6-51dbdeedda73 đăng nhập thành công. Đã làm sạch lịch sử đăng nhập sai.',
  level: 'info',
  timestamp: '2026-08-02T06:13:06.248Z'
}
{
  message: '[AuthService] Password login successful for user: agent1@booking.com',
  level: 'info',
  timestamp: '2026-08-02T06:13:06.266Z'
}
{
  message: '[Cache Miss] Tìm danh sách điểm đến hoạt động trong Database',
  level: 'debug',
  timestamp: '2026-08-02T06:14:55.548Z'
}
{
  page: '1',
  limit: '10',
  status: 'ACTIVE',
  level: 'info',
  message: '[HotelController] Get all hotels with queries',
  timestamp: '2026-08-02T06:14:55.557Z'
}
{
  message: '[Cache Hit] Lấy danh sách điểm đến hoạt động từ Redis',
  level: 'debug',
  timestamp: '2026-08-02T06:14:55.637Z'
}
{
  page: '1',
  limit: '10',
  status: 'ACTIVE',
  level: 'info',
  message: '[HotelController] Get all hotels with queries',
  timestamp: '2026-08-02T06:14:55.642Z'
}
{
  message: '[Cache Hit] Lấy danh sách điểm đến hoạt động từ Redis',
  level: 'debug',
  timestamp: '2026-08-02T06:14:55.646Z'
}
{
  message: '[Cache Hit] Lấy danh sách điểm đến hoạt động từ Redis',
  level: 'debug',
  timestamp: '2026-08-02T06:14:55.652Z'
}
{
  message: '[SchedulerService] Đang kiểm tra các booking hết hạn thanh toán...',
  level: 'info',
  timestamp: '2026-08-02T06:15:00.004Z'
}
{
  email: 'locdz8c@gmail.com',
  level: 'info',
  message: '[AuthController] Register user',
  timestamp: '2026-08-02T06:15:33.036Z'
}
{
  message: 'Fetching user details for Email: locdz8c@gmail.com',
  level: 'debug',
  timestamp: '2026-08-02T06:15:33.036Z'
}
{
  message: '[Cache Miss] Tìm email locdz8c@gmail.com trong Database',
  level: 'debug',
  timestamp: '2026-08-02T06:15:33.038Z'
}
{
  message: 'User with Email locdz8c@gmail.com not found',
  level: 'warn',
  timestamp: '2026-08-02T06:15:33.063Z'
}
{
  userId: 'e8924f11-dca7-4172-a493-6a7bdc83b0a9',
  email: 'locdz8c@gmail.com',
  level: 'info',
  message: 'User created successfully by admin',
  timestamp: '2026-08-02T06:15:33.153Z'
}
{
  message: '[AuthService] Password registration started for user: locdz8c@gmail.com',
  level: 'info',
  timestamp: '2026-08-02T06:15:33.154Z'
}
{
  message: 'Đã gửi email tới locdz8c@gmail.com',
  level: 'info',
  timestamp: '2026-08-02T06:15:36.283Z'
}
{
  email: 'locdz8c@gmail.com',
  level: 'info',
  message: '[AuthController] Register user',
  timestamp: '2026-08-02T06:16:15.807Z'
}
{
  message: 'Fetching user details for Email: locdz8c@gmail.com',
  level: 'debug',
  timestamp: '2026-08-02T06:16:15.808Z'
}
{
  message: '[Cache Miss] Tìm email locdz8c@gmail.com trong Database',
  level: 'debug',
  timestamp: '2026-08-02T06:16:15.811Z'
}
{
  message: 'User with Email locdz8c@gmail.com not found',
  level: 'warn',
  timestamp: '2026-08-02T06:16:15.835Z'
}
{
  userId: 'fb145816-62fe-4226-8001-933cfe5b0caf',
  email: 'locdz8c@gmail.com',
  level: 'info',
  message: 'User created successfully by admin',
  timestamp: '2026-08-02T06:16:15.935Z'
}
{
  message: '[AuthService] Password registration started for user: locdz8c@gmail.com',
  level: 'info',
  timestamp: '2026-08-02T06:16:15.936Z'
}
{
  message: 'Đã gửi email tới locdz8c@gmail.com',
  level: 'info',
  timestamp: '2026-08-02T06:16:18.673Z'
}
{
  message: '[SchedulerService] Đang kiểm tra các booking hết hạn thanh toán...',
  level: 'info',
  timestamp: '2026-08-02T06:20:00.004Z'
}
{
  email: 'new_inactive_user@booking.com',
  level: 'info',
  message: '[AuthController] Register user',
  timestamp: '2026-08-02T06:22:09.838Z'
}
{
  message: 'Fetching user details for Email: new_inactive_user@booking.com',
  level: 'debug',
  timestamp: '2026-08-02T06:22:09.839Z'
}
{
  message: '[Cache Miss] Tìm email new_inactive_user@booking.com trong Database',
  level: 'debug',
  timestamp: '2026-08-02T06:22:09.839Z'
}
{
  message: 'User with Email new_inactive_user@booking.com not found',
  level: 'warn',
  timestamp: '2026-08-02T06:22:09.853Z'
}
{
  userId: '07474c86-87a1-4139-9a61-1e562963fb4b',
  email: 'new_inactive_user@booking.com',
  level: 'info',
  message: 'User created successfully by admin',
  timestamp: '2026-08-02T06:22:09.935Z'
}
{
  message: '[AuthService] Password registration started for user: new_inactive_user@booking.com',
  level: 'info',
  timestamp: '2026-08-02T06:22:09.935Z'
}
{
  message: 'Đã gửi email tới new_inactive_user@booking.com',
  level: 'info',
  timestamp: '2026-08-02T06:22:12.158Z'
}
{
  email: 'new_inactive_user@booking.com',
  level: 'info',
  message: '[AuthController] Login with Password',
  timestamp: '2026-08-02T06:22:18.552Z'
}
{
  message: 'User ID 07474c86-87a1-4139-9a61-1e562963fb4b đăng nhập thành công. Đã làm sạch lịch sử đăng nhập sai.',
  level: 'info',
  timestamp: '2026-08-02T06:22:18.609Z'
}
{
  message: '[AuthService] Password login successful for user: new_inactive_user@booking.com',
  level: 'info',
  timestamp: '2026-08-02T06:22:18.615Z'
}
{
  message: 'Nhận tín hiệu SIGTERM. Đang đóng API Server...',
  level: 'info',
  timestamp: '2026-08-02T06:23:27.683Z'
}
{
  message: 'Express HTTP server đã đóng.',
  level: 'info',
  timestamp: '2026-08-02T06:23:27.684Z'
}
{
  message: '[Redis] Đã đóng kết nối Redis',
  level: 'info',
  timestamp: '2026-08-02T06:23:27.685Z'
}
{
  message: '[SchedulerService] Khởi tạo các cron job...',
  level: 'info',
  timestamp: '2026-08-02T06:23:41.293Z'
}
{
  message: 'Booking API Service đang chạy tại port 3000 (Môi trường: development)',
  level: 'info',
  timestamp: '2026-08-02T06:23:41.359Z'
}
{
  message: '[Redis] Kết nối thành công tới Redis server',
  level: 'info',
  timestamp: '2026-08-02T06:23:41.372Z'
}
{
  message: '[SchedulerService] Đang kiểm tra các booking hết hạn thanh toán...',
  level: 'info',
  timestamp: '2026-08-02T06:25:00.011Z'
}
{
  email: 'agent1@booking.com',
  level: 'info',
  message: '[AuthController] Login with Password',
  timestamp: '2026-08-02T06:26:11.550Z'
}
{
  message: 'User ID 0cbc0c7f-fda6-4929-b479-ad9d83ace8ce đăng nhập thành công. Đã làm sạch lịch sử đăng nhập sai.',
  level: 'info',
  timestamp: '2026-08-02T06:26:11.649Z'
}
{
  message: '[AuthService] Password login successful for user: agent1@booking.com',
  level: 'info',
  timestamp: '2026-08-02T06:26:11.660Z'
}
{
  email: 'locdz8c@gmail.com',
  level: 'info',
  message: '[AuthController] Register user',
  timestamp: '2026-08-02T06:27:06.413Z'
}
{
  message: 'Fetching user details for Email: locdz8c@gmail.com',
  level: 'debug',
  timestamp: '2026-08-02T06:27:06.414Z'
}
{
  message: '[Cache Miss] Tìm email locdz8c@gmail.com trong Database',
  level: 'debug',
  timestamp: '2026-08-02T06:27:06.417Z'
}
{
  message: 'User with Email locdz8c@gmail.com not found',
  level: 'warn',
  timestamp: '2026-08-02T06:27:06.448Z'
}
{
  userId: '06eee632-3298-4298-aea1-126983aaed96',
  email: 'locdz8c@gmail.com',
  level: 'info',
  message: 'User created successfully by admin',
  timestamp: '2026-08-02T06:27:06.528Z'
}
{
  message: '[AuthService] Password registration started for user: locdz8c@gmail.com',
  level: 'info',
  timestamp: '2026-08-02T06:27:06.529Z'
}
{
  message: 'Đã gửi email tới locdz8c@gmail.com',
  level: 'info',
  timestamp: '2026-08-02T06:27:09.186Z'
}
{
  email: 'test_register@booking.com',
  level: 'info',
  message: '[AuthController] Register user',
  timestamp: '2026-08-02T06:28:12.816Z'
}
{
  message: 'Fetching user details for Email: test_register@booking.com',
  level: 'debug',
  timestamp: '2026-08-02T06:28:12.817Z'
}
{
  message: '[Cache Miss] Tìm email test_register@booking.com trong Database',
  level: 'debug',
  timestamp: '2026-08-02T06:28:12.818Z'
}
{
  message: 'User with Email test_register@booking.com not found',
  level: 'warn',
  timestamp: '2026-08-02T06:28:12.829Z'
}
{
  userId: '3e46e35a-9674-4f5e-a36a-3d382b479032',
  email: 'test_register@booking.com',
  level: 'info',
  message: 'User created successfully by admin',
  timestamp: '2026-08-02T06:28:12.951Z'
}
{
  message: '[AuthService] Password registration started for user: test_register@booking.com',
  level: 'info',
  timestamp: '2026-08-02T06:28:12.951Z'
}
{
  message: 'Đã gửi email tới test_register@booking.com',
  level: 'info',
  timestamp: '2026-08-02T06:28:15.507Z'
}
{
  message: '[SchedulerService] Đang kiểm tra các booking hết hạn thanh toán...',
  level: 'info',
  timestamp: '2026-08-02T06:30:00.001Z'
}
{
  email: 'locdz8c@gmail.com',
  level: 'info',
  message: '[AuthController] Register user',
  timestamp: '2026-08-02T06:31:23.797Z'
}
{
  message: 'Fetching user details for Email: locdz8c@gmail.com',
  level: 'debug',
  timestamp: '2026-08-02T06:31:23.797Z'
}
{
  message: '[Cache Miss] Tìm email locdz8c@gmail.com trong Database',
  level: 'debug',
  timestamp: '2026-08-02T06:31:23.799Z'
}
{
  message: 'User with Email locdz8c@gmail.com not found',
  level: 'warn',
  timestamp: '2026-08-02T06:31:23.820Z'
}
{
  userId: 'b88403bb-85f1-4be4-ac3b-a7abcc4e9a10',
  email: 'locdz8c@gmail.com',
  level: 'info',
  message: 'User created successfully by admin',
  timestamp: '2026-08-02T06:31:23.879Z'
}
{
  message: '[AuthService] Password registration started for user: locdz8c@gmail.com',
  level: 'info',
  timestamp: '2026-08-02T06:31:23.879Z'
}
{
  message: 'Đã gửi email tới locdz8c@gmail.com',
  level: 'info',
  timestamp: '2026-08-02T06:31:26.775Z'
}
{
  message: '[AuthController] Verify Registration OTP',
  level: 'info',
  timestamp: '2026-08-02T06:33:17.910Z'
}
{
  message: 'Fetching user details for Email: locdz8c@gmail.com',
  level: 'debug',
  timestamp: '2026-08-02T06:33:17.912Z'
}
{
  message: '[Cache Miss] Tìm email locdz8c@gmail.com trong Database',
  level: 'debug',
  timestamp: '2026-08-02T06:33:17.913Z'
}
{
  message: 'Trạng thái của User b88403bb-85f1-4be4-ac3b-a7abcc4e9a10 đã đổi thành: ACTIVE',
  level: 'info',
  timestamp: '2026-08-02T06:33:18.027Z'
}
{
  message: '[AuthService] Registration OTP verified successfully for user: locdz8c@gmail.com',
  level: 'info',
  timestamp: '2026-08-02T06:33:18.029Z'
}
{
  email: 'locdz8c@gmail.com',
  level: 'info',
  message: '[AuthController] Login with Password',
  timestamp: '2026-08-02T06:33:28.504Z'
}
{
  message: 'User ID b88403bb-85f1-4be4-ac3b-a7abcc4e9a10 đăng nhập thành công. Đã làm sạch lịch sử đăng nhập sai.',
  level: 'info',
  timestamp: '2026-08-02T06:33:28.570Z'
}
{
  message: '[AuthService] Password login successful for user: locdz8c@gmail.com',
  level: 'info',
  timestamp: '2026-08-02T06:33:28.574Z'
}
{
  userId: 'b88403bb-85f1-4be4-ac3b-a7abcc4e9a10',
  level: 'info',
  message: '[AuthController] Get Me',
  timestamp: '2026-08-02T06:33:28.600Z'
}
{
  message: 'Fetching user details for ID: b88403bb-85f1-4be4-ac3b-a7abcc4e9a10',
  level: 'debug',
  timestamp: '2026-08-02T06:33:28.602Z'
}
{
  message: '[Cache Miss] Tìm user ID: b88403bb-85f1-4be4-ac3b-a7abcc4e9a10 trong Database',
  level: 'debug',
  timestamp: '2026-08-02T06:33:28.604Z'
}
{
  message: '[Cache Hit] Lấy danh sách điểm đến hoạt động từ Redis',
  level: 'debug',
  timestamp: '2026-08-02T06:33:28.740Z'
}
{
  page: '1',
  limit: '10',
  status: 'ACTIVE',
  level: 'info',
  message: '[HotelController] Get all hotels with queries',
  timestamp: '2026-08-02T06:33:28.745Z'
}
{
  message: '[Cache Hit] Lấy danh sách điểm đến hoạt động từ Redis',
  level: 'debug',
  timestamp: '2026-08-02T06:33:28.757Z'
}
{
  page: '1',
  limit: '10',
  status: 'ACTIVE',
  level: 'info',
  message: '[HotelController] Get all hotels with queries',
  timestamp: '2026-08-02T06:33:28.761Z'
}
{
  message: '[Cache Hit] Lấy danh sách điểm đến hoạt động từ Redis',
  level: 'debug',
  timestamp: '2026-08-02T06:33:28.766Z'
}
{
  message: '[Cache Hit] Lấy danh sách điểm đến hoạt động từ Redis',
  level: 'debug',
  timestamp: '2026-08-02T06:33:28.771Z'
}
{
  message: '[Cache Hit] Lấy danh sách điểm đến hoạt động từ Redis',
  level: 'debug',
  timestamp: '2026-08-02T06:33:37.253Z'
}
{
  query: [Object: null prototype] {
    location: 'Hà Nội',
    checkInDate: '2026-08-02T17:00:00.000Z',
    checkOutDate: '2026-08-03T17:00:00.000Z',
    adults: '2',
    children: '0',
    rooms: '1'
  },
  level: 'info',
  message: '[SearchController] Search hotels',
  timestamp: '2026-08-02T06:33:37.260Z'
}
{
  message: '[Cache Hit] Lấy danh sách điểm đến hoạt động từ Redis',
  level: 'debug',
  timestamp: '2026-08-02T06:33:37.290Z'
}
{
  query: [Object: null prototype] {
    location: 'Hà Nội',
    checkInDate: '2026-08-02T17:00:00.000Z',
    checkOutDate: '2026-08-03T17:00:00.000Z',
    adults: '2',
    children: '0',
    rooms: '1'
  },
  level: 'info',
  message: '[SearchController] Search hotels',
  timestamp: '2026-08-02T06:33:37.350Z'
}
{
  hotelId: '09928f48-b9bb-4700-85d2-51b072eef2c9',
  level: 'info',
  message: '[HotelController] Get hotel by id',
  timestamp: '2026-08-02T06:33:38.457Z'
}
{
  message: '[Cache Miss] Tìm hotel ID: 09928f48-b9bb-4700-85d2-51b072eef2c9 trong Database',
  level: 'debug',
  timestamp: '2026-08-02T06:33:38.459Z'
}
{
  hotelId: '09928f48-b9bb-4700-85d2-51b072eef2c9',
  level: 'info',
  message: '[HotelController] Get hotel by id',
  timestamp: '2026-08-02T06:33:38.477Z'
}
{
  message: '[Cache Hit] Lấy thông tin hotel ID: 09928f48-b9bb-4700-85d2-51b072eef2c9 từ Redis',
  level: 'debug',
  timestamp: '2026-08-02T06:33:38.478Z'
}
{
  message: '[Cache Hit] Lấy danh sách điểm đến hoạt động từ Redis',
  level: 'debug',
  timestamp: '2026-08-02T06:34:40.767Z'
}
{
  page: '1',
  limit: '10',
  status: 'ACTIVE',
  level: 'info',
  message: '[HotelController] Get all hotels with queries',
  timestamp: '2026-08-02T06:34:40.770Z'
}
{
  page: '1',
  limit: '10',
  status: 'ACTIVE',
  level: 'info',
  message: '[HotelController] Get all hotels with queries',
  timestamp: '2026-08-02T06:34:40.776Z'
}
{
  message: '[Cache Hit] Lấy danh sách điểm đến hoạt động từ Redis',
  level: 'debug',
  timestamp: '2026-08-02T06:34:40.777Z'
}
{
  message: '[Cache Hit] Lấy danh sách điểm đến hoạt động từ Redis',
  level: 'debug',
  timestamp: '2026-08-02T06:34:40.780Z'
}
{
  message: '[Cache Hit] Lấy danh sách điểm đến hoạt động từ Redis',
  level: 'debug',
  timestamp: '2026-08-02T06:34:40.783Z'
}
{
  email: 'agent1@booking.com',
  level: 'info',
  message: '[AuthController] Login with Password',
  timestamp: '2026-08-02T06:34:45.198Z'
}
{
  message: 'User ID 0cbc0c7f-fda6-4929-b479-ad9d83ace8ce đăng nhập thành công. Đã làm sạch lịch sử đăng nhập sai.',
  level: 'info',
  timestamp: '2026-08-02T06:34:45.278Z'
}
{
  message: '[AuthService] Password login successful for user: agent1@booking.com',
  level: 'info',
  timestamp: '2026-08-02T06:34:45.284Z'
}
{
  userId: '0cbc0c7f-fda6-4929-b479-ad9d83ace8ce',
  level: 'info',
  message: '[AuthController] Get Me',
  timestamp: '2026-08-02T06:34:45.314Z'
}
{
  message: 'Fetching user details for ID: 0cbc0c7f-fda6-4929-b479-ad9d83ace8ce',
  level: 'debug',
  timestamp: '2026-08-02T06:34:45.315Z'
}
{
  message: '[Cache Miss] Tìm user ID: 0cbc0c7f-fda6-4929-b479-ad9d83ace8ce trong Database',
  level: 'debug',
  timestamp: '2026-08-02T06:34:45.317Z'
}
{
  page: '1',
  limit: '10',
  status: 'ACTIVE',
  level: 'info',
  message: '[HotelController] Get all hotels with queries',
  timestamp: '2026-08-02T06:34:45.371Z'
}
{
  message: '[Cache Hit] Lấy danh sách điểm đến hoạt động từ Redis',
  level: 'debug',
  timestamp: '2026-08-02T06:34:45.372Z'
}
{
  message: '[Cache Hit] Lấy danh sách điểm đến hoạt động từ Redis',
  level: 'debug',
  timestamp: '2026-08-02T06:34:45.382Z'
}
{
  page: '1',
  limit: '10',
  status: 'ACTIVE',
  level: 'info',
  message: '[HotelController] Get all hotels with queries',
  timestamp: '2026-08-02T06:34:45.396Z'
}
{
  message: '[Cache Hit] Lấy danh sách điểm đến hoạt động từ Redis',
  level: 'debug',
  timestamp: '2026-08-02T06:34:45.398Z'
}
{
  message: '[Cache Hit] Lấy danh sách điểm đến hoạt động từ Redis',
  level: 'debug',
  timestamp: '2026-08-02T06:34:45.408Z'
}
{
  message: '[BookingController] Get user bookings',
  level: 'info',
  timestamp: '2026-08-02T06:34:48.768Z'
}
{
  message: '[BookingController] Get user bookings',
  level: 'info',
  timestamp: '2026-08-02T06:34:48.811Z'
}
{
  message: '[HotelController] Get my hotels',
  level: 'info',
  timestamp: '2026-08-02T06:34:50.657Z'
}
{
  message: '[HotelController] Get my hotels',
  level: 'info',
  timestamp: '2026-08-02T06:34:50.705Z'
}
{
  hotelId: '45ea8129-6cde-4f0a-b8a5-701260e11966',
  level: 'info',
  message: '[BookingController] Get hotel bookings',
  timestamp: '2026-08-02T06:34:50.734Z'
}
{
  message: '[Cache Miss] Tìm hotel ID: 45ea8129-6cde-4f0a-b8a5-701260e11966 trong Database',
  level: 'debug',
  timestamp: '2026-08-02T06:34:50.743Z'
}
{
  hotelId: 'd29b2e2a-8af1-4273-8f2d-87053225f461',
  level: 'info',
  message: '[BookingController] Get hotel bookings',
  timestamp: '2026-08-02T06:34:50.749Z'
}
{
  hotelId: 'db71d087-b5a7-47be-b2a3-04e168e623b9',
  level: 'info',
  message: '[BookingController] Get hotel bookings',
  timestamp: '2026-08-02T06:34:50.753Z'
}
{
  message: '[Cache Miss] Tìm hotel ID: d29b2e2a-8af1-4273-8f2d-87053225f461 trong Database',
  level: 'debug',
  timestamp: '2026-08-02T06:34:50.755Z'
}
{
  message: '[Cache Miss] Tìm hotel ID: db71d087-b5a7-47be-b2a3-04e168e623b9 trong Database',
  level: 'debug',
  timestamp: '2026-08-02T06:34:50.756Z'
}
{
  hotelId: '1f63d07b-44ef-412e-8e8f-fc20853648c3',
  level: 'info',
  message: '[BookingController] Get hotel bookings',
  timestamp: '2026-08-02T06:34:50.767Z'
}
{
  message: '[Cache Miss] Tìm hotel ID: 1f63d07b-44ef-412e-8e8f-fc20853648c3 trong Database',
  level: 'debug',
  timestamp: '2026-08-02T06:34:50.770Z'
}
{
  hotelId: 'ae4ccd44-300e-4ca3-b16c-d3e71b6a0193',
  level: 'info',
  message: '[BookingController] Get hotel bookings',
  timestamp: '2026-08-02T06:34:50.773Z'
}
{
  message: '[Cache Miss] Tìm hotel ID: ae4ccd44-300e-4ca3-b16c-d3e71b6a0193 trong Database',
  level: 'debug',
  timestamp: '2026-08-02T06:34:50.777Z'
}
{
  hotelId: 'fdfc5eb7-97ff-450b-9edf-723739f36d56',
  level: 'info',
  message: '[BookingController] Get hotel bookings',
  timestamp: '2026-08-02T06:34:50.795Z'
}
{
  message: '[Cache Miss] Tìm hotel ID: fdfc5eb7-97ff-450b-9edf-723739f36d56 trong Database',
  level: 'debug',
  timestamp: '2026-08-02T06:34:50.796Z'
}
{
  hotelId: '52eb4a25-dcb7-4bea-81ac-9d12053bd2c0',
  level: 'info',
  message: '[BookingController] Get hotel bookings',
  timestamp: '2026-08-02T06:34:50.832Z'
}
{
  hotelId: '6476b4b4-c8ba-4f05-a3ae-9ba776ad4be3',
  level: 'info',
  message: '[BookingController] Get hotel bookings',
  timestamp: '2026-08-02T06:34:50.833Z'
}
{
  message: '[Cache Miss] Tìm hotel ID: 52eb4a25-dcb7-4bea-81ac-9d12053bd2c0 trong Database',
  level: 'debug',
  timestamp: '2026-08-02T06:34:50.834Z'
}
{
  message: '[Cache Miss] Tìm hotel ID: 6476b4b4-c8ba-4f05-a3ae-9ba776ad4be3 trong Database',
  level: 'debug',
  timestamp: '2026-08-02T06:34:50.835Z'
}
{
  hotelId: '3ff5cc53-9069-45bc-a39e-2295bebd3ea5',
  level: 'info',
  message: '[BookingController] Get hotel bookings',
  timestamp: '2026-08-02T06:34:50.837Z'
}
{
  message: '[Cache Miss] Tìm hotel ID: 3ff5cc53-9069-45bc-a39e-2295bebd3ea5 trong Database',
  level: 'debug',
  timestamp: '2026-08-02T06:34:50.839Z'
}
{
  hotelId: '61f3e4c1-cba1-48b1-851c-16bc9d413ec2',
  level: 'info',
  message: '[BookingController] Get hotel bookings',
  timestamp: '2026-08-02T06:34:50.855Z'
}
{
  message: '[Cache Miss] Tìm hotel ID: 61f3e4c1-cba1-48b1-851c-16bc9d413ec2 trong Database',
  level: 'debug',
  timestamp: '2026-08-02T06:34:50.856Z'
}
{
  hotelId: 'a9778731-bce8-4dbf-8b2f-ab2543bfdcdc',
  level: 'info',
  message: '[BookingController] Get hotel bookings',
  timestamp: '2026-08-02T06:34:50.871Z'
}
{
  hotelId: '09928f48-b9bb-4700-85d2-51b072eef2c9',
  level: 'info',
  message: '[BookingController] Get hotel bookings',
  timestamp: '2026-08-02T06:34:50.873Z'
}
{
  message: '[Cache Miss] Tìm hotel ID: a9778731-bce8-4dbf-8b2f-ab2543bfdcdc trong Database',
  level: 'debug',
  timestamp: '2026-08-02T06:34:50.878Z'
}
{
  message: '[Cache Hit] Lấy thông tin hotel ID: 09928f48-b9bb-4700-85d2-51b072eef2c9 từ Redis',
  level: 'debug',
  timestamp: '2026-08-02T06:34:50.879Z'
}
{
  hotelId: 'fdfc5eb7-97ff-450b-9edf-723739f36d56',
  level: 'info',
  message: '[BookingController] Get hotel bookings',
  timestamp: '2026-08-02T06:34:50.890Z'
}
{
  message: '[Cache Hit] Lấy thông tin hotel ID: fdfc5eb7-97ff-450b-9edf-723739f36d56 từ Redis',
  level: 'debug',
  timestamp: '2026-08-02T06:34:50.894Z'
}
{
  hotelId: '1f63d07b-44ef-412e-8e8f-fc20853648c3',
  level: 'info',
  message: '[BookingController] Get hotel bookings',
  timestamp: '2026-08-02T06:34:50.899Z'
}
{
  hotelId: '45ea8129-6cde-4f0a-b8a5-701260e11966',
  level: 'info',
  message: '[BookingController] Get hotel bookings',
  timestamp: '2026-08-02T06:34:50.903Z'
}
{
  hotelId: '6476b4b4-c8ba-4f05-a3ae-9ba776ad4be3',
  level: 'info',
  message: '[BookingController] Get hotel bookings',
  timestamp: '2026-08-02T06:34:50.905Z'
}
{
  hotelId: 'ae4ccd44-300e-4ca3-b16c-d3e71b6a0193',
  level: 'info',
  message: '[BookingController] Get hotel bookings',
  timestamp: '2026-08-02T06:34:50.906Z'
}
{
  message: '[Cache Hit] Lấy thông tin hotel ID: 1f63d07b-44ef-412e-8e8f-fc20853648c3 từ Redis',
  level: 'debug',
  timestamp: '2026-08-02T06:34:50.908Z'
}
{
  message: '[Cache Hit] Lấy thông tin hotel ID: 45ea8129-6cde-4f0a-b8a5-701260e11966 từ Redis',
  level: 'debug',
  timestamp: '2026-08-02T06:34:50.908Z'
}
{
  message: '[Cache Hit] Lấy thông tin hotel ID: 6476b4b4-c8ba-4f05-a3ae-9ba776ad4be3 từ Redis',
  level: 'debug',
  timestamp: '2026-08-02T06:34:50.908Z'
}
{
  message: '[Cache Hit] Lấy thông tin hotel ID: ae4ccd44-300e-4ca3-b16c-d3e71b6a0193 từ Redis',
  level: 'debug',
  timestamp: '2026-08-02T06:34:50.908Z'
}
{
  hotelId: '3ff5cc53-9069-45bc-a39e-2295bebd3ea5',
  level: 'info',
  message: '[BookingController] Get hotel bookings',
  timestamp: '2026-08-02T06:34:50.915Z'
}
{
  hotelId: '52eb4a25-dcb7-4bea-81ac-9d12053bd2c0',
  level: 'info',
  message: '[BookingController] Get hotel bookings',
  timestamp: '2026-08-02T06:34:50.916Z'
}
{
  hotelId: 'db71d087-b5a7-47be-b2a3-04e168e623b9',
  level: 'info',
  message: '[BookingController] Get hotel bookings',
  timestamp: '2026-08-02T06:34:50.919Z'
}
{
  hotelId: '09928f48-b9bb-4700-85d2-51b072eef2c9',
  level: 'info',
  message: '[BookingController] Get hotel bookings',
  timestamp: '2026-08-02T06:34:50.920Z'
}
{
  message: '[Cache Hit] Lấy thông tin hotel ID: 3ff5cc53-9069-45bc-a39e-2295bebd3ea5 từ Redis',
  level: 'debug',
  timestamp: '2026-08-02T06:34:50.921Z'
}
{
  message: '[Cache Hit] Lấy thông tin hotel ID: 52eb4a25-dcb7-4bea-81ac-9d12053bd2c0 từ Redis',
  level: 'debug',
  timestamp: '2026-08-02T06:34:50.921Z'
}
{
  message: '[Cache Hit] Lấy thông tin hotel ID: db71d087-b5a7-47be-b2a3-04e168e623b9 từ Redis',
  level: 'debug',
  timestamp: '2026-08-02T06:34:50.921Z'
}
{
  message: '[Cache Hit] Lấy thông tin hotel ID: 09928f48-b9bb-4700-85d2-51b072eef2c9 từ Redis',
  level: 'debug',
  timestamp: '2026-08-02T06:34:50.921Z'
}
{
  hotelId: 'd29b2e2a-8af1-4273-8f2d-87053225f461',
  level: 'info',
  message: '[BookingController] Get hotel bookings',
  timestamp: '2026-08-02T06:34:50.930Z'
}
{
  hotelId: 'a9778731-bce8-4dbf-8b2f-ab2543bfdcdc',
  level: 'info',
  message: '[BookingController] Get hotel bookings',
  timestamp: '2026-08-02T06:34:50.931Z'
}
{
  message: '[Cache Hit] Lấy thông tin hotel ID: d29b2e2a-8af1-4273-8f2d-87053225f461 từ Redis',
  level: 'debug',
  timestamp: '2026-08-02T06:34:50.933Z'
}
{
  message: '[Cache Hit] Lấy thông tin hotel ID: a9778731-bce8-4dbf-8b2f-ab2543bfdcdc từ Redis',
  level: 'debug',
  timestamp: '2026-08-02T06:34:50.934Z'
}
{
  hotelId: '61f3e4c1-cba1-48b1-851c-16bc9d413ec2',
  level: 'info',
  message: '[BookingController] Get hotel bookings',
  timestamp: '2026-08-02T06:34:50.940Z'
}
{
  message: '[Cache Hit] Lấy thông tin hotel ID: 61f3e4c1-cba1-48b1-851c-16bc9d413ec2 từ Redis',
  level: 'debug',
  timestamp: '2026-08-02T06:34:50.941Z'
}
{
  message: '[HotelController] Get my hotels',
  level: 'info',
  timestamp: '2026-08-02T06:34:55.651Z'
}
{
  message: '[HotelController] Get my hotels',
  level: 'info',
  timestamp: '2026-08-02T06:34:55.664Z'
}
{
  message: '[SchedulerService] Đang kiểm tra các booking hết hạn thanh toán...',
  level: 'info',
  timestamp: '2026-08-02T06:35:00.003Z'
}
{
  message: '[BookingController] Create booking',
  level: 'info',
  timestamp: '2026-08-02T06:35:12.651Z'
}
{
  message: '[BookingController] Get user bookings',
  level: 'info',
  timestamp: '2026-08-02T06:35:12.814Z'
}
{
  message: '[BookingController] Get user bookings',
  level: 'info',
  timestamp: '2026-08-02T06:35:12.845Z'
}
{
  message: '[HotelController] Get my hotels',
  level: 'info',
  timestamp: '2026-08-02T06:35:17.625Z'
}
{
  message: '[HotelController] Get my hotels',
  level: 'info',
  timestamp: '2026-08-02T06:35:17.645Z'
}
{
  hotelId: '45ea8129-6cde-4f0a-b8a5-701260e11966',
  level: 'info',
  message: '[BookingController] Get hotel bookings',
  timestamp: '2026-08-02T06:35:17.670Z'
}
{
  message: '[Cache Hit] Lấy thông tin hotel ID: 45ea8129-6cde-4f0a-b8a5-701260e11966 từ Redis',
  level: 'debug',
  timestamp: '2026-08-02T06:35:17.678Z'
}
{
  hotelId: 'db71d087-b5a7-47be-b2a3-04e168e623b9',
  level: 'info',
  message: '[BookingController] Get hotel bookings',
  timestamp: '2026-08-02T06:35:17.680Z'
}
{
  message: '[Cache Hit] Lấy thông tin hotel ID: db71d087-b5a7-47be-b2a3-04e168e623b9 từ Redis',
  level: 'debug',
  timestamp: '2026-08-02T06:35:17.681Z'
}
{
  hotelId: '1f63d07b-44ef-412e-8e8f-fc20853648c3',
  level: 'info',
  message: '[BookingController] Get hotel bookings',
  timestamp: '2026-08-02T06:35:17.683Z'
}
{
  message: '[Cache Hit] Lấy thông tin hotel ID: 1f63d07b-44ef-412e-8e8f-fc20853648c3 từ Redis',
  level: 'debug',
  timestamp: '2026-08-02T06:35:17.683Z'
}
{
  hotelId: '3ff5cc53-9069-45bc-a39e-2295bebd3ea5',
  level: 'info',
  message: '[BookingController] Get hotel bookings',
  timestamp: '2026-08-02T06:35:17.686Z'
}
{
  hotelId: '52eb4a25-dcb7-4bea-81ac-9d12053bd2c0',
  level: 'info',
  message: '[BookingController] Get hotel bookings',
  timestamp: '2026-08-02T06:35:17.688Z'
}
{
  message: '[Cache Hit] Lấy thông tin hotel ID: 3ff5cc53-9069-45bc-a39e-2295bebd3ea5 từ Redis',
  level: 'debug',
  timestamp: '2026-08-02T06:35:17.689Z'
}
{
  message: '[Cache Hit] Lấy thông tin hotel ID: 52eb4a25-dcb7-4bea-81ac-9d12053bd2c0 từ Redis',
  level: 'debug',
  timestamp: '2026-08-02T06:35:17.690Z'
}
{
  hotelId: 'd29b2e2a-8af1-4273-8f2d-87053225f461',
  level: 'info',
  message: '[BookingController] Get hotel bookings',
  timestamp: '2026-08-02T06:35:17.695Z'
}
{
  hotelId: 'ae4ccd44-300e-4ca3-b16c-d3e71b6a0193',
  level: 'info',
  message: '[BookingController] Get hotel bookings',
  timestamp: '2026-08-02T06:35:17.699Z'
}
{
  message: '[Cache Hit] Lấy thông tin hotel ID: d29b2e2a-8af1-4273-8f2d-87053225f461 từ Redis',
  level: 'debug',
  timestamp: '2026-08-02T06:35:17.701Z'
}
{
  message: '[Cache Hit] Lấy thông tin hotel ID: ae4ccd44-300e-4ca3-b16c-d3e71b6a0193 từ Redis',
  level: 'debug',
  timestamp: '2026-08-02T06:35:17.701Z'
}
{
  hotelId: '61f3e4c1-cba1-48b1-851c-16bc9d413ec2',
  level: 'info',
  message: '[BookingController] Get hotel bookings',
  timestamp: '2026-08-02T06:35:17.705Z'
}
{
  hotelId: '6476b4b4-c8ba-4f05-a3ae-9ba776ad4be3',
  level: 'info',
  message: '[BookingController] Get hotel bookings',
  timestamp: '2026-08-02T06:35:17.707Z'
}
{
  message: '[Cache Hit] Lấy thông tin hotel ID: 61f3e4c1-cba1-48b1-851c-16bc9d413ec2 từ Redis',
  level: 'debug',
  timestamp: '2026-08-02T06:35:17.707Z'
}
{
  message: '[Cache Hit] Lấy thông tin hotel ID: 6476b4b4-c8ba-4f05-a3ae-9ba776ad4be3 từ Redis',
  level: 'debug',
  timestamp: '2026-08-02T06:35:17.708Z'
}
{
  hotelId: 'fdfc5eb7-97ff-450b-9edf-723739f36d56',
  level: 'info',
  message: '[BookingController] Get hotel bookings',
  timestamp: '2026-08-02T06:35:17.714Z'
}
{
  hotelId: 'a9778731-bce8-4dbf-8b2f-ab2543bfdcdc',
  level: 'info',
  message: '[BookingController] Get hotel bookings',
  timestamp: '2026-08-02T06:35:17.717Z'
}
{
  message: '[Cache Hit] Lấy thông tin hotel ID: fdfc5eb7-97ff-450b-9edf-723739f36d56 từ Redis',
  level: 'debug',
  timestamp: '2026-08-02T06:35:17.719Z'
}
{
  message: '[Cache Hit] Lấy thông tin hotel ID: a9778731-bce8-4dbf-8b2f-ab2543bfdcdc từ Redis',
  level: 'debug',
  timestamp: '2026-08-02T06:35:17.719Z'
}
{
  hotelId: '09928f48-b9bb-4700-85d2-51b072eef2c9',
  level: 'info',
  message: '[BookingController] Get hotel bookings',
  timestamp: '2026-08-02T06:35:17.724Z'
}
{
  hotelId: '45ea8129-6cde-4f0a-b8a5-701260e11966',
  level: 'info',
  message: '[BookingController] Get hotel bookings',
  timestamp: '2026-08-02T06:35:17.728Z'
}
{
  message: '[Cache Hit] Lấy thông tin hotel ID: 09928f48-b9bb-4700-85d2-51b072eef2c9 từ Redis',
  level: 'debug',
  timestamp: '2026-08-02T06:35:17.730Z'
}
{
  message: '[Cache Hit] Lấy thông tin hotel ID: 45ea8129-6cde-4f0a-b8a5-701260e11966 từ Redis',
  level: 'debug',
  timestamp: '2026-08-02T06:35:17.731Z'
}
{
  hotelId: 'db71d087-b5a7-47be-b2a3-04e168e623b9',
  level: 'info',
  message: '[BookingController] Get hotel bookings',
  timestamp: '2026-08-02T06:35:17.737Z'
}
{
  hotelId: '1f63d07b-44ef-412e-8e8f-fc20853648c3',
  level: 'info',
  message: '[BookingController] Get hotel bookings',
  timestamp: '2026-08-02T06:35:17.741Z'
}
{
  message: '[Cache Hit] Lấy thông tin hotel ID: db71d087-b5a7-47be-b2a3-04e168e623b9 từ Redis',
  level: 'debug',
  timestamp: '2026-08-02T06:35:17.742Z'
}
{
  message: '[Cache Hit] Lấy thông tin hotel ID: 1f63d07b-44ef-412e-8e8f-fc20853648c3 từ Redis',
  level: 'debug',
  timestamp: '2026-08-02T06:35:17.743Z'
}
{
  hotelId: '3ff5cc53-9069-45bc-a39e-2295bebd3ea5',
  level: 'info',
  message: '[BookingController] Get hotel bookings',
  timestamp: '2026-08-02T06:35:17.749Z'
}
{
  hotelId: '52eb4a25-dcb7-4bea-81ac-9d12053bd2c0',
  level: 'info',
  message: '[BookingController] Get hotel bookings',
  timestamp: '2026-08-02T06:35:17.751Z'
}
{
  message: '[Cache Hit] Lấy thông tin hotel ID: 3ff5cc53-9069-45bc-a39e-2295bebd3ea5 từ Redis',
  level: 'debug',
  timestamp: '2026-08-02T06:35:17.752Z'
}
{
  message: '[Cache Hit] Lấy thông tin hotel ID: 52eb4a25-dcb7-4bea-81ac-9d12053bd2c0 từ Redis',
  level: 'debug',
  timestamp: '2026-08-02T06:35:17.752Z'
}
{
  hotelId: 'd29b2e2a-8af1-4273-8f2d-87053225f461',
  level: 'info',
  message: '[BookingController] Get hotel bookings',
  timestamp: '2026-08-02T06:35:17.756Z'
}
{
  message: '[Cache Hit] Lấy thông tin hotel ID: d29b2e2a-8af1-4273-8f2d-87053225f461 từ Redis',
  level: 'debug',
  timestamp: '2026-08-02T06:35:17.758Z'
}
{
  hotelId: 'ae4ccd44-300e-4ca3-b16c-d3e71b6a0193',
  level: 'info',
  message: '[BookingController] Get hotel bookings',
  timestamp: '2026-08-02T06:35:17.763Z'
}
{
  hotelId: '61f3e4c1-cba1-48b1-851c-16bc9d413ec2',
  level: 'info',
  message: '[BookingController] Get hotel bookings',
  timestamp: '2026-08-02T06:35:17.765Z'
}
{
  message: '[Cache Hit] Lấy thông tin hotel ID: ae4ccd44-300e-4ca3-b16c-d3e71b6a0193 từ Redis',
  level: 'debug',
  timestamp: '2026-08-02T06:35:17.766Z'
}
{
  message: '[Cache Hit] Lấy thông tin hotel ID: 61f3e4c1-cba1-48b1-851c-16bc9d413ec2 từ Redis',
  level: 'debug',
  timestamp: '2026-08-02T06:35:17.766Z'
}
{
  hotelId: '6476b4b4-c8ba-4f05-a3ae-9ba776ad4be3',
  level: 'info',
  message: '[BookingController] Get hotel bookings',
  timestamp: '2026-08-02T06:35:17.770Z'
}
{
  hotelId: 'fdfc5eb7-97ff-450b-9edf-723739f36d56',
  level: 'info',
  message: '[BookingController] Get hotel bookings',
  timestamp: '2026-08-02T06:35:17.773Z'
}
{
  message: '[Cache Hit] Lấy thông tin hotel ID: 6476b4b4-c8ba-4f05-a3ae-9ba776ad4be3 từ Redis',
  level: 'debug',
  timestamp: '2026-08-02T06:35:17.774Z'
}
{
  message: '[Cache Hit] Lấy thông tin hotel ID: fdfc5eb7-97ff-450b-9edf-723739f36d56 từ Redis',
  level: 'debug',
  timestamp: '2026-08-02T06:35:17.774Z'
}
{
  hotelId: 'a9778731-bce8-4dbf-8b2f-ab2543bfdcdc',
  level: 'info',
  message: '[BookingController] Get hotel bookings',
  timestamp: '2026-08-02T06:35:17.779Z'
}
{
  message: '[Cache Hit] Lấy thông tin hotel ID: a9778731-bce8-4dbf-8b2f-ab2543bfdcdc từ Redis',
  level: 'debug',
  timestamp: '2026-08-02T06:35:17.780Z'
}
{
  hotelId: '09928f48-b9bb-4700-85d2-51b072eef2c9',
  level: 'info',
  message: '[BookingController] Get hotel bookings',
  timestamp: '2026-08-02T06:35:17.785Z'
}
{
  message: '[Cache Hit] Lấy thông tin hotel ID: 09928f48-b9bb-4700-85d2-51b072eef2c9 từ Redis',
  level: 'debug',
  timestamp: '2026-08-02T06:35:17.787Z'
}
{
  bookingId: '28b1696a-17ed-4e2f-8f7e-f76a62e39b42',
  level: 'info',
  message: '[BookingController] Update booking status',
  timestamp: '2026-08-02T06:35:30.021Z'
}
{
  message: '[Cache Hit] Lấy thông tin hotel ID: 09928f48-b9bb-4700-85d2-51b072eef2c9 từ Redis',
  level: 'debug',
  timestamp: '2026-08-02T06:35:30.043Z'
}
{
  message: '[HotelController] Get my hotels',
  level: 'info',
  timestamp: '2026-08-02T06:35:32.829Z'
}
{
  hotelId: '45ea8129-6cde-4f0a-b8a5-701260e11966',
  level: 'info',
  message: '[BookingController] Get hotel bookings',
  timestamp: '2026-08-02T06:35:32.862Z'
}
{
  message: '[Cache Hit] Lấy thông tin hotel ID: 45ea8129-6cde-4f0a-b8a5-701260e11966 từ Redis',
  level: 'debug',
  timestamp: '2026-08-02T06:35:32.868Z'
}
{
  hotelId: '3ff5cc53-9069-45bc-a39e-2295bebd3ea5',
  level: 'info',
  message: '[BookingController] Get hotel bookings',
  timestamp: '2026-08-02T06:35:32.884Z'
}
{
  message: '[Cache Hit] Lấy thông tin hotel ID: 3ff5cc53-9069-45bc-a39e-2295bebd3ea5 từ Redis',
  level: 'debug',
  timestamp: '2026-08-02T06:35:32.887Z'
}
{
  hotelId: 'db71d087-b5a7-47be-b2a3-04e168e623b9',
  level: 'info',
  message: '[BookingController] Get hotel bookings',
  timestamp: '2026-08-02T06:35:32.896Z'
}
{
  message: '[Cache Hit] Lấy thông tin hotel ID: db71d087-b5a7-47be-b2a3-04e168e623b9 từ Redis',
  level: 'debug',
  timestamp: '2026-08-02T06:35:32.898Z'
}
{
  hotelId: '09928f48-b9bb-4700-85d2-51b072eef2c9',
  level: 'info',
  message: '[BookingController] Get hotel bookings',
  timestamp: '2026-08-02T06:35:32.900Z'
}
{
  hotelId: '52eb4a25-dcb7-4bea-81ac-9d12053bd2c0',
  level: 'info',
  message: '[BookingController] Get hotel bookings',
  timestamp: '2026-08-02T06:35:32.902Z'
}
{
  message: '[Cache Hit] Lấy thông tin hotel ID: 09928f48-b9bb-4700-85d2-51b072eef2c9 từ Redis',
  level: 'debug',
  timestamp: '2026-08-02T06:35:32.903Z'
}
{
  message: '[Cache Hit] Lấy thông tin hotel ID: 52eb4a25-dcb7-4bea-81ac-9d12053bd2c0 từ Redis',
  level: 'debug',
  timestamp: '2026-08-02T06:35:32.903Z'
}
{
  hotelId: '6476b4b4-c8ba-4f05-a3ae-9ba776ad4be3',
  level: 'info',
  message: '[BookingController] Get hotel bookings',
  timestamp: '2026-08-02T06:35:32.907Z'
}
{
  message: '[Cache Hit] Lấy thông tin hotel ID: 6476b4b4-c8ba-4f05-a3ae-9ba776ad4be3 từ Redis',
  level: 'debug',
  timestamp: '2026-08-02T06:35:32.908Z'
}
{
  hotelId: 'a9778731-bce8-4dbf-8b2f-ab2543bfdcdc',
  level: 'info',
  message: '[BookingController] Get hotel bookings',
  timestamp: '2026-08-02T06:35:32.911Z'
}
{
  hotelId: '1f63d07b-44ef-412e-8e8f-fc20853648c3',
  level: 'info',
  message: '[BookingController] Get hotel bookings',
  timestamp: '2026-08-02T06:35:32.915Z'
}
{
  message: '[Cache Hit] Lấy thông tin hotel ID: a9778731-bce8-4dbf-8b2f-ab2543bfdcdc từ Redis',
  level: 'debug',
  timestamp: '2026-08-02T06:35:32.916Z'
}
{
  message: '[Cache Hit] Lấy thông tin hotel ID: 1f63d07b-44ef-412e-8e8f-fc20853648c3 từ Redis',
  level: 'debug',
  timestamp: '2026-08-02T06:35:32.916Z'
}
{
  hotelId: 'ae4ccd44-300e-4ca3-b16c-d3e71b6a0193',
  level: 'info',
  message: '[BookingController] Get hotel bookings',
  timestamp: '2026-08-02T06:35:32.924Z'
}
{
  hotelId: '61f3e4c1-cba1-48b1-851c-16bc9d413ec2',
  level: 'info',
  message: '[BookingController] Get hotel bookings',
  timestamp: '2026-08-02T06:35:32.928Z'
}
{
  message: '[Cache Hit] Lấy thông tin hotel ID: ae4ccd44-300e-4ca3-b16c-d3e71b6a0193 từ Redis',
  level: 'debug',
  timestamp: '2026-08-02T06:35:32.931Z'
}
{
  message: '[Cache Hit] Lấy thông tin hotel ID: 61f3e4c1-cba1-48b1-851c-16bc9d413ec2 từ Redis',
  level: 'debug',
  timestamp: '2026-08-02T06:35:32.932Z'
}
{
  hotelId: 'd29b2e2a-8af1-4273-8f2d-87053225f461',
  level: 'info',
  message: '[BookingController] Get hotel bookings',
  timestamp: '2026-08-02T06:35:32.940Z'
}
{
  message: '[Cache Hit] Lấy thông tin hotel ID: d29b2e2a-8af1-4273-8f2d-87053225f461 từ Redis',
  level: 'debug',
  timestamp: '2026-08-02T06:35:32.942Z'
}
{
  hotelId: 'fdfc5eb7-97ff-450b-9edf-723739f36d56',
  level: 'info',
  message: '[BookingController] Get hotel bookings',
  timestamp: '2026-08-02T06:35:32.950Z'
}
{
  message: '[Cache Hit] Lấy thông tin hotel ID: fdfc5eb7-97ff-450b-9edf-723739f36d56 từ Redis',
  level: 'debug',
  timestamp: '2026-08-02T06:35:32.952Z'
}
{
  bookingId: '33d06431-ead0-49b0-ab56-a2c769bd88f9',
  level: 'info',
  message: '[BookingController] Update booking status',
  timestamp: '2026-08-02T06:35:34.838Z'
}
{
  message: '[Cache Hit] Lấy thông tin hotel ID: 09928f48-b9bb-4700-85d2-51b072eef2c9 từ Redis',
  level: 'debug',
  timestamp: '2026-08-02T06:35:34.849Z'
}
{
  bookingId: '28b1696a-17ed-4e2f-8f7e-f76a62e39b42',
  level: 'info',
  message: '[BookingController] Update booking status',
  timestamp: '2026-08-02T06:35:43.613Z'
}
{
  message: '[Cache Hit] Lấy thông tin hotel ID: 09928f48-b9bb-4700-85d2-51b072eef2c9 từ Redis',
  level: 'debug',
  timestamp: '2026-08-02T06:35:43.616Z'
}
{
  bookingId: '28b1696a-17ed-4e2f-8f7e-f76a62e39b42',
  level: 'info',
  message: '[BookingController] Update payment status',
  timestamp: '2026-08-02T06:35:45.533Z'
}
{
  message: '[Cache Hit] Lấy thông tin hotel ID: 09928f48-b9bb-4700-85d2-51b072eef2c9 từ Redis',
  level: 'debug',
  timestamp: '2026-08-02T06:35:45.547Z'
}
{
  bookingId: '28b1696a-17ed-4e2f-8f7e-f76a62e39b42',
  level: 'info',
  message: '[BookingController] Update booking status',
  timestamp: '2026-08-02T06:35:51.043Z'
}
{
  message: '[Cache Hit] Lấy thông tin hotel ID: 09928f48-b9bb-4700-85d2-51b072eef2c9 từ Redis',
  level: 'debug',
  timestamp: '2026-08-02T06:35:51.049Z'
}
{
  message: '[HotelController] Get my hotels',
  level: 'info',
  timestamp: '2026-08-02T06:35:58.535Z'
}
{
  message: '[HotelController] Get my hotels',
  level: 'info',
  timestamp: '2026-08-02T06:35:58.566Z'
}
{
  message: '[HotelController] Get my hotels',
  level: 'info',
  timestamp: '2026-08-02T06:36:06.136Z'
}
{
  message: '[HotelController] Get my hotels',
  level: 'info',
  timestamp: '2026-08-02T06:36:06.148Z'
}
{
  hotelId: '6476b4b4-c8ba-4f05-a3ae-9ba776ad4be3',
  level: 'info',
  message: '[BookingController] Get hotel bookings',
  timestamp: '2026-08-02T06:36:06.187Z'
}
{
  message: '[Cache Hit] Lấy thông tin hotel ID: 6476b4b4-c8ba-4f05-a3ae-9ba776ad4be3 từ Redis',
  level: 'debug',
  timestamp: '2026-08-02T06:36:06.191Z'
}
{
  hotelId: '45ea8129-6cde-4f0a-b8a5-701260e11966',
  level: 'info',
  message: '[BookingController] Get hotel bookings',
  timestamp: '2026-08-02T06:36:06.200Z'
}
{
  message: '[Cache Hit] Lấy thông tin hotel ID: 45ea8129-6cde-4f0a-b8a5-701260e11966 từ Redis',
  level: 'debug',
  timestamp: '2026-08-02T06:36:06.202Z'
}
{
  hotelId: 'db71d087-b5a7-47be-b2a3-04e168e623b9',
  level: 'info',
  message: '[BookingController] Get hotel bookings',
  timestamp: '2026-08-02T06:36:06.206Z'
}
{
  hotelId: '3ff5cc53-9069-45bc-a39e-2295bebd3ea5',
  level: 'info',
  message: '[BookingController] Get hotel bookings',
  timestamp: '2026-08-02T06:36:06.209Z'
}
{
  hotelId: '52eb4a25-dcb7-4bea-81ac-9d12053bd2c0',
  level: 'info',
  message: '[BookingController] Get hotel bookings',
  timestamp: '2026-08-02T06:36:06.212Z'
}
{
  message: '[Cache Hit] Lấy thông tin hotel ID: db71d087-b5a7-47be-b2a3-04e168e623b9 từ Redis',
  level: 'debug',
  timestamp: '2026-08-02T06:36:06.213Z'
}
{
  message: '[Cache Hit] Lấy thông tin hotel ID: 3ff5cc53-9069-45bc-a39e-2295bebd3ea5 từ Redis',
  level: 'debug',
  timestamp: '2026-08-02T06:36:06.213Z'
}
{
  message: '[Cache Hit] Lấy thông tin hotel ID: 52eb4a25-dcb7-4bea-81ac-9d12053bd2c0 từ Redis',
  level: 'debug',
  timestamp: '2026-08-02T06:36:06.214Z'
}
{
  hotelId: '61f3e4c1-cba1-48b1-851c-16bc9d413ec2',
  level: 'info',
  message: '[BookingController] Get hotel bookings',
  timestamp: '2026-08-02T06:36:06.216Z'
}
{
  hotelId: '1f63d07b-44ef-412e-8e8f-fc20853648c3',
  level: 'info',
  message: '[BookingController] Get hotel bookings',
  timestamp: '2026-08-02T06:36:06.218Z'
}
{
  message: '[Cache Hit] Lấy thông tin hotel ID: 61f3e4c1-cba1-48b1-851c-16bc9d413ec2 từ Redis',
  level: 'debug',
  timestamp: '2026-08-02T06:36:06.220Z'
}
{
  message: '[Cache Hit] Lấy thông tin hotel ID: 1f63d07b-44ef-412e-8e8f-fc20853648c3 từ Redis',
  level: 'debug',
  timestamp: '2026-08-02T06:36:06.220Z'
}
{
  hotelId: 'ae4ccd44-300e-4ca3-b16c-d3e71b6a0193',
  level: 'info',
  message: '[BookingController] Get hotel bookings',
  timestamp: '2026-08-02T06:36:06.228Z'
}
{
  message: '[Cache Hit] Lấy thông tin hotel ID: ae4ccd44-300e-4ca3-b16c-d3e71b6a0193 từ Redis',
  level: 'debug',
  timestamp: '2026-08-02T06:36:06.230Z'
}
{
  hotelId: 'a9778731-bce8-4dbf-8b2f-ab2543bfdcdc',
  level: 'info',
  message: '[BookingController] Get hotel bookings',
  timestamp: '2026-08-02T06:36:06.233Z'
}
{
  hotelId: 'd29b2e2a-8af1-4273-8f2d-87053225f461',
  level: 'info',
  message: '[BookingController] Get hotel bookings',
  timestamp: '2026-08-02T06:36:06.234Z'
}
{
  hotelId: '09928f48-b9bb-4700-85d2-51b072eef2c9',
  level: 'info',
  message: '[BookingController] Get hotel bookings',
  timestamp: '2026-08-02T06:36:06.238Z'
}
{
  message: '[Cache Hit] Lấy thông tin hotel ID: a9778731-bce8-4dbf-8b2f-ab2543bfdcdc từ Redis',
  level: 'debug',
  timestamp: '2026-08-02T06:36:06.238Z'
}
{
  message: '[Cache Hit] Lấy thông tin hotel ID: d29b2e2a-8af1-4273-8f2d-87053225f461 từ Redis',
  level: 'debug',
  timestamp: '2026-08-02T06:36:06.238Z'
}
{
  message: '[Cache Hit] Lấy thông tin hotel ID: 09928f48-b9bb-4700-85d2-51b072eef2c9 từ Redis',
  level: 'debug',
  timestamp: '2026-08-02T06:36:06.239Z'
}
{
  hotelId: 'fdfc5eb7-97ff-450b-9edf-723739f36d56',
  level: 'info',
  message: '[BookingController] Get hotel bookings',
  timestamp: '2026-08-02T06:36:06.241Z'
}
{
  hotelId: '6476b4b4-c8ba-4f05-a3ae-9ba776ad4be3',
  level: 'info',
  message: '[BookingController] Get hotel bookings',
  timestamp: '2026-08-02T06:36:06.243Z'
}
{
  message: '[Cache Hit] Lấy thông tin hotel ID: fdfc5eb7-97ff-450b-9edf-723739f36d56 từ Redis',
  level: 'debug',
  timestamp: '2026-08-02T06:36:06.245Z'
}
{
  message: '[Cache Hit] Lấy thông tin hotel ID: 6476b4b4-c8ba-4f05-a3ae-9ba776ad4be3 từ Redis',
  level: 'debug',
  timestamp: '2026-08-02T06:36:06.245Z'
}
{
  hotelId: '45ea8129-6cde-4f0a-b8a5-701260e11966',
  level: 'info',
  message: '[BookingController] Get hotel bookings',
  timestamp: '2026-08-02T06:36:06.249Z'
}
{
  message: '[Cache Hit] Lấy thông tin hotel ID: 45ea8129-6cde-4f0a-b8a5-701260e11966 từ Redis',
  level: 'debug',
  timestamp: '2026-08-02T06:36:06.250Z'
}
{
  hotelId: 'db71d087-b5a7-47be-b2a3-04e168e623b9',
  level: 'info',
  message: '[BookingController] Get hotel bookings',
  timestamp: '2026-08-02T06:36:06.255Z'
}
{
  hotelId: '3ff5cc53-9069-45bc-a39e-2295bebd3ea5',
  level: 'info',
  message: '[BookingController] Get hotel bookings',
  timestamp: '2026-08-02T06:36:06.257Z'
}
{
  message: '[Cache Hit] Lấy thông tin hotel ID: db71d087-b5a7-47be-b2a3-04e168e623b9 từ Redis',
  level: 'debug',
  timestamp: '2026-08-02T06:36:06.258Z'
}
{
  message: '[Cache Hit] Lấy thông tin hotel ID: 3ff5cc53-9069-45bc-a39e-2295bebd3ea5 từ Redis',
  level: 'debug',
  timestamp: '2026-08-02T06:36:06.258Z'
}
{
  hotelId: '52eb4a25-dcb7-4bea-81ac-9d12053bd2c0',
  level: 'info',
  message: '[BookingController] Get hotel bookings',
  timestamp: '2026-08-02T06:36:06.264Z'
}
{
  hotelId: '61f3e4c1-cba1-48b1-851c-16bc9d413ec2',
  level: 'info',
  message: '[BookingController] Get hotel bookings',
  timestamp: '2026-08-02T06:36:06.266Z'
}
{
  message: '[Cache Hit] Lấy thông tin hotel ID: 52eb4a25-dcb7-4bea-81ac-9d12053bd2c0 từ Redis',
  level: 'debug',
  timestamp: '2026-08-02T06:36:06.267Z'
}
{
  message: '[Cache Hit] Lấy thông tin hotel ID: 61f3e4c1-cba1-48b1-851c-16bc9d413ec2 từ Redis',
  level: 'debug',
  timestamp: '2026-08-02T06:36:06.267Z'
}
{
  hotelId: '1f63d07b-44ef-412e-8e8f-fc20853648c3',
  level: 'info',
  message: '[BookingController] Get hotel bookings',
  timestamp: '2026-08-02T06:36:06.272Z'
}
{
  message: '[Cache Hit] Lấy thông tin hotel ID: 1f63d07b-44ef-412e-8e8f-fc20853648c3 từ Redis',
  level: 'debug',
  timestamp: '2026-08-02T06:36:06.274Z'
}
{
  hotelId: 'ae4ccd44-300e-4ca3-b16c-d3e71b6a0193',
  level: 'info',
  message: '[BookingController] Get hotel bookings',
  timestamp: '2026-08-02T06:36:06.279Z'
}
{
  hotelId: 'a9778731-bce8-4dbf-8b2f-ab2543bfdcdc',
  level: 'info',
  message: '[BookingController] Get hotel bookings',
  timestamp: '2026-08-02T06:36:06.280Z'
}
{
  message: '[Cache Hit] Lấy thông tin hotel ID: ae4ccd44-300e-4ca3-b16c-d3e71b6a0193 từ Redis',
  level: 'debug',
  timestamp: '2026-08-02T06:36:06.281Z'
}
{
  message: '[Cache Hit] Lấy thông tin hotel ID: a9778731-bce8-4dbf-8b2f-ab2543bfdcdc từ Redis',
  level: 'debug',
  timestamp: '2026-08-02T06:36:06.281Z'
}
{
  hotelId: 'd29b2e2a-8af1-4273-8f2d-87053225f461',
  level: 'info',
  message: '[BookingController] Get hotel bookings',
  timestamp: '2026-08-02T06:36:06.312Z'
}
{
  hotelId: 'fdfc5eb7-97ff-450b-9edf-723739f36d56',
  level: 'info',
  message: '[BookingController] Get hotel bookings',
  timestamp: '2026-08-02T06:36:06.315Z'
}
{
  hotelId: '09928f48-b9bb-4700-85d2-51b072eef2c9',
  level: 'info',
  message: '[BookingController] Get hotel bookings',
  timestamp: '2026-08-02T06:36:06.317Z'
}
{
  message: '[Cache Hit] Lấy thông tin hotel ID: d29b2e2a-8af1-4273-8f2d-87053225f461 từ Redis',
  level: 'debug',
  timestamp: '2026-08-02T06:36:06.318Z'
}
{
  message: '[Cache Hit] Lấy thông tin hotel ID: fdfc5eb7-97ff-450b-9edf-723739f36d56 từ Redis',
  level: 'debug',
  timestamp: '2026-08-02T06:36:06.318Z'
}
{
  message: '[Cache Hit] Lấy thông tin hotel ID: 09928f48-b9bb-4700-85d2-51b072eef2c9 từ Redis',
  level: 'debug',
  timestamp: '2026-08-02T06:36:06.318Z'
}
{
  message: '[HotelController] Get my hotels',
  level: 'info',
  timestamp: '2026-08-02T06:36:06.668Z'
}
{
  message: '[HotelController] Get my hotels',
  level: 'info',
  timestamp: '2026-08-02T06:36:06.684Z'
}
{
  userId: 'b88403bb-85f1-4be4-ac3b-a7abcc4e9a10',
  level: 'info',
  message: '[AuthController] Get Me',
  timestamp: '2026-08-02T06:36:23.195Z'
}
{
  message: 'Fetching user details for ID: b88403bb-85f1-4be4-ac3b-a7abcc4e9a10',
  level: 'debug',
  timestamp: '2026-08-02T06:36:23.196Z'
}
{
  message: '[Cache Hit] Lấy thông tin user ID: b88403bb-85f1-4be4-ac3b-a7abcc4e9a10 từ Redis',
  level: 'debug',
  timestamp: '2026-08-02T06:36:23.197Z'
}
{
  userId: 'b88403bb-85f1-4be4-ac3b-a7abcc4e9a10',
  level: 'info',
  message: '[AuthController] Get Me',
  timestamp: '2026-08-02T06:36:23.206Z'
}
{
  message: 'Fetching user details for ID: b88403bb-85f1-4be4-ac3b-a7abcc4e9a10',
  level: 'debug',
  timestamp: '2026-08-02T06:36:23.207Z'
}
{
  message: '[Cache Hit] Lấy thông tin user ID: b88403bb-85f1-4be4-ac3b-a7abcc4e9a10 từ Redis',
  level: 'debug',
  timestamp: '2026-08-02T06:36:23.208Z'
}
{
  message: '[BookingController] Get user bookings',
  level: 'info',
  timestamp: '2026-08-02T06:36:23.523Z'
}
{
  message: '[BookingController] Get user bookings',
  level: 'info',
  timestamp: '2026-08-02T06:36:23.557Z'
}
{
  message: '[Cache Hit] Lấy danh sách điểm đến hoạt động từ Redis',
  level: 'debug',
  timestamp: '2026-08-02T06:36:44.247Z'
}
{
  message: '[Cache Hit] Lấy danh sách điểm đến hoạt động từ Redis',
  level: 'debug',
  timestamp: '2026-08-02T06:36:44.254Z'
}
{
  page: '1',
  limit: '10',
  status: 'ACTIVE',
  level: 'info',
  message: '[HotelController] Get all hotels with queries',
  timestamp: '2026-08-02T06:36:44.257Z'
}
{
  message: '[Cache Hit] Lấy danh sách điểm đến hoạt động từ Redis',
  level: 'debug',
  timestamp: '2026-08-02T06:36:44.260Z'
}
{
  page: '1',
  limit: '10',
  status: 'ACTIVE',
  level: 'info',
  message: '[HotelController] Get all hotels with queries',
  timestamp: '2026-08-02T06:36:44.264Z'
}
{
  message: '[Cache Hit] Lấy danh sách điểm đến hoạt động từ Redis',
  level: 'debug',
  timestamp: '2026-08-02T06:36:44.266Z'
}
{
  message: '[Cache Hit] Lấy danh sách điểm đến hoạt động từ Redis',
  level: 'debug',
  timestamp: '2026-08-02T06:36:46.399Z'
}
{
  query: [Object: null prototype] {
    location: 'Hà Nội',
    checkInDate: '2026-08-02T17:00:00.000Z',
    checkOutDate: '2026-08-03T17:00:00.000Z',
    adults: '2',
    children: '0',
    rooms: '1'
  },
  level: 'info',
  message: '[SearchController] Search hotels',
  timestamp: '2026-08-02T06:36:46.403Z'
}
{
  message: '[Cache Hit] Lấy danh sách điểm đến hoạt động từ Redis',
  level: 'debug',
  timestamp: '2026-08-02T06:36:46.415Z'
}
{
  query: [Object: null prototype] {
    location: 'Hà Nội',
    checkInDate: '2026-08-02T17:00:00.000Z',
    checkOutDate: '2026-08-03T17:00:00.000Z',
    adults: '2',
    children: '0',
    rooms: '1'
  },
  level: 'info',
  message: '[SearchController] Search hotels',
  timestamp: '2026-08-02T06:36:46.447Z'
}
{
  message: 'JWT Verification Error: jwt expired',
  level: 'error',
  timestamp: '2026-08-02T06:36:57.581Z'
}
{
  message: 'GLOBAL ERROR HANDLER CAUGHT: Error: Phiên đăng nhập đã hết hạn. Vui lòng lấy Token mới.\n' +
    '    at authMiddleware (/app/src/middlewares/authMiddleware.ts:80:9)\n' +
    '    at Layer.handleRequest (/app/node_modules/router/lib/layer.js:152:17)\n' +
    '    at next (/app/node_modules/router/lib/route.js:157:13)\n' +
    '    at Route.dispatch (/app/node_modules/router/lib/route.js:117:3)\n' +
    '    at handle (/app/node_modules/router/index.js:435:11)\n' +
    '    at Layer.handleRequest (/app/node_modules/router/lib/layer.js:152:17)\n' +
    '    at /app/node_modules/router/index.js:295:15\n' +
    '    at processParams (/app/node_modules/router/index.js:582:12)\n' +
    '    at next (/app/node_modules/router/index.js:291:5)\n' +
    '    at Function.handle (/app/node_modules/router/index.js:186:3)',
  level: 'error',
  timestamp: '2026-08-02T06:36:57.585Z'
}
{
  message: 'JWT Verification Error: jwt expired',
  level: 'error',
  timestamp: '2026-08-02T06:36:57.593Z'
}
{
  message: 'GLOBAL ERROR HANDLER CAUGHT: Error: Phiên đăng nhập đã hết hạn. Vui lòng lấy Token mới.\n' +
    '    at authMiddleware (/app/src/middlewares/authMiddleware.ts:80:9)\n' +
    '    at Layer.handleRequest (/app/node_modules/router/lib/layer.js:152:17)\n' +
    '    at next (/app/node_modules/router/lib/route.js:157:13)\n' +
    '    at Route.dispatch (/app/node_modules/router/lib/route.js:117:3)\n' +
    '    at handle (/app/node_modules/router/index.js:435:11)\n' +
    '    at Layer.handleRequest (/app/node_modules/router/lib/layer.js:152:17)\n' +
    '    at /app/node_modules/router/index.js:295:15\n' +
    '    at processParams (/app/node_modules/router/index.js:582:12)\n' +
    '    at next (/app/node_modules/router/index.js:291:5)\n' +
    '    at Function.handle (/app/node_modules/router/index.js:186:3)',
  level: 'error',
  timestamp: '2026-08-02T06:36:57.594Z'
}
{
  message: '[AuthController] Refresh Tokens',
  level: 'info',
  timestamp: '2026-08-02T06:36:57.605Z'
}
{
  message: 'Fetching user details for ID: b88403bb-85f1-4be4-ac3b-a7abcc4e9a10',
  level: 'debug',
  timestamp: '2026-08-02T06:36:57.612Z'
}
{
  message: '[Cache Hit] Lấy thông tin user ID: b88403bb-85f1-4be4-ac3b-a7abcc4e9a10 từ Redis',
  level: 'debug',
  timestamp: '2026-08-02T06:36:57.615Z'
}
{
  message: '[AuthService] Tokens refreshed successfully for user: locdz8c@gmail.com',
  level: 'info',
  timestamp: '2026-08-02T06:36:57.635Z'
}
{
  userId: 'b88403bb-85f1-4be4-ac3b-a7abcc4e9a10',
  level: 'info',
  message: '[AuthController] Get Me',
  timestamp: '2026-08-02T06:36:57.666Z'
}
{
  message: 'Fetching user details for ID: b88403bb-85f1-4be4-ac3b-a7abcc4e9a10',
  level: 'debug',
  timestamp: '2026-08-02T06:36:57.666Z'
}
{
  message: '[Cache Hit] Lấy thông tin user ID: b88403bb-85f1-4be4-ac3b-a7abcc4e9a10 từ Redis',
  level: 'debug',
  timestamp: '2026-08-02T06:36:57.667Z'
}
{
  userId: 'b88403bb-85f1-4be4-ac3b-a7abcc4e9a10',
  level: 'info',
  message: '[AuthController] Get Me',
  timestamp: '2026-08-02T06:36:57.671Z'
}
{
  message: 'Fetching user details for ID: b88403bb-85f1-4be4-ac3b-a7abcc4e9a10',
  level: 'debug',
  timestamp: '2026-08-02T06:36:57.671Z'
}
{
  message: '[Cache Hit] Lấy thông tin user ID: b88403bb-85f1-4be4-ac3b-a7abcc4e9a10 từ Redis',
  level: 'debug',
  timestamp: '2026-08-02T06:36:57.672Z'
}
{
  email: 'locdz8c@gmail.com',
  level: 'info',
  message: '[AuthController] Login with Password',
  timestamp: '2026-08-02T06:37:05.186Z'
}
{
  message: 'User ID b88403bb-85f1-4be4-ac3b-a7abcc4e9a10 đăng nhập thành công. Đã làm sạch lịch sử đăng nhập sai.',
  level: 'info',
  timestamp: '2026-08-02T06:37:05.258Z'
}
{
  message: '[AuthService] Password login successful for user: locdz8c@gmail.com',
  level: 'info',
  timestamp: '2026-08-02T06:37:05.266Z'
}
{
  message: '[Cache Hit] Lấy danh sách điểm đến hoạt động từ Redis',
  level: 'debug',
  timestamp: '2026-08-02T06:37:05.451Z'
}
{
  message: '[Cache Hit] Lấy danh sách điểm đến hoạt động từ Redis',
  level: 'debug',
  timestamp: '2026-08-02T06:37:05.470Z'
}
{
  page: '1',
  limit: '10',
  status: 'ACTIVE',
  level: 'info',
  message: '[HotelController] Get all hotels with queries',
  timestamp: '2026-08-02T06:37:05.475Z'
}
{
  page: '1',
  limit: '10',
  status: 'ACTIVE',
  level: 'info',
  message: '[HotelController] Get all hotels with queries',
  timestamp: '2026-08-02T06:37:05.494Z'
}
{
  message: '[Cache Hit] Lấy danh sách điểm đến hoạt động từ Redis',
  level: 'debug',
  timestamp: '2026-08-02T06:37:05.495Z'
}
{
  message: '[Cache Hit] Lấy danh sách điểm đến hoạt động từ Redis',
  level: 'debug',
  timestamp: '2026-08-02T06:37:05.505Z'
}
{
  userId: 'b88403bb-85f1-4be4-ac3b-a7abcc4e9a10',
  level: 'info',
  message: '[AuthController] Get Me',
  timestamp: '2026-08-02T06:37:18.426Z'
}
{
  message: 'Fetching user details for ID: b88403bb-85f1-4be4-ac3b-a7abcc4e9a10',
  level: 'debug',
  timestamp: '2026-08-02T06:37:18.427Z'
}
{
  message: '[Cache Hit] Lấy thông tin user ID: b88403bb-85f1-4be4-ac3b-a7abcc4e9a10 từ Redis',
  level: 'debug',
  timestamp: '2026-08-02T06:37:18.428Z'
}
{
  userId: 'b88403bb-85f1-4be4-ac3b-a7abcc4e9a10',
  level: 'info',
  message: '[AuthController] Get Me',
  timestamp: '2026-08-02T06:37:18.434Z'
}
{
  message: 'Fetching user details for ID: b88403bb-85f1-4be4-ac3b-a7abcc4e9a10',
  level: 'debug',
  timestamp: '2026-08-02T06:37:18.434Z'
}
{
  message: '[Cache Hit] Lấy thông tin user ID: b88403bb-85f1-4be4-ac3b-a7abcc4e9a10 từ Redis',
  level: 'debug',
  timestamp: '2026-08-02T06:37:18.435Z'
}
{
  message: '[Cache Hit] Lấy danh sách điểm đến hoạt động từ Redis',
  level: 'debug',
  timestamp: '2026-08-02T06:37:18.734Z'
}
{
  message: '[Cache Hit] Lấy danh sách điểm đến hoạt động từ Redis',
  level: 'debug',
  timestamp: '2026-08-02T06:37:18.743Z'
}
{
  page: '1',
  limit: '10',
  status: 'ACTIVE',
  level: 'info',
  message: '[HotelController] Get all hotels with queries',
  timestamp: '2026-08-02T06:37:18.745Z'
}
{
  message: '[Cache Hit] Lấy danh sách điểm đến hoạt động từ Redis',
  level: 'debug',
  timestamp: '2026-08-02T06:37:18.746Z'
}
{
  page: '1',
  limit: '10',
  status: 'ACTIVE',
  level: 'info',
  message: '[HotelController] Get all hotels with queries',
  timestamp: '2026-08-02T06:37:18.748Z'
}
{
  message: '[Cache Hit] Lấy danh sách điểm đến hoạt động từ Redis',
  level: 'debug',
  timestamp: '2026-08-02T06:37:18.751Z'
}
{
  message: 'JWT Verification Error: jwt expired',
  level: 'error',
  timestamp: '2026-08-02T06:38:31.889Z'
}
{
  message: 'GLOBAL ERROR HANDLER CAUGHT: Error: Phiên đăng nhập đã hết hạn. Vui lòng lấy Token mới.\n' +
    '    at authMiddleware (/app/src/middlewares/authMiddleware.ts:80:9)\n' +
    '    at Layer.handleRequest (/app/node_modules/router/lib/layer.js:152:17)\n' +
    '    at trimPrefix (/app/node_modules/router/index.js:342:13)\n' +
    '    at /app/node_modules/router/index.js:297:9\n' +
    '    at processParams (/app/node_modules/router/index.js:582:12)\n' +
    '    at next (/app/node_modules/router/index.js:291:5)\n' +
    '    at Function.handle (/app/node_modules/router/index.js:186:3)\n' +
    '    at router (/app/node_modules/router/index.js:60:12)\n' +
    '    at Layer.handleRequest (/app/node_modules/router/lib/layer.js:152:17)\n' +
    '    at trimPrefix (/app/node_modules/router/index.js:342:13)',
  level: 'error',
  timestamp: '2026-08-02T06:38:31.890Z'
}
{
  message: '[AuthController] Refresh Tokens',
  level: 'info',
  timestamp: '2026-08-02T06:38:31.898Z'
}
{
  message: 'Fetching user details for ID: 0cbc0c7f-fda6-4929-b479-ad9d83ace8ce',
  level: 'debug',
  timestamp: '2026-08-02T06:38:31.914Z'
}
{
  message: '[Cache Hit] Lấy thông tin user ID: 0cbc0c7f-fda6-4929-b479-ad9d83ace8ce từ Redis',
  level: 'debug',
  timestamp: '2026-08-02T06:38:31.915Z'
}
{
  message: '[AuthService] Tokens refreshed successfully for user: agent1@booking.com',
  level: 'info',
  timestamp: '2026-08-02T06:38:31.925Z'
}
{
  message: '[SchedulerService] Đang kiểm tra các booking hết hạn thanh toán...',
  level: 'info',
  timestamp: '2026-08-02T06:40:00.003Z'
}
{
  message: 'JWT Verification Error: jwt expired',
  level: 'error',
  timestamp: '2026-08-02T06:41:31.882Z'
}
{
  message: 'GLOBAL ERROR HANDLER CAUGHT: Error: Phiên đăng nhập đã hết hạn. Vui lòng lấy Token mới.\n' +
    '    at authMiddleware (/app/src/middlewares/authMiddleware.ts:80:9)\n' +
    '    at Layer.handleRequest (/app/node_modules/router/lib/layer.js:152:17)\n' +
    '    at trimPrefix (/app/node_modules/router/index.js:342:13)\n' +
    '    at /app/node_modules/router/index.js:297:9\n' +
    '    at processParams (/app/node_modules/router/index.js:582:12)\n' +
    '    at next (/app/node_modules/router/index.js:291:5)\n' +
    '    at Function.handle (/app/node_modules/router/index.js:186:3)\n' +
    '    at router (/app/node_modules/router/index.js:60:12)\n' +
    '    at Layer.handleRequest (/app/node_modules/router/lib/layer.js:152:17)\n' +
    '    at trimPrefix (/app/node_modules/router/index.js:342:13)',
  level: 'error',
  timestamp: '2026-08-02T06:41:31.883Z'
}
{
  message: '[AuthController] Refresh Tokens',
  level: 'info',
  timestamp: '2026-08-02T06:41:31.894Z'
}
{
  message: 'Fetching user details for ID: 0cbc0c7f-fda6-4929-b479-ad9d83ace8ce',
  level: 'debug',
  timestamp: '2026-08-02T06:41:31.914Z'
}
{
  message: '[Cache Hit] Lấy thông tin user ID: 0cbc0c7f-fda6-4929-b479-ad9d83ace8ce từ Redis',
  level: 'debug',
  timestamp: '2026-08-02T06:41:31.917Z'
}
{
  message: '[AuthService] Tokens refreshed successfully for user: agent1@booking.com',
  level: 'info',
  timestamp: '2026-08-02T06:41:31.932Z'
}
{
  message: 'JWT Verification Error: jwt expired',
  level: 'error',
  timestamp: '2026-08-02T06:44:31.904Z'
}
{
  message: 'GLOBAL ERROR HANDLER CAUGHT: Error: Phiên đăng nhập đã hết hạn. Vui lòng lấy Token mới.\n' +
    '    at authMiddleware (/app/src/middlewares/authMiddleware.ts:80:9)\n' +
    '    at Layer.handleRequest (/app/node_modules/router/lib/layer.js:152:17)\n' +
    '    at trimPrefix (/app/node_modules/router/index.js:342:13)\n' +
    '    at /app/node_modules/router/index.js:297:9\n' +
    '    at processParams (/app/node_modules/router/index.js:582:12)\n' +
    '    at next (/app/node_modules/router/index.js:291:5)\n' +
    '    at Function.handle (/app/node_modules/router/index.js:186:3)\n' +
    '    at router (/app/node_modules/router/index.js:60:12)\n' +
    '    at Layer.handleRequest (/app/node_modules/router/lib/layer.js:152:17)\n' +
    '    at trimPrefix (/app/node_modules/router/index.js:342:13)',
  level: 'error',
  timestamp: '2026-08-02T06:44:31.906Z'
}
{
  message: '[AuthController] Refresh Tokens',
  level: 'info',
  timestamp: '2026-08-02T06:44:31.919Z'
}
{
  message: 'Fetching user details for ID: 0cbc0c7f-fda6-4929-b479-ad9d83ace8ce',
  level: 'debug',
  timestamp: '2026-08-02T06:44:31.938Z'
}
{
  message: '[Cache Hit] Lấy thông tin user ID: 0cbc0c7f-fda6-4929-b479-ad9d83ace8ce từ Redis',
  level: 'debug',
  timestamp: '2026-08-02T06:44:31.939Z'
}
{
  message: '[AuthService] Tokens refreshed successfully for user: agent1@booking.com',
  level: 'info',
  timestamp: '2026-08-02T06:44:31.948Z'
}
{
  message: '[SchedulerService] Đang kiểm tra các booking hết hạn thanh toán...',
  level: 'info',
  timestamp: '2026-08-02T06:45:00.002Z'
}
{
  message: 'JWT Verification Error: jwt expired',
  level: 'error',
  timestamp: '2026-08-02T06:45:28.766Z'
}
{
  message: 'GLOBAL ERROR HANDLER CAUGHT: Error: Phiên đăng nhập đã hết hạn. Vui lòng lấy Token mới.\n' +
    '    at authMiddleware (/app/src/middlewares/authMiddleware.ts:80:9)\n' +
    '    at Layer.handleRequest (/app/node_modules/router/lib/layer.js:152:17)\n' +
    '    at next (/app/node_modules/router/lib/route.js:157:13)\n' +
    '    at Route.dispatch (/app/node_modules/router/lib/route.js:117:3)\n' +
    '    at handle (/app/node_modules/router/index.js:435:11)\n' +
    '    at Layer.handleRequest (/app/node_modules/router/lib/layer.js:152:17)\n' +
    '    at /app/node_modules/router/index.js:295:15\n' +
    '    at processParams (/app/node_modules/router/index.js:582:12)\n' +
    '    at next (/app/node_modules/router/index.js:291:5)\n' +
    '    at Function.handle (/app/node_modules/router/index.js:186:3)',
  level: 'error',
  timestamp: '2026-08-02T06:45:28.766Z'
}
{
  message: 'JWT Verification Error: jwt expired',
  level: 'error',
  timestamp: '2026-08-02T06:45:28.770Z'
}
{
  message: 'GLOBAL ERROR HANDLER CAUGHT: Error: Phiên đăng nhập đã hết hạn. Vui lòng lấy Token mới.\n' +
    '    at authMiddleware (/app/src/middlewares/authMiddleware.ts:80:9)\n' +
    '    at Layer.handleRequest (/app/node_modules/router/lib/layer.js:152:17)\n' +
    '    at next (/app/node_modules/router/lib/route.js:157:13)\n' +
    '    at Route.dispatch (/app/node_modules/router/lib/route.js:117:3)\n' +
    '    at handle (/app/node_modules/router/index.js:435:11)\n' +
    '    at Layer.handleRequest (/app/node_modules/router/lib/layer.js:152:17)\n' +
    '    at /app/node_modules/router/index.js:295:15\n' +
    '    at processParams (/app/node_modules/router/index.js:582:12)\n' +
    '    at next (/app/node_modules/router/index.js:291:5)\n' +
    '    at Function.handle (/app/node_modules/router/index.js:186:3)',
  level: 'error',
  timestamp: '2026-08-02T06:45:28.771Z'
}
{
  message: '[AuthController] Refresh Tokens',
  level: 'info',
  timestamp: '2026-08-02T06:45:28.795Z'
}
{
  message: 'Fetching user details for ID: b88403bb-85f1-4be4-ac3b-a7abcc4e9a10',
  level: 'debug',
  timestamp: '2026-08-02T06:45:28.815Z'
}
{
  message: '[Cache Hit] Lấy thông tin user ID: b88403bb-85f1-4be4-ac3b-a7abcc4e9a10 từ Redis',
  level: 'debug',
  timestamp: '2026-08-02T06:45:28.816Z'
}
{
  message: '[AuthService] Tokens refreshed successfully for user: locdz8c@gmail.com',
  level: 'info',
  timestamp: '2026-08-02T06:45:28.837Z'
}
{
  userId: 'b88403bb-85f1-4be4-ac3b-a7abcc4e9a10',
  level: 'info',
  message: '[AuthController] Get Me',
  timestamp: '2026-08-02T06:45:28.883Z'
}
{
  message: 'Fetching user details for ID: b88403bb-85f1-4be4-ac3b-a7abcc4e9a10',
  level: 'debug',
  timestamp: '2026-08-02T06:45:28.884Z'
}
{
  message: '[Cache Hit] Lấy thông tin user ID: b88403bb-85f1-4be4-ac3b-a7abcc4e9a10 từ Redis',
  level: 'debug',
  timestamp: '2026-08-02T06:45:28.886Z'
}
{
  userId: 'b88403bb-85f1-4be4-ac3b-a7abcc4e9a10',
  level: 'info',
  message: '[AuthController] Get Me',
  timestamp: '2026-08-02T06:45:28.893Z'
}
{
  message: 'Fetching user details for ID: b88403bb-85f1-4be4-ac3b-a7abcc4e9a10',
  level: 'debug',
  timestamp: '2026-08-02T06:45:28.894Z'
}
{
  message: '[Cache Hit] Lấy thông tin user ID: b88403bb-85f1-4be4-ac3b-a7abcc4e9a10 từ Redis',
  level: 'debug',
  timestamp: '2026-08-02T06:45:28.899Z'
}
{
  message: '[Cache Hit] Lấy danh sách điểm đến hoạt động từ Redis',
  level: 'debug',
  timestamp: '2026-08-02T06:45:28.904Z'
}
{
  page: '1',
  limit: '10',
  status: 'ACTIVE',
  level: 'info',
  message: '[HotelController] Get all hotels with queries',
  timestamp: '2026-08-02T06:45:28.905Z'
}
{
  message: '[Cache Hit] Lấy danh sách điểm đến hoạt động từ Redis',
  level: 'debug',
  timestamp: '2026-08-02T06:45:28.907Z'
}
{
  message: '[Cache Hit] Lấy danh sách điểm đến hoạt động từ Redis',
  level: 'debug',
  timestamp: '2026-08-02T06:45:28.919Z'
}
{
  message: '[Cache Hit] Lấy danh sách điểm đến hoạt động từ Redis',
  level: 'debug',
  timestamp: '2026-08-02T06:45:28.930Z'
}
{
  page: '1',
  limit: '10',
  status: 'ACTIVE',
  level: 'info',
  message: '[HotelController] Get all hotels with queries',
  timestamp: '2026-08-02T06:45:28.971Z'
}
{
  message: '[Cache Hit] Lấy danh sách điểm đến hoạt động từ Redis',
  level: 'debug',
  timestamp: '2026-08-02T06:45:42.404Z'
}
{
  query: [Object: null prototype] {
    location: 'Hà Nội',
    checkInDate: '2026-08-03T17:00:00.000Z',
    checkOutDate: '2026-08-05T17:00:00.000Z',
    adults: '2',
    children: '0',
    rooms: '1'
  },
  level: 'info',
  message: '[SearchController] Search hotels',
  timestamp: '2026-08-02T06:45:42.409Z'
}
{
  message: '[Cache Hit] Lấy danh sách điểm đến hoạt động từ Redis',
  level: 'debug',
  timestamp: '2026-08-02T06:45:42.423Z'
}
{
  query: [Object: null prototype] {
    location: 'Hà Nội',
    checkInDate: '2026-08-03T17:00:00.000Z',
    checkOutDate: '2026-08-05T17:00:00.000Z',
    adults: '2',
    children: '0',
    rooms: '1'
  },
  level: 'info',
  message: '[SearchController] Search hotels',
  timestamp: '2026-08-02T06:45:42.457Z'
}
{
  hotelId: '09928f48-b9bb-4700-85d2-51b072eef2c9',
  level: 'info',
  message: '[HotelController] Get hotel by id',
  timestamp: '2026-08-02T06:45:49.333Z'
}
{
  message: '[Cache Hit] Lấy thông tin hotel ID: 09928f48-b9bb-4700-85d2-51b072eef2c9 từ Redis',
  level: 'debug',
  timestamp: '2026-08-02T06:45:49.334Z'
}
{
  hotelId: '09928f48-b9bb-4700-85d2-51b072eef2c9',
  level: 'info',
  message: '[HotelController] Get hotel by id',
  timestamp: '2026-08-02T06:45:49.337Z'
}
{
  message: '[Cache Hit] Lấy thông tin hotel ID: 09928f48-b9bb-4700-85d2-51b072eef2c9 từ Redis',
  level: 'debug',
  timestamp: '2026-08-02T06:45:49.338Z'
}
{
  message: 'JWT Verification Error: jwt expired',
  level: 'error',
  timestamp: '2026-08-02T06:47:31.897Z'
}
{
  message: 'GLOBAL ERROR HANDLER CAUGHT: Error: Phiên đăng nhập đã hết hạn. Vui lòng lấy Token mới.\n' +
    '    at authMiddleware (/app/src/middlewares/authMiddleware.ts:80:9)\n' +
    '    at Layer.handleRequest (/app/node_modules/router/lib/layer.js:152:17)\n' +
    '    at trimPrefix (/app/node_modules/router/index.js:342:13)\n' +
    '    at /app/node_modules/router/index.js:297:9\n' +
    '    at processParams (/app/node_modules/router/index.js:582:12)\n' +
    '    at next (/app/node_modules/router/index.js:291:5)\n' +
    '    at Function.handle (/app/node_modules/router/index.js:186:3)\n' +
    '    at router (/app/node_modules/router/index.js:60:12)\n' +
    '    at Layer.handleRequest (/app/node_modules/router/lib/layer.js:152:17)\n' +
    '    at trimPrefix (/app/node_modules/router/index.js:342:13)',
  level: 'error',
  timestamp: '2026-08-02T06:47:31.900Z'
}
{
  message: '[AuthController] Refresh Tokens',
  level: 'info',
  timestamp: '2026-08-02T06:47:31.912Z'
}
{
  message: 'Fetching user details for ID: 0cbc0c7f-fda6-4929-b479-ad9d83ace8ce',
  level: 'debug',
  timestamp: '2026-08-02T06:47:31.930Z'
}
{
  message: '[Cache Hit] Lấy thông tin user ID: 0cbc0c7f-fda6-4929-b479-ad9d83ace8ce từ Redis',
  level: 'debug',
  timestamp: '2026-08-02T06:47:31.931Z'
}
{
  message: '[AuthService] Tokens refreshed successfully for user: agent1@booking.com',
  level: 'info',
  timestamp: '2026-08-02T06:47:31.943Z'
}
{
  message: '[Cache Hit] Lấy danh sách điểm đến hoạt động từ Redis',
  level: 'debug',
  timestamp: '2026-08-02T06:49:14.810Z'
}
{
  page: '1',
  limit: '10',
  status: 'ACTIVE',
  level: 'info',
  message: '[HotelController] Get all hotels with queries',
  timestamp: '2026-08-02T06:49:14.815Z'
}
{
  message: '[Cache Hit] Lấy danh sách điểm đến hoạt động từ Redis',
  level: 'debug',
  timestamp: '2026-08-02T06:49:14.820Z'
}
{
  page: '1',
  limit: '10',
  status: 'ACTIVE',
  level: 'info',
  message: '[HotelController] Get all hotels with queries',
  timestamp: '2026-08-02T06:49:14.826Z'
}
{
  message: '[Cache Hit] Lấy danh sách điểm đến hoạt động từ Redis',
  level: 'debug',
  timestamp: '2026-08-02T06:49:14.829Z'
}
{
  message: '[Cache Hit] Lấy danh sách điểm đến hoạt động từ Redis',
  level: 'debug',
  timestamp: '2026-08-02T06:49:14.833Z'
}
{
  message: '[Cache Hit] Lấy danh sách điểm đến hoạt động từ Redis',
  level: 'debug',
  timestamp: '2026-08-02T06:49:24.018Z'
}
{
  message: 'GLOBAL ERROR HANDLER CAUGHT: Error: Dữ liệu gửi lên không hợp lệ.\n' +
    '    at <anonymous> (/app/src/middlewares/validationMiddleware.ts:41:11)\n' +
    '    at process.processTicksAndRejections (node:internal/process/task_queues:95:5)',
  level: 'error',
  timestamp: '2026-08-02T06:49:24.024Z'
}
{
  message: '[Cache Hit] Lấy danh sách điểm đến hoạt động từ Redis',
  level: 'debug',
  timestamp: '2026-08-02T06:49:24.026Z'
}
{
  message: 'GLOBAL ERROR HANDLER CAUGHT: Error: Dữ liệu gửi lên không hợp lệ.\n' +
    '    at <anonymous> (/app/src/middlewares/validationMiddleware.ts:41:11)\n' +
    '    at process.processTicksAndRejections (node:internal/process/task_queues:95:5)',
  level: 'error',
  timestamp: '2026-08-02T06:49:24.030Z'
}
{
  message: '[SchedulerService] Đang kiểm tra các booking hết hạn thanh toán...',
  level: 'info',
  timestamp: '2026-08-02T06:50:00.001Z'
}
{
  message: 'JWT Verification Error: jwt expired',
  level: 'error',
  timestamp: '2026-08-02T06:50:31.889Z'
}
{
  message: 'GLOBAL ERROR HANDLER CAUGHT: Error: Phiên đăng nhập đã hết hạn. Vui lòng lấy Token mới.\n' +
    '    at authMiddleware (/app/src/middlewares/authMiddleware.ts:80:9)\n' +
    '    at Layer.handleRequest (/app/node_modules/router/lib/layer.js:152:17)\n' +
    '    at trimPrefix (/app/node_modules/router/index.js:342:13)\n' +
    '    at /app/node_modules/router/index.js:297:9\n' +
    '    at processParams (/app/node_modules/router/index.js:582:12)\n' +
    '    at next (/app/node_modules/router/index.js:291:5)\n' +
    '    at Function.handle (/app/node_modules/router/index.js:186:3)\n' +
    '    at router (/app/node_modules/router/index.js:60:12)\n' +
    '    at Layer.handleRequest (/app/node_modules/router/lib/layer.js:152:17)\n' +
    '    at trimPrefix (/app/node_modules/router/index.js:342:13)',
  level: 'error',
  timestamp: '2026-08-02T06:50:31.890Z'
}
{
  message: '[AuthController] Refresh Tokens',
  level: 'info',
  timestamp: '2026-08-02T06:50:31.902Z'
}
{
  message: 'Fetching user details for ID: 0cbc0c7f-fda6-4929-b479-ad9d83ace8ce',
  level: 'debug',
  timestamp: '2026-08-02T06:50:31.917Z'
}
{
  message: '[Cache Hit] Lấy thông tin user ID: 0cbc0c7f-fda6-4929-b479-ad9d83ace8ce từ Redis',
  level: 'debug',
  timestamp: '2026-08-02T06:50:31.918Z'
}
{
  message: '[AuthService] Tokens refreshed successfully for user: agent1@booking.com',
  level: 'info',
  timestamp: '2026-08-02T06:50:31.968Z'
}
{
  message: 'JWT Verification Error: jwt expired',
  level: 'error',
  timestamp: '2026-08-02T06:53:31.925Z'
}
{
  message: 'GLOBAL ERROR HANDLER CAUGHT: Error: Phiên đăng nhập đã hết hạn. Vui lòng lấy Token mới.\n' +
    '    at authMiddleware (/app/src/middlewares/authMiddleware.ts:80:9)\n' +
    '    at Layer.handleRequest (/app/node_modules/router/lib/layer.js:152:17)\n' +
    '    at trimPrefix (/app/node_modules/router/index.js:342:13)\n' +
    '    at /app/node_modules/router/index.js:297:9\n' +
    '    at processParams (/app/node_modules/router/index.js:582:12)\n' +
    '    at next (/app/node_modules/router/index.js:291:5)\n' +
    '    at Function.handle (/app/node_modules/router/index.js:186:3)\n' +
    '    at router (/app/node_modules/router/index.js:60:12)\n' +
    '    at Layer.handleRequest (/app/node_modules/router/lib/layer.js:152:17)\n' +
    '    at trimPrefix (/app/node_modules/router/index.js:342:13)',
  level: 'error',
  timestamp: '2026-08-02T06:53:31.928Z'
}
{
  message: '[AuthController] Refresh Tokens',
  level: 'info',
  timestamp: '2026-08-02T06:53:31.944Z'
}
{
  message: 'Fetching user details for ID: 0cbc0c7f-fda6-4929-b479-ad9d83ace8ce',
  level: 'debug',
  timestamp: '2026-08-02T06:53:31.963Z'
}
{
  message: '[Cache Hit] Lấy thông tin user ID: 0cbc0c7f-fda6-4929-b479-ad9d83ace8ce từ Redis',
  level: 'debug',
  timestamp: '2026-08-02T06:53:31.964Z'
}
{
  message: '[AuthService] Tokens refreshed successfully for user: agent1@booking.com',
  level: 'info',
  timestamp: '2026-08-02T06:53:32.034Z'
}
{
  message: '[SchedulerService] Đang kiểm tra các booking hết hạn thanh toán...',
  level: 'info',
  timestamp: '2026-08-02T06:55:00.002Z'
}
{
  message: '[Cache Hit] Lấy danh sách điểm đến hoạt động từ Redis',
  level: 'debug',
  timestamp: '2026-08-02T06:55:22.297Z'
}
{
  message: 'JWT Verification Error: jwt expired',
  level: 'error',
  timestamp: '2026-08-02T06:56:31.887Z'
}
{
  message: 'GLOBAL ERROR HANDLER CAUGHT: Error: Phiên đăng nhập đã hết hạn. Vui lòng lấy Token mới.\n' +
    '    at authMiddleware (/app/src/middlewares/authMiddleware.ts:80:9)\n' +
    '    at Layer.handleRequest (/app/node_modules/router/lib/layer.js:152:17)\n' +
    '    at trimPrefix (/app/node_modules/router/index.js:342:13)\n' +
    '    at /app/node_modules/router/index.js:297:9\n' +
    '    at processParams (/app/node_modules/router/index.js:582:12)\n' +
    '    at next (/app/node_modules/router/index.js:291:5)\n' +
    '    at Function.handle (/app/node_modules/router/index.js:186:3)\n' +
    '    at router (/app/node_modules/router/index.js:60:12)\n' +
    '    at Layer.handleRequest (/app/node_modules/router/lib/layer.js:152:17)\n' +
    '    at trimPrefix (/app/node_modules/router/index.js:342:13)',
  level: 'error',
  timestamp: '2026-08-02T06:56:31.889Z'
}
{
  message: '[AuthController] Refresh Tokens',
  level: 'info',
  timestamp: '2026-08-02T06:56:31.896Z'
}
{
  message: 'Fetching user details for ID: 0cbc0c7f-fda6-4929-b479-ad9d83ace8ce',
  level: 'debug',
  timestamp: '2026-08-02T06:56:31.909Z'
}
{
  message: '[Cache Hit] Lấy thông tin user ID: 0cbc0c7f-fda6-4929-b479-ad9d83ace8ce từ Redis',
  level: 'debug',
  timestamp: '2026-08-02T06:56:31.910Z'
}
{
  message: '[AuthService] Tokens refreshed successfully for user: agent1@booking.com',
  level: 'info',
  timestamp: '2026-08-02T06:56:31.924Z'
}
{
  message: 'JWT Verification Error: jwt expired',
  level: 'error',
  timestamp: '2026-08-02T06:59:31.869Z'
}
{
  message: 'GLOBAL ERROR HANDLER CAUGHT: Error: Phiên đăng nhập đã hết hạn. Vui lòng lấy Token mới.\n' +
    '    at authMiddleware (/app/src/middlewares/authMiddleware.ts:80:9)\n' +
    '    at Layer.handleRequest (/app/node_modules/router/lib/layer.js:152:17)\n' +
    '    at trimPrefix (/app/node_modules/router/index.js:342:13)\n' +
    '    at /app/node_modules/router/index.js:297:9\n' +
    '    at processParams (/app/node_modules/router/index.js:582:12)\n' +
    '    at next (/app/node_modules/router/index.js:291:5)\n' +
    '    at Function.handle (/app/node_modules/router/index.js:186:3)\n' +
    '    at router (/app/node_modules/router/index.js:60:12)\n' +
    '    at Layer.handleRequest (/app/node_modules/router/lib/layer.js:152:17)\n' +
    '    at trimPrefix (/app/node_modules/router/index.js:342:13)',
  level: 'error',
  timestamp: '2026-08-02T06:59:31.870Z'
}
{
  message: '[AuthController] Refresh Tokens',
  level: 'info',
  timestamp: '2026-08-02T06:59:31.877Z'
}
{
  message: 'Fetching user details for ID: 0cbc0c7f-fda6-4929-b479-ad9d83ace8ce',
  level: 'debug',
  timestamp: '2026-08-02T06:59:31.889Z'
}
{
  message: '[Cache Hit] Lấy thông tin user ID: 0cbc0c7f-fda6-4929-b479-ad9d83ace8ce từ Redis',
  level: 'debug',
  timestamp: '2026-08-02T06:59:31.890Z'
}
{
  message: '[AuthService] Tokens refreshed successfully for user: agent1@booking.com',
  level: 'info',
  timestamp: '2026-08-02T06:59:31.933Z'
}
{
  message: 'JWT Verification Error: jwt expired',
  level: 'error',
  timestamp: '2026-08-02T06:59:41.963Z'
}
{
  message: 'GLOBAL ERROR HANDLER CAUGHT: Error: Phiên đăng nhập đã hết hạn. Vui lòng lấy Token mới.\n' +
    '    at authMiddleware (/app/src/middlewares/authMiddleware.ts:80:9)\n' +
    '    at Layer.handleRequest (/app/node_modules/router/lib/layer.js:152:17)\n' +
    '    at next (/app/node_modules/router/lib/route.js:157:13)\n' +
    '    at Route.dispatch (/app/node_modules/router/lib/route.js:117:3)\n' +
    '    at handle (/app/node_modules/router/index.js:435:11)\n' +
    '    at Layer.handleRequest (/app/node_modules/router/lib/layer.js:152:17)\n' +
    '    at /app/node_modules/router/index.js:295:15\n' +
    '    at processParams (/app/node_modules/router/index.js:582:12)\n' +
    '    at next (/app/node_modules/router/index.js:291:5)\n' +
    '    at Function.handle (/app/node_modules/router/index.js:186:3)',
  level: 'error',
  timestamp: '2026-08-02T06:59:41.964Z'
}
{
  message: 'JWT Verification Error: jwt expired',
  level: 'error',
  timestamp: '2026-08-02T06:59:41.968Z'
}
{
  message: 'GLOBAL ERROR HANDLER CAUGHT: Error: Phiên đăng nhập đã hết hạn. Vui lòng lấy Token mới.\n' +
    '    at authMiddleware (/app/src/middlewares/authMiddleware.ts:80:9)\n' +
    '    at Layer.handleRequest (/app/node_modules/router/lib/layer.js:152:17)\n' +
    '    at next (/app/node_modules/router/lib/route.js:157:13)\n' +
    '    at Route.dispatch (/app/node_modules/router/lib/route.js:117:3)\n' +
    '    at handle (/app/node_modules/router/index.js:435:11)\n' +
    '    at Layer.handleRequest (/app/node_modules/router/lib/layer.js:152:17)\n' +
    '    at /app/node_modules/router/index.js:295:15\n' +
    '    at processParams (/app/node_modules/router/index.js:582:12)\n' +
    '    at next (/app/node_modules/router/index.js:291:5)\n' +
    '    at Function.handle (/app/node_modules/router/index.js:186:3)',
  level: 'error',
  timestamp: '2026-08-02T06:59:41.969Z'
}
{
  message: '[AuthController] Refresh Tokens',
  level: 'info',
  timestamp: '2026-08-02T06:59:41.990Z'
}
{
  message: 'Fetching user details for ID: b88403bb-85f1-4be4-ac3b-a7abcc4e9a10',
  level: 'debug',
  timestamp: '2026-08-02T06:59:42.015Z'
}
{
  message: '[Cache Hit] Lấy thông tin user ID: b88403bb-85f1-4be4-ac3b-a7abcc4e9a10 từ Redis',
  level: 'debug',
  timestamp: '2026-08-02T06:59:42.016Z'
}
{
  message: '[AuthService] Tokens refreshed successfully for user: locdz8c@gmail.com',
  level: 'info',
  timestamp: '2026-08-02T06:59:42.030Z'
}
{
  userId: 'b88403bb-85f1-4be4-ac3b-a7abcc4e9a10',
  level: 'info',
  message: '[AuthController] Get Me',
  timestamp: '2026-08-02T06:59:42.090Z'
}
{
  message: 'Fetching user details for ID: b88403bb-85f1-4be4-ac3b-a7abcc4e9a10',
  level: 'debug',
  timestamp: '2026-08-02T06:59:42.090Z'
}
{
  message: '[Cache Hit] Lấy thông tin user ID: b88403bb-85f1-4be4-ac3b-a7abcc4e9a10 từ Redis',
  level: 'debug',
  timestamp: '2026-08-02T06:59:42.093Z'
}
{
  userId: 'b88403bb-85f1-4be4-ac3b-a7abcc4e9a10',
  level: 'info',
  message: '[AuthController] Get Me',
  timestamp: '2026-08-02T06:59:42.104Z'
}
{
  message: 'Fetching user details for ID: b88403bb-85f1-4be4-ac3b-a7abcc4e9a10',
  level: 'debug',
  timestamp: '2026-08-02T06:59:42.105Z'
}
{
  message: '[Cache Hit] Lấy thông tin user ID: b88403bb-85f1-4be4-ac3b-a7abcc4e9a10 từ Redis',
  level: 'debug',
  timestamp: '2026-08-02T06:59:42.108Z'
}
{
  message: 'GLOBAL ERROR HANDLER CAUGHT: Error: Dữ liệu gửi lên không hợp lệ.\n' +
    '    at <anonymous> (/app/src/middlewares/validationMiddleware.ts:41:11)\n' +
    '    at process.processTicksAndRejections (node:internal/process/task_queues:95:5)',
  level: 'error',
  timestamp: '2026-08-02T06:59:42.113Z'
}
{
  message: '[Cache Hit] Lấy danh sách điểm đến hoạt động từ Redis',
  level: 'debug',
  timestamp: '2026-08-02T06:59:42.114Z'
}
{
  message: 'GLOBAL ERROR HANDLER CAUGHT: Error: Dữ liệu gửi lên không hợp lệ.\n' +
    '    at <anonymous> (/app/src/middlewares/validationMiddleware.ts:41:11)\n' +
    '    at process.processTicksAndRejections (node:internal/process/task_queues:95:5)',
  level: 'error',
  timestamp: '2026-08-02T06:59:42.118Z'
}
{
  message: '[Cache Hit] Lấy danh sách điểm đến hoạt động từ Redis',
  level: 'debug',
  timestamp: '2026-08-02T06:59:42.121Z'
}
{
  message: '[Cache Hit] Lấy danh sách điểm đến hoạt động từ Redis',
  level: 'debug',
  timestamp: '2026-08-02T06:59:43.136Z'
}
{
  page: '1',
  limit: '10',
  status: 'ACTIVE',
  level: 'info',
  message: '[HotelController] Get all hotels with queries',
  timestamp: '2026-08-02T06:59:43.199Z'
}
{
  message: '[Cache Hit] Lấy danh sách điểm đến hoạt động từ Redis',
  level: 'debug',
  timestamp: '2026-08-02T06:59:43.203Z'
}
{
  page: '1',
  limit: '10',
  status: 'ACTIVE',
  level: 'info',
  message: '[HotelController] Get all hotels with queries',
  timestamp: '2026-08-02T06:59:43.206Z'
}
{
  message: '[Cache Hit] Lấy danh sách điểm đến hoạt động từ Redis',
  level: 'debug',
  timestamp: '2026-08-02T06:59:43.210Z'
}
{
  message: '[Cache Hit] Lấy danh sách điểm đến hoạt động từ Redis',
  level: 'debug',
  timestamp: '2026-08-02T06:59:43.215Z'
}
{
  message: 'GLOBAL ERROR HANDLER CAUGHT: Error: Dữ liệu gửi lên không hợp lệ.\n' +
    '    at <anonymous> (/app/src/middlewares/validationMiddleware.ts:41:11)\n' +
    '    at process.processTicksAndRejections (node:internal/process/task_queues:95:5)',
  level: 'error',
  timestamp: '2026-08-02T06:59:55.682Z'
}
{
  message: '[Cache Hit] Lấy danh sách điểm đến hoạt động từ Redis',
  level: 'debug',
  timestamp: '2026-08-02T06:59:55.684Z'
}
{
  message: '[Cache Hit] Lấy danh sách điểm đến hoạt động từ Redis',
  level: 'debug',
  timestamp: '2026-08-02T06:59:55.689Z'
}
{
  message: 'GLOBAL ERROR HANDLER CAUGHT: Error: Dữ liệu gửi lên không hợp lệ.\n' +
    '    at <anonymous> (/app/src/middlewares/validationMiddleware.ts:41:11)\n' +
    '    at process.processTicksAndRejections (node:internal/process/task_queues:95:5)',
  level: 'error',
  timestamp: '2026-08-02T06:59:55.696Z'
}
{
  message: '[SchedulerService] Đang kiểm tra các booking hết hạn thanh toán...',
  level: 'info',
  timestamp: '2026-08-02T07:00:00.002Z'
}
{
  message: 'JWT Verification Error: jwt expired',
  level: 'error',
  timestamp: '2026-08-02T07:02:31.880Z'
}
{
  message: 'GLOBAL ERROR HANDLER CAUGHT: Error: Phiên đăng nhập đã hết hạn. Vui lòng lấy Token mới.\n' +
    '    at authMiddleware (/app/src/middlewares/authMiddleware.ts:80:9)\n' +
    '    at Layer.handleRequest (/app/node_modules/router/lib/layer.js:152:17)\n' +
    '    at trimPrefix (/app/node_modules/router/index.js:342:13)\n' +
    '    at /app/node_modules/router/index.js:297:9\n' +
    '    at processParams (/app/node_modules/router/index.js:582:12)\n' +
    '    at next (/app/node_modules/router/index.js:291:5)\n' +
    '    at Function.handle (/app/node_modules/router/index.js:186:3)\n' +
    '    at router (/app/node_modules/router/index.js:60:12)\n' +
    '    at Layer.handleRequest (/app/node_modules/router/lib/layer.js:152:17)\n' +
    '    at trimPrefix (/app/node_modules/router/index.js:342:13)',
  level: 'error',
  timestamp: '2026-08-02T07:02:31.883Z'
}
{
  message: '[AuthController] Refresh Tokens',
  level: 'info',
  timestamp: '2026-08-02T07:02:31.893Z'
}
{
  message: 'Fetching user details for ID: 0cbc0c7f-fda6-4929-b479-ad9d83ace8ce',
  level: 'debug',
  timestamp: '2026-08-02T07:02:31.906Z'
}
{
  message: '[Cache Hit] Lấy thông tin user ID: 0cbc0c7f-fda6-4929-b479-ad9d83ace8ce từ Redis',
  level: 'debug',
  timestamp: '2026-08-02T07:02:31.908Z'
}
{
  message: '[AuthService] Tokens refreshed successfully for user: agent1@booking.com',
  level: 'info',
  timestamp: '2026-08-02T07:02:31.956Z'
}
{
  message: '[SchedulerService] Đang kiểm tra các booking hết hạn thanh toán...',
  level: 'info',
  timestamp: '2026-08-02T07:05:00.002Z'
}
{
  message: 'JWT Verification Error: jwt expired',
  level: 'error',
  timestamp: '2026-08-02T07:05:31.871Z'
}
{
  message: 'GLOBAL ERROR HANDLER CAUGHT: Error: Phiên đăng nhập đã hết hạn. Vui lòng lấy Token mới.\n' +
    '    at authMiddleware (/app/src/middlewares/authMiddleware.ts:80:9)\n' +
    '    at Layer.handleRequest (/app/node_modules/router/lib/layer.js:152:17)\n' +
    '    at trimPrefix (/app/node_modules/router/index.js:342:13)\n' +
    '    at /app/node_modules/router/index.js:297:9\n' +
    '    at processParams (/app/node_modules/router/index.js:582:12)\n' +
    '    at next (/app/node_modules/router/index.js:291:5)\n' +
    '    at Function.handle (/app/node_modules/router/index.js:186:3)\n' +
    '    at router (/app/node_modules/router/index.js:60:12)\n' +
    '    at Layer.handleRequest (/app/node_modules/router/lib/layer.js:152:17)\n' +
    '    at trimPrefix (/app/node_modules/router/index.js:342:13)',
  level: 'error',
  timestamp: '2026-08-02T07:05:31.872Z'
}
{
  message: '[AuthController] Refresh Tokens',
  level: 'info',
  timestamp: '2026-08-02T07:05:31.880Z'
}
{
  message: 'Fetching user details for ID: 0cbc0c7f-fda6-4929-b479-ad9d83ace8ce',
  level: 'debug',
  timestamp: '2026-08-02T07:05:31.895Z'
}
{
  message: '[Cache Hit] Lấy thông tin user ID: 0cbc0c7f-fda6-4929-b479-ad9d83ace8ce từ Redis',
  level: 'debug',
  timestamp: '2026-08-02T07:05:31.895Z'
}
{
  message: '[AuthService] Tokens refreshed successfully for user: agent1@booking.com',
  level: 'info',
  timestamp: '2026-08-02T07:05:31.906Z'
}
{
  message: 'JWT Verification Error: jwt expired',
  level: 'error',
  timestamp: '2026-08-02T07:08:31.878Z'
}
{
  message: 'GLOBAL ERROR HANDLER CAUGHT: Error: Phiên đăng nhập đã hết hạn. Vui lòng lấy Token mới.\n' +
    '    at authMiddleware (/app/src/middlewares/authMiddleware.ts:80:9)\n' +
    '    at Layer.handleRequest (/app/node_modules/router/lib/layer.js:152:17)\n' +
    '    at trimPrefix (/app/node_modules/router/index.js:342:13)\n' +
    '    at /app/node_modules/router/index.js:297:9\n' +
    '    at processParams (/app/node_modules/router/index.js:582:12)\n' +
    '    at next (/app/node_modules/router/index.js:291:5)\n' +
    '    at Function.handle (/app/node_modules/router/index.js:186:3)\n' +
    '    at router (/app/node_modules/router/index.js:60:12)\n' +
    '    at Layer.handleRequest (/app/node_modules/router/lib/layer.js:152:17)\n' +
    '    at trimPrefix (/app/node_modules/router/index.js:342:13)',
  level: 'error',
  timestamp: '2026-08-02T07:08:31.879Z'
}
{
  message: '[AuthController] Refresh Tokens',
  level: 'info',
  timestamp: '2026-08-02T07:08:31.890Z'
}
{
  message: 'Fetching user details for ID: 0cbc0c7f-fda6-4929-b479-ad9d83ace8ce',
  level: 'debug',
  timestamp: '2026-08-02T07:08:31.904Z'
}
{
  message: '[Cache Hit] Lấy thông tin user ID: 0cbc0c7f-fda6-4929-b479-ad9d83ace8ce từ Redis',
  level: 'debug',
  timestamp: '2026-08-02T07:08:31.904Z'
}
{
  message: '[AuthService] Tokens refreshed successfully for user: agent1@booking.com',
  level: 'info',
  timestamp: '2026-08-02T07:08:31.914Z'
}
{
  message: '[SchedulerService] Đang kiểm tra các booking hết hạn thanh toán...',
  level: 'info',
  timestamp: '2026-08-02T07:10:00.001Z'
}
{
  message: 'JWT Verification Error: jwt expired',
  level: 'error',
  timestamp: '2026-08-02T07:11:31.909Z'
}
{
  message: 'GLOBAL ERROR HANDLER CAUGHT: Error: Phiên đăng nhập đã hết hạn. Vui lòng lấy Token mới.\n' +
    '    at authMiddleware (/app/src/middlewares/authMiddleware.ts:80:9)\n' +
    '    at Layer.handleRequest (/app/node_modules/router/lib/layer.js:152:17)\n' +
    '    at trimPrefix (/app/node_modules/router/index.js:342:13)\n' +
    '    at /app/node_modules/router/index.js:297:9\n' +
    '    at processParams (/app/node_modules/router/index.js:582:12)\n' +
    '    at next (/app/node_modules/router/index.js:291:5)\n' +
    '    at Function.handle (/app/node_modules/router/index.js:186:3)\n' +
    '    at router (/app/node_modules/router/index.js:60:12)\n' +
    '    at Layer.handleRequest (/app/node_modules/router/lib/layer.js:152:17)\n' +
    '    at trimPrefix (/app/node_modules/router/index.js:342:13)',
  level: 'error',
  timestamp: '2026-08-02T07:11:31.912Z'
}
{
  message: '[AuthController] Refresh Tokens',
  level: 'info',
  timestamp: '2026-08-02T07:11:31.923Z'
}
{
  message: 'Fetching user details for ID: 0cbc0c7f-fda6-4929-b479-ad9d83ace8ce',
  level: 'debug',
  timestamp: '2026-08-02T07:11:31.944Z'
}
{
  message: '[Cache Hit] Lấy thông tin user ID: 0cbc0c7f-fda6-4929-b479-ad9d83ace8ce từ Redis',
  level: 'debug',
  timestamp: '2026-08-02T07:11:31.946Z'
}
{
  message: '[AuthService] Tokens refreshed successfully for user: agent1@booking.com',
  level: 'info',
  timestamp: '2026-08-02T07:11:31.958Z'
}
{
  message: 'JWT Verification Error: jwt expired',
  level: 'error',
  timestamp: '2026-08-02T07:14:31.884Z'
}
{
  message: 'GLOBAL ERROR HANDLER CAUGHT: Error: Phiên đăng nhập đã hết hạn. Vui lòng lấy Token mới.\n' +
    '    at authMiddleware (/app/src/middlewares/authMiddleware.ts:80:9)\n' +
    '    at Layer.handleRequest (/app/node_modules/router/lib/layer.js:152:17)\n' +
    '    at trimPrefix (/app/node_modules/router/index.js:342:13)\n' +
    '    at /app/node_modules/router/index.js:297:9\n' +
    '    at processParams (/app/node_modules/router/index.js:582:12)\n' +
    '    at next (/app/node_modules/router/index.js:291:5)\n' +
    '    at Function.handle (/app/node_modules/router/index.js:186:3)\n' +
    '    at router (/app/node_modules/router/index.js:60:12)\n' +
    '    at Layer.handleRequest (/app/node_modules/router/lib/layer.js:152:17)\n' +
    '    at trimPrefix (/app/node_modules/router/index.js:342:13)',
  level: 'error',
  timestamp: '2026-08-02T07:14:31.885Z'
}
{
  message: '[AuthController] Refresh Tokens',
  level: 'info',
  timestamp: '2026-08-02T07:14:31.900Z'
}
{
  message: 'Fetching user details for ID: 0cbc0c7f-fda6-4929-b479-ad9d83ace8ce',
  level: 'debug',
  timestamp: '2026-08-02T07:14:31.917Z'
}
{
  message: '[Cache Hit] Lấy thông tin user ID: 0cbc0c7f-fda6-4929-b479-ad9d83ace8ce từ Redis',
  level: 'debug',
  timestamp: '2026-08-02T07:14:31.918Z'
}
{
  message: '[AuthService] Tokens refreshed successfully for user: agent1@booking.com',
  level: 'info',
  timestamp: '2026-08-02T07:14:31.936Z'
}
{
  message: '[SchedulerService] Đang kiểm tra các booking hết hạn thanh toán...',
  level: 'info',
  timestamp: '2026-08-02T07:15:00.002Z'
}
{
  email: 'locdz8c@gmail.com',
  level: 'info',
  message: '[AuthController] Login with Password',
  timestamp: '2026-08-02T07:15:18.486Z'
}
{
  message: 'User ID b88403bb-85f1-4be4-ac3b-a7abcc4e9a10 đăng nhập thành công. Đã làm sạch lịch sử đăng nhập sai.',
  level: 'info',
  timestamp: '2026-08-02T07:15:18.552Z'
}
{
  message: '[AuthService] Password login successful for user: locdz8c@gmail.com',
  level: 'info',
  timestamp: '2026-08-02T07:15:18.556Z'
}
{
  userId: 'b88403bb-85f1-4be4-ac3b-a7abcc4e9a10',
  level: 'info',
  message: '[AuthController] Get Me',
  timestamp: '2026-08-02T07:15:18.579Z'
}
{
  message: 'Fetching user details for ID: b88403bb-85f1-4be4-ac3b-a7abcc4e9a10',
  level: 'debug',
  timestamp: '2026-08-02T07:15:18.579Z'
}
{
  message: '[Cache Hit] Lấy thông tin user ID: b88403bb-85f1-4be4-ac3b-a7abcc4e9a10 từ Redis',
  level: 'debug',
  timestamp: '2026-08-02T07:15:18.580Z'
}
{
  message: '[Cache Hit] Lấy danh sách điểm đến hoạt động từ Redis',
  level: 'debug',
  timestamp: '2026-08-02T07:15:18.680Z'
}
{
  page: '1',
  limit: '10',
  status: 'ACTIVE',
  level: 'info',
  message: '[HotelController] Get all hotels with queries',
  timestamp: '2026-08-02T07:15:18.684Z'
}
{
  message: '[Cache Hit] Lấy danh sách điểm đến hoạt động từ Redis',
  level: 'debug',
  timestamp: '2026-08-02T07:15:18.690Z'
}
{
  page: '1',
  limit: '10',
  status: 'ACTIVE',
  level: 'info',
  message: '[HotelController] Get all hotels with queries',
  timestamp: '2026-08-02T07:15:18.693Z'
}
{
  message: '[Cache Hit] Lấy danh sách điểm đến hoạt động từ Redis',
  level: 'debug',
  timestamp: '2026-08-02T07:15:18.695Z'
}
{
  message: '[Cache Hit] Lấy danh sách điểm đến hoạt động từ Redis',
  level: 'debug',
  timestamp: '2026-08-02T07:15:18.701Z'
}
{
  email: 'agent1@booking.com',
  level: 'info',
  message: '[AuthController] Login with Password',
  timestamp: '2026-08-02T07:15:29.877Z'
}
{
  message: 'User ID 0cbc0c7f-fda6-4929-b479-ad9d83ace8ce đăng nhập thành công. Đã làm sạch lịch sử đăng nhập sai.',
  level: 'info',
  timestamp: '2026-08-02T07:15:29.928Z'
}
{
  message: '[AuthService] Password login successful for user: agent1@booking.com',
  level: 'info',
  timestamp: '2026-08-02T07:15:29.932Z'
}
{
  userId: '0cbc0c7f-fda6-4929-b479-ad9d83ace8ce',
  level: 'info',
  message: '[AuthController] Get Me',
  timestamp: '2026-08-02T07:15:29.952Z'
}
{
  message: 'Fetching user details for ID: 0cbc0c7f-fda6-4929-b479-ad9d83ace8ce',
  level: 'debug',
  timestamp: '2026-08-02T07:15:29.952Z'
}
{
  message: '[Cache Hit] Lấy thông tin user ID: 0cbc0c7f-fda6-4929-b479-ad9d83ace8ce từ Redis',
  level: 'debug',
  timestamp: '2026-08-02T07:15:29.953Z'
}
{
  message: '[Cache Hit] Lấy danh sách điểm đến hoạt động từ Redis',
  level: 'debug',
  timestamp: '2026-08-02T07:15:30.051Z'
}
{
  page: '1',
  limit: '10',
  status: 'ACTIVE',
  level: 'info',
  message: '[HotelController] Get all hotels with queries',
  timestamp: '2026-08-02T07:15:30.053Z'
}
{
  message: '[Cache Hit] Lấy danh sách điểm đến hoạt động từ Redis',
  level: 'debug',
  timestamp: '2026-08-02T07:15:30.056Z'
}
{
  message: '[Cache Hit] Lấy danh sách điểm đến hoạt động từ Redis',
  level: 'debug',
  timestamp: '2026-08-02T07:15:30.067Z'
}
{
  message: '[Cache Hit] Lấy danh sách điểm đến hoạt động từ Redis',
  level: 'debug',
  timestamp: '2026-08-02T07:15:30.073Z'
}
{
  page: '1',
  limit: '10',
  status: 'ACTIVE',
  level: 'info',
  message: '[HotelController] Get all hotels with queries',
  timestamp: '2026-08-02T07:15:30.103Z'
}
{
  message: '[HotelController] Get my hotels',
  level: 'info',
  timestamp: '2026-08-02T07:15:32.725Z'
}
{
  message: '[HotelController] Get my hotels',
  level: 'info',
  timestamp: '2026-08-02T07:15:32.747Z'
}
{
  hotelId: '45ea8129-6cde-4f0a-b8a5-701260e11966',
  level: 'info',
  message: '[BookingController] Get hotel bookings',
  timestamp: '2026-08-02T07:15:32.767Z'
}
{
  message: '[Cache Hit] Lấy thông tin hotel ID: 45ea8129-6cde-4f0a-b8a5-701260e11966 từ Redis',
  level: 'debug',
  timestamp: '2026-08-02T07:15:32.781Z'
}
{
  hotelId: 'fdfc5eb7-97ff-450b-9edf-723739f36d56',
  level: 'info',
  message: '[BookingController] Get hotel bookings',
  timestamp: '2026-08-02T07:15:32.785Z'
}
{
  hotelId: 'db71d087-b5a7-47be-b2a3-04e168e623b9',
  level: 'info',
  message: '[BookingController] Get hotel bookings',
  timestamp: '2026-08-02T07:15:32.788Z'
}
{
  message: '[Cache Hit] Lấy thông tin hotel ID: fdfc5eb7-97ff-450b-9edf-723739f36d56 từ Redis',
  level: 'debug',
  timestamp: '2026-08-02T07:15:32.789Z'
}
{
  message: '[Cache Hit] Lấy thông tin hotel ID: db71d087-b5a7-47be-b2a3-04e168e623b9 từ Redis',
  level: 'debug',
  timestamp: '2026-08-02T07:15:32.789Z'
}
{
  hotelId: '1f63d07b-44ef-412e-8e8f-fc20853648c3',
  level: 'info',
  message: '[BookingController] Get hotel bookings',
  timestamp: '2026-08-02T07:15:32.792Z'
}
{
  message: '[Cache Hit] Lấy thông tin hotel ID: 1f63d07b-44ef-412e-8e8f-fc20853648c3 từ Redis',
  level: 'debug',
  timestamp: '2026-08-02T07:15:32.793Z'
}
{
  hotelId: 'ae4ccd44-300e-4ca3-b16c-d3e71b6a0193',
  level: 'info',
  message: '[BookingController] Get hotel bookings',
  timestamp: '2026-08-02T07:15:32.797Z'
}
{
  hotelId: 'd29b2e2a-8af1-4273-8f2d-87053225f461',
  level: 'info',
  message: '[BookingController] Get hotel bookings',
  timestamp: '2026-08-02T07:15:32.803Z'
}
{
  message: '[Cache Hit] Lấy thông tin hotel ID: ae4ccd44-300e-4ca3-b16c-d3e71b6a0193 từ Redis',
  level: 'debug',
  timestamp: '2026-08-02T07:15:32.803Z'
}
{
  message: '[Cache Hit] Lấy thông tin hotel ID: d29b2e2a-8af1-4273-8f2d-87053225f461 từ Redis',
  level: 'debug',
  timestamp: '2026-08-02T07:15:32.803Z'
}
{
  hotelId: '52eb4a25-dcb7-4bea-81ac-9d12053bd2c0',
  level: 'info',
  message: '[BookingController] Get hotel bookings',
  timestamp: '2026-08-02T07:15:32.819Z'
}
{
  message: '[Cache Hit] Lấy thông tin hotel ID: 52eb4a25-dcb7-4bea-81ac-9d12053bd2c0 từ Redis',
  level: 'debug',
  timestamp: '2026-08-02T07:15:32.820Z'
}
{
  hotelId: '6476b4b4-c8ba-4f05-a3ae-9ba776ad4be3',
  level: 'info',
  message: '[BookingController] Get hotel bookings',
  timestamp: '2026-08-02T07:15:32.831Z'
}
{
  message: '[Cache Hit] Lấy thông tin hotel ID: 6476b4b4-c8ba-4f05-a3ae-9ba776ad4be3 từ Redis',
  level: 'debug',
  timestamp: '2026-08-02T07:15:32.833Z'
}
{
  hotelId: '3ff5cc53-9069-45bc-a39e-2295bebd3ea5',
  level: 'info',
  message: '[BookingController] Get hotel bookings',
  timestamp: '2026-08-02T07:15:32.838Z'
}
{
  message: '[Cache Hit] Lấy thông tin hotel ID: 3ff5cc53-9069-45bc-a39e-2295bebd3ea5 từ Redis',
  level: 'debug',
  timestamp: '2026-08-02T07:15:32.841Z'
}
{
  hotelId: '61f3e4c1-cba1-48b1-851c-16bc9d413ec2',
  level: 'info',
  message: '[BookingController] Get hotel bookings',
  timestamp: '2026-08-02T07:15:32.848Z'
}
{
  message: '[Cache Hit] Lấy thông tin hotel ID: 61f3e4c1-cba1-48b1-851c-16bc9d413ec2 từ Redis',
  level: 'debug',
  timestamp: '2026-08-02T07:15:32.852Z'
}
{
  hotelId: 'a9778731-bce8-4dbf-8b2f-ab2543bfdcdc',
  level: 'info',
  message: '[BookingController] Get hotel bookings',
  timestamp: '2026-08-02T07:15:32.869Z'
}
{
  hotelId: '09928f48-b9bb-4700-85d2-51b072eef2c9',
  level: 'info',
  message: '[BookingController] Get hotel bookings',
  timestamp: '2026-08-02T07:15:32.872Z'
}
{
  message: '[Cache Hit] Lấy thông tin hotel ID: a9778731-bce8-4dbf-8b2f-ab2543bfdcdc từ Redis',
  level: 'debug',
  timestamp: '2026-08-02T07:15:32.874Z'
}
{
  message: '[Cache Hit] Lấy thông tin hotel ID: 09928f48-b9bb-4700-85d2-51b072eef2c9 từ Redis',
  level: 'debug',
  timestamp: '2026-08-02T07:15:32.874Z'
}
{
  hotelId: 'ae4ccd44-300e-4ca3-b16c-d3e71b6a0193',
  level: 'info',
  message: '[BookingController] Get hotel bookings',
  timestamp: '2026-08-02T07:15:32.882Z'
}
{
  hotelId: '52eb4a25-dcb7-4bea-81ac-9d12053bd2c0',
  level: 'info',
  message: '[BookingController] Get hotel bookings',
  timestamp: '2026-08-02T07:15:32.884Z'
}
{
  message: '[Cache Hit] Lấy thông tin hotel ID: ae4ccd44-300e-4ca3-b16c-d3e71b6a0193 từ Redis',
  level: 'debug',
  timestamp: '2026-08-02T07:15:32.888Z'
}
{
  message: '[Cache Hit] Lấy thông tin hotel ID: 52eb4a25-dcb7-4bea-81ac-9d12053bd2c0 từ Redis',
  level: 'debug',
  timestamp: '2026-08-02T07:15:32.889Z'
}
{
  hotelId: '45ea8129-6cde-4f0a-b8a5-701260e11966',
  level: 'info',
  message: '[BookingController] Get hotel bookings',
  timestamp: '2026-08-02T07:15:32.895Z'
}
{
  message: '[Cache Hit] Lấy thông tin hotel ID: 45ea8129-6cde-4f0a-b8a5-701260e11966 từ Redis',
  level: 'debug',
  timestamp: '2026-08-02T07:15:32.896Z'
}
{
  hotelId: 'db71d087-b5a7-47be-b2a3-04e168e623b9',
  level: 'info',
  message: '[BookingController] Get hotel bookings',
  timestamp: '2026-08-02T07:15:32.899Z'
}
{
  hotelId: '6476b4b4-c8ba-4f05-a3ae-9ba776ad4be3',
  level: 'info',
  message: '[BookingController] Get hotel bookings',
  timestamp: '2026-08-02T07:15:32.900Z'
}
{
  hotelId: 'fdfc5eb7-97ff-450b-9edf-723739f36d56',
  level: 'info',
  message: '[BookingController] Get hotel bookings',
  timestamp: '2026-08-02T07:15:32.902Z'
}
{
  message: '[Cache Hit] Lấy thông tin hotel ID: db71d087-b5a7-47be-b2a3-04e168e623b9 từ Redis',
  level: 'debug',
  timestamp: '2026-08-02T07:15:32.903Z'
}
{
  message: '[Cache Hit] Lấy thông tin hotel ID: 6476b4b4-c8ba-4f05-a3ae-9ba776ad4be3 từ Redis',
  level: 'debug',
  timestamp: '2026-08-02T07:15:32.903Z'
}
{
  message: '[Cache Hit] Lấy thông tin hotel ID: fdfc5eb7-97ff-450b-9edf-723739f36d56 từ Redis',
  level: 'debug',
  timestamp: '2026-08-02T07:15:32.903Z'
}
{
  hotelId: '1f63d07b-44ef-412e-8e8f-fc20853648c3',
  level: 'info',
  message: '[BookingController] Get hotel bookings',
  timestamp: '2026-08-02T07:15:32.906Z'
}
{
  message: '[Cache Hit] Lấy thông tin hotel ID: 1f63d07b-44ef-412e-8e8f-fc20853648c3 từ Redis',
  level: 'debug',
  timestamp: '2026-08-02T07:15:32.907Z'
}
{
  hotelId: '3ff5cc53-9069-45bc-a39e-2295bebd3ea5',
  level: 'info',
  message: '[BookingController] Get hotel bookings',
  timestamp: '2026-08-02T07:15:32.912Z'
}
{
  hotelId: '61f3e4c1-cba1-48b1-851c-16bc9d413ec2',
  level: 'info',
  message: '[BookingController] Get hotel bookings',
  timestamp: '2026-08-02T07:15:32.913Z'
}
{
  message: '[Cache Hit] Lấy thông tin hotel ID: 3ff5cc53-9069-45bc-a39e-2295bebd3ea5 từ Redis',
  level: 'debug',
  timestamp: '2026-08-02T07:15:32.914Z'
}
{
  message: '[Cache Hit] Lấy thông tin hotel ID: 61f3e4c1-cba1-48b1-851c-16bc9d413ec2 từ Redis',
  level: 'debug',
  timestamp: '2026-08-02T07:15:32.914Z'
}
{
  hotelId: 'd29b2e2a-8af1-4273-8f2d-87053225f461',
  level: 'info',
  message: '[BookingController] Get hotel bookings',
  timestamp: '2026-08-02T07:15:32.917Z'
}
{
  hotelId: 'a9778731-bce8-4dbf-8b2f-ab2543bfdcdc',
  level: 'info',
  message: '[BookingController] Get hotel bookings',
  timestamp: '2026-08-02T07:15:32.919Z'
}
{
  hotelId: '09928f48-b9bb-4700-85d2-51b072eef2c9',
  level: 'info',
  message: '[BookingController] Get hotel bookings',
  timestamp: '2026-08-02T07:15:32.921Z'
}
{
  message: '[Cache Hit] Lấy thông tin hotel ID: d29b2e2a-8af1-4273-8f2d-87053225f461 từ Redis',
  level: 'debug',
  timestamp: '2026-08-02T07:15:32.921Z'
}
{
  message: '[Cache Hit] Lấy thông tin hotel ID: a9778731-bce8-4dbf-8b2f-ab2543bfdcdc từ Redis',
  level: 'debug',
  timestamp: '2026-08-02T07:15:32.921Z'
}
{
  message: '[Cache Hit] Lấy thông tin hotel ID: 09928f48-b9bb-4700-85d2-51b072eef2c9 từ Redis',
  level: 'debug',
  timestamp: '2026-08-02T07:15:32.922Z'
}
{
  message: '[HotelController] Get my hotels',
  level: 'info',
  timestamp: '2026-08-02T07:15:35.529Z'
}
{
  message: '[HotelController] Get my hotels',
  level: 'info',
  timestamp: '2026-08-02T07:15:35.548Z'
}
{
  message: '[Cache Hit] Lấy danh sách điểm đến hoạt động từ Redis',
  level: 'debug',
  timestamp: '2026-08-02T07:15:51.303Z'
}
{
  message: 'GLOBAL ERROR HANDLER CAUGHT: Error: Dữ liệu gửi lên không hợp lệ.\n' +
    '    at <anonymous> (/app/src/middlewares/validationMiddleware.ts:41:11)\n' +
    '    at process.processTicksAndRejections (node:internal/process/task_queues:95:5)',
  level: 'error',
  timestamp: '2026-08-02T07:15:51.309Z'
}
{
  message: '[Cache Hit] Lấy danh sách điểm đến hoạt động từ Redis',
  level: 'debug',
  timestamp: '2026-08-02T07:15:51.313Z'
}
{
  message: 'GLOBAL ERROR HANDLER CAUGHT: Error: Dữ liệu gửi lên không hợp lệ.\n' +
    '    at <anonymous> (/app/src/middlewares/validationMiddleware.ts:41:11)\n' +
    '    at process.processTicksAndRejections (node:internal/process/task_queues:95:5)',
  level: 'error',
  timestamp: '2026-08-02T07:15:51.317Z'
}
{
  message: 'JWT Verification Error: jwt expired',
  level: 'error',
  timestamp: '2026-08-02T07:18:32.734Z'
}
{
  message: 'GLOBAL ERROR HANDLER CAUGHT: Error: Phiên đăng nhập đã hết hạn. Vui lòng lấy Token mới.\n' +
    '    at authMiddleware (/app/src/middlewares/authMiddleware.ts:80:9)\n' +
    '    at Layer.handleRequest (/app/node_modules/router/lib/layer.js:152:17)\n' +
    '    at trimPrefix (/app/node_modules/router/index.js:342:13)\n' +
    '    at /app/node_modules/router/index.js:297:9\n' +
    '    at processParams (/app/node_modules/router/index.js:582:12)\n' +
    '    at next (/app/node_modules/router/index.js:291:5)\n' +
    '    at Function.handle (/app/node_modules/router/index.js:186:3)\n' +
    '    at router (/app/node_modules/router/index.js:60:12)\n' +
    '    at Layer.handleRequest (/app/node_modules/router/lib/layer.js:152:17)\n' +
    '    at trimPrefix (/app/node_modules/router/index.js:342:13)',
  level: 'error',
  timestamp: '2026-08-02T07:18:32.735Z'
}
{
  message: '[AuthController] Refresh Tokens',
  level: 'info',
  timestamp: '2026-08-02T07:18:32.743Z'
}
{
  message: 'Fetching user details for ID: 0cbc0c7f-fda6-4929-b479-ad9d83ace8ce',
  level: 'debug',
  timestamp: '2026-08-02T07:18:32.760Z'
}
{
  message: '[Cache Hit] Lấy thông tin user ID: 0cbc0c7f-fda6-4929-b479-ad9d83ace8ce từ Redis',
  level: 'debug',
  timestamp: '2026-08-02T07:18:32.761Z'
}
{
  message: '[AuthService] Tokens refreshed successfully for user: agent1@booking.com',
  level: 'info',
  timestamp: '2026-08-02T07:18:32.772Z'
}
{
  message: 'Nhận tín hiệu SIGTERM. Đang đóng API Server...',
  level: 'info',
  timestamp: '2026-08-02T07:18:56.351Z'
}
{
  message: 'Express HTTP server đã đóng.',
  level: 'info',
  timestamp: '2026-08-02T07:18:56.352Z'
}
{
  message: '[Redis] Đã đóng kết nối Redis',
  level: 'info',
  timestamp: '2026-08-02T07:18:56.352Z'
}
